# launch sweep -- 7 separate processes of one CUDA benchmark
# benchmark: /home/ryanhou28/bigscratch/role-retake/backends/cuda/benchmark/cuda_role_benchmark 
# launches: 7
# arch:     x86_64
# host:     AMD Ryzen 5 5600X 6-Core Processor
# kernel:   5.15.167.4-microsoft-standard-WSL2
# compiler: g++ (Ubuntu 11.4.0-1ubuntu1~22.04) 11.4.0
# commit:   7c8055f
# device:   NVIDIA GeForce RTX 3070 Ti (compute 8.6, 8192 MiB)
# driver:   560.94, exposing CUDA 12.6
# nvcc:     /usr/local/cuda-11.1/bin/nvcc (release 11.1)
# cuda arch: unset
# nvcc ccbin: g++-9
# build type: Release
# build dir: /home/ryanhou28/bigscratch/role-retake
# opencv for role arms: /home/ryanhou28/bigscratch/opencv-cuda/install
# profiler: none running -- ncu, nsys, nvprof all absent at start
# compute apps at start: none
# gpu clock lock: not locked -- this host exposes no application clocks
# gpu clock before: sm 1860 MHz, mem 9501 MHz, pstate P0
# gpu throttle before: 0x0000000000000001
# gpu temp before: 49 C
# governor: none (this host exposes no cpufreq)
# pinning:  taskset -c 2
# sleep between launches: 0s
# date:     2026-09-23T16:52:41-07:00
# loadavg at start: 0.52 1.27 1.40 1/367 20501
# NO launch is discarded -- the first pays for context creation and any
# JIT, which is part of what a caller pays and part of what varies.

### run 1
=======================================================================
 CUDA ROLE COMPARISONS -- every cv::cuda bar, one process, one protocol
=======================================================================
 device: NVIDIA GeForce RTX 3070 Ti (sm_86, 48 SMs, 608 GB/s peak)
 OpenCV 4.5.4
 frames: 752x480 (the reference geometry, where every written bar was
 set) and 1920x1080 (carried because several of these ops sit ON the
 launch floor at the reference size, where a ratio between two arms is
 a ratio between two launches).

 ORIENTATION: every ratio below is binCV / OpenCV. Under 1.000x is
 binCV ahead. Arm A is OpenCV, arm B is binCV, in every pair.

 LAUNCH FLOOR (empty kernel, same protocol)      0.0063 ms  spread  127%  [kernel]
   Every kernel-resident number below sits on top of this. An arm within
   a few multiples of it is reporting launch overhead, not its own work,
   and a RATIO between two such arms is reporting almost none of either.
   The spread is part of the answer, not a blemish on it: under WSL2 a
   launch costs what it costs plus whatever the host was doing.
FLOOR,0.004762,0.006287,0.012739

 Driver meter step, measured in this run: 2.00 MB. Every memory
 reading below is taken over 256 working sets for that reason.

=====================================================================
 1. THRESHOLD -- binCV cuda::threshold vs cv::cuda::threshold
=====================================================================
 ROLE: 'turn a wide frame into a per-pixel above/below map on device'.
 Both sides are ONE launch. They differ in what they emit: OpenCV
 writes one BYTE per pixel (CV_8UC1, THRESH_BINARY), binCV writes one
 BIT. That difference is the whole point of the library and it is
 stated at the number rather than folded into it -- the outputs are
 not the same array, so this is a role comparison, not an equality.

 threshold, uint8 -> above/below map  [752x480]
 cv::cuda::threshold -> CV_8U                     0.008 ms  spread   75%  [kernel]  AT THE LAUNCH FLOOR
 bincv::cuda::threshold -> bits                   0.007 ms  spread   14%  [kernel]  AT THE LAUNCH FLOOR
   ratio binCV/OpenCV, interleaved rounds: median 0.979x <- QUOTE THIS  (binCV  1.02x FASTER)
                                           geomean 0.939x   per-round range 0.611-1.105x (15 rounds)
   sign test over those paired rounds: 3 favour A, 12 favour B, 0 tied -- two-sided p = 0.0352
   separation (a FACT, not the verdict): the two arms' sample ranges OVERLAP
   verdict: NULL RESULT, which is a result
            NULL on the magnitude: the two arms are 1.02x apart on the MEDIAN per-round ratio,
            short of the 1.81x it has to beat (the larger of: per-round swing 1.81x,
            run-to-run scatter NOT MEASURED on this host). Decided by measure_util.hpp's
            difference-against-spread rule, in FACTORS because a percentage of it
            depends on which arm is the denominator; range separation is not what
            decided it.
ROW,threshold,752x480,0.007240,0.007514,0.012851,0.007093,0.007288,0.008115,0.611429,0.978710,1.105252,0,15,0.938559,3,12,0,1.021753,1.807653,0.03516
   host-enqueue probe (no sync, wall clock per call):
     cv::cuda::threshold                          0.0040 ms enqueue vs  0.0075 ms event  -> MIXED: host dispatch is a large share of the bracket
     bincv::cuda::threshold                       0.0040 ms enqueue vs  0.0073 ms event  -> MIXED: host dispatch is a large share of the bracket
ENQ,threshold,752x480,0.004050,0.007514,0.004012,0.007288

 threshold, uint8 -> above/below map  [1920x1080]
 cv::cuda::threshold -> CV_8U                     0.028 ms  spread   79%  [kernel]  (launch floor 22% of it)
 bincv::cuda::threshold -> bits                   0.028 ms  spread   69%  [kernel]  (launch floor 23% of it)
   ratio binCV/OpenCV, interleaved rounds: median 0.997x <- QUOTE THIS  (binCV  1.00x FASTER)
                                           geomean 0.990x   per-round range 0.554-1.616x (15 rounds)
   sign test over those paired rounds: 7 favour A, 8 favour B, 0 tied -- two-sided p = 1
   separation (a FACT, not the verdict): the two arms' sample ranges OVERLAP
   verdict: NULL RESULT, which is a result
            NULL on the magnitude: the two arms are 1.00x apart on the MEDIAN per-round ratio,
            short of the 2.92x it has to beat (the larger of: per-round swing 2.92x,
            run-to-run scatter NOT MEASURED on this host). Decided by measure_util.hpp's
            difference-against-spread rule, in FACTORS because a percentage of it
            depends on which arm is the denominator; range separation is not what
            decided it.
ROW,threshold,1920x1080,0.011491,0.028195,0.033739,0.011306,0.027664,0.030296,0.553538,0.996687,1.615713,0,15,0.989699,7,8,0,1.003324,2.918884,1
   host-enqueue probe (no sync, wall clock per call):
     cv::cuda::threshold                          0.0047 ms enqueue vs  0.0282 ms event  -> kernel-bound: the host feeds the device faster than it drains
     bincv::cuda::threshold                       0.0049 ms enqueue vs  0.0277 ms event  -> kernel-bound: the host feeds the device faster than it drains
ENQ,threshold,1920x1080,0.004725,0.028195,0.004884,0.027664

 threshold, uint8 -> above/below map  [3840x2160]
 cv::cuda::threshold -> CV_8U                     0.037 ms  spread   59%  [kernel]  (launch floor 17% of it)
 bincv::cuda::threshold -> bits                   0.027 ms  spread   94%  [kernel]  (launch floor 24% of it)
   ratio binCV/OpenCV, interleaved rounds: median 0.719x <- QUOTE THIS  (binCV  1.39x FASTER)
                                           geomean 0.700x   per-round range 0.456-1.369x (15 rounds)
   sign test over those paired rounds: 1 favour A, 14 favour B, 0 tied -- two-sided p = 0.000977
   separation (a FACT, not the verdict): the two arms' sample ranges OVERLAP
   verdict: NULL RESULT, which is a result
            NULL on the magnitude: the two arms are 1.39x apart on the MEDIAN per-round ratio,
            short of the 3.00x it has to beat (the larger of: per-round swing 3.00x,
            run-to-run scatter NOT MEASURED on this host). Decided by measure_util.hpp's
            difference-against-spread rule, in FACTORS because a percentage of it
            depends on which arm is the denominator; range separation is not what
            decided it.
ROW,threshold,3840x2160,0.036253,0.037214,0.058064,0.026379,0.026645,0.051544,0.455938,0.718717,1.369103,0,15,0.699886,1,14,0,1.391367,3.002826,0.0009766
   host-enqueue probe (no sync, wall clock per call):
     cv::cuda::threshold                          0.0055 ms enqueue vs  0.0372 ms event  -> kernel-bound: the host feeds the device faster than it drains
     bincv::cuda::threshold                       0.0059 ms enqueue vs  0.0266 ms event  -> kernel-bound: the host feeds the device faster than it drains
ENQ,threshold,3840x2160,0.005548,0.037214,0.005886,0.026645

 threshold working set (src + dst)  [752x480]  -- METER 2 on BOTH sides (cudaMemGetInfo delta),
 each side over enough independent working sets that the meter's
 2.00 MB unit resolves, then divided by its own count.
   [meter 2] cv::cuda      256.00 MB over  256 sets =    1024.0 KB/frame  (128 units)
   [meter 2] binCV         104.00 MB over  256 sets =     416.0 KB/frame  (52 units)
   [meter 2] ROUNDING: one 2.00 MB unit is 8.0 KB/frame at 256 sets (1.92% of binCV's
             figure) and 8.0 KB/frame at 256 sets (0.78% of OpenCV's).
   ratio OpenCV/binCV = 2.462x  -- binCV is SMALLER by 2.462x.
   The OpenCV side is an UPPER BOUND: GpuMat pads its pitch, and any
   filter buffer or NPP scratch held past the call is inside this
   delta. binCV's side is cudaMalloc with nothing in between.
MEM,threshold,752x480,109051904,268435456,2097152,256,256

=====================================================================
 2. MORPHOLOGY -- binCV cuda::erode / morphologyEx vs
    cv::cuda::createMorphologyFilter (cudafilters, NPP-backed)
=====================================================================
 ROLE: 'erode / open a binary-valued image on device'. OpenCV's
 operand is CV_8UC1 with values 0 and 255; binCV's is one bit per
 pixel. Same operation, same element, same border, different
 representation -- which is the comparison this library exists to
 make. The filter object is built ONCE outside the timed region on
 both sides, as a caller would; only apply() is timed.
 BORDER: cv::cuda's morphology filter is BORDER_CONSTANT only, so
 binCV runs BORDER_CONSTANT here too -- the four border types binCV
 makes word-parallel have no counterpart on this side to be timed
 against, and are priced in cuda_window_benchmark instead.

 erode, rect 3x3  [752x480]
 cv::cuda morphology filter -> CV_8U              0.086 ms  spread   60%  [kernel]  (launch floor 7% of it)
 bincv::cuda -> bits                              0.008 ms  spread  244%  [kernel]  AT THE LAUNCH FLOOR
   ratio binCV/OpenCV, interleaved rounds: median 0.090x <- QUOTE THIS  (binCV 11.12x FASTER)
                                           geomean 0.100x   per-round range 0.059-0.294x (15 rounds)
   sign test over those paired rounds: 0 favour A, 15 favour B, 0 tied -- two-sided p = 6.1e-05
   separation (a FACT, not the verdict): the two arms' sample ranges are DISJOINT
   verdict: DIRECTION ESTABLISHED, and A RESULT
            ARM B is faster in 15 of 15 paired rounds -- NO ROUND CROSSED 1.00x, so the
            direction is established by the rounds themselves (two-sided sign-test
            p = 6.1e-05). Magnitude 3.40x to 16.89x, median 11.12x: the spread bounds
            HOW MUCH it wins by, not WHETHER it does (owner's ruling, 2026-09-19).
            A RESULT: the two arms are 11.12x apart on the MEDIAN per-round ratio,
            clearing the 4.96x it has to beat (the larger of: per-round swing 4.96x,
            run-to-run scatter NOT MEASURED on this host). Decided by measure_util.hpp's
            difference-against-spread rule, in FACTORS because a percentage of it
            depends on which arm is the denominator; range separation is not what
            decided it.
            That clears the WITHIN-RUN half of the rule only -- nobody has measured
            this host's run-to-run scatter, and the rule wants the larger of the two.
ROW,morph_erode_rect3,752x480,0.081493,0.086211,0.132845,0.007254,0.008000,0.026762,0.059221,0.089930,0.293737,1,15,0.099744,0,15,0,11.119764,4.960024,6.104e-05
   host-enqueue probe (no sync, wall clock per call):
     cv::cuda morphology filter                   0.0858 ms enqueue vs  0.0862 ms event  -> DISPATCH-BOUND: the event bracket is timing the API call
     bincv::cuda                                  0.0044 ms enqueue vs  0.0080 ms event  -> MIXED: host dispatch is a large share of the bracket
ENQ,morph_erode_rect3,752x480,0.085812,0.086211,0.004364,0.008000
   single-call GPU time (device drained either side -- separates the
   kernel from the API for a dispatch-bound arm):
     cv::cuda morphology filter                   0.0910 ms solo vs  0.0862 ms batched
     bincv::cuda                                  0.0060 ms solo vs  0.0080 ms batched
SOLO,morph_erode_rect3,752x480,0.091008,0.086211,0.006016,0.008000

 morphologyEx OPEN, rect 3x3  [752x480]
 cv::cuda morphology filter -> CV_8U              0.250 ms  spread  103%  [kernel]  (launch floor 3% of it)
 bincv::cuda -> bits                              0.018 ms  spread  235%  [kernel]  (launch floor 35% of it)
   ratio binCV/OpenCV, interleaved rounds: median 0.087x <- QUOTE THIS  (binCV 11.54x FASTER)
                                           geomean 0.092x   per-round range 0.058-0.219x (15 rounds)
   sign test over those paired rounds: 0 favour A, 15 favour B, 0 tied -- two-sided p = 6.1e-05
   separation (a FACT, not the verdict): the two arms' sample ranges are DISJOINT
   verdict: DIRECTION ESTABLISHED, and A RESULT
            ARM B is faster in 15 of 15 paired rounds -- NO ROUND CROSSED 1.00x, so the
            direction is established by the rounds themselves (two-sided sign-test
            p = 6.1e-05). Magnitude 4.57x to 17.23x, median 11.54x: the spread bounds
            HOW MUCH it wins by, not WHETHER it does (owner's ruling, 2026-09-19).
            A RESULT: the two arms are 11.54x apart on the MEDIAN per-round ratio,
            clearing the 3.77x it has to beat (the larger of: per-round swing 3.77x,
            run-to-run scatter NOT MEASURED on this host). Decided by measure_util.hpp's
            difference-against-spread rule, in FACTORS because a percentage of it
            depends on which arm is the denominator; range separation is not what
            decided it.
            That clears the WITHIN-RUN half of the rule only -- nobody has measured
            this host's run-to-run scatter, and the rule wants the larger of the two.
ROW,morph_open_rect3,752x480,0.166846,0.249685,0.423317,0.014816,0.017938,0.057013,0.058050,0.086643,0.218621,1,15,0.091770,0,15,0,11.541590,3.766089,6.104e-05
   host-enqueue probe (no sync, wall clock per call):
     cv::cuda morphology filter                   0.1929 ms enqueue vs  0.2497 ms event  -> MIXED: host dispatch is a large share of the bracket
     bincv::cuda                                  0.0103 ms enqueue vs  0.0179 ms event  -> MIXED: host dispatch is a large share of the bracket
ENQ,morph_open_rect3,752x480,0.192892,0.249685,0.010311,0.017938
   single-call GPU time (device drained either side -- separates the
   kernel from the API for a dispatch-bound arm):
     cv::cuda morphology filter                   0.1609 ms solo vs  0.2497 ms batched
     bincv::cuda                                  0.0100 ms solo vs  0.0179 ms batched
SOLO,morph_open_rect3,752x480,0.160928,0.249685,0.010016,0.017938

 erode, ellipse 5x5  [752x480]
 cv::cuda morphology filter -> CV_8U              0.138 ms  spread   32%  [kernel]  (launch floor 5% of it)
 bincv::cuda -> bits                              0.012 ms  spread  193%  [kernel]  AT THE LAUNCH FLOOR
   ratio binCV/OpenCV, interleaved rounds: median 0.092x <- QUOTE THIS  (binCV 10.90x FASTER)
                                           geomean 0.098x   per-round range 0.062-0.204x (15 rounds)
   sign test over those paired rounds: 0 favour A, 15 favour B, 0 tied -- two-sided p = 6.1e-05
   separation (a FACT, not the verdict): the two arms' sample ranges are DISJOINT
   verdict: DIRECTION ESTABLISHED, and A RESULT
            ARM B is faster in 15 of 15 paired rounds -- NO ROUND CROSSED 1.00x, so the
            direction is established by the rounds themselves (two-sided sign-test
            p = 6.1e-05). Magnitude 4.90x to 16.09x, median 10.90x: the spread bounds
            HOW MUCH it wins by, not WHETHER it does (owner's ruling, 2026-09-19).
            A RESULT: the two arms are 10.90x apart on the MEDIAN per-round ratio,
            clearing the 3.28x it has to beat (the larger of: per-round swing 3.28x,
            run-to-run scatter NOT MEASURED on this host). Decided by measure_util.hpp's
            difference-against-spread rule, in FACTORS because a percentage of it
            depends on which arm is the denominator; range separation is not what
            decided it.
            That clears the WITHIN-RUN half of the rule only -- nobody has measured
            this host's run-to-run scatter, and the rule wants the larger of the two.
ROW,morph_erode_ell5,752x480,0.127038,0.137525,0.170618,0.009877,0.012120,0.033219,0.062147,0.091766,0.203993,1,15,0.097705,0,15,0,10.897294,3.282447,6.104e-05
   host-enqueue probe (no sync, wall clock per call):
     cv::cuda morphology filter                   0.1361 ms enqueue vs  0.1375 ms event  -> DISPATCH-BOUND: the event bracket is timing the API call
     bincv::cuda                                  0.0060 ms enqueue vs  0.0121 ms event  -> MIXED: host dispatch is a large share of the bracket
ENQ,morph_erode_ell5,752x480,0.136117,0.137525,0.006047,0.012120
   single-call GPU time (device drained either side -- separates the
   kernel from the API for a dispatch-bound arm):
     cv::cuda morphology filter                   0.1867 ms solo vs  0.1375 ms batched
     bincv::cuda                                  0.0655 ms solo vs  0.0121 ms batched
SOLO,morph_erode_ell5,752x480,0.186656,0.137525,0.065536,0.012120

 erode, rect 3x3  [1920x1080]
 cv::cuda morphology filter -> CV_8U              0.123 ms  spread   47%  [kernel]  (launch floor 5% of it)
 bincv::cuda -> bits                              0.011 ms  spread  178%  [kernel]  AT THE LAUNCH FLOOR
   ratio binCV/OpenCV, interleaved rounds: median 0.083x <- QUOTE THIS  (binCV 12.08x FASTER)
                                           geomean 0.091x   per-round range 0.054-0.250x (15 rounds)
   sign test over those paired rounds: 0 favour A, 15 favour B, 0 tied -- two-sided p = 6.1e-05
   separation (a FACT, not the verdict): the two arms' sample ranges are DISJOINT
   verdict: DIRECTION ESTABLISHED, and A RESULT
            ARM B is faster in 15 of 15 paired rounds -- NO ROUND CROSSED 1.00x, so the
            direction is established by the rounds themselves (two-sided sign-test
            p = 6.1e-05). Magnitude 3.99x to 18.48x, median 12.08x: the spread bounds
            HOW MUCH it wins by, not WHETHER it does (owner's ruling, 2026-09-19).
            A RESULT: the two arms are 12.08x apart on the MEDIAN per-round ratio,
            clearing the 4.63x it has to beat (the larger of: per-round swing 4.63x,
            run-to-run scatter NOT MEASURED on this host). Decided by measure_util.hpp's
            difference-against-spread rule, in FACTORS because a percentage of it
            depends on which arm is the denominator; range separation is not what
            decided it.
            That clears the WITHIN-RUN half of the rule only -- nobody has measured
            this host's run-to-run scatter, and the rule wants the larger of the two.
ROW,morph_erode_rect3,1920x1080,0.114531,0.123205,0.172144,0.009130,0.011003,0.028670,0.054113,0.082812,0.250328,1,15,0.091404,0,15,0,12.075483,4.626043,6.104e-05
   host-enqueue probe (no sync, wall clock per call):
     cv::cuda morphology filter                   0.1230 ms enqueue vs  0.1232 ms event  -> DISPATCH-BOUND: the event bracket is timing the API call
     bincv::cuda                                  0.0052 ms enqueue vs  0.0110 ms event  -> MIXED: host dispatch is a large share of the bracket
ENQ,morph_erode_rect3,1920x1080,0.122997,0.123205,0.005156,0.011003
   single-call GPU time (device drained either side -- separates the
   kernel from the API for a dispatch-bound arm):
     cv::cuda morphology filter                   0.1669 ms solo vs  0.1232 ms batched
     bincv::cuda                                  0.0079 ms solo vs  0.0110 ms batched
SOLO,morph_erode_rect3,1920x1080,0.166912,0.123205,0.007904,0.011003

 morphologyEx OPEN, rect 3x3  [1920x1080]
 cv::cuda morphology filter -> CV_8U              0.280 ms  spread   57%  [kernel]  (launch floor 2% of it)
 bincv::cuda -> bits                              0.021 ms  spread  175%  [kernel]  (launch floor 29% of it)
   ratio binCV/OpenCV, interleaved rounds: median 0.078x <- QUOTE THIS  (binCV 12.90x FASTER)
                                           geomean 0.082x   per-round range 0.051-0.182x (15 rounds)
   sign test over those paired rounds: 0 favour A, 15 favour B, 0 tied -- two-sided p = 6.1e-05
   separation (a FACT, not the verdict): the two arms' sample ranges are DISJOINT
   verdict: DIRECTION ESTABLISHED, and A RESULT
            ARM B is faster in 15 of 15 paired rounds -- NO ROUND CROSSED 1.00x, so the
            direction is established by the rounds themselves (two-sided sign-test
            p = 6.1e-05). Magnitude 5.50x to 19.69x, median 12.90x: the spread bounds
            HOW MUCH it wins by, not WHETHER it does (owner's ruling, 2026-09-19).
            A RESULT: the two arms are 12.90x apart on the MEDIAN per-round ratio,
            clearing the 3.58x it has to beat (the larger of: per-round swing 3.58x,
            run-to-run scatter NOT MEASURED on this host). Decided by measure_util.hpp's
            difference-against-spread rule, in FACTORS because a percentage of it
            depends on which arm is the denominator; range separation is not what
            decided it.
            That clears the WITHIN-RUN half of the rule only -- nobody has measured
            this host's run-to-run scatter, and the rule wants the larger of the two.
ROW,morph_open_rect3,1920x1080,0.237605,0.279622,0.397266,0.016642,0.021368,0.054070,0.050791,0.077541,0.181740,1,15,0.081691,0,15,0,12.896476,3.578187,6.104e-05
   host-enqueue probe (no sync, wall clock per call):
     cv::cuda morphology filter                   0.2674 ms enqueue vs  0.2796 ms event  -> DISPATCH-BOUND: the event bracket is timing the API call
     bincv::cuda                                  0.0102 ms enqueue vs  0.0214 ms event  -> MIXED: host dispatch is a large share of the bracket
ENQ,morph_open_rect3,1920x1080,0.267405,0.279622,0.010206,0.021368
   single-call GPU time (device drained either side -- separates the
   kernel from the API for a dispatch-bound arm):
     cv::cuda morphology filter                   0.2274 ms solo vs  0.2796 ms batched
     bincv::cuda                                  0.0141 ms solo vs  0.0214 ms batched
SOLO,morph_open_rect3,1920x1080,0.227360,0.279622,0.014112,0.021368

 erode, ellipse 5x5  [1920x1080]
 cv::cuda morphology filter -> CV_8U              0.317 ms  spread   16%  [kernel]  (launch floor 2% of it)
 bincv::cuda -> bits                              0.013 ms  spread  141%  [kernel]  (launch floor 48% of it)
   ratio binCV/OpenCV, interleaved rounds: median 0.042x <- QUOTE THIS  (binCV 23.77x FASTER)
                                           geomean 0.046x   per-round range 0.038-0.108x (15 rounds)
   sign test over those paired rounds: 0 favour A, 15 favour B, 0 tied -- two-sided p = 6.1e-05
   separation (a FACT, not the verdict): the two arms' sample ranges are DISJOINT
   verdict: DIRECTION ESTABLISHED, and A RESULT
            ARM B is faster in 15 of 15 paired rounds -- NO ROUND CROSSED 1.00x, so the
            direction is established by the rounds themselves (two-sided sign-test
            p = 6.1e-05). Magnitude 9.25x to 26.20x, median 23.77x: the spread bounds
            HOW MUCH it wins by, not WHETHER it does (owner's ruling, 2026-09-19).
            A RESULT: the two arms are 23.77x apart on the MEDIAN per-round ratio,
            clearing the 2.83x it has to beat (the larger of: per-round swing 2.83x,
            run-to-run scatter NOT MEASURED on this host). Decided by measure_util.hpp's
            difference-against-spread rule, in FACTORS because a percentage of it
            depends on which arm is the denominator; range separation is not what
            decided it.
            That clears the WITHIN-RUN half of the rule only -- nobody has measured
            this host's run-to-run scatter, and the rule wants the larger of the two.
ROW,morph_erode_ell5,1920x1080,0.278002,0.316954,0.329914,0.012347,0.013227,0.030979,0.038163,0.042067,0.108053,1,15,0.046017,0,15,0,23.771498,2.831374,6.104e-05
   host-enqueue probe (no sync, wall clock per call):
     cv::cuda morphology filter                   0.3012 ms enqueue vs  0.3170 ms event  -> DISPATCH-BOUND: the event bracket is timing the API call
     bincv::cuda                                  0.0053 ms enqueue vs  0.0132 ms event  -> kernel-bound: the host feeds the device faster than it drains
ENQ,morph_erode_ell5,1920x1080,0.301240,0.316954,0.005274,0.013227
   single-call GPU time (device drained either side -- separates the
   kernel from the API for a dispatch-bound arm):
     cv::cuda morphology filter                   0.2775 ms solo vs  0.3170 ms batched
     bincv::cuda                                  0.0121 ms solo vs  0.0132 ms batched
SOLO,morph_erode_ell5,1920x1080,0.277504,0.316954,0.012064,0.013227

 erode working set (src + dst + any filter buffer)  [752x480]  -- METER 2 on BOTH sides (cudaMemGetInfo delta),
 each side over enough independent working sets that the meter's
 2.00 MB unit resolves, then divided by its own count.
   [meter 2] cv::cuda      384.00 MB over  256 sets =    1536.0 KB/frame  (192 units)
   [meter 2] binCV          24.00 MB over  256 sets =      96.0 KB/frame  (12 units)
   [meter 2] ROUNDING: one 2.00 MB unit is 8.0 KB/frame at 256 sets (8.33% of binCV's
             figure) and 8.0 KB/frame at 256 sets (0.52% of OpenCV's).
   ratio OpenCV/binCV = 16.000x  -- binCV is SMALLER by 16.000x.
   The OpenCV side is an UPPER BOUND: GpuMat pads its pitch, and any
   filter buffer or NPP scratch held past the call is inside this
   delta. binCV's side is cudaMalloc with nothing in between.
MEM,morph_erode_rect3,752x480,25165824,402653184,2097152,256,256

=====================================================================
 3. MEDIAN (WIDE) -- binCV cuda::medianWide vs
    cv::cuda::createMedianFilter(CV_8UC1, ksize)
=====================================================================
 ROLE ONLY, and the asymmetry is stated first because it is large:
 cv::cuda::createMedianFilter is a 3x3 (or 5x5) SQUARE median with a
 replicated border. binCV's kMedianReferenceL is a 3-sample L and
 kMedianReferencePlus is a 5-sample plus, both with a ZERO border.
 These produce DIFFERENT IMAGES. Neither is an oracle for the other
 and no correctness claim is made across this row -- binCV's
 correctness is closed against its own host twin by the test suite.
 What this prices is the ROLE: 'median-filter a resident 8-bit frame
 on the device'. Part of binCV's advantage here is that its operation
 is CHEAPER (3 or 5 samples against 9), which is the algorithm's win
 and NOT the representation's -- medianWide has no packed advantage
 and its own header says so. The K=9 row below is the closest
 sample-count match to a 3x3 square and is the fairest single row.
 MEMORY IS PARITY BY CONSTRUCTION: one byte per pixel in, one out,
 on both sides. Any difference in the meter is GpuMat's pitch
 padding, not a representation win, and it is labelled as such.

 median, 9 samples each (the sample-count match), BOTH on an explicit stream  [752x480]
 cv::cuda median 3x3 square                       5.692 ms  spread    4%  [kernel]  (launch floor 0% of it)
 bincv::cuda medianWide K=9                       0.023 ms  spread 1510%  [kernel]  (launch floor 27% of it)
   ratio binCV/OpenCV, interleaved rounds: median 0.004x <- QUOTE THIS  (binCV 243.30x FASTER)
                                           geomean 0.005x   per-round range 0.003-0.063x (15 rounds)
   sign test over those paired rounds: 0 favour A, 15 favour B, 0 tied -- two-sided p = 6.1e-05
   separation (a FACT, not the verdict): the two arms' sample ranges are DISJOINT
   verdict: DIRECTION ESTABLISHED, and A RESULT
            ARM B is faster in 15 of 15 paired rounds -- NO ROUND CROSSED 1.00x, so the
            direction is established by the rounds themselves (two-sided sign-test
            p = 6.1e-05). Magnitude 15.98x to 394.94x, median 243.30x: the spread bounds
            HOW MUCH it wins by, not WHETHER it does (owner's ruling, 2026-09-19).
            A RESULT: the two arms are 243.30x apart on the MEDIAN per-round ratio,
            clearing the 24.72x it has to beat (the larger of: per-round swing 24.72x,
            run-to-run scatter NOT MEASURED on this host). Decided by measure_util.hpp's
            difference-against-spread rule, in FACTORS because a percentage of it
            depends on which arm is the denominator; range separation is not what
            decided it.
            That clears the WITHIN-RUN half of the rule only -- nobody has measured
            this host's run-to-run scatter, and the rule wants the larger of the two.
ROW,median_k9,752x480,5.572608,5.691597,5.788877,0.014131,0.022925,0.360243,0.002532,0.004110,0.062585,1,15,0.005184,0,15,0,243.295643,24.717355,6.104e-05
   host-enqueue probe (no sync, wall clock per call):
     cv::cuda median 3x3                          0.0280 ms enqueue vs  5.6916 ms event  -> kernel-bound: the host feeds the device faster than it drains
     bincv::cuda medianWide K=9                   0.0049 ms enqueue vs  0.0229 ms event  -> kernel-bound: the host feeds the device faster than it drains
ENQ,median_k9,752x480,0.028020,5.691597,0.004880,0.022925

 median, OpenCV 9 samples vs binCV 3 (the shipped L)  [752x480]
 cv::cuda median 3x3 square                       5.643 ms  spread    4%  [kernel]  (launch floor 0% of it)
 bincv::cuda medianWide K=3 L                     0.008 ms  spread  495%  [kernel]  AT THE LAUNCH FLOOR
   ratio binCV/OpenCV, interleaved rounds: median 0.001x <- QUOTE THIS  (binCV 725.08x FASTER)
                                           geomean 0.002x   per-round range 0.001-0.008x (15 rounds)
   sign test over those paired rounds: 0 favour A, 15 favour B, 0 tied -- two-sided p = 6.1e-05
   separation (a FACT, not the verdict): the two arms' sample ranges are DISJOINT
   verdict: DIRECTION ESTABLISHED, and A RESULT
            ARM B is faster in 15 of 15 paired rounds -- NO ROUND CROSSED 1.00x, so the
            direction is established by the rounds themselves (two-sided sign-test
            p = 6.1e-05). Magnitude 130.55x to 1180.79x, median 725.08x: the spread bounds
            HOW MUCH it wins by, not WHETHER it does (owner's ruling, 2026-09-19).
            A RESULT: the two arms are 725.08x apart on the MEDIAN per-round ratio,
            clearing the 9.04x it has to beat (the larger of: per-round swing 9.04x,
            run-to-run scatter NOT MEASURED on this host). Decided by measure_util.hpp's
            difference-against-spread rule, in FACTORS because a percentage of it
            depends on which arm is the denominator; range separation is not what
            decided it.
            That clears the WITHIN-RUN half of the rule only -- nobody has measured
            this host's run-to-run scatter, and the rule wants the larger of the two.
ROW,median_k3L,752x480,5.603738,5.642854,5.803827,0.004915,0.007782,0.043418,0.000847,0.001379,0.007660,1,15,0.001798,0,15,0,725.078968,9.044943,6.104e-05

 median, OpenCV 9 samples vs binCV 5 (the plus)  [752x480]
 cv::cuda median 3x3 square                       5.683 ms  spread    3%  [kernel]  (launch floor 0% of it)
 bincv::cuda medianWide K=5 plus                  0.009 ms  spread  117%  [kernel]  AT THE LAUNCH FLOOR
   ratio binCV/OpenCV, interleaved rounds: median 0.002x <- QUOTE THIS  (binCV 665.86x FASTER)
                                           geomean 0.002x   per-round range 0.001-0.003x (15 rounds)
   sign test over those paired rounds: 0 favour A, 15 favour B, 0 tied -- two-sided p = 6.1e-05
   separation (a FACT, not the verdict): the two arms' sample ranges are DISJOINT
   verdict: DIRECTION ESTABLISHED, and A RESULT
            ARM B is faster in 15 of 15 paired rounds -- NO ROUND CROSSED 1.00x, so the
            direction is established by the rounds themselves (two-sided sign-test
            p = 6.1e-05). Magnitude 316.65x to 737.42x, median 665.86x: the spread bounds
            HOW MUCH it wins by, not WHETHER it does (owner's ruling, 2026-09-19).
            A RESULT: the two arms are 665.86x apart on the MEDIAN per-round ratio,
            clearing the 2.33x it has to beat (the larger of: per-round swing 2.33x,
            run-to-run scatter NOT MEASURED on this host). Decided by measure_util.hpp's
            difference-against-spread rule, in FACTORS because a percentage of it
            depends on which arm is the denominator; range separation is not what
            decided it.
            That clears the WITHIN-RUN half of the rule only -- nobody has measured
            this host's run-to-run scatter, and the rule wants the larger of the two.
ROW,median_k5plus,752x480,5.565440,5.682790,5.760819,0.007578,0.008602,0.017613,0.001356,0.001502,0.003158,1,15,0.001805,0,15,0,665.857151,2.328804,6.104e-05

   THE DEFAULT-STREAM SURCHARGE, cv::cuda median, 752x480:
     apply() on the DEFAULT stream     5.7098 ms/call (wall, includes its internal cudaDeviceSynchronize)
     apply() on an EXPLICIT stream     0.0528 ms/call (wall, enqueue only)
   The difference is the API's, not the kernel's, and the rows above avoid it
   by running BOTH sides on an explicit stream.
SYNC,median_default_stream,752x480,5.709799,0.052764

 median, 9 samples each (the sample-count match), BOTH on an explicit stream  [1920x1080]
 cv::cuda median 3x3 square                      31.184 ms  spread    1%  [kernel]  (launch floor 0% of it)
 bincv::cuda medianWide K=9                       0.052 ms  spread   94%  [kernel]  (launch floor 12% of it)
   ratio binCV/OpenCV, interleaved rounds: median 0.002x <- QUOTE THIS  (binCV 600.71x FASTER)
                                           geomean 0.002x   per-round range 0.001-0.003x (15 rounds)
   sign test over those paired rounds: 0 favour A, 15 favour B, 0 tied -- two-sided p = 6.1e-05
   separation (a FACT, not the verdict): the two arms' sample ranges are DISJOINT
   verdict: DIRECTION ESTABLISHED, and A RESULT
            ARM B is faster in 15 of 15 paired rounds -- NO ROUND CROSSED 1.00x, so the
            direction is established by the rounds themselves (two-sided sign-test
            p = 6.1e-05). Magnitude 337.03x to 706.76x, median 600.71x: the spread bounds
            HOW MUCH it wins by, not WHETHER it does (owner's ruling, 2026-09-19).
            A RESULT: the two arms are 600.71x apart on the MEDIAN per-round ratio,
            clearing the 2.10x it has to beat (the larger of: per-round swing 2.10x,
            run-to-run scatter NOT MEASURED on this host). Decided by measure_util.hpp's
            difference-against-spread rule, in FACTORS because a percentage of it
            depends on which arm is the denominator; range separation is not what
            decided it.
            That clears the WITHIN-RUN half of the rule only -- nobody has measured
            this host's run-to-run scatter, and the rule wants the larger of the two.
ROW,median_k9,1920x1080,31.032935,31.183667,31.478171,0.044032,0.051814,0.092922,0.001415,0.001665,0.002967,1,15,0.001665,0,15,0,600.706493,2.097044,6.104e-05
   host-enqueue probe (no sync, wall clock per call):
     cv::cuda median 3x3                          0.0361 ms enqueue vs 31.1837 ms event  -> kernel-bound: the host feeds the device faster than it drains
     bincv::cuda medianWide K=9                   0.0043 ms enqueue vs  0.0518 ms event  -> kernel-bound: the host feeds the device faster than it drains
ENQ,median_k9,1920x1080,0.036134,31.183667,0.004272,0.051814

 median, OpenCV 9 samples vs binCV 3 (the shipped L)  [1920x1080]
 cv::cuda median 3x3 square                      31.244 ms  spread    1%  [kernel]  (launch floor 0% of it)
 bincv::cuda medianWide K=3 L                     0.022 ms  spread  317%  [kernel]  (launch floor 29% of it)
   ratio binCV/OpenCV, interleaved rounds: median 0.001x <- QUOTE THIS  (binCV 1445.54x FASTER)
                                           geomean 0.001x   per-round range 0.000-0.003x (15 rounds)
   sign test over those paired rounds: 0 favour A, 15 favour B, 0 tied -- two-sided p = 6.1e-05
   separation (a FACT, not the verdict): the two arms' sample ranges are DISJOINT
   verdict: DIRECTION ESTABLISHED, and A RESULT
            ARM B is faster in 15 of 15 paired rounds -- NO ROUND CROSSED 1.00x, so the
            direction is established by the rounds themselves (two-sided sign-test
            p = 6.1e-05). Magnitude 385.74x to 2635.22x, median 1445.54x: the spread bounds
            HOW MUCH it wins by, not WHETHER it does (owner's ruling, 2026-09-19).
            A RESULT: the two arms are 1445.54x apart on the MEDIAN per-round ratio,
            clearing the 6.83x it has to beat (the larger of: per-round swing 6.83x,
            run-to-run scatter NOT MEASURED on this host). Decided by measure_util.hpp's
            difference-against-spread rule, in FACTORS because a percentage of it
            depends on which arm is the denominator; range separation is not what
            decided it.
            That clears the WITHIN-RUN half of the rule only -- nobody has measured
            this host's run-to-run scatter, and the rule wants the larger of the two.
ROW,median_k3L,1920x1080,31.122021,31.243826,31.542068,0.011878,0.021709,0.080691,0.000379,0.000692,0.002592,1,15,0.000714,0,15,0,1445.537756,6.831677,6.104e-05

 median, OpenCV 9 samples vs binCV 5 (the plus)  [1920x1080]
 cv::cuda median 3x3 square                      31.213 ms  spread    1%  [kernel]  (launch floor 0% of it)
 bincv::cuda medianWide K=5 plus                  0.031 ms  spread   56%  [kernel]  (launch floor 20% of it)
   ratio binCV/OpenCV, interleaved rounds: median 0.001x <- QUOTE THIS  (binCV 995.93x FASTER)
                                           geomean 0.001x   per-round range 0.001-0.001x (15 rounds)
   sign test over those paired rounds: 0 favour A, 15 favour B, 0 tied -- two-sided p = 6.1e-05
   separation (a FACT, not the verdict): the two arms' sample ranges are DISJOINT
   verdict: DIRECTION ESTABLISHED, and A RESULT
            ARM B is faster in 15 of 15 paired rounds -- NO ROUND CROSSED 1.00x, so the
            direction is established by the rounds themselves (two-sided sign-test
            p = 6.1e-05). Magnitude 804.69x to 1479.70x, median 995.93x: the spread bounds
            HOW MUCH it wins by, not WHETHER it does (owner's ruling, 2026-09-19).
            A RESULT: the two arms are 995.93x apart on the MEDIAN per-round ratio,
            clearing the 1.84x it has to beat (the larger of: per-round swing 1.84x,
            run-to-run scatter NOT MEASURED on this host). Decided by measure_util.hpp's
            difference-against-spread rule, in FACTORS because a percentage of it
            depends on which arm is the denominator; range separation is not what
            decided it.
            That clears the WITHIN-RUN half of the rule only -- nobody has measured
            this host's run-to-run scatter, and the rule wants the larger of the two.
ROW,median_k5plus,1920x1080,31.065292,31.213370,31.503360,0.021094,0.031334,0.038707,0.000676,0.001004,0.001243,1,15,0.000885,0,15,0,995.926079,1.838849,6.104e-05

 denoiseMedian3 against ITS OWN WRITTEN BAR -- binCV's byte
 medianWide<L> with its fast arm on. Identical operation,
 identical border, one launch each; the only variable is the
 representation. This is the implementer's stated bar and the
 cv::cuda rows above are NOT it. Climbed as a LADDER because the
 written rule decides this gate at the first size clear of the
 launch floor, and names every size below it as deciding nothing.

 denoiseMedian3 (bits) vs medianWide<L> (bytes)  [752x480]
 bincv::cuda medianWide K=3 L, bytes              0.007 ms  spread   29%  [kernel]  AT THE LAUNCH FLOOR
 bincv::cuda denoiseMedian3                       0.006 ms  spread   32%  [kernel]  AT THE LAUNCH FLOOR
   ratio binCV/OpenCV, interleaved rounds: median 0.759x <- QUOTE THIS  (binCV  1.32x FASTER)
                                           geomean 0.793x   per-round range 0.659-1.018x (15 rounds)
   sign test over those paired rounds: 1 favour A, 14 favour B, 0 tied -- two-sided p = 0.000977
   separation (a FACT, not the verdict): the two arms' sample ranges OVERLAP
   verdict: NULL RESULT, which is a result
            NULL on the magnitude: the two arms are 1.32x apart on the MEDIAN per-round ratio,
            short of the 1.55x it has to beat (the larger of: per-round swing 1.55x,
            run-to-run scatter NOT MEASURED on this host). Decided by measure_util.hpp's
            difference-against-spread rule, in FACTORS because a percentage of it
            depends on which arm is the denominator; range separation is not what
            decided it.
ROW,denoise3_vs_bytebar,752x480,0.006235,0.007066,0.008294,0.004810,0.005632,0.006605,0.658565,0.759259,1.018002,0,15,0.793430,1,14,0,1.317073,1.545789,0.0009766

 denoiseMedian3 (bits) vs medianWide<L> (bytes)  [1920x1080]
 bincv::cuda medianWide K=3 L, bytes              0.012 ms  spread   72%  [kernel]  AT THE LAUNCH FLOOR
 bincv::cuda denoiseMedian3                       0.006 ms  spread   55%  [kernel]  AT THE LAUNCH FLOOR
   ratio binCV/OpenCV, interleaved rounds: median 0.487x <- QUOTE THIS  (binCV  2.05x FASTER)
                                           geomean 0.473x   per-round range 0.285-0.629x (15 rounds)
   sign test over those paired rounds: 0 favour A, 15 favour B, 0 tied -- two-sided p = 6.1e-05
   separation (a FACT, not the verdict): the two arms' sample ranges are DISJOINT
   verdict: DIRECTION ESTABLISHED
            ARM B is faster in 15 of 15 paired rounds -- NO ROUND CROSSED 1.00x, so the
            direction is established by the rounds themselves (two-sided sign-test
            p = 6.1e-05). Magnitude 1.59x to 3.51x, median 2.05x: the spread bounds
            HOW MUCH it wins by, not WHETHER it does (owner's ruling, 2026-09-19).
            NULL on the magnitude: the two arms are 2.05x apart on the MEDIAN per-round ratio,
            short of the 2.21x it has to beat (the larger of: per-round swing 2.21x,
            run-to-run scatter NOT MEASURED on this host). Decided by measure_util.hpp's
            difference-against-spread rule, in FACTORS because a percentage of it
            depends on which arm is the denominator; range separation is not what
            decided it.
ROW,denoise3_vs_bytebar,1920x1080,0.011520,0.011725,0.019968,0.004096,0.005982,0.007373,0.284615,0.487155,0.628821,1,15,0.473372,0,15,0,2.052734,2.209371,6.104e-05

 denoiseMedian3 (bits) vs medianWide<L> (bytes)  [4096x2160]
 bincv::cuda medianWide K=3 L, bytes              0.039 ms  spread   97%  [kernel]  (launch floor 16% of it)
 bincv::cuda denoiseMedian3                       0.014 ms  spread  185%  [kernel]  (launch floor 46% of it)
   ratio binCV/OpenCV, interleaved rounds: median 0.353x <- QUOTE THIS  (binCV  2.83x FASTER)
                                           geomean 0.320x   per-round range 0.126-0.788x (15 rounds)
   sign test over those paired rounds: 0 favour A, 15 favour B, 0 tied -- two-sided p = 6.1e-05
   separation (a FACT, not the verdict): the two arms' sample ranges are DISJOINT
   verdict: DIRECTION ESTABLISHED
            ARM B is faster in 15 of 15 paired rounds -- NO ROUND CROSSED 1.00x, so the
            direction is established by the rounds themselves (two-sided sign-test
            p = 6.1e-05). Magnitude 1.27x to 7.94x, median 2.83x: the spread bounds
            HOW MUCH it wins by, not WHETHER it does (owner's ruling, 2026-09-19).
            NULL on the magnitude: the two arms are 2.83x apart on the MEDIAN per-round ratio,
            short of the 6.26x it has to beat (the larger of: per-round swing 6.26x,
            run-to-run scatter NOT MEASURED on this host). Decided by measure_util.hpp's
            difference-against-spread rule, in FACTORS because a percentage of it
            depends on which arm is the denominator; range separation is not what
            decided it.
ROW,denoise3_vs_bytebar,4096x2160,0.038707,0.038952,0.076442,0.006349,0.013670,0.031678,0.125921,0.352854,0.788177,1,15,0.320046,0,15,0,2.834036,6.259297,6.104e-05
   cv::cuda::createMedianFilter's scratch is NOT incidental: its
   own filtering.cpp sizes the histograms at cols*256*partitions
   and cols*8*partitions CV_32S, which at 752 columns and its
   default 128 partitions is ~98 MB of device scratch for ONE
   752x480 frame. binCV's medianWide allocates ZERO scratch --
   no heap in kernels is a project rule, so the caller's two
   images are the whole working set.

 medianWide working set (wide src + wide dst + filter buffer)  [752x480]  -- METER 2 on BOTH sides (cudaMemGetInfo delta),
 each side over enough independent working sets that the meter's
 2.00 MB unit resolves, then divided by its own count.
   [meter 2] cv::cuda      792.00 MB over    8 sets =  101376.0 KB/frame  (396 units)
   [meter 2] binCV         206.00 MB over  256 sets =     824.0 KB/frame  (103 units)
   [meter 2] ROUNDING: one 2.00 MB unit is 8.0 KB/frame at 256 sets (0.97% of binCV's
             figure) and 256.0 KB/frame at 8 sets (0.25% of OpenCV's).
   ratio OpenCV/binCV = 123.029x  -- binCV is SMALLER by 123.029x.
   The OpenCV side is an UPPER BOUND: GpuMat pads its pitch, and any
   filter buffer or NPP scratch held past the call is inside this
   delta. binCV's side is cudaMalloc with nothing in between.
   NOTE: medianWide claims NO footprint advantage -- it is one
   byte per pixel on both sides. Any ratio here is GpuMat's pitch
   padding plus whatever cv::cuda::createMedianFilter holds for
   its histogram scratch, and it is NOT evidence for 1-bit
   packing. denoiseMedian3 is where this family's footprint
   result lives, and its bar is the binCV byte arm above.
MEM,median_k3L,752x480,216006656,830472192,2097152,256,8

 denoiseMedian3 (bits) vs medianWide<L> (bytes) working set  [752x480]  -- METER 2 on BOTH sides (cudaMemGetInfo delta),
 each side over enough independent working sets that the meter's
 2.00 MB unit resolves, then divided by its own count.
   [meter 2] cv::cuda      206.00 MB over  256 sets =     824.0 KB/frame  (103 units)
   [meter 2] binCV          24.00 MB over  256 sets =      96.0 KB/frame  (12 units)
   [meter 2] ROUNDING: one 2.00 MB unit is 8.0 KB/frame at 256 sets (8.33% of binCV's
             figure) and 8.0 KB/frame at 256 sets (0.97% of OpenCV's).
   ratio OpenCV/binCV = 8.583x  -- binCV is SMALLER by 8.583x.
   The OpenCV side is an UPPER BOUND: GpuMat pads its pitch, and any
   filter buffer or NPP scratch held past the call is inside this
   delta. binCV's side is cudaMalloc with nothing in between.
   Both sides of THAT pair are binCV, so the label 'OpenCV' on
   the first line reads 'binCV byte arm' here. Same meter, same
   replica count, and it is the representation's own ratio.
MEM,denoise3_vs_bytebar,752x480,25165824,216006656,2097152,256,256

=====================================================================
 4. PYRAMID -- binCV cuda::buildPyramidBox vs 3x cv::cuda::resize
    (INTER_AREA, 0.5) and 3x cv::cuda::pyrDown (cudawarping)
=====================================================================
 ROLE: 'build a three-rung half-resolution ladder on device'.
 cv::cuda::resize at INTER_AREA and scale 0.5 is the SAME FILTER as
 binCV's box -- a 2x2 average -- so that is the like-for-like arm.
 cv::cuda::pyrDown is a Gaussian 5x5 and is a DIFFERENT operation;
 it is carried because it is what a caller reaches for, and it is
 labelled as a different filter rather than quoted as the bar.
 binCV's ladder is N-BIT per rung (1,3,4,5) -- OpenCV has no N-bit
 image type, so the output arrays are not the same thing and this
 is a role comparison.
 ODD WIDTHS ARE NOT COMPARABLE: at width 753, resize's dsize is 376
 where pyrDownWidth(753) is 377. 752 is even at every rung, which is
 why the ladder is taken there.

 3-rung ladder, SAME FILTER (2x2 box / INTER_AREA 0.5)  [752x480]
 3x cv::cuda::resize INTER_AREA -> CV_8U          0.020 ms  spread   65%  [kernel]  (launch floor 32% of it)
 bincv::cuda buildPyramidBox -> N-bit             0.020 ms  spread  262%  [kernel]  (launch floor 31% of it)
   ratio binCV/OpenCV, interleaved rounds: median 1.012x <- QUOTE THIS  (binCV  0.99x SLOWER)
                                           geomean 1.089x   per-round range 0.833-2.312x (15 rounds)
   sign test over those paired rounds: 8 favour A, 6 favour B, 1 tied -- two-sided p = 0.791
   separation (a FACT, not the verdict): the two arms' sample ranges OVERLAP
   verdict: NULL RESULT, which is a result
            NULL on the magnitude: the two arms are 1.01x apart on the MEDIAN per-round ratio,
            short of the 2.78x it has to beat (the larger of: per-round swing 2.78x,
            run-to-run scatter NOT MEASURED on this host). Decided by measure_util.hpp's
            difference-against-spread rule, in FACTORS because a percentage of it
            depends on which arm is the denominator; range separation is not what
            decided it.
ROW,pyramid_vs_resize,752x480,0.017510,0.019741,0.030384,0.017597,0.020070,0.070246,0.832857,1.011696,2.311954,0,15,1.088688,8,6,1,1.011696,2.775931,0.7905
   host-enqueue probe (no sync, wall clock per call):
     3x cv::cuda::resize                          0.0150 ms enqueue vs  0.0197 ms event  -> MIXED: host dispatch is a large share of the bracket
     bincv::cuda buildPyramidBox                  0.0129 ms enqueue vs  0.0201 ms event  -> MIXED: host dispatch is a large share of the bracket
ENQ,pyramid_vs_resize,752x480,0.014974,0.019741,0.012922,0.020070

 3-rung ladder, DIFFERENT FILTER (Gaussian 5x5) -- reference only  [752x480]
 3x cv::cuda::pyrDown -> CV_8U                    0.021 ms  spread  100%  [kernel]  (launch floor 31% of it)
 bincv::cuda buildPyramidBox -> N-bit             0.020 ms  spread  191%  [kernel]  (launch floor 31% of it)
   ratio binCV/OpenCV, interleaved rounds: median 0.995x <- QUOTE THIS  (binCV  1.01x FASTER)
                                           geomean 1.023x   per-round range 0.710-2.398x (15 rounds)
   sign test over those paired rounds: 7 favour A, 8 favour B, 0 tied -- two-sided p = 1
   separation (a FACT, not the verdict): the two arms' sample ranges OVERLAP
   verdict: NULL RESULT, which is a result
            NULL on the magnitude: the two arms are 1.01x apart on the MEDIAN per-round ratio,
            short of the 3.38x it has to beat (the larger of: per-round swing 3.38x,
            run-to-run scatter NOT MEASURED on this host). Decided by measure_util.hpp's
            difference-against-spread rule, in FACTORS because a percentage of it
            depends on which arm is the denominator; range separation is not what
            decided it.
ROW,pyramid_vs_pyrdown,752x480,0.017715,0.020550,0.038205,0.015155,0.020070,0.053453,0.710023,0.994624,2.398104,0,15,1.023121,7,8,0,1.005405,3.377502,1

 4-level ladder, all rungs resident  [752x480]  -- METER 2 on BOTH sides (cudaMemGetInfo delta),
 each side over enough independent working sets that the meter's
 2.00 MB unit resolves, then divided by its own count.
   [meter 2] cv::cuda      172.00 MB over  256 sets =     688.0 KB/frame  (86 units)
   [meter 2] binCV          24.00 MB over  256 sets =      96.0 KB/frame  (12 units)
   [meter 2] ROUNDING: one 2.00 MB unit is 8.0 KB/frame at 256 sets (8.33% of binCV's
             figure) and 8.0 KB/frame at 256 sets (1.16% of OpenCV's).
   ratio OpenCV/binCV = 7.167x  -- binCV is SMALLER by 7.167x.
   The OpenCV side is an UPPER BOUND: GpuMat pads its pitch, and any
   filter buffer or NPP scratch held past the call is inside this
   delta. binCV's side is cudaMalloc with nothing in between.
MEM,pyramid,752x480,25165824,180355072,2097152,256,256

=====================================================================
 5. EDGE THRESHOLD -- binCV cuda::edgeThreshold vs the composed
    cv::cuda spelling (createDerivFilter x2 + abs + add + threshold)
=====================================================================
 ROLE: 'central-difference gradient magnitude, thresholded, on
 device'. There is no single cv::cuda call for it, so the bar is the
 composed spelling a caller would actually write. createDerivFilter
 at ksize=1 with normalize=false gives getDerivKernels' exact
 [-1,0,1] -- the same computation -- and defaults to
 BORDER_REFLECT_101, which is binCV's border here.
 createLinearFilter cannot be used: it asserts dst depth == src
 depth, and a signed derivative of CV_8U needs CV_16S.
 The chain is separable, so it is SEVERAL launches against binCV's
 one, and the launch count is derived from the API's structure --
 no profiler runs on this host to count them directly.

 edge map, |dx| max |dy| >= 17  [752x480]
 composed cv::cuda chain -> CV_16S                0.062 ms  spread   40%  [kernel]  (launch floor 10% of it)
 bincv::cuda edgeThreshold -> bits                0.008 ms  spread  169%  [kernel]  AT THE LAUNCH FLOOR
   ratio binCV/OpenCV, interleaved rounds: median 0.139x <- QUOTE THIS  (binCV  7.19x FASTER)
                                           geomean 0.146x   per-round range 0.101-0.319x (15 rounds)
   sign test over those paired rounds: 0 favour A, 15 favour B, 0 tied -- two-sided p = 6.1e-05
   separation (a FACT, not the verdict): the two arms' sample ranges are DISJOINT
   verdict: DIRECTION ESTABLISHED, and A RESULT
            ARM B is faster in 15 of 15 paired rounds -- NO ROUND CROSSED 1.00x, so the
            direction is established by the rounds themselves (two-sided sign-test
            p = 6.1e-05). Magnitude 3.13x to 9.93x, median 7.19x: the spread bounds
            HOW MUCH it wins by, not WHETHER it does (owner's ruling, 2026-09-19).
            A RESULT: the two arms are 7.19x apart on the MEDIAN per-round ratio,
            clearing the 3.17x it has to beat (the larger of: per-round swing 3.17x,
            run-to-run scatter NOT MEASURED on this host). Decided by measure_util.hpp's
            difference-against-spread rule, in FACTORS because a percentage of it
            depends on which arm is the denominator; range separation is not what
            decided it.
            That clears the WITHIN-RUN half of the rule only -- nobody has measured
            this host's run-to-run scatter, and the rule wants the larger of the two.
ROW,edge,752x480,0.051302,0.061827,0.075776,0.006912,0.008038,0.020480,0.100676,0.139042,0.319489,1,15,0.145862,0,15,0,7.192053,3.173446,6.104e-05
   host-enqueue probe (no sync, wall clock per call):
     composed cv::cuda chain                      0.0432 ms enqueue vs  0.0618 ms event  -> MIXED: host dispatch is a large share of the bracket
     bincv::cuda edgeThreshold                    0.0050 ms enqueue vs  0.0080 ms event  -> MIXED: host dispatch is a large share of the bracket
ENQ,edge,752x480,0.043178,0.061827,0.004960,0.008038

 edge map, |dx| max |dy| >= 17  [1920x1080]
 composed cv::cuda chain -> CV_16S                0.181 ms  spread   24%  [kernel]  (launch floor 3% of it)
 bincv::cuda edgeThreshold -> bits                0.016 ms  spread   16%  [kernel]  (launch floor 39% of it)
   ratio binCV/OpenCV, interleaved rounds: median 0.090x <- QUOTE THIS  (binCV 11.14x FASTER)
                                           geomean 0.089x   per-round range 0.076-0.099x (15 rounds)
   sign test over those paired rounds: 0 favour A, 15 favour B, 0 tied -- two-sided p = 6.1e-05
   separation (a FACT, not the verdict): the two arms' sample ranges are DISJOINT
   verdict: DIRECTION ESTABLISHED, and A RESULT
            ARM B is faster in 15 of 15 paired rounds -- NO ROUND CROSSED 1.00x, so the
            direction is established by the rounds themselves (two-sided sign-test
            p = 6.1e-05). Magnitude 10.13x to 13.08x, median 11.14x: the spread bounds
            HOW MUCH it wins by, not WHETHER it does (owner's ruling, 2026-09-19).
            A RESULT: the two arms are 11.14x apart on the MEDIAN per-round ratio,
            clearing the 1.29x it has to beat (the larger of: per-round swing 1.29x,
            run-to-run scatter NOT MEASURED on this host). Decided by measure_util.hpp's
            difference-against-spread rule, in FACTORS because a percentage of it
            depends on which arm is the denominator; range separation is not what
            decided it.
            That clears the WITHIN-RUN half of the rule only -- nobody has measured
            this host's run-to-run scatter, and the rule wants the larger of the two.
ROW,edge,1920x1080,0.179914,0.180634,0.223642,0.016118,0.016282,0.018736,0.076437,0.089802,0.098748,1,15,0.089215,0,15,0,11.135647,1.291893,6.104e-05
   host-enqueue probe (no sync, wall clock per call):
     composed cv::cuda chain                      0.0421 ms enqueue vs  0.1806 ms event  -> kernel-bound: the host feeds the device faster than it drains
     bincv::cuda edgeThreshold                    0.0057 ms enqueue vs  0.0163 ms event  -> kernel-bound: the host feeds the device faster than it drains
ENQ,edge,1920x1080,0.042076,0.180634,0.005727,0.016282

 edge working set (every intermediate the chain needs)  [752x480]  -- METER 2 on BOTH sides (cudaMemGetInfo delta),
 each side over enough independent working sets that the meter's
 2.00 MB unit resolves, then divided by its own count.
   [meter 2] cv::cuda      640.00 MB over   64 sets =   10240.0 KB/frame  (320 units)
   [meter 2] binCV         104.00 MB over  256 sets =     416.0 KB/frame  (52 units)
   [meter 2] ROUNDING: one 2.00 MB unit is 8.0 KB/frame at 256 sets (1.92% of binCV's
             figure) and 32.0 KB/frame at 64 sets (0.31% of OpenCV's).
   ratio OpenCV/binCV = 24.615x  -- binCV is SMALLER by 24.615x.
   The OpenCV side is an UPPER BOUND: GpuMat pads its pitch, and any
   filter buffer or NPP scratch held past the call is inside this
   delta. binCV's side is cudaMalloc with nothing in between.
MEM,edge,752x480,109051904,671088640,2097152,256,64

=====================================================================
 6. NO BAR EXISTS -- verdict OUTSTANDING (owner ruling R2)
=====================================================================
 These ops have NO cv::cuda counterpart at any API level. Under R2
 they ship on correctness + memory + the host comparison, with the
 GPU speed verdict recorded explicitly as OUTSTANDING against the
 resident pipeline that will later price them. No substitute bar is
 invented here and no CPU number is quoted as a GPU bar.

   cuda::binarize     N-plane bit-sliced source -> bits. OpenCV has
                      no N-bit image type on host or device, so there
                      is nothing to compare the input side against.
                      SPEED VERDICT: OUTSTANDING.
   cuda::shift        integer translation of a packed bit plane. The
                      byte side's actual alternative is a pitched DMA
                      (cudaMemcpy2D), not a kernel -- timed below as
                      a reference, not as a bar, because binCV's one
                      funnel-shift instruction is being compared
                      against ZERO instructions on a copy engine.
                      SPEED VERDICT: OUTSTANDING.
   cuda::pyrDownBox   the N-bit rung itself (the LADDER has a role
                      bar above; the per-rung N-bit requantize does
                      not). SPEED VERDICT: OUTSTANDING.

 shift, REFERENCE ONLY (not a bar -- a DMA against a kernel):
 cudaMemcpy2DAsync ROI, bytes (copy engine)       0.010 ms  spread  563%  [kernel]  AT THE LAUNCH FLOOR
 bincv::cuda::shift dx=8, bits (one kernel)       0.011 ms  spread  114%  [kernel]  AT THE LAUNCH FLOOR
   ratio binCV/DMA: 0.911x   range 0.171-1.972x   OVERLAP
ROW,shift_vs_dma,752x480,0.008550,0.009882,0.064154,0.006400,0.010955,0.018885,0.170765,0.910771,1.972427,0,15,0.871692,7,8,0,1.097971,11.550520,1

=====================================================================
 7. DENSE DISPARITY -- binCV binary path vs cv::cuda::StereoBM
=====================================================================
 ROLE: 'a dense disparity map from a rectified pair, resident on
 device'. StereoBM matches SAD over prefiltered bytes; binCV matches
 Hamming over packed binary. Different maps -- correctness is settled
 against the host library by the test suite, not here.
 RE-TAKEN HERE because this backend's shipped report quotes this
 comparison from a DEFAULT-STREAM measurement, and StereoBM calls
 cudaDeviceSynchronize() on the null stream in each of its three
 kernels (cudastereo/src/cuda/stereobm.cu). Both sides now run on
 one explicit stream, where neither synchronizes.

 dense disparity, 64 disparities, 9x9 support  [752x480]
 cv::cuda::StereoBM(64, 9)                        0.807 ms  spread   31%  [kernel]  (launch floor 1% of it)
 bincv::cuda denseDisparityBinary                 0.064 ms  spread  209%  [kernel]  (launch floor 10% of it)
   ratio binCV/OpenCV, interleaved rounds: median 0.082x <- QUOTE THIS  (binCV 12.22x FASTER)
                                           geomean 0.088x   per-round range 0.073-0.205x (15 rounds)
   sign test over those paired rounds: 0 favour A, 15 favour B, 0 tied -- two-sided p = 6.1e-05
   separation (a FACT, not the verdict): the two arms' sample ranges are DISJOINT
   verdict: DIRECTION ESTABLISHED, and A RESULT
            ARM B is faster in 15 of 15 paired rounds -- NO ROUND CROSSED 1.00x, so the
            direction is established by the rounds themselves (two-sided sign-test
            p = 6.1e-05). Magnitude 4.87x to 13.68x, median 12.22x: the spread bounds
            HOW MUCH it wins by, not WHETHER it does (owner's ruling, 2026-09-19).
            A RESULT: the two arms are 12.22x apart on the MEDIAN per-round ratio,
            clearing the 2.81x it has to beat (the larger of: per-round swing 2.81x,
            run-to-run scatter NOT MEASURED on this host). Decided by measure_util.hpp's
            difference-against-spread rule, in FACTORS because a percentage of it
            depends on which arm is the denominator; range separation is not what
            decided it.
            That clears the WITHIN-RUN half of the rule only -- nobody has measured
            this host's run-to-run scatter, and the rule wants the larger of the two.
ROW,stereo_binary,752x480,0.710554,0.807117,0.962253,0.063363,0.064102,0.197632,0.073080,0.081864,0.205385,1,15,0.087944,0,15,0,12.215454,2.810424,6.104e-05
   host-enqueue probe (no sync, wall clock per call):
     cv::cuda::StereoBM                           0.6427 ms enqueue vs  0.8071 ms event  -> MIXED: host dispatch is a large share of the bracket
     bincv denseDisparityBinary                   0.0113 ms enqueue vs  0.0641 ms event  -> kernel-bound: the host feeds the device faster than it drains
ENQ,stereo_binary,752x480,0.642681,0.807117,0.011319,0.064102
   single-call GPU time (device drained either side -- separates the
   kernel from the API for a dispatch-bound arm):
     cv::cuda::StereoBM                           0.6339 ms solo vs  0.8071 ms batched
     bincv denseDisparityBinary                   0.0645 ms solo vs  0.0641 ms batched
SOLO,stereo_binary,752x480,0.633856,0.807117,0.064512,0.064102

   THE SAME cv::cuda::StereoBM ON THE DEFAULT STREAM: 0.7402 ms
   against 0.8071 ms on an explicit stream -- a 0.92x difference that
   is the API's three null-stream cudaDeviceSynchronize calls, not
   the kernel. The explicit-stream number is the bar, because the
   bar is the BEST existing option and a pipeline uses streams.
SYNC,stereobm_default_stream,752x480,0.740218,0.807117

---------------------------------------------------------------
 7b. MEMORY -- THE THREE WORKING SETS, ONE REGION, ONE METER,
     ONE REPLICA COUNT, THIS PROCESS
---------------------------------------------------------------
 Meter 2 (cudaMemGetInfo delta) on all three, 256 replicas each,
 every set held until its delta is read. Region: 752x480, 64
 disparities, 9x9 support -- the same region section 7 timed.

   one meter unit = 2.00 MB = 8.0 KB/frame at 256 replicas
   binCV BINARY entry                       112.00 MB / 256 =    448.0 KB/frame  (  56 units, rounding 1.79%)  2 bit planes + map
     CONVERGENCE, on the smallest of the three: the same set reads 448.0 KB/frame
     at 64 replicas against 448.0 KB/frame at 256 -- 1.0000x. It has stopped moving, so the count is high enough.
   binCV CENSUS entry                      1126.00 MB / 256 =   4504.0 KB/frame  ( 563 units, rounding 0.18%)  2 wide + 2 descriptors + map
   cv::cuda::StereoBM(64,9) synthetic       768.00 MB / 256 =   3072.0 KB/frame  ( 384 units, rounding 0.26%)  UPPER reading
   [meter 1, binCV context only, never a cross-library numerator] binary
   entry allocation sum = 442.5 KB. Meter 1 and meter 2 do not divide.
   CONTENT DEPENDENCE: NOT CHECKED -- no real sequence blob was pointed at
   BINCV_CUDA_ROLE_FRAMES, so only the synthetic reading exists and it is
   quoted as such.
   BINARY entry vs StereoBM: 6.857x -- binCV SMALLER by 6.857x (448.0 KB against 3072.0 KB).
   CENSUS entry vs StereoBM: 0.682x -- StereoBM SMALLER by 1.466x (4504.0 KB against 3072.0 KB).
   Both ratios are LOWER BOUNDS on binCV's side and UPPER readings on
   StereoBM's, for the reason stated above: GpuMat may pool and pads its
   pitch; binCV has nothing between the op and cudaMalloc.
MEM,stereo_binary_vs_stereobm,752x480,117440512,805306368,2097152,256,256
MEM,stereo_census_vs_stereobm,752x480,1180696576,805306368,2097152,256,256
MEM3,stereo_one_region,752x480,117440512,1180696576,805306368,0,2097152,256

=====================================================================
 8. THE DEFAULT-STREAM SURCHARGE -- why every row above runs on an
    EXPLICIT stream, measured rather than asserted
=====================================================================
 OpenCV's CUDA modules call cudaDeviceSynchronize() after a launch
 WHEN AND ONLY WHEN the stream is the null stream. It is not one
 function: the guard

     if (stream == 0) cudaSafeCall( cudaDeviceSynchronize() );

 appears in cudev's grid transform (which backs cudaarithm's
 threshold, abs and max), in cudafilters' morphology, linear and
 median filters, in cudawarping's resize and pyrDown, and three
 times in cudastereo's StereoBM.

 CONSEQUENCE FOR A BENCHMARK. On the default stream an OpenCV arm
 cannot pipeline across a batch of enqueues while binCV's arm can,
 so an event bracket over N calls measures N serialized round trips
 on one side and N pipelined launches on the other. That is not a
 kernel-to-kernel comparison, and the difference is not small.

 WHICH NUMBER IS THE BAR. The explicit-stream one. CLAUDE.md says the
 bar is the BEST existing option, not the worst; a resident pipeline
 uses streams, and OpenCV supports them on every call measured here.
 Quoting the default-stream number would be measuring against a
 fallback nobody would use. The default-stream figure is reported
 beside it as what a naive caller pays, and labelled as that.

 call                                              default   explicit    ratio
 cv::cuda::threshold (cudaarithm / cudev)         0.0420 ms   0.0066 ms    6.37x  (ranges DISJOINT)
STREAMCOST,cv::cuda::threshold (cudaarithm / cudev),0.035418,0.041979,0.091955,0.005478,0.006595,0.008141,1
 cv::cuda erode 3x3 (cudafilters)                 0.1509 ms   0.0836 ms    1.81x  (ranges OVERLAP)
STREAMCOST,cv::cuda erode 3x3 (cudafilters),0.110541,0.150938,0.226034,0.080934,0.083610,0.118938,0
 cv::cuda::resize INTER_AREA 0.5 (cudawarping)    0.0377 ms   0.0091 ms    4.16x  (ranges DISJOINT)
STREAMCOST,cv::cuda::resize INTER_AREA 0.5 (cudawarping),0.036250,0.037683,0.054574,0.006144,0.009058,0.027029,1
 cv::cuda::pyrDown (cudawarping)                  0.0396 ms   0.0078 ms    5.05x  (ranges DISJOINT)
STREAMCOST,cv::cuda::pyrDown (cudawarping),0.038362,0.039566,0.074843,0.007411,0.007834,0.010086,1
 cv::cuda median 3x3 (cudafilters) -- a 6 ms kernel   5.7253 ms   5.6549 ms    1.01x  (ranges OVERLAP)
STREAMCOST,cv::cuda median 3x3 (cudafilters) -- a 6 ms kernel,5.705728,5.725338,7.666432,5.620941,5.654938,5.742439,0
 CONTROL: binCV cuda::threshold (no such guard anywhere)   0.0065 ms   0.0063 ms    1.03x  (ranges OVERLAP)
STREAMCOST,CONTROL: binCV cuda::threshold (no such guard anywhere),0.005222,0.006502,0.012902,0.004966,0.006341,0.007680,0
 CONTROL: binCV cuda::erode 3x3 (no such guard anywhere)   0.0066 ms   0.0064 ms    1.02x  (ranges OVERLAP)
STREAMCOST,CONTROL: binCV cuda::erode 3x3 (no such guard anywhere),0.005515,0.006605,0.007475,0.005888,0.006450,0.016486,0

 HOW TO READ THIS TABLE, and the last row is what makes it
 readable. binCV has NO null-stream guard anywhere, so its row is
 the control: whatever ratio IT shows is the legacy default stream's
 own per-launch tax, which every arm on that stream pays -- the
 legacy stream implicitly synchronizes with every other blocking
 stream in the process, and one exists here. Only the EXCESS over
 the control is attributable to OpenCV's cudaDeviceSynchronize.

 AND THE SIZE OF THE EFFECT DEPENDS ON THE KERNEL, which is the
 conclusion that actually matters for this report: a synchronize
 costs roughly one launch latency, so it is most of the measurement
 for an op sitting near the launch floor and almost none of it for
 an op that runs for a millisecond. Expect threshold, resize and
 median to move a lot and StereoBM to barely move at all -- and
 check that against the rows above rather than taking it on trust.

=====================================================================
 ROUND 2 -- the pipeline role bars. INPUT, stated once for all of
 them: binCV's own sensor stage output at 752x480 -- medianWide<3>
 then edgeThreshold(17) -- 82.67% of pixels set. OpenCV reads the
 identical bits as a CV_8U {0,255} picture.
 FRAME SOURCE: synthetic smoothed noise (NOT representative content)
=====================================================================
FRAMESRC,synthetic smoothed noise (NOT representative content),82.6695

=====================================================================
 9. FAST -- binCV cuda::detectFastAsync vs cv::cuda::FastFeatureDetector
=====================================================================
 THE AUTHOR'S OWN RULE, not restated more kindly: required >= 1.00x
 kernel-resident, both sides one explicit stream, with the corner-set
 agreement gate passing first. The '>= 2.00x target' the design
 carried was deleted by its own author as underived; what ratio ships
 the claim UNQUALIFIED remains an open owner question, and nothing
 here fills it in.
 The capped arm is carried beside the shipped one because the family
 located its shortfall in the single-block raster sort rather than in
 the ring algebra, and a serial pass has to be able to check that.

 CORNER-SET AGREEMENT GATE (runs before any timing): binCV 32768 (found 34143, capacity 32768, *** TRUNCATED ***), OpenCV 32768 keypoints -- *** SETS DIFFER -- ratios below are NOT like-for-like ***
GATE,fast_corner_sets,752x480,32768,32768,0

 FAST corners, binary frame vs CV_8U picture  [752x480]
 cv::cuda::FastFeatureDetector (nms off)          0.123 ms  spread   63%  [kernel]  (launch floor 5% of it)
 bincv::cuda::detectFastAsync                     0.019 ms  spread   28%  [kernel]  (launch floor 33% of it)
   ratio binCV/OpenCV, interleaved rounds: median 0.159x <- QUOTE THIS  (binCV  6.31x FASTER)
                                           geomean 0.151x   per-round range 0.099-0.183x (15 rounds)
   sign test over those paired rounds: 0 favour A, 15 favour B, 0 tied -- two-sided p = 6.1e-05
   separation (a FACT, not the verdict): the two arms' sample ranges are DISJOINT
   verdict: DIRECTION ESTABLISHED, and A RESULT
            ARM B is faster in 15 of 15 paired rounds -- NO ROUND CROSSED 1.00x, so the
            direction is established by the rounds themselves (two-sided sign-test
            p = 6.1e-05). Magnitude 5.46x to 10.05x, median 6.31x: the spread bounds
            HOW MUCH it wins by, not WHETHER it does (owner's ruling, 2026-09-19).
            A RESULT: the two arms are 6.31x apart on the MEDIAN per-round ratio,
            clearing the 1.84x it has to beat (the larger of: per-round swing 1.84x,
            run-to-run scatter NOT MEASURED on this host). Decided by measure_util.hpp's
            difference-against-spread rule, in FACTORS because a percentage of it
            depends on which arm is the denominator; range separation is not what
            decided it.
            That clears the WITHIN-RUN half of the rule only -- nobody has measured
            this host's run-to-run scatter, and the rule wants the larger of the two.
   RULE: required <= 1.000x (binCV at or faster than parity) -> MET
ROW,fast,752x480,0.115488,0.122858,0.193216,0.017920,0.019245,0.023245,0.099487,0.158560,0.183075,1,15,0.151432,0,15,0,6.306774,1.840200,6.104e-05
   host-enqueue probe (no sync, wall clock per call):
     cv::cuda::FastFeatureDetector                0.1217 ms enqueue vs  0.1229 ms event  -> DISPATCH-BOUND: the event bracket is timing the API call
     bincv::cuda::detectFastAsync                 0.0110 ms enqueue vs  0.0192 ms event  -> MIXED: host dispatch is a large share of the bracket
ENQ,fast,752x480,0.121662,0.122858,0.011001,0.019245

 FAST, binCV CAPPED at 512 stored -- the DETECTOR without most of
 the sort. An UPPER BOUND on detection alone, so the conclusion is
 safe in the direction it is used  [752x480]
 cv::cuda::FastFeatureDetector (nms off)          0.120 ms  spread   69%  [kernel]  (launch floor 5% of it)
 bincv::cuda::detectFastAsync, capacity 512       0.021 ms  spread   91%  [kernel]  (launch floor 30% of it)
   ratio binCV/OpenCV, interleaved rounds: median 0.172x <- QUOTE THIS  (binCV  5.82x FASTER)
                                           geomean 0.175x   per-round range 0.119-0.264x (15 rounds)
   sign test over those paired rounds: 0 favour A, 15 favour B, 0 tied -- two-sided p = 6.1e-05
   separation (a FACT, not the verdict): the two arms' sample ranges are DISJOINT
   verdict: DIRECTION ESTABLISHED, and A RESULT
            ARM B is faster in 15 of 15 paired rounds -- NO ROUND CROSSED 1.00x, so the
            direction is established by the rounds themselves (two-sided sign-test
            p = 6.1e-05). Magnitude 3.79x to 8.40x, median 5.82x: the spread bounds
            HOW MUCH it wins by, not WHETHER it does (owner's ruling, 2026-09-19).
            A RESULT: the two arms are 5.82x apart on the MEDIAN per-round ratio,
            clearing the 2.21x it has to beat (the larger of: per-round swing 2.21x,
            run-to-run scatter NOT MEASURED on this host). Decided by measure_util.hpp's
            difference-against-spread rule, in FACTORS because a percentage of it
            depends on which arm is the denominator; range separation is not what
            decided it.
            That clears the WITHIN-RUN half of the rule only -- nobody has measured
            this host's run-to-run scatter, and the rule wants the larger of the two.
ROW,fast_capped512,752x480,0.115200,0.120323,0.198656,0.017306,0.020685,0.036147,0.119030,0.171910,0.263617,1,15,0.175444,0,15,0,5.816987,2.214720,6.104e-05

 FAST working set, capacity 32768 (record 12 B, scratch 380 B)  [752x480]  -- METER 2 on BOTH sides (cudaMemGetInfo delta),
 each side over enough independent working sets that the meter's
 2.00 MB unit resolves, then divided by its own count.
   [meter 2] cv::cuda      192.00 MB over  256 sets =     768.0 KB/frame  (96 units)
   [meter 2] binCV         108.00 MB over  256 sets =     432.0 KB/frame  (54 units)
   [meter 2] ROUNDING: one 2.00 MB unit is 8.0 KB/frame at 256 sets (1.85% of binCV's
             figure) and 8.0 KB/frame at 256 sets (1.04% of OpenCV's).
   ratio OpenCV/binCV = 1.778x  -- binCV is SMALLER by 1.778x.
   The OpenCV side is an UPPER BOUND: GpuMat pads its pitch, and any
   filter buffer or NPP scratch held past the call is inside this
   delta. binCV's side is cudaMalloc with nothing in between.
MEM,fast,752x480,113246208,201326592,2097152,256,256

=====================================================================
 10. goodFeaturesToTrack -- binCV device-resident selection vs
     cv::cuda::createGoodFeaturesToTrackDetector (cudaimgproc)
=====================================================================
 WALL CLOCK ON BOTH SIDES, and the reason is on OpenCV's side: at
 minDistance >= 1 its detect() DOWNLOADS the sorted candidate list,
 runs the spacing filter on the HOST and uploads the survivors
 (cudaimgproc/src/gftt.cpp). A CUDA-event clock would exclude that
 pass and flatter OpenCV. binCV's selection never leaves the device.
 THE SPEED BAR FOR THIS OP WAS NOT WRITABLE -- its author escalated
 it rather than deriving a number from a host CPU ratio, and this
 binary does not invent one either. The ratio is reported; the
 verdict is the owner's.

 goodFeaturesToTrack -- WALL CLOCK both sides, OpenCV's host
 round trip INSIDE its arm because a caller pays it  [752x480 WALL]
 cv::cuda gftt (downloads, spaces on host, uploads)     3.394 ms  spread  187%  [kernel]  (launch floor 0% of it)
 bincv::cuda::goodFeaturesToTrackAsync (never leaves device)     0.446 ms  spread   40%  [kernel]  (launch floor 1% of it)
   ratio binCV/OpenCV, interleaved rounds: median 0.128x <- QUOTE THIS  (binCV  7.82x FASTER)
                                           geomean 0.116x   per-round range 0.040-0.148x (15 rounds)
   sign test over those paired rounds: 0 favour A, 15 favour B, 0 tied -- two-sided p = 6.1e-05
   separation (a FACT, not the verdict): the two arms' sample ranges are DISJOINT
   verdict: DIRECTION ESTABLISHED, and A RESULT
            ARM B is faster in 15 of 15 paired rounds -- NO ROUND CROSSED 1.00x, so the
            direction is established by the rounds themselves (two-sided sign-test
            p = 6.1e-05). Magnitude 6.74x to 25.07x, median 7.82x: the spread bounds
            HOW MUCH it wins by, not WHETHER it does (owner's ruling, 2026-09-19).
            A RESULT: the two arms are 7.82x apart on the MEDIAN per-round ratio,
            clearing the 3.72x it has to beat (the larger of: per-round swing 3.72x,
            run-to-run scatter NOT MEASURED on this host). Decided by measure_util.hpp's
            difference-against-spread rule, in FACTORS because a percentage of it
            depends on which arm is the denominator; range separation is not what
            decided it.
            That clears the WITHIN-RUN half of the rule only -- nobody has measured
            this host's run-to-run scatter, and the rule wants the larger of the two.
ROW,gftt_wall,752x480,3.092803,3.393554,9.436771,0.360517,0.446249,0.537418,0.039881,0.127875,0.148332,1,15,0.116029,0,15,0,7.820122,3.719372,6.104e-05
   corners: binCV 200 (ranked 32768, truncated 1, pool overflow 0) vs OpenCV 200.
   NOT A GATE and not an equality: the two run different spacing
   rules over different responses. It is here so the ratio above is
   read against a known workload.
GATE,gftt_counts,752x480,200,200,0

 goodFeaturesToTrack working set (FUSED arm: no frame-sized
 float map exists at all on binCV's side)  [752x480]  -- METER 2 on BOTH sides (cudaMemGetInfo delta),
 each side over enough independent working sets that the meter's
 2.00 MB unit resolves, then divided by its own count.
   [meter 2] cv::cuda      160.00 MB over   16 sets =   10240.0 KB/frame  (80 units)
   [meter 2] binCV          30.00 MB over   16 sets =    1920.0 KB/frame  (15 units)
   [meter 2] ROUNDING: one 2.00 MB unit is 128.0 KB/frame at 16 sets (6.67% of binCV's
             figure) and 128.0 KB/frame at 16 sets (1.25% of OpenCV's).
   ratio OpenCV/binCV = 5.333x  -- binCV is SMALLER by 5.333x.
   The OpenCV side is an UPPER BOUND: GpuMat pads its pitch, and any
   filter buffer or NPP scratch held past the call is inside this
   delta. binCV's side is cudaMalloc with nothing in between.
MEM,gftt,752x480,31457280,167772160,2097152,16,16

=====================================================================
 11. CORNER RESPONSE -- binCV cuda::cornerMinEigenValAsync vs
     cv::cuda::createMinEigenValCorner AND createHarrisCorner
=====================================================================
 TWO DENOMINATORS, AND THEY ARE NOT INTERCHANGEABLE. binCV's op
 computes the MINIMUM EIGENVALUE of the gradient covariance, so
 createMinEigenValCorner is the like-for-like counterpart and is the
 bar. createHarrisCorner computes a DIFFERENT response (det - k*tr^2)
 over the same covariance and is timed beside it as context -- the
 task named it, and the honest thing is to run it and say plainly
 that it answers a different question, not to quietly substitute it
 for the one that matches.
 BOTH OpenCV arms read the CV_8U picture and internally run a Sobel;
 binCV reads four TERNARY BIT PLANES that already exist in the
 pipeline. That is a role comparison, not an equality, and the
 asymmetry is stated rather than folded into the ratio.

 min-eigenvalue response map, blockSize 3 -- THE BAR  [752x480]
 cv::cuda::createMinEigenValCorner                0.052 ms  spread   58%  [kernel]  (launch floor 12% of it)
 bincv::cuda::cornerMinEigenValAsync              0.020 ms  spread   12%  [kernel]  (launch floor 31% of it)
   ratio binCV/OpenCV, interleaved rounds: median 0.382x <- QUOTE THIS  (binCV  2.62x FASTER)
                                           geomean 0.357x   per-round range 0.249-0.434x (15 rounds)
   sign test over those paired rounds: 0 favour A, 15 favour B, 0 tied -- two-sided p = 6.1e-05
   separation (a FACT, not the verdict): the two arms' sample ranges are DISJOINT
   verdict: DIRECTION ESTABLISHED, and A RESULT
            ARM B is faster in 15 of 15 paired rounds -- NO ROUND CROSSED 1.00x, so the
            direction is established by the rounds themselves (two-sided sign-test
            p = 6.1e-05). Magnitude 2.31x to 4.02x, median 2.62x: the spread bounds
            HOW MUCH it wins by, not WHETHER it does (owner's ruling, 2026-09-19).
            A RESULT: the two arms are 2.62x apart on the MEDIAN per-round ratio,
            clearing the 1.74x it has to beat (the larger of: per-round swing 1.74x,
            run-to-run scatter NOT MEASURED on this host). Decided by measure_util.hpp's
            difference-against-spread rule, in FACTORS because a percentage of it
            depends on which arm is the denominator; range separation is not what
            decided it.
            That clears the WITHIN-RUN half of the rule only -- nobody has measured
            this host's run-to-run scatter, and the rule wants the larger of the two.
ROW,cornerresp_mineigen,752x480,0.050880,0.052429,0.081408,0.019853,0.020019,0.022323,0.249057,0.381836,0.433831,1,15,0.356838,0,15,0,2.618926,1.741897,6.104e-05
   host-enqueue probe (no sync, wall clock per call):
     cv::cuda minEigenVal                         0.0288 ms enqueue vs  0.0524 ms event  -> MIXED: host dispatch is a large share of the bracket
     bincv::cuda::cornerMinEigenValAsync          0.0057 ms enqueue vs  0.0200 ms event  -> kernel-bound: the host feeds the device faster than it drains
ENQ,cornerresp_mineigen,752x480,0.028822,0.052429,0.005746,0.020019

 createHarrisCorner beside it -- CONTEXT, a DIFFERENT response
 function over the same covariance, not binCV's counterpart  [752x480]
 cv::cuda::createHarrisCorner (k = 0.04)          0.052 ms  spread   35%  [kernel]  (launch floor 12% of it)
 bincv::cuda::cornerMinEigenValAsync              0.021 ms  spread    8%  [kernel]  (launch floor 30% of it)
   ratio binCV/OpenCV, interleaved rounds: median 0.393x <- QUOTE THIS  (binCV  2.54x FASTER)
                                           geomean 0.386x   per-round range 0.299-0.420x (15 rounds)
   sign test over those paired rounds: 0 favour A, 15 favour B, 0 tied -- two-sided p = 6.1e-05
   separation (a FACT, not the verdict): the two arms' sample ranges are DISJOINT
   verdict: DIRECTION ESTABLISHED, and A RESULT
            ARM B is faster in 15 of 15 paired rounds -- NO ROUND CROSSED 1.00x, so the
            direction is established by the rounds themselves (two-sided sign-test
            p = 6.1e-05). Magnitude 2.38x to 3.34x, median 2.54x: the spread bounds
            HOW MUCH it wins by, not WHETHER it does (owner's ruling, 2026-09-19).
            A RESULT: the two arms are 2.54x apart on the MEDIAN per-round ratio,
            clearing the 1.40x it has to beat (the larger of: per-round swing 1.40x,
            run-to-run scatter NOT MEASURED on this host). Decided by measure_util.hpp's
            difference-against-spread rule, in FACTORS because a percentage of it
            depends on which arm is the denominator; range separation is not what
            decided it.
            That clears the WITHIN-RUN half of the rule only -- nobody has measured
            this host's run-to-run scatter, and the rule wants the larger of the two.
ROW,cornerresp_harris_context,752x480,0.050842,0.052315,0.069274,0.019917,0.020725,0.021606,0.299173,0.393487,0.419517,1,15,0.386447,0,15,0,2.541381,1.402255,6.104e-05

 corner response working set (four bit planes + one float map
 vs one byte picture + OpenCV's Sobel intermediates + one map)  [752x480]  -- METER 2 on BOTH sides (cudaMemGetInfo delta),
 each side over enough independent working sets that the meter's
 2.00 MB unit resolves, then divided by its own count.
   [meter 2] cv::cuda      160.00 MB over   16 sets =   10240.0 KB/frame  (80 units)
   [meter 2] binCV          32.00 MB over   16 sets =    2048.0 KB/frame  (16 units)
   [meter 2] ROUNDING: one 2.00 MB unit is 128.0 KB/frame at 16 sets (6.25% of binCV's
             figure) and 128.0 KB/frame at 16 sets (1.25% of OpenCV's).
   ratio OpenCV/binCV = 5.000x  -- binCV is SMALLER by 5.000x.
   The OpenCV side is an UPPER BOUND: GpuMat pads its pitch, and any
   filter buffer or NPP scratch held past the call is inside this
   delta. binCV's side is cudaMalloc with nothing in between.
MEM,cornerresp,752x480,33554432,167772160,2097152,16,16

=====================================================================
 12. DESCRIBE -- binCV cuda::computeBriefSteered vs
     cv::cuda::ORB::computeAsync on PROVIDED keypoints
=====================================================================
 computeAsync IS accepted in OpenCV 4.5.4 on provided keypoints, so a
 stage-isolated GPU denominator exists and no differential is needed.
 SUPERSET vs SUBSET, stated at the number: computeAsync also builds
 ORB's level-0 pyramid entry and can blur. nlevels = 1 and
 blurForDescriptor = false pin that superset as small as the API
 allows; it is not zero, and the ratio is an upper bound on binCV's
 advantage for that reason.
 Both sides sample the SAME 256 pairs -- cv::ORB's learned table,
 which binCV reaches by pointer out of ops/orbPattern.hpp.

 cv::cuda::Feature2DAsync::computeAsync on provided keypoints: ACCEPTED
   1000 keypoints in, 1000x32 CV_8U descriptors out.

 256-bit steered BRIEF on provided keypoints  [752x480, N=1000]
 cv::cuda::ORB::computeAsync (nlevels 1, blur off)     0.104 ms  spread   98%  [kernel]  (launch floor 6% of it)
 bincv::cuda::computeBriefSteered                 0.010 ms  spread  230%  [kernel]  AT THE LAUNCH FLOOR
   ratio binCV/OpenCV, interleaved rounds: median 0.110x <- QUOTE THIS  (binCV  9.06x FASTER)
                                           geomean 0.117x   per-round range 0.070-0.245x (15 rounds)
   sign test over those paired rounds: 0 favour A, 15 favour B, 0 tied -- two-sided p = 6.1e-05
   separation (a FACT, not the verdict): the two arms' sample ranges are DISJOINT
   verdict: DIRECTION ESTABLISHED, and A RESULT
            ARM B is faster in 15 of 15 paired rounds -- NO ROUND CROSSED 1.00x, so the
            direction is established by the rounds themselves (two-sided sign-test
            p = 6.1e-05). Magnitude 4.08x to 14.30x, median 9.06x: the spread bounds
            HOW MUCH it wins by, not WHETHER it does (owner's ruling, 2026-09-19).
            A RESULT: the two arms are 9.06x apart on the MEDIAN per-round ratio,
            clearing the 3.51x it has to beat (the larger of: per-round swing 3.51x,
            run-to-run scatter NOT MEASURED on this host). Decided by measure_util.hpp's
            difference-against-spread rule, in FACTORS because a percentage of it
            depends on which arm is the denominator; range separation is not what
            decided it.
            That clears the WITHIN-RUN half of the rule only -- nobody has measured
            this host's run-to-run scatter, and the rule wants the larger of the two.
ROW,describe,752x480_n1000,0.078182,0.104346,0.180942,0.008820,0.009626,0.030942,0.069913,0.110397,0.245206,1,15,0.117320,0,15,0,9.058201,3.507319,6.104e-05
   host-enqueue probe (no sync, wall clock per call):
     cv::cuda::ORB::computeAsync                  0.0378 ms enqueue vs  0.1043 ms event  -> kernel-bound: the host feeds the device faster than it drains
     bincv::cuda::computeBriefSteered             0.0044 ms enqueue vs  0.0096 ms event  -> MIXED: host dispatch is a large share of the bracket
ENQ,describe,752x480_n1000,0.037782,0.104346,0.004412,0.009626

 ORIENTATION: **OUTSTANDING** (ruling R2). cv::cuda::ORB runs
 IC_Angle inside its own keypoint pass and exposes no entry point
 that orients PROVIDED keypoints, so no cv::cuda denominator exists
 at any API level. No CPU number is put in its place.

 describe working set, N = 1000 -- keypoints, angles, keep
 bytes and descriptors on binCV's side; a cv::cuda::ORB
 DETECTOR's whole state on OpenCV's, which is a superset  [752x480, N=1000]  -- METER 2 on BOTH sides (cudaMemGetInfo delta),
 each side over enough independent working sets that the meter's
 2.00 MB unit resolves, then divided by its own count.
   [meter 2] cv::cuda       32.00 MB over   16 sets =    2048.0 KB/frame  (16 units)
   [meter 2] binCV          22.00 MB over  512 sets =      44.0 KB/frame  (11 units)
   [meter 2] ROUNDING: one 2.00 MB unit is 4.0 KB/frame at 512 sets (9.09% of binCV's
             figure) and 128.0 KB/frame at 16 sets (6.25% of OpenCV's).
   ratio OpenCV/binCV = 46.545x  -- binCV is SMALLER by 46.545x.
   The OpenCV side is an UPPER BOUND: GpuMat pads its pitch, and any
   filter buffer or NPP scratch held past the call is inside this
   delta. binCV's side is cudaMalloc with nothing in between.
MEM,describe,752x480_n1000,23068672,33554432,2097152,512,16

=====================================================================
 13. DESCRIPTOR MATCHING -- binCV cuda::matchDescriptors vs
     cv::cuda::DescriptorMatcher::createBFMatcher(NORM_HAMMING)
=====================================================================
 ROLE: 'nearest neighbour over binary descriptors with Lowe's ratio
 test, for a whole query set, on device'. A binCV device matcher
 EXISTS as of this round (cuda/sparseMatch.hpp), so the row this
 file used to print -- 'no binCV device counterpart' -- is retired.

 WHAT THE TIMED REGION IS, AND WHY IT FAVOURS OpenCV. binCV's arm
 is ONE launch that produces the ratio-tested result. OpenCV's arm
 is knnMatchAsync(k=2) ALONE -- the ratio test that would turn its
 two distances into the same answer is NOT in the bracket, and
 neither is knnMatchConvert. So the OpenCV arm is timed doing
 strictly LESS work than binCV's, and every ratio below is an
 UPPER BOUND on OpenCV's standing. That is deliberate: a bar the
 challenger cannot be accused of shaving is worth more than a bar
 that is exactly fair, when the challenger wins anyway.

 TWO OpenCV ARMS, because the bar is the BEST existing option.
 cv::cuda instantiates matchHamming_gpu at <unsigned char> and at
 <int>, and cv::cuda::ORB emits CV_8U. Both are run over the SAME
 descriptor bytes, reinterpreted, so the two arms differ only in
 the type the kernel was instantiated at.

 CONTENT. Pseudorandom descriptor words. Neither kernel has a
 data-dependent early-out -- both evaluate every (query, train)
 pair -- so the cost is content-independent and a real descriptor
 set would move neither arm. What content DOES decide is accuracy,
 which this row does not measure and does not claim.

 descriptor match, 256-bit, ratio 0.8 -- OpenCV arm is CV_8U  [470x470 (pipeline scale -- DOES NOT DECIDE)]
 cv::cuda BFMatcher knnMatchAsync(k=2), CV_8U     0.045 ms  spread   60%  [kernel]  (launch floor 14% of it)
 bincv::cuda::matchDescriptors (ratio test INCLUDED)     0.010 ms  spread  224%  [kernel]  AT THE LAUNCH FLOOR
   ratio binCV/OpenCV, interleaved rounds: median 0.215x <- QUOTE THIS  (binCV  4.66x FASTER)
                                           geomean 0.229x   per-round range 0.129-0.670x (15 rounds)
   sign test over those paired rounds: 0 favour A, 15 favour B, 0 tied -- two-sided p = 6.1e-05
   separation (a FACT, not the verdict): the two arms' sample ranges are DISJOINT
   verdict: DIRECTION ESTABLISHED
            ARM B is faster in 15 of 15 paired rounds -- NO ROUND CROSSED 1.00x, so the
            direction is established by the rounds themselves (two-sided sign-test
            p = 6.1e-05). Magnitude 1.49x to 7.77x, median 4.66x: the spread bounds
            HOW MUCH it wins by, not WHETHER it does (owner's ruling, 2026-09-19).
            NULL on the magnitude: the two arms are 4.66x apart on the MEDIAN per-round ratio,
            short of the 5.21x it has to beat (the larger of: per-round swing 5.21x,
            run-to-run scatter NOT MEASURED on this host). Decided by measure_util.hpp's
            difference-against-spread rule, in FACTORS because a percentage of it
            depends on which arm is the denominator; range separation is not what
            decided it.
ROW,matcher_u8,470x470 (pipeline scale -- DOES NOT DECIDE),0.045312,0.045466,0.072549,0.008294,0.009936,0.030515,0.128720,0.214607,0.670416,1,15,0.229043,0,15,0,4.659686,5.208321,6.104e-05

 the same, OpenCV arm instantiated at CV_32S  [470x470 (pipeline scale -- DOES NOT DECIDE)]
 cv::cuda BFMatcher knnMatchAsync(k=2), CV_32S     0.044 ms  spread   58%  [kernel]  (launch floor 14% of it)
 bincv::cuda::matchDescriptors (ratio test INCLUDED)     0.010 ms  spread  199%  [kernel]  AT THE LAUNCH FLOOR
   ratio binCV/OpenCV, interleaved rounds: median 0.218x <- QUOTE THIS  (binCV  4.59x FASTER)
                                           geomean 0.228x   per-round range 0.129-0.504x (15 rounds)
   sign test over those paired rounds: 0 favour A, 15 favour B, 0 tied -- two-sided p = 6.1e-05
   separation (a FACT, not the verdict): the two arms' sample ranges are DISJOINT
   verdict: DIRECTION ESTABLISHED, and A RESULT
            ARM B is faster in 15 of 15 paired rounds -- NO ROUND CROSSED 1.00x, so the
            direction is established by the rounds themselves (two-sided sign-test
            p = 6.1e-05). Magnitude 1.98x to 7.76x, median 4.59x: the spread bounds
            HOW MUCH it wins by, not WHETHER it does (owner's ruling, 2026-09-19).
            A RESULT: the two arms are 4.59x apart on the MEDIAN per-round ratio,
            clearing the 3.91x it has to beat (the larger of: per-round swing 3.91x,
            run-to-run scatter NOT MEASURED on this host). Decided by measure_util.hpp's
            difference-against-spread rule, in FACTORS because a percentage of it
            depends on which arm is the denominator; range separation is not what
            decided it.
            That clears the WITHIN-RUN half of the rule only -- nobody has measured
            this host's run-to-run scatter, and the rule wants the larger of the two.
ROW,matcher_s32,470x470 (pipeline scale -- DOES NOT DECIDE),0.044186,0.044426,0.069939,0.008499,0.009677,0.027802,0.128912,0.217805,0.504178,1,15,0.228098,0,15,0,4.591270,3.911028,6.104e-05

 descriptor match, 256-bit, ratio 0.8 -- OpenCV arm is CV_8U  [5000x5000 (map scale -- the deciding row)]
 cv::cuda BFMatcher knnMatchAsync(k=2), CV_8U     1.986 ms  spread   10%  [kernel]  (launch floor 0% of it)
 bincv::cuda::matchDescriptors (ratio test INCLUDED)     0.210 ms  spread   31%  [kernel]  (launch floor 3% of it)
   ratio binCV/OpenCV, interleaved rounds: median 0.106x <- QUOTE THIS  (binCV  9.41x FASTER)
                                           geomean 0.109x   per-round range 0.097-0.135x (15 rounds)
   sign test over those paired rounds: 0 favour A, 15 favour B, 0 tied -- two-sided p = 6.1e-05
   separation (a FACT, not the verdict): the two arms' sample ranges are DISJOINT
   verdict: DIRECTION ESTABLISHED, and A RESULT
            ARM B is faster in 15 of 15 paired rounds -- NO ROUND CROSSED 1.00x, so the
            direction is established by the rounds themselves (two-sided sign-test
            p = 6.1e-05). Magnitude 7.38x to 10.28x, median 9.41x: the spread bounds
            HOW MUCH it wins by, not WHETHER it does (owner's ruling, 2026-09-19).
            A RESULT: the two arms are 9.41x apart on the MEDIAN per-round ratio,
            clearing the 1.39x it has to beat (the larger of: per-round swing 1.39x,
            run-to-run scatter NOT MEASURED on this host). Decided by measure_util.hpp's
            difference-against-spread rule, in FACTORS because a percentage of it
            depends on which arm is the denominator; range separation is not what
            decided it.
            That clears the WITHIN-RUN half of the rule only -- nobody has measured
            this host's run-to-run scatter, and the rule wants the larger of the two.
ROW,matcher_u8,5000x5000 (map scale -- the deciding row),1.956454,1.985946,2.161267,0.209088,0.209920,0.273587,0.097256,0.106228,0.135469,1,15,0.108920,0,15,0,9.413713,1.392913,6.104e-05

 the same, OpenCV arm instantiated at CV_32S  [5000x5000 (map scale -- the deciding row)]
 cv::cuda BFMatcher knnMatchAsync(k=2), CV_32S     2.009 ms  spread    9%  [kernel]  (launch floor 0% of it)
 bincv::cuda::matchDescriptors (ratio test INCLUDED)     0.211 ms  spread   58%  [kernel]  (launch floor 3% of it)
   ratio binCV/OpenCV, interleaved rounds: median 0.107x <- QUOTE THIS  (binCV  9.37x FASTER)
                                           geomean 0.114x   per-round range 0.099-0.165x (15 rounds)
   sign test over those paired rounds: 0 favour A, 15 favour B, 0 tied -- two-sided p = 6.1e-05
   separation (a FACT, not the verdict): the two arms' sample ranges are DISJOINT
   verdict: DIRECTION ESTABLISHED, and A RESULT
            ARM B is faster in 15 of 15 paired rounds -- NO ROUND CROSSED 1.00x, so the
            direction is established by the rounds themselves (two-sided sign-test
            p = 6.1e-05). Magnitude 6.05x to 10.08x, median 9.37x: the spread bounds
            HOW MUCH it wins by, not WHETHER it does (owner's ruling, 2026-09-19).
            A RESULT: the two arms are 9.37x apart on the MEDIAN per-round ratio,
            clearing the 1.67x it has to beat (the larger of: per-round swing 1.67x,
            run-to-run scatter NOT MEASURED on this host). Decided by measure_util.hpp's
            difference-against-spread rule, in FACTORS because a percentage of it
            depends on which arm is the denominator; range separation is not what
            decided it.
            That clears the WITHIN-RUN half of the rule only -- nobody has measured
            this host's run-to-run scatter, and the rule wants the larger of the two.
ROW,matcher_s32,5000x5000 (map scale -- the deciding row),1.932486,2.008678,2.107597,0.208691,0.210534,0.330752,0.099213,0.106758,0.165217,1,15,0.113945,0,15,0,9.366943,1.665281,6.104e-05

 descriptor matching working set (query + train + result)  [5000x5000]  -- METER 2 on BOTH sides (cudaMemGetInfo delta),
 each side over enough independent working sets that the meter's
 2.00 MB unit resolves, then divided by its own count.
   [meter 2] cv::cuda      384.00 MB over   48 sets =    8192.0 KB/frame  (192 units)
   [meter 2] binCV          46.00 MB over  128 sets =     368.0 KB/frame  (23 units)
   [meter 2] ROUNDING: one 2.00 MB unit is 16.0 KB/frame at 128 sets (4.35% of binCV's
             figure) and 42.7 KB/frame at 48 sets (0.52% of OpenCV's).
   ratio OpenCV/binCV = 22.261x  -- binCV is SMALLER by 22.261x.
   The OpenCV side is an UPPER BOUND: GpuMat pads its pitch, and any
   filter buffer or NPP scratch held past the call is inside this
   delta. binCV's side is cudaMalloc with nothing in between.
MEM,matcher,5000x5000,48234496,402653184,2097152,128,48
   A 256-bit descriptor is a 32-BYTE ROW and GpuMat pitches a
   row to a 512-byte multiple. That pitch is most of this
   reading, and it is a property of the container rather than
   of the matcher -- said here so the number is not read as a
   claim about the kernel.

=====================================================================
 15. CENSUS DENSE DISPARITY -- binCV's census entry vs
     cv::cuda::StereoBM, RE-TAKEN after the matcher changed
=====================================================================
 ROLE: 'a dense disparity map from a rectified wide-input pair,
 resident on device'. Section 7 runs the BINARY path, which is
 where this library's structural claim lives. This section runs the
 CENSUS path, which is the entry a wide-input caller meets first and
 where binCV has NO structural advantage -- census EXPANDS data,
 8 bits per pixel in and 24 out, and the layout that makes it fast
 is the conventional one-word-per-pixel descriptor.

 WHY RE-TAKEN. The packed census matcher was replaced this round by
 a warp-cooperative separable box arm, and the shipped report's
 census rows predate it. Three rows are printed: the matcher alone,
 the whole entry (two transforms plus the match, which is what a
 caller pays), and the arm's own off-switch ratio inside THIS
 protocol so the family's 2.4-2.5x is reproduced or contradicted
 here rather than quoted from another process.
 Both sides on one explicit stream: StereoBM calls
 cudaDeviceSynchronize() on the null stream in each of its three
 kernels.

 census MATCHER only, 64 disparities, 9x9, K=24  [752x480]
 cv::cuda::StereoBM(64, 9)                        0.710 ms  spread   37%  [kernel]  (launch floor 1% of it)
 bincv denseDisparityCensusPacked (warp-box arm)     0.390 ms  spread   19%  [kernel]  (launch floor 2% of it)
   ratio binCV/OpenCV, interleaved rounds: median 0.534x <- QUOTE THIS  (binCV  1.87x FASTER)
                                           geomean 0.540x   per-round range 0.458-0.670x (15 rounds)
   sign test over those paired rounds: 0 favour A, 15 favour B, 0 tied -- two-sided p = 6.1e-05
   separation (a FACT, not the verdict): the two arms' sample ranges are DISJOINT
   verdict: DIRECTION ESTABLISHED, and A RESULT
            ARM B is faster in 15 of 15 paired rounds -- NO ROUND CROSSED 1.00x, so the
            direction is established by the rounds themselves (two-sided sign-test
            p = 6.1e-05). Magnitude 1.49x to 2.18x, median 1.87x: the spread bounds
            HOW MUCH it wins by, not WHETHER it does (owner's ruling, 2026-09-19).
            A RESULT: the two arms are 1.87x apart on the MEDIAN per-round ratio,
            clearing the 1.46x it has to beat (the larger of: per-round swing 1.46x,
            run-to-run scatter NOT MEASURED on this host). Decided by measure_util.hpp's
            difference-against-spread rule, in FACTORS because a percentage of it
            depends on which arm is the denominator; range separation is not what
            decided it.
            That clears the WITHIN-RUN half of the rule only -- nobody has measured
            this host's run-to-run scatter, and the rule wants the larger of the two.
ROW,census_match,752x480,0.637645,0.709722,0.902246,0.359834,0.390042,0.432858,0.458404,0.534310,0.670307,1,15,0.539526,0,15,0,1.871573,1.462261,6.104e-05

 census ENTRY: two transforms + the match -- what a caller pays  [752x480]
 cv::cuda::StereoBM(64, 9)                        0.701 ms  spread    9%  [kernel]  (launch floor 1% of it)
 bincv censusTransformPacked x2 + denseDisparityCensusPacked     0.482 ms  spread   15%  [kernel]  (launch floor 1% of it)
   ratio binCV/OpenCV, interleaved rounds: median 0.694x <- QUOTE THIS  (binCV  1.44x FASTER)
                                           geomean 0.679x   per-round range 0.599-0.738x (15 rounds)
   sign test over those paired rounds: 0 favour A, 15 favour B, 0 tied -- two-sided p = 6.1e-05
   separation (a FACT, not the verdict): the two arms' sample ranges are DISJOINT
   verdict: DIRECTION ESTABLISHED, and A RESULT
            ARM B is faster in 15 of 15 paired rounds -- NO ROUND CROSSED 1.00x, so the
            direction is established by the rounds themselves (two-sided sign-test
            p = 6.1e-05). Magnitude 1.36x to 1.67x, median 1.44x: the spread bounds
            HOW MUCH it wins by, not WHETHER it does (owner's ruling, 2026-09-19).
            A RESULT: the two arms are 1.44x apart on the MEDIAN per-round ratio,
            clearing the 1.23x it has to beat (the larger of: per-round swing 1.23x,
            run-to-run scatter NOT MEASURED on this host). Decided by measure_util.hpp's
            difference-against-spread rule, in FACTORS because a percentage of it
            depends on which arm is the denominator; range separation is not what
            decided it.
            That clears the WITHIN-RUN half of the rule only -- nobody has measured
            this host's run-to-run scatter, and the rule wants the larger of the two.
ROW,census_entry,752x480,0.675840,0.700621,0.742374,0.444006,0.482406,0.515584,0.599460,0.694091,0.737621,1,15,0.678696,0,15,0,1.440733,1.230475,6.104e-05

 OFF-SWITCH, binCV to binCV: the shipped packed matcher against
 the warp-box arm that replaced it.
 reference arm (densePackedBoxEnabled = false)     0.960 ms  spread   10%  [kernel]  (launch floor 1% of it)
 warp-box arm (densePackedBoxEnabled = true)      0.369 ms  spread   22%  [kernel]  (launch floor 2% of it)
   ratio box/reference: median 0.381x <- QUOTE THIS  (box  2.62x faster)  geomean 0.398x  range 0.355-0.475x
   sign test over those paired rounds: 0 favour A, 15 favour B, 0 tied -- two-sided p = 6.1e-05
   separation (a FACT, not the verdict): the two arms' sample ranges are DISJOINT
   verdict: DIRECTION ESTABLISHED, and A RESULT
            ARM B is faster in 15 of 15 paired rounds -- NO ROUND CROSSED 1.00x, so the
            direction is established by the rounds themselves (two-sided sign-test
            p = 6.1e-05). Magnitude 2.11x to 2.82x, median 2.62x: the spread bounds
            HOW MUCH it wins by, not WHETHER it does (owner's ruling, 2026-09-19).
            A RESULT: the two arms are 2.62x apart on the MEDIAN per-round ratio,
            clearing the 1.34x it has to beat (the larger of: per-round swing 1.34x,
            run-to-run scatter NOT MEASURED on this host). Decided by measure_util.hpp's
            difference-against-spread rule, in FACTORS because a percentage of it
            depends on which arm is the denominator; range separation is not what
            decided it.
            That clears the WITHIN-RUN half of the rule only -- nobody has measured
            this host's run-to-run scatter, and the rule wants the larger of the two.
ROW,census_offswitch,752x480,0.923853,0.960288,1.017629,0.359731,0.368538,0.440730,0.354506,0.380967,0.474957,1,15,0.398176,0,15,0,2.624896,1.339772,6.104e-05

 census entry working set (two wide frames + two descriptor images + map) vs StereoBM's  [752x480]  -- METER 2 on BOTH sides (cudaMemGetInfo delta),
 each side over enough independent working sets that the meter's
 2.00 MB unit resolves, then divided by its own count.
   [meter 2] cv::cuda      192.00 MB over   64 sets =    3072.0 KB/frame  (96 units)
   [meter 2] binCV         282.00 MB over   64 sets =    4512.0 KB/frame  (141 units)
   [meter 2] ROUNDING: one 2.00 MB unit is 32.0 KB/frame at 64 sets (0.71% of binCV's
             figure) and 32.0 KB/frame at 64 sets (1.04% of OpenCV's).
   ratio OpenCV/binCV = 0.681x  -- OpenCV is SMALLER by 1.469x.
   The OpenCV side is an UPPER BOUND: GpuMat pads its pitch, and any
   filter buffer or NPP scratch held past the call is inside this
   delta. binCV's side is cudaMalloc with nothing in between.
MEM,census_entry,752x480,295698432,201326592,2097152,64,64
   SCOPE, and it is not a footnote: the census path is where binCV
   has no structural advantage. Whatever this row says, the
   library's claim lives in section 7's binary path.

=====================================================================
 14 and 16 -- SKIPPED: NO REAL SEQUENCE
=====================================================================
 Both the Lucas-Kanade role row and the sequence-level number are
 decided by corner density, and a synthetic frame is a different
 workload -- measured elsewhere in this project as a verdict that
 INVERTED between synthetic and real content. So neither is run
 on makeFrame's smoothed noise and neither is substituted.
 Point BINCV_CUDA_ROLE_FRAMES at a 752x480 8-bit BSQ1 blob with
 at least two frames (scripts/make_sequence_blob.py --mode 8bit).
SKIP,lk,no real sequence blob
SKIP,sequence,no real sequence blob

=====================================================================
 17. OUTSTANDING (ruling R2) -- round 2's ops with NO cv::cuda
     counterpart at any API level
=====================================================================
 Each of these ships on correctness, memory and the HOST comparison,
 with its SPEED verdict recorded OUTSTANDING. No substitute bar is
 invented and no CPU number is quoted as a GPU one.

 gradientCovarianceAsync / gradientCovarianceBatchAsync
     Neither cv::cuda nor cv:: computes a 2x2 gradient covariance at
     any API level. cornerHarris and createMinEigenValCorner compute
     a dense float RESPONSE THROUGH one -- that is the bar for a
     composed corner op, which section 11 runs, and it is not a bar
     for the covariance itself.

 cornerSubPixAsync
     No cv::cuda counterpart in any module. Decided instead by its
     own round-trip inequality, which its author reports it MISSES.

 goodFeaturesToTrack's DEVICE-RESIDENT SPACING
     Section 10 times the whole op against OpenCV's. The residency
     itself -- a greedy min-distance filter that never leaves the
     device -- has no counterpart to be timed against, because
     OpenCV's runs on the host by construction.

 keypointsFromCorners
     Tier 3. OpenCV does not have the problem: its detectors already
     hand back float2, so there is nothing to convert and nothing to
     compare.

 keypointOrientation (all three arms)
     cv::cuda::ORB runs IC_Angle inside its keypoint pass and exposes
     no entry point that orients provided keypoints. Section 12 says
     so at the number.

 derivativeX / derivativeY / derivativeXY over TERNARY planes
     Section 11's inputs. cv::cuda::createDerivFilter is the nearest
     denominator and the derivcov family times it; both arms sit ON
     the launch floor there, so that ratio is a lower bound on the
     gap and says nothing about binCV's kernel.

 ROUND 3'S ADDITIONS TO THIS LIST.

 stereoDescriptorMatch / stereoRefineDisparity /
 stereoMatchRectified
     Sparse rectified stereo by descriptor match and a one-bit
     window refinement. cv::cuda ships dense block matchers
     (StereoBM, StereoBeliefPropagation, StereoConstantSpaceBP)
     and no SPARSE stereo at any API level -- a dense map for
     500 keypoints is a different operation, not a slower
     spelling of this one. Priced instead against binCV's OWN
     device dense path, which is a binCV-to-binCV bar and lives
     in cuda_sparse_benchmark. SPEED VERDICT: OUTSTANDING.

 calcOpticalFlowBlockMatch
     Pyramidal tracking by integer Hamming block matching. The
     nearest cv::cuda call is SparsePyrLKOpticalFlow, which solves
     a different equation -- and it is already section 14's bar
     for the op that DOES solve the same one. Quoting it twice
     would make one denominator answer two questions. SPEED
     VERDICT: OUTSTANDING; the role row that exists is the
     sparse family's own, stated as a role comparison there.

 matchDescriptorsGated
     Section 13 prices the UNGATED matcher, which is the one with
     a counterpart. The gate changes the ADMITTED SET, and
     cv::cuda::DescriptorMatcher has no mask that reproduces it,
     so the gated form has no bar. SPEED VERDICT: OUTSTANDING.

 the RANSAC geometry stage
     NOT an outstanding row and must not be filed as one. OpenCV
     has no cv::cuda essential-matrix estimator, but it DOES ship
     a GPU RANSAC (cv::cuda::solvePnPRansac, cudalegacy) whose
     shape is the finding: it keeps the solver on the host and
     moves only scoring. binCV's own measurement came out the
     same way and the stage stays on the host. There is nothing
     here to ship and therefore nothing to leave outstanding.
OUTSTANDING,covariance
OUTSTANDING,cornerSubPixAsync
OUTSTANDING,gftt_device_spacing
OUTSTANDING,keypointsFromCorners
OUTSTANDING,keypointOrientation
OUTSTANDING,stereoDescriptorMatch
OUTSTANDING,stereoRefineDisparity
OUTSTANDING,stereoMatchRectified
OUTSTANDING,calcOpticalFlowBlockMatch
OUTSTANDING,matchDescriptorsGated

=====================================================================
 END. One run is NOT a number on this host: aggregate the ROW lines
 across at least seven independent processes before quoting anything.
=====================================================================
### run 2
=======================================================================
 CUDA ROLE COMPARISONS -- every cv::cuda bar, one process, one protocol
=======================================================================
 device: NVIDIA GeForce RTX 3070 Ti (sm_86, 48 SMs, 608 GB/s peak)
 OpenCV 4.5.4
 frames: 752x480 (the reference geometry, where every written bar was
 set) and 1920x1080 (carried because several of these ops sit ON the
 launch floor at the reference size, where a ratio between two arms is
 a ratio between two launches).

 ORIENTATION: every ratio below is binCV / OpenCV. Under 1.000x is
 binCV ahead. Arm A is OpenCV, arm B is binCV, in every pair.

 LAUNCH FLOOR (empty kernel, same protocol)      0.0061 ms  spread   75%  [kernel]
   Every kernel-resident number below sits on top of this. An arm within
   a few multiples of it is reporting launch overhead, not its own work,
   and a RATIO between two such arms is reporting almost none of either.
   The spread is part of the answer, not a blemish on it: under WSL2 a
   launch costs what it costs plus whatever the host was doing.
FLOOR,0.005284,0.006124,0.009902

 Driver meter step, measured in this run: 2.00 MB. Every memory
 reading below is taken over 256 working sets for that reason.

=====================================================================
 1. THRESHOLD -- binCV cuda::threshold vs cv::cuda::threshold
=====================================================================
 ROLE: 'turn a wide frame into a per-pixel above/below map on device'.
 Both sides are ONE launch. They differ in what they emit: OpenCV
 writes one BYTE per pixel (CV_8UC1, THRESH_BINARY), binCV writes one
 BIT. That difference is the whole point of the library and it is
 stated at the number rather than folded into it -- the outputs are
 not the same array, so this is a role comparison, not an equality.

 threshold, uint8 -> above/below map  [752x480]
 cv::cuda::threshold -> CV_8U                     0.008 ms  spread   60%  [kernel]  AT THE LAUNCH FLOOR
 bincv::cuda::threshold -> bits                   0.007 ms  spread   61%  [kernel]  AT THE LAUNCH FLOOR
   ratio binCV/OpenCV, interleaved rounds: median 0.949x <- QUOTE THIS  (binCV  1.05x FASTER)
                                           geomean 0.949x   per-round range 0.592-1.509x (15 rounds)
   sign test over those paired rounds: 4 favour A, 11 favour B, 0 tied -- two-sided p = 0.118
   separation (a FACT, not the verdict): the two arms' sample ranges OVERLAP
   verdict: NULL RESULT, which is a result
            NULL on the magnitude: the two arms are 1.05x apart on the MEDIAN per-round ratio,
            short of the 2.55x it has to beat (the larger of: per-round swing 2.55x,
            run-to-run scatter NOT MEASURED on this host). Decided by measure_util.hpp's
            difference-against-spread rule, in FACTORS because a percentage of it
            depends on which arm is the denominator; range separation is not what
            decided it.
ROW,threshold,752x480,0.007259,0.007798,0.011917,0.006997,0.007499,0.011603,0.591702,0.949170,1.509261,0,15,0.949352,4,11,0,1.053552,2.550710,0.1185
   host-enqueue probe (no sync, wall clock per call):
     cv::cuda::threshold                          0.0052 ms enqueue vs  0.0078 ms event  -> MIXED: host dispatch is a large share of the bracket
     bincv::cuda::threshold                       0.0051 ms enqueue vs  0.0075 ms event  -> MIXED: host dispatch is a large share of the bracket
ENQ,threshold,752x480,0.005185,0.007798,0.005106,0.007499

 threshold, uint8 -> above/below map  [1920x1080]
 cv::cuda::threshold -> CV_8U                     0.011 ms  spread   96%  [kernel]  AT THE LAUNCH FLOOR
 bincv::cuda::threshold -> bits                   0.011 ms  spread  106%  [kernel]  AT THE LAUNCH FLOOR
   ratio binCV/OpenCV, interleaved rounds: median 1.049x <- QUOTE THIS  (binCV  0.95x SLOWER)
                                           geomean 1.032x   per-round range 0.569-2.024x (15 rounds)
   sign test over those paired rounds: 9 favour A, 6 favour B, 0 tied -- two-sided p = 0.607
   separation (a FACT, not the verdict): the two arms' sample ranges OVERLAP
   verdict: NULL RESULT, which is a result
            NULL on the magnitude: the two arms are 1.05x apart on the MEDIAN per-round ratio,
            short of the 3.56x it has to beat (the larger of: per-round swing 3.56x,
            run-to-run scatter NOT MEASURED on this host). Decided by measure_util.hpp's
            difference-against-spread rule, in FACTORS because a percentage of it
            depends on which arm is the denominator; range separation is not what
            decided it.
ROW,threshold,1920x1080,0.009997,0.011330,0.020837,0.010749,0.011485,0.022936,0.568993,1.048874,2.024432,0,15,1.031798,9,6,0,1.048874,3.557918,0.6072
   host-enqueue probe (no sync, wall clock per call):
     cv::cuda::threshold                          0.0046 ms enqueue vs  0.0113 ms event  -> MIXED: host dispatch is a large share of the bracket
     bincv::cuda::threshold                       0.0048 ms enqueue vs  0.0115 ms event  -> MIXED: host dispatch is a large share of the bracket
ENQ,threshold,1920x1080,0.004619,0.011330,0.004844,0.011485

 threshold, uint8 -> above/below map  [3840x2160]
 cv::cuda::threshold -> CV_8U                     0.037 ms  spread   56%  [kernel]  (launch floor 17% of it)
 bincv::cuda::threshold -> bits                   0.026 ms  spread   65%  [kernel]  (launch floor 24% of it)
   ratio binCV/OpenCV, interleaved rounds: median 0.699x <- QUOTE THIS  (binCV  1.43x FASTER)
                                           geomean 0.718x   per-round range 0.522-0.987x (15 rounds)
   sign test over those paired rounds: 0 favour A, 15 favour B, 0 tied -- two-sided p = 6.1e-05
   separation (a FACT, not the verdict): the two arms' sample ranges OVERLAP
   verdict: DIRECTION ESTABLISHED
            ARM B is faster in 15 of 15 paired rounds -- NO ROUND CROSSED 1.00x, so the
            direction is established by the rounds themselves (two-sided sign-test
            p = 6.1e-05). Magnitude 1.01x to 1.91x, median 1.43x: the spread bounds
            HOW MUCH it wins by, not WHETHER it does (owner's ruling, 2026-09-19).
            NULL on the magnitude: the two arms are 1.43x apart on the MEDIAN per-round ratio,
            short of the 1.89x it has to beat (the larger of: per-round swing 1.89x,
            run-to-run scatter NOT MEASURED on this host). Decided by measure_util.hpp's
            difference-against-spread rule, in FACTORS because a percentage of it
            depends on which arm is the denominator; range separation is not what
            decided it.
ROW,threshold,3840x2160,0.036122,0.036858,0.056806,0.025134,0.025501,0.041722,0.522420,0.698785,0.987050,0,15,0.718301,0,15,0,1.431055,1.889380,6.104e-05
   host-enqueue probe (no sync, wall clock per call):
     cv::cuda::threshold                          0.0051 ms enqueue vs  0.0369 ms event  -> kernel-bound: the host feeds the device faster than it drains
     bincv::cuda::threshold                       0.0053 ms enqueue vs  0.0255 ms event  -> kernel-bound: the host feeds the device faster than it drains
ENQ,threshold,3840x2160,0.005132,0.036858,0.005328,0.025501

 threshold working set (src + dst)  [752x480]  -- METER 2 on BOTH sides (cudaMemGetInfo delta),
 each side over enough independent working sets that the meter's
 2.00 MB unit resolves, then divided by its own count.
   [meter 2] cv::cuda      256.00 MB over  256 sets =    1024.0 KB/frame  (128 units)
   [meter 2] binCV         104.00 MB over  256 sets =     416.0 KB/frame  (52 units)
   [meter 2] ROUNDING: one 2.00 MB unit is 8.0 KB/frame at 256 sets (1.92% of binCV's
             figure) and 8.0 KB/frame at 256 sets (0.78% of OpenCV's).
   ratio OpenCV/binCV = 2.462x  -- binCV is SMALLER by 2.462x.
   The OpenCV side is an UPPER BOUND: GpuMat pads its pitch, and any
   filter buffer or NPP scratch held past the call is inside this
   delta. binCV's side is cudaMalloc with nothing in between.
MEM,threshold,752x480,109051904,268435456,2097152,256,256

=====================================================================
 2. MORPHOLOGY -- binCV cuda::erode / morphologyEx vs
    cv::cuda::createMorphologyFilter (cudafilters, NPP-backed)
=====================================================================
 ROLE: 'erode / open a binary-valued image on device'. OpenCV's
 operand is CV_8UC1 with values 0 and 255; binCV's is one bit per
 pixel. Same operation, same element, same border, different
 representation -- which is the comparison this library exists to
 make. The filter object is built ONCE outside the timed region on
 both sides, as a caller would; only apply() is timed.
 BORDER: cv::cuda's morphology filter is BORDER_CONSTANT only, so
 binCV runs BORDER_CONSTANT here too -- the four border types binCV
 makes word-parallel have no counterpart on this side to be timed
 against, and are priced in cuda_window_benchmark instead.

 erode, rect 3x3  [752x480]
 cv::cuda morphology filter -> CV_8U              0.139 ms  spread  130%  [kernel]  (launch floor 4% of it)
 bincv::cuda -> bits                              0.015 ms  spread  411%  [kernel]  (launch floor 42% of it)
   ratio binCV/OpenCV, interleaved rounds: median 0.099x <- QUOTE THIS  (binCV 10.15x FASTER)
                                           geomean 0.120x   per-round range 0.064-0.617x (15 rounds)
   sign test over those paired rounds: 0 favour A, 15 favour B, 0 tied -- two-sided p = 6.1e-05
   separation (a FACT, not the verdict): the two arms' sample ranges are DISJOINT
   verdict: DIRECTION ESTABLISHED, and A RESULT
            ARM B is faster in 15 of 15 paired rounds -- NO ROUND CROSSED 1.00x, so the
            direction is established by the rounds themselves (two-sided sign-test
            p = 6.1e-05). Magnitude 1.62x to 15.61x, median 10.15x: the spread bounds
            HOW MUCH it wins by, not WHETHER it does (owner's ruling, 2026-09-19).
            A RESULT: the two arms are 10.15x apart on the MEDIAN per-round ratio,
            clearing the 9.64x it has to beat (the larger of: per-round swing 9.64x,
            run-to-run scatter NOT MEASURED on this host). Decided by measure_util.hpp's
            difference-against-spread rule, in FACTORS because a percentage of it
            depends on which arm is the denominator; range separation is not what
            decided it.
            That clears the WITHIN-RUN half of the rule only -- nobody has measured
            this host's run-to-run scatter, and the rule wants the larger of the two.
ROW,morph_erode_rect3,752x480,0.083117,0.138776,0.263677,0.007459,0.014675,0.067717,0.064073,0.098556,0.617484,1,15,0.119544,0,15,0,10.146498,9.637193,6.104e-05
   host-enqueue probe (no sync, wall clock per call):
     cv::cuda morphology filter                   0.1678 ms enqueue vs  0.1388 ms event  -> DISPATCH-BOUND: the event bracket is timing the API call
     bincv::cuda                                  0.0119 ms enqueue vs  0.0147 ms event  -> DISPATCH-BOUND: the event bracket is timing the API call
ENQ,morph_erode_rect3,752x480,0.167781,0.138776,0.011854,0.014675
   single-call GPU time (device drained either side -- separates the
   kernel from the API for a dispatch-bound arm):
     cv::cuda morphology filter                   0.0819 ms solo vs  0.1388 ms batched
     bincv::cuda                                  0.0058 ms solo vs  0.0147 ms batched
SOLO,morph_erode_rect3,752x480,0.081920,0.138776,0.005760,0.014675

 morphologyEx OPEN, rect 3x3  [752x480]
 cv::cuda morphology filter -> CV_8U              0.239 ms  spread  134%  [kernel]  (launch floor 3% of it)
 bincv::cuda -> bits                              0.024 ms  spread  134%  [kernel]  (launch floor 26% of it)
   ratio binCV/OpenCV, interleaved rounds: median 0.090x <- QUOTE THIS  (binCV 11.06x FASTER)
                                           geomean 0.095x   per-round range 0.054-0.185x (15 rounds)
   sign test over those paired rounds: 0 favour A, 15 favour B, 0 tied -- two-sided p = 6.1e-05
   separation (a FACT, not the verdict): the two arms' sample ranges are DISJOINT
   verdict: DIRECTION ESTABLISHED, and A RESULT
            ARM B is faster in 15 of 15 paired rounds -- NO ROUND CROSSED 1.00x, so the
            direction is established by the rounds themselves (two-sided sign-test
            p = 6.1e-05). Magnitude 5.39x to 18.45x, median 11.06x: the spread bounds
            HOW MUCH it wins by, not WHETHER it does (owner's ruling, 2026-09-19).
            A RESULT: the two arms are 11.06x apart on the MEDIAN per-round ratio,
            clearing the 3.42x it has to beat (the larger of: per-round swing 3.42x,
            run-to-run scatter NOT MEASURED on this host). Decided by measure_util.hpp's
            difference-against-spread rule, in FACTORS because a percentage of it
            depends on which arm is the denominator; range separation is not what
            decided it.
            That clears the WITHIN-RUN half of the rule only -- nobody has measured
            this host's run-to-run scatter, and the rule wants the larger of the two.
ROW,morph_open_rect3,752x480,0.197120,0.239024,0.516541,0.015142,0.023626,0.046704,0.054190,0.090417,0.185374,1,15,0.094795,0,15,0,11.059884,3.420782,6.104e-05
   host-enqueue probe (no sync, wall clock per call):
     cv::cuda morphology filter                   0.1927 ms enqueue vs  0.2390 ms event  -> DISPATCH-BOUND: the event bracket is timing the API call
     bincv::cuda                                  0.0089 ms enqueue vs  0.0236 ms event  -> kernel-bound: the host feeds the device faster than it drains
ENQ,morph_open_rect3,752x480,0.192746,0.239024,0.008910,0.023626
   single-call GPU time (device drained either side -- separates the
   kernel from the API for a dispatch-bound arm):
     cv::cuda morphology filter                   0.1968 ms solo vs  0.2390 ms batched
     bincv::cuda                                  0.0387 ms solo vs  0.0236 ms batched
SOLO,morph_open_rect3,752x480,0.196800,0.239024,0.038720,0.023626

 erode, ellipse 5x5  [752x480]
 cv::cuda morphology filter -> CV_8U              0.141 ms  spread   42%  [kernel]  (launch floor 4% of it)
 bincv::cuda -> bits                              0.011 ms  spread  195%  [kernel]  AT THE LAUNCH FLOOR
   ratio binCV/OpenCV, interleaved rounds: median 0.087x <- QUOTE THIS  (binCV 11.53x FASTER)
                                           geomean 0.100x   per-round range 0.061-0.202x (15 rounds)
   sign test over those paired rounds: 0 favour A, 15 favour B, 0 tied -- two-sided p = 6.1e-05
   separation (a FACT, not the verdict): the two arms' sample ranges are DISJOINT
   verdict: DIRECTION ESTABLISHED, and A RESULT
            ARM B is faster in 15 of 15 paired rounds -- NO ROUND CROSSED 1.00x, so the
            direction is established by the rounds themselves (two-sided sign-test
            p = 6.1e-05). Magnitude 4.94x to 16.27x, median 11.53x: the spread bounds
            HOW MUCH it wins by, not WHETHER it does (owner's ruling, 2026-09-19).
            A RESULT: the two arms are 11.53x apart on the MEDIAN per-round ratio,
            clearing the 3.29x it has to beat (the larger of: per-round swing 3.29x,
            run-to-run scatter NOT MEASURED on this host). Decided by measure_util.hpp's
            difference-against-spread rule, in FACTORS because a percentage of it
            depends on which arm is the denominator; range separation is not what
            decided it.
            That clears the WITHIN-RUN half of the rule only -- nobody has measured
            this host's run-to-run scatter, and the rule wants the larger of the two.
ROW,morph_erode_ell5,752x480,0.121830,0.141056,0.180965,0.009174,0.011275,0.031130,0.061466,0.086721,0.202291,1,15,0.100382,0,15,0,11.531197,3.291104,6.104e-05
   host-enqueue probe (no sync, wall clock per call):
     cv::cuda morphology filter                   0.1320 ms enqueue vs  0.1411 ms event  -> DISPATCH-BOUND: the event bracket is timing the API call
     bincv::cuda                                  0.0080 ms enqueue vs  0.0113 ms event  -> MIXED: host dispatch is a large share of the bracket
ENQ,morph_erode_ell5,752x480,0.132024,0.141056,0.007995,0.011275
   single-call GPU time (device drained either side -- separates the
   kernel from the API for a dispatch-bound arm):
     cv::cuda morphology filter                   0.1158 ms solo vs  0.1411 ms batched
     bincv::cuda                                  0.0072 ms solo vs  0.0113 ms batched
SOLO,morph_erode_ell5,752x480,0.115808,0.141056,0.007168,0.011275

 erode, rect 3x3  [1920x1080]
 cv::cuda morphology filter -> CV_8U              0.120 ms  spread   46%  [kernel]  (launch floor 5% of it)
 bincv::cuda -> bits                              0.010 ms  spread   53%  [kernel]  AT THE LAUNCH FLOOR
   ratio binCV/OpenCV, interleaved rounds: median 0.081x <- QUOTE THIS  (binCV 12.29x FASTER)
                                           geomean 0.081x   per-round range 0.059-0.126x (15 rounds)
   sign test over those paired rounds: 0 favour A, 15 favour B, 0 tied -- two-sided p = 6.1e-05
   separation (a FACT, not the verdict): the two arms' sample ranges are DISJOINT
   verdict: DIRECTION ESTABLISHED, and A RESULT
            ARM B is faster in 15 of 15 paired rounds -- NO ROUND CROSSED 1.00x, so the
            direction is established by the rounds themselves (two-sided sign-test
            p = 6.1e-05). Magnitude 7.96x to 16.86x, median 12.29x: the spread bounds
            HOW MUCH it wins by, not WHETHER it does (owner's ruling, 2026-09-19).
            A RESULT: the two arms are 12.29x apart on the MEDIAN per-round ratio,
            clearing the 2.12x it has to beat (the larger of: per-round swing 2.12x,
            run-to-run scatter NOT MEASURED on this host). Decided by measure_util.hpp's
            difference-against-spread rule, in FACTORS because a percentage of it
            depends on which arm is the denominator; range separation is not what
            decided it.
            That clears the WITHIN-RUN half of the rule only -- nobody has measured
            this host's run-to-run scatter, and the rule wants the larger of the two.
ROW,morph_erode_rect3,1920x1080,0.111310,0.120435,0.167114,0.008926,0.010016,0.014206,0.059308,0.081355,0.125612,1,15,0.080604,0,15,0,12.291755,2.117943,6.104e-05
   host-enqueue probe (no sync, wall clock per call):
     cv::cuda morphology filter                   0.1187 ms enqueue vs  0.1204 ms event  -> DISPATCH-BOUND: the event bracket is timing the API call
     bincv::cuda                                  0.0074 ms enqueue vs  0.0100 ms event  -> MIXED: host dispatch is a large share of the bracket
ENQ,morph_erode_rect3,1920x1080,0.118707,0.120435,0.007436,0.010016
   single-call GPU time (device drained either side -- separates the
   kernel from the API for a dispatch-bound arm):
     cv::cuda morphology filter                   0.1281 ms solo vs  0.1204 ms batched
     bincv::cuda                                  0.0080 ms solo vs  0.0100 ms batched
SOLO,morph_erode_rect3,1920x1080,0.128096,0.120435,0.008032,0.010016

 morphologyEx OPEN, rect 3x3  [1920x1080]
 cv::cuda morphology filter -> CV_8U              0.267 ms  spread   21%  [kernel]  (launch floor 2% of it)
 bincv::cuda -> bits                              0.020 ms  spread   67%  [kernel]  (launch floor 30% of it)
   ratio binCV/OpenCV, interleaved rounds: median 0.077x <- QUOTE THIS  (binCV 12.95x FASTER)
                                           geomean 0.082x   per-round range 0.062-0.117x (15 rounds)
   sign test over those paired rounds: 0 favour A, 15 favour B, 0 tied -- two-sided p = 6.1e-05
   separation (a FACT, not the verdict): the two arms' sample ranges are DISJOINT
   verdict: DIRECTION ESTABLISHED, and A RESULT
            ARM B is faster in 15 of 15 paired rounds -- NO ROUND CROSSED 1.00x, so the
            direction is established by the rounds themselves (two-sided sign-test
            p = 6.1e-05). Magnitude 8.52x to 16.07x, median 12.95x: the spread bounds
            HOW MUCH it wins by, not WHETHER it does (owner's ruling, 2026-09-19).
            A RESULT: the two arms are 12.95x apart on the MEDIAN per-round ratio,
            clearing the 1.88x it has to beat (the larger of: per-round swing 1.88x,
            run-to-run scatter NOT MEASURED on this host). Decided by measure_util.hpp's
            difference-against-spread rule, in FACTORS because a percentage of it
            depends on which arm is the denominator; range separation is not what
            decided it.
            That clears the WITHIN-RUN half of the rule only -- nobody has measured
            this host's run-to-run scatter, and the rule wants the larger of the two.
ROW,morph_open_rect3,1920x1080,0.230563,0.266802,0.286285,0.016661,0.020365,0.030291,0.062245,0.077205,0.117331,1,15,0.082106,0,15,0,12.952550,1.884986,6.104e-05
   host-enqueue probe (no sync, wall clock per call):
     cv::cuda morphology filter                   0.2681 ms enqueue vs  0.2668 ms event  -> DISPATCH-BOUND: the event bracket is timing the API call
     bincv::cuda                                  0.0082 ms enqueue vs  0.0204 ms event  -> MIXED: host dispatch is a large share of the bracket
ENQ,morph_open_rect3,1920x1080,0.268078,0.266802,0.008247,0.020365
   single-call GPU time (device drained either side -- separates the
   kernel from the API for a dispatch-bound arm):
     cv::cuda morphology filter                   0.2212 ms solo vs  0.2668 ms batched
     bincv::cuda                                  0.0133 ms solo vs  0.0204 ms batched
SOLO,morph_open_rect3,1920x1080,0.221184,0.266802,0.013312,0.020365

 erode, ellipse 5x5  [1920x1080]
 cv::cuda morphology filter -> CV_8U              0.316 ms  spread   48%  [kernel]  (launch floor 2% of it)
 bincv::cuda -> bits                              0.013 ms  spread   36%  [kernel]  (launch floor 46% of it)
   ratio binCV/OpenCV, interleaved rounds: median 0.042x <- QUOTE THIS  (binCV 23.87x FASTER)
                                           geomean 0.043x   per-round range 0.030-0.060x (15 rounds)
   sign test over those paired rounds: 0 favour A, 15 favour B, 0 tied -- two-sided p = 6.1e-05
   separation (a FACT, not the verdict): the two arms' sample ranges are DISJOINT
   verdict: DIRECTION ESTABLISHED, and A RESULT
            ARM B is faster in 15 of 15 paired rounds -- NO ROUND CROSSED 1.00x, so the
            direction is established by the rounds themselves (two-sided sign-test
            p = 6.1e-05). Magnitude 16.57x to 33.52x, median 23.87x: the spread bounds
            HOW MUCH it wins by, not WHETHER it does (owner's ruling, 2026-09-19).
            A RESULT: the two arms are 23.87x apart on the MEDIAN per-round ratio,
            clearing the 2.02x it has to beat (the larger of: per-round swing 2.02x,
            run-to-run scatter NOT MEASURED on this host). Decided by measure_util.hpp's
            difference-against-spread rule, in FACTORS because a percentage of it
            depends on which arm is the denominator; range separation is not what
            decided it.
            That clears the WITHIN-RUN half of the rule only -- nobody has measured
            this host's run-to-run scatter, and the rule wants the larger of the two.
ROW,morph_erode_ell5,1920x1080,0.278037,0.315966,0.430845,0.012829,0.013181,0.017571,0.029835,0.041888,0.060362,1,15,0.042953,0,15,0,23.873187,2.023156,6.104e-05
   host-enqueue probe (no sync, wall clock per call):
     cv::cuda morphology filter                   0.3089 ms enqueue vs  0.3160 ms event  -> DISPATCH-BOUND: the event bracket is timing the API call
     bincv::cuda                                  0.0043 ms enqueue vs  0.0132 ms event  -> kernel-bound: the host feeds the device faster than it drains
ENQ,morph_erode_ell5,1920x1080,0.308898,0.315966,0.004327,0.013181
   single-call GPU time (device drained either side -- separates the
   kernel from the API for a dispatch-bound arm):
     cv::cuda morphology filter                   0.2807 ms solo vs  0.3160 ms batched
     bincv::cuda                                  0.0122 ms solo vs  0.0132 ms batched
SOLO,morph_erode_ell5,1920x1080,0.280704,0.315966,0.012192,0.013181

 erode working set (src + dst + any filter buffer)  [752x480]  -- METER 2 on BOTH sides (cudaMemGetInfo delta),
 each side over enough independent working sets that the meter's
 2.00 MB unit resolves, then divided by its own count.
   [meter 2] cv::cuda      384.00 MB over  256 sets =    1536.0 KB/frame  (192 units)
   [meter 2] binCV          24.00 MB over  256 sets =      96.0 KB/frame  (12 units)
   [meter 2] ROUNDING: one 2.00 MB unit is 8.0 KB/frame at 256 sets (8.33% of binCV's
             figure) and 8.0 KB/frame at 256 sets (0.52% of OpenCV's).
   ratio OpenCV/binCV = 16.000x  -- binCV is SMALLER by 16.000x.
   The OpenCV side is an UPPER BOUND: GpuMat pads its pitch, and any
   filter buffer or NPP scratch held past the call is inside this
   delta. binCV's side is cudaMalloc with nothing in between.
MEM,morph_erode_rect3,752x480,25165824,402653184,2097152,256,256

=====================================================================
 3. MEDIAN (WIDE) -- binCV cuda::medianWide vs
    cv::cuda::createMedianFilter(CV_8UC1, ksize)
=====================================================================
 ROLE ONLY, and the asymmetry is stated first because it is large:
 cv::cuda::createMedianFilter is a 3x3 (or 5x5) SQUARE median with a
 replicated border. binCV's kMedianReferenceL is a 3-sample L and
 kMedianReferencePlus is a 5-sample plus, both with a ZERO border.
 These produce DIFFERENT IMAGES. Neither is an oracle for the other
 and no correctness claim is made across this row -- binCV's
 correctness is closed against its own host twin by the test suite.
 What this prices is the ROLE: 'median-filter a resident 8-bit frame
 on the device'. Part of binCV's advantage here is that its operation
 is CHEAPER (3 or 5 samples against 9), which is the algorithm's win
 and NOT the representation's -- medianWide has no packed advantage
 and its own header says so. The K=9 row below is the closest
 sample-count match to a 3x3 square and is the fairest single row.
 MEMORY IS PARITY BY CONSTRUCTION: one byte per pixel in, one out,
 on both sides. Any difference in the meter is GpuMat's pitch
 padding, not a representation win, and it is labelled as such.

 median, 9 samples each (the sample-count match), BOTH on an explicit stream  [752x480]
 cv::cuda median 3x3 square                       5.626 ms  spread    3%  [kernel]  (launch floor 0% of it)
 bincv::cuda medianWide K=9                       0.015 ms  spread   72%  [kernel]  (launch floor 40% of it)
   ratio binCV/OpenCV, interleaved rounds: median 0.003x <- QUOTE THIS  (binCV 368.07x FASTER)
                                           geomean 0.003x   per-round range 0.002-0.005x (15 rounds)
   sign test over those paired rounds: 0 favour A, 15 favour B, 0 tied -- two-sided p = 6.1e-05
   separation (a FACT, not the verdict): the two arms' sample ranges are DISJOINT
   verdict: DIRECTION ESTABLISHED, and A RESULT
            ARM B is faster in 15 of 15 paired rounds -- NO ROUND CROSSED 1.00x, so the
            direction is established by the rounds themselves (two-sided sign-test
            p = 6.1e-05). Magnitude 221.40x to 404.86x, median 368.07x: the spread bounds
            HOW MUCH it wins by, not WHETHER it does (owner's ruling, 2026-09-19).
            A RESULT: the two arms are 368.07x apart on the MEDIAN per-round ratio,
            clearing the 1.83x it has to beat (the larger of: per-round swing 1.83x,
            run-to-run scatter NOT MEASURED on this host). Decided by measure_util.hpp's
            difference-against-spread rule, in FACTORS because a percentage of it
            depends on which arm is the denominator; range separation is not what
            decided it.
            That clears the WITHIN-RUN half of the rule only -- nobody has measured
            this host's run-to-run scatter, and the rule wants the larger of the two.
ROW,median_k9,752x480,5.564173,5.626195,5.721088,0.014131,0.015334,0.025190,0.002470,0.002717,0.004517,1,15,0.003175,0,15,0,368.073478,1.828579,6.104e-05
   host-enqueue probe (no sync, wall clock per call):
     cv::cuda median 3x3                          0.0338 ms enqueue vs  5.6262 ms event  -> kernel-bound: the host feeds the device faster than it drains
     bincv::cuda medianWide K=9                   0.0081 ms enqueue vs  0.0153 ms event  -> MIXED: host dispatch is a large share of the bracket
ENQ,median_k9,752x480,0.033754,5.626195,0.008084,0.015334

 median, OpenCV 9 samples vs binCV 3 (the shipped L)  [752x480]
 cv::cuda median 3x3 square                       5.696 ms  spread    4%  [kernel]  (launch floor 0% of it)
 bincv::cuda medianWide K=3 L                     0.010 ms  spread  359%  [kernel]  AT THE LAUNCH FLOOR
   ratio binCV/OpenCV, interleaved rounds: median 0.002x <- QUOTE THIS  (binCV 599.21x FASTER)
                                           geomean 0.002x   per-round range 0.001-0.007x (15 rounds)
   sign test over those paired rounds: 0 favour A, 15 favour B, 0 tied -- two-sided p = 6.1e-05
   separation (a FACT, not the verdict): the two arms' sample ranges are DISJOINT
   verdict: DIRECTION ESTABLISHED, and A RESULT
            ARM B is faster in 15 of 15 paired rounds -- NO ROUND CROSSED 1.00x, so the
            direction is established by the rounds themselves (two-sided sign-test
            p = 6.1e-05). Magnitude 142.87x to 1182.12x, median 599.21x: the spread bounds
            HOW MUCH it wins by, not WHETHER it does (owner's ruling, 2026-09-19).
            A RESULT: the two arms are 599.21x apart on the MEDIAN per-round ratio,
            clearing the 8.27x it has to beat (the larger of: per-round swing 8.27x,
            run-to-run scatter NOT MEASURED on this host). Decided by measure_util.hpp's
            difference-against-spread rule, in FACTORS because a percentage of it
            depends on which arm is the denominator; range separation is not what
            decided it.
            That clears the WITHIN-RUN half of the rule only -- nobody has measured
            this host's run-to-run scatter, and the rule wants the larger of the two.
ROW,median_k3L,752x480,5.617792,5.696307,5.824512,0.004915,0.009574,0.039322,0.000846,0.001669,0.006999,1,15,0.002114,0,15,0,599.208569,8.274256,6.104e-05

 median, OpenCV 9 samples vs binCV 5 (the plus)  [752x480]
 cv::cuda median 3x3 square                       5.680 ms  spread    3%  [kernel]  (launch floor 0% of it)
 bincv::cuda medianWide K=5 plus                  0.013 ms  spread  100%  [kernel]  (launch floor 47% of it)
   ratio binCV/OpenCV, interleaved rounds: median 0.002x <- QUOTE THIS  (binCV 429.81x FASTER)
                                           geomean 0.002x   per-round range 0.001-0.004x (15 rounds)
   sign test over those paired rounds: 0 favour A, 15 favour B, 0 tied -- two-sided p = 6.1e-05
   separation (a FACT, not the verdict): the two arms' sample ranges are DISJOINT
   verdict: DIRECTION ESTABLISHED, and A RESULT
            ARM B is faster in 15 of 15 paired rounds -- NO ROUND CROSSED 1.00x, so the
            direction is established by the rounds themselves (two-sided sign-test
            p = 6.1e-05). Magnitude 274.83x to 751.47x, median 429.81x: the spread bounds
            HOW MUCH it wins by, not WHETHER it does (owner's ruling, 2026-09-19).
            A RESULT: the two arms are 429.81x apart on the MEDIAN per-round ratio,
            clearing the 2.73x it has to beat (the larger of: per-round swing 2.73x,
            run-to-run scatter NOT MEASURED on this host). Decided by measure_util.hpp's
            difference-against-spread rule, in FACTORS because a percentage of it
            depends on which arm is the denominator; range separation is not what
            decided it.
            That clears the WITHIN-RUN half of the rule only -- nobody has measured
            this host's run-to-run scatter, and the rule wants the larger of the two.
ROW,median_k5plus,752x480,5.567283,5.680333,5.743616,0.007533,0.013165,0.020704,0.001331,0.002327,0.003639,1,15,0.002134,0,15,0,429.814267,2.734268,6.104e-05

   THE DEFAULT-STREAM SURCHARGE, cv::cuda median, 752x480:
     apply() on the DEFAULT stream     5.7254 ms/call (wall, includes its internal cudaDeviceSynchronize)
     apply() on an EXPLICIT stream     0.0256 ms/call (wall, enqueue only)
   The difference is the API's, not the kernel's, and the rows above avoid it
   by running BOTH sides on an explicit stream.
SYNC,median_default_stream,752x480,5.725440,0.025564

 median, 9 samples each (the sample-count match), BOTH on an explicit stream  [1920x1080]
 cv::cuda median 3x3 square                      31.230 ms  spread    2%  [kernel]  (launch floor 0% of it)
 bincv::cuda medianWide K=9                       0.052 ms  spread   71%  [kernel]  (launch floor 12% of it)
   ratio binCV/OpenCV, interleaved rounds: median 0.002x <- QUOTE THIS  (binCV 597.88x FASTER)
                                           geomean 0.002x   per-round range 0.001-0.003x (15 rounds)
   sign test over those paired rounds: 0 favour A, 15 favour B, 0 tied -- two-sided p = 6.1e-05
   separation (a FACT, not the verdict): the two arms' sample ranges are DISJOINT
   verdict: DIRECTION ESTABLISHED, and A RESULT
            ARM B is faster in 15 of 15 paired rounds -- NO ROUND CROSSED 1.00x, so the
            direction is established by the rounds themselves (two-sided sign-test
            p = 6.1e-05). Magnitude 385.27x to 717.67x, median 597.88x: the spread bounds
            HOW MUCH it wins by, not WHETHER it does (owner's ruling, 2026-09-19).
            A RESULT: the two arms are 597.88x apart on the MEDIAN per-round ratio,
            clearing the 1.86x it has to beat (the larger of: per-round swing 1.86x,
            run-to-run scatter NOT MEASURED on this host). Decided by measure_util.hpp's
            difference-against-spread rule, in FACTORS because a percentage of it
            depends on which arm is the denominator; range separation is not what
            decided it.
            That clears the WITHIN-RUN half of the rule only -- nobody has measured
            this host's run-to-run scatter, and the rule wants the larger of the two.
ROW,median_k9,1920x1080,31.084543,31.229953,31.600641,0.044032,0.052224,0.080858,0.001393,0.001673,0.002596,1,15,0.001626,0,15,0,597.881647,1.862788,6.104e-05
   host-enqueue probe (no sync, wall clock per call):
     cv::cuda median 3x3                          0.0426 ms enqueue vs 31.2300 ms event  -> kernel-bound: the host feeds the device faster than it drains
     bincv::cuda medianWide K=9                   0.0053 ms enqueue vs  0.0522 ms event  -> kernel-bound: the host feeds the device faster than it drains
ENQ,median_k9,1920x1080,0.042572,31.229953,0.005266,0.052224

 median, OpenCV 9 samples vs binCV 3 (the shipped L)  [1920x1080]
 cv::cuda median 3x3 square                      31.208 ms  spread    1%  [kernel]  (launch floor 0% of it)
 bincv::cuda medianWide K=3 L                     0.021 ms  spread  106%  [kernel]  (launch floor 30% of it)
   ratio binCV/OpenCV, interleaved rounds: median 0.001x <- QUOTE THIS  (binCV 1505.21x FASTER)
                                           geomean 0.001x   per-round range 0.000-0.001x (15 rounds)
   sign test over those paired rounds: 0 favour A, 15 favour B, 0 tied -- two-sided p = 6.1e-05
   separation (a FACT, not the verdict): the two arms' sample ranges are DISJOINT
   verdict: DIRECTION ESTABLISHED, and A RESULT
            ARM B is faster in 15 of 15 paired rounds -- NO ROUND CROSSED 1.00x, so the
            direction is established by the rounds themselves (two-sided sign-test
            p = 6.1e-05). Magnitude 934.48x to 2684.53x, median 1505.21x: the spread bounds
            HOW MUCH it wins by, not WHETHER it does (owner's ruling, 2026-09-19).
            A RESULT: the two arms are 1505.21x apart on the MEDIAN per-round ratio,
            clearing the 2.87x it has to beat (the larger of: per-round swing 2.87x,
            run-to-run scatter NOT MEASURED on this host). Decided by measure_util.hpp's
            difference-against-spread rule, in FACTORS because a percentage of it
            depends on which arm is the denominator; range separation is not what
            decided it.
            That clears the WITHIN-RUN half of the rule only -- nobody has measured
            this host's run-to-run scatter, and the rule wants the larger of the two.
ROW,median_k3L,1920x1080,31.088846,31.207629,31.443149,0.011674,0.020685,0.033587,0.000373,0.000664,0.001070,1,15,0.000558,0,15,0,1505.205910,2.872761,6.104e-05

 median, OpenCV 9 samples vs binCV 5 (the plus)  [1920x1080]
 cv::cuda median 3x3 square                      31.159 ms  spread    2%  [kernel]  (launch floor 0% of it)
 bincv::cuda medianWide K=5 plus                  0.029 ms  spread  123%  [kernel]  (launch floor 21% of it)
   ratio binCV/OpenCV, interleaved rounds: median 0.001x <- QUOTE THIS  (binCV 1054.74x FASTER)
                                           geomean 0.001x   per-round range 0.001-0.002x (15 rounds)
   sign test over those paired rounds: 0 favour A, 15 favour B, 0 tied -- two-sided p = 6.1e-05
   separation (a FACT, not the verdict): the two arms' sample ranges are DISJOINT
   verdict: DIRECTION ESTABLISHED, and A RESULT
            ARM B is faster in 15 of 15 paired rounds -- NO ROUND CROSSED 1.00x, so the
            direction is established by the rounds themselves (two-sided sign-test
            p = 6.1e-05). Magnitude 545.23x to 1493.33x, median 1054.74x: the spread bounds
            HOW MUCH it wins by, not WHETHER it does (owner's ruling, 2026-09-19).
            A RESULT: the two arms are 1054.74x apart on the MEDIAN per-round ratio,
            clearing the 2.74x it has to beat (the larger of: per-round swing 2.74x,
            run-to-run scatter NOT MEASURED on this host). Decided by measure_util.hpp's
            difference-against-spread rule, in FACTORS because a percentage of it
            depends on which arm is the denominator; range separation is not what
            decided it.
            That clears the WITHIN-RUN half of the rule only -- nobody has measured
            this host's run-to-run scatter, and the rule wants the larger of the two.
ROW,median_k5plus,1920x1080,31.045221,31.158887,31.590222,0.020890,0.029491,0.057139,0.000670,0.000948,0.001834,1,15,0.000916,0,15,0,1054.735196,2.738911,6.104e-05

 denoiseMedian3 against ITS OWN WRITTEN BAR -- binCV's byte
 medianWide<L> with its fast arm on. Identical operation,
 identical border, one launch each; the only variable is the
 representation. This is the implementer's stated bar and the
 cv::cuda rows above are NOT it. Climbed as a LADDER because the
 written rule decides this gate at the first size clear of the
 launch floor, and names every size below it as deciding nothing.

 denoiseMedian3 (bits) vs medianWide<L> (bytes)  [752x480]
 bincv::cuda medianWide K=3 L, bytes              0.007 ms  spread  352%  [kernel]  AT THE LAUNCH FLOOR
 bincv::cuda denoiseMedian3                       0.006 ms  spread  490%  [kernel]  AT THE LAUNCH FLOOR
   ratio binCV/OpenCV, interleaved rounds: median 0.899x <- QUOTE THIS  (binCV  1.11x FASTER)
                                           geomean 0.966x   per-round range 0.447-2.008x (15 rounds)
   sign test over those paired rounds: 6 favour A, 9 favour B, 0 tied -- two-sided p = 0.607
   separation (a FACT, not the verdict): the two arms' sample ranges OVERLAP
   verdict: NULL RESULT, which is a result
            NULL on the magnitude: the two arms are 1.11x apart on the MEDIAN per-round ratio,
            short of the 4.49x it has to beat (the larger of: per-round swing 4.49x,
            run-to-run scatter NOT MEASURED on this host). Decided by measure_util.hpp's
            difference-against-spread rule, in FACTORS because a percentage of it
            depends on which arm is the denominator; range separation is not what
            decided it.
ROW,denoise3_vs_bytebar,752x480,0.006093,0.006950,0.030550,0.005424,0.006298,0.036262,0.447001,0.899281,2.007576,0,15,0.966286,6,9,0,1.112000,4.491212,0.6072

 denoiseMedian3 (bits) vs medianWide<L> (bytes)  [1920x1080]
 bincv::cuda medianWide K=3 L, bytes              0.012 ms  spread   82%  [kernel]  AT THE LAUNCH FLOOR
 bincv::cuda denoiseMedian3                       0.006 ms  spread  263%  [kernel]  AT THE LAUNCH FLOOR
   ratio binCV/OpenCV, interleaved rounds: median 0.520x <- QUOTE THIS  (binCV  1.92x FASTER)
                                           geomean 0.525x   per-round range 0.223-1.799x (15 rounds)
   sign test over those paired rounds: 1 favour A, 14 favour B, 0 tied -- two-sided p = 0.000977
   separation (a FACT, not the verdict): the two arms' sample ranges OVERLAP
   verdict: NULL RESULT, which is a result
            NULL on the magnitude: the two arms are 1.92x apart on the MEDIAN per-round ratio,
            short of the 8.06x it has to beat (the larger of: per-round swing 8.06x,
            run-to-run scatter NOT MEASURED on this host). Decided by measure_util.hpp's
            difference-against-spread rule, in FACTORS because a percentage of it
            depends on which arm is the denominator; range separation is not what
            decided it.
ROW,denoise3_vs_bytebar,1920x1080,0.011418,0.011622,0.020941,0.004674,0.006195,0.020987,0.223182,0.520397,1.799067,0,15,0.525264,1,14,0,1.921610,8.061005,0.0009766

 denoiseMedian3 (bits) vs medianWide<L> (bytes)  [4096x2160]
 bincv::cuda medianWide K=3 L, bytes              0.039 ms  spread   79%  [kernel]  (launch floor 16% of it)
 bincv::cuda denoiseMedian3                       0.007 ms  spread  233%  [kernel]  AT THE LAUNCH FLOOR
   ratio binCV/OpenCV, interleaved rounds: median 0.189x <- QUOTE THIS  (binCV  5.30x FASTER)
                                           geomean 0.196x   per-round range 0.101-0.593x (15 rounds)
   sign test over those paired rounds: 0 favour A, 15 favour B, 0 tied -- two-sided p = 6.1e-05
   separation (a FACT, not the verdict): the two arms' sample ranges are DISJOINT
   verdict: DIRECTION ESTABLISHED
            ARM B is faster in 15 of 15 paired rounds -- NO ROUND CROSSED 1.00x, so the
            direction is established by the rounds themselves (two-sided sign-test
            p = 6.1e-05). Magnitude 1.69x to 9.93x, median 5.30x: the spread bounds
            HOW MUCH it wins by, not WHETHER it does (owner's ruling, 2026-09-19).
            NULL on the magnitude: the two arms are 5.30x apart on the MEDIAN per-round ratio,
            short of the 5.89x it has to beat (the larger of: per-round swing 5.89x,
            run-to-run scatter NOT MEASURED on this host). Decided by measure_util.hpp's
            difference-against-spread rule, in FACTORS because a percentage of it
            depends on which arm is the denominator; range separation is not what
            decided it.
ROW,denoise3_vs_bytebar,4096x2160,0.038547,0.038694,0.069018,0.006344,0.007485,0.023757,0.100751,0.188610,0.593350,1,15,0.195669,0,15,0,5.301936,5.889269,6.104e-05
   cv::cuda::createMedianFilter's scratch is NOT incidental: its
   own filtering.cpp sizes the histograms at cols*256*partitions
   and cols*8*partitions CV_32S, which at 752 columns and its
   default 128 partitions is ~98 MB of device scratch for ONE
   752x480 frame. binCV's medianWide allocates ZERO scratch --
   no heap in kernels is a project rule, so the caller's two
   images are the whole working set.

 medianWide working set (wide src + wide dst + filter buffer)  [752x480]  -- METER 2 on BOTH sides (cudaMemGetInfo delta),
 each side over enough independent working sets that the meter's
 2.00 MB unit resolves, then divided by its own count.
   [meter 2] cv::cuda      792.00 MB over    8 sets =  101376.0 KB/frame  (396 units)
   [meter 2] binCV         206.00 MB over  256 sets =     824.0 KB/frame  (103 units)
   [meter 2] ROUNDING: one 2.00 MB unit is 8.0 KB/frame at 256 sets (0.97% of binCV's
             figure) and 256.0 KB/frame at 8 sets (0.25% of OpenCV's).
   ratio OpenCV/binCV = 123.029x  -- binCV is SMALLER by 123.029x.
   The OpenCV side is an UPPER BOUND: GpuMat pads its pitch, and any
   filter buffer or NPP scratch held past the call is inside this
   delta. binCV's side is cudaMalloc with nothing in between.
   NOTE: medianWide claims NO footprint advantage -- it is one
   byte per pixel on both sides. Any ratio here is GpuMat's pitch
   padding plus whatever cv::cuda::createMedianFilter holds for
   its histogram scratch, and it is NOT evidence for 1-bit
   packing. denoiseMedian3 is where this family's footprint
   result lives, and its bar is the binCV byte arm above.
MEM,median_k3L,752x480,216006656,830472192,2097152,256,8

 denoiseMedian3 (bits) vs medianWide<L> (bytes) working set  [752x480]  -- METER 2 on BOTH sides (cudaMemGetInfo delta),
 each side over enough independent working sets that the meter's
 2.00 MB unit resolves, then divided by its own count.
   [meter 2] cv::cuda      206.00 MB over  256 sets =     824.0 KB/frame  (103 units)
   [meter 2] binCV          24.00 MB over  256 sets =      96.0 KB/frame  (12 units)
   [meter 2] ROUNDING: one 2.00 MB unit is 8.0 KB/frame at 256 sets (8.33% of binCV's
             figure) and 8.0 KB/frame at 256 sets (0.97% of OpenCV's).
   ratio OpenCV/binCV = 8.583x  -- binCV is SMALLER by 8.583x.
   The OpenCV side is an UPPER BOUND: GpuMat pads its pitch, and any
   filter buffer or NPP scratch held past the call is inside this
   delta. binCV's side is cudaMalloc with nothing in between.
   Both sides of THAT pair are binCV, so the label 'OpenCV' on
   the first line reads 'binCV byte arm' here. Same meter, same
   replica count, and it is the representation's own ratio.
MEM,denoise3_vs_bytebar,752x480,25165824,216006656,2097152,256,256

=====================================================================
 4. PYRAMID -- binCV cuda::buildPyramidBox vs 3x cv::cuda::resize
    (INTER_AREA, 0.5) and 3x cv::cuda::pyrDown (cudawarping)
=====================================================================
 ROLE: 'build a three-rung half-resolution ladder on device'.
 cv::cuda::resize at INTER_AREA and scale 0.5 is the SAME FILTER as
 binCV's box -- a 2x2 average -- so that is the like-for-like arm.
 cv::cuda::pyrDown is a Gaussian 5x5 and is a DIFFERENT operation;
 it is carried because it is what a caller reaches for, and it is
 labelled as a different filter rather than quoted as the bar.
 binCV's ladder is N-BIT per rung (1,3,4,5) -- OpenCV has no N-bit
 image type, so the output arrays are not the same thing and this
 is a role comparison.
 ODD WIDTHS ARE NOT COMPARABLE: at width 753, resize's dsize is 376
 where pyrDownWidth(753) is 377. 752 is even at every rung, which is
 why the ladder is taken there.

 3-rung ladder, SAME FILTER (2x2 box / INTER_AREA 0.5)  [752x480]
 3x cv::cuda::resize INTER_AREA -> CV_8U          0.020 ms  spread  206%  [kernel]  (launch floor 31% of it)
 bincv::cuda buildPyramidBox -> N-bit             0.019 ms  spread  138%  [kernel]  (launch floor 32% of it)
   ratio binCV/OpenCV, interleaved rounds: median 0.995x <- QUOTE THIS  (binCV  1.01x FASTER)
                                           geomean 0.966x   per-round range 0.316-2.209x (15 rounds)
   sign test over those paired rounds: 7 favour A, 8 favour B, 0 tied -- two-sided p = 1
   separation (a FACT, not the verdict): the two arms' sample ranges OVERLAP
   verdict: NULL RESULT, which is a result
            NULL on the magnitude: the two arms are 1.01x apart on the MEDIAN per-round ratio,
            short of the 6.99x it has to beat (the larger of: per-round swing 6.99x,
            run-to-run scatter NOT MEASURED on this host). Decided by measure_util.hpp's
            difference-against-spread rule, in FACTORS because a percentage of it
            depends on which arm is the denominator; range separation is not what
            decided it.
ROW,pyramid_vs_resize,752x480,0.017811,0.019856,0.058672,0.017715,0.019344,0.044339,0.315899,0.994610,2.209184,0,15,0.966105,7,8,0,1.005419,6.993333,1
   host-enqueue probe (no sync, wall clock per call):
     3x cv::cuda::resize                          0.0134 ms enqueue vs  0.0199 ms event  -> MIXED: host dispatch is a large share of the bracket
     bincv::cuda buildPyramidBox                  0.0137 ms enqueue vs  0.0193 ms event  -> MIXED: host dispatch is a large share of the bracket
ENQ,pyramid_vs_resize,752x480,0.013370,0.019856,0.013653,0.019344

 3-rung ladder, DIFFERENT FILTER (Gaussian 5x5) -- reference only  [752x480]
 3x cv::cuda::pyrDown -> CV_8U                    0.020 ms  spread  126%  [kernel]  (launch floor 31% of it)
 bincv::cuda buildPyramidBox -> N-bit             0.018 ms  spread  331%  [kernel]  (launch floor 34% of it)
   ratio binCV/OpenCV, interleaved rounds: median 0.940x <- QUOTE THIS  (binCV  1.06x FASTER)
                                           geomean 0.952x   per-round range 0.392-3.859x (15 rounds)
   sign test over those paired rounds: 7 favour A, 8 favour B, 0 tied -- two-sided p = 1
   separation (a FACT, not the verdict): the two arms' sample ranges OVERLAP
   verdict: NULL RESULT, which is a result
            NULL on the magnitude: the two arms are 1.06x apart on the MEDIAN per-round ratio,
            short of the 9.84x it has to beat (the larger of: per-round swing 9.84x,
            run-to-run scatter NOT MEASURED on this host). Decided by measure_util.hpp's
            difference-against-spread rule, in FACTORS because a percentage of it
            depends on which arm is the denominator; range separation is not what
            decided it.
ROW,pyramid_vs_pyrdown,752x480,0.017101,0.019661,0.041779,0.015974,0.018125,0.075878,0.392157,0.939549,3.859375,0,15,0.952025,7,8,0,1.064340,9.841406,1

 4-level ladder, all rungs resident  [752x480]  -- METER 2 on BOTH sides (cudaMemGetInfo delta),
 each side over enough independent working sets that the meter's
 2.00 MB unit resolves, then divided by its own count.
   [meter 2] cv::cuda      172.00 MB over  256 sets =     688.0 KB/frame  (86 units)
   [meter 2] binCV          24.00 MB over  256 sets =      96.0 KB/frame  (12 units)
   [meter 2] ROUNDING: one 2.00 MB unit is 8.0 KB/frame at 256 sets (8.33% of binCV's
             figure) and 8.0 KB/frame at 256 sets (1.16% of OpenCV's).
   ratio OpenCV/binCV = 7.167x  -- binCV is SMALLER by 7.167x.
   The OpenCV side is an UPPER BOUND: GpuMat pads its pitch, and any
   filter buffer or NPP scratch held past the call is inside this
   delta. binCV's side is cudaMalloc with nothing in between.
MEM,pyramid,752x480,25165824,180355072,2097152,256,256

=====================================================================
 5. EDGE THRESHOLD -- binCV cuda::edgeThreshold vs the composed
    cv::cuda spelling (createDerivFilter x2 + abs + add + threshold)
=====================================================================
 ROLE: 'central-difference gradient magnitude, thresholded, on
 device'. There is no single cv::cuda call for it, so the bar is the
 composed spelling a caller would actually write. createDerivFilter
 at ksize=1 with normalize=false gives getDerivKernels' exact
 [-1,0,1] -- the same computation -- and defaults to
 BORDER_REFLECT_101, which is binCV's border here.
 createLinearFilter cannot be used: it asserts dst depth == src
 depth, and a signed derivative of CV_8U needs CV_16S.
 The chain is separable, so it is SEVERAL launches against binCV's
 one, and the launch count is derived from the API's structure --
 no profiler runs on this host to count them directly.

 edge map, |dx| max |dy| >= 17  [752x480]
 composed cv::cuda chain -> CV_16S                0.060 ms  spread  122%  [kernel]  (launch floor 10% of it)
 bincv::cuda edgeThreshold -> bits                0.007 ms  spread  112%  [kernel]  AT THE LAUNCH FLOOR
   ratio binCV/OpenCV, interleaved rounds: median 0.123x <- QUOTE THIS  (binCV  8.15x FASTER)
                                           geomean 0.117x   per-round range 0.055-0.260x (15 rounds)
   sign test over those paired rounds: 0 favour A, 15 favour B, 0 tied -- two-sided p = 6.1e-05
   separation (a FACT, not the verdict): the two arms' sample ranges are DISJOINT
   verdict: DIRECTION ESTABLISHED, and A RESULT
            ARM B is faster in 15 of 15 paired rounds -- NO ROUND CROSSED 1.00x, so the
            direction is established by the rounds themselves (two-sided sign-test
            p = 6.1e-05). Magnitude 3.85x to 18.04x, median 8.15x: the spread bounds
            HOW MUCH it wins by, not WHETHER it does (owner's ruling, 2026-09-19).
            A RESULT: the two arms are 8.15x apart on the MEDIAN per-round ratio,
            clearing the 4.69x it has to beat (the larger of: per-round swing 4.69x,
            run-to-run scatter NOT MEASURED on this host). Decided by measure_util.hpp's
            difference-against-spread rule, in FACTORS because a percentage of it
            depends on which arm is the denominator; range separation is not what
            decided it.
            That clears the WITHIN-RUN half of the rule only -- nobody has measured
            this host's run-to-run scatter, and the rule wants the larger of the two.
ROW,edge,752x480,0.056618,0.060006,0.129946,0.007014,0.007475,0.015354,0.055420,0.122741,0.259857,1,15,0.116677,0,15,0,8.147260,4.688857,6.104e-05
   host-enqueue probe (no sync, wall clock per call):
     composed cv::cuda chain                      0.0367 ms enqueue vs  0.0600 ms event  -> MIXED: host dispatch is a large share of the bracket
     bincv::cuda edgeThreshold                    0.0045 ms enqueue vs  0.0075 ms event  -> MIXED: host dispatch is a large share of the bracket
ENQ,edge,752x480,0.036749,0.060006,0.004469,0.007475

 edge map, |dx| max |dy| >= 17  [1920x1080]
 composed cv::cuda chain -> CV_16S                0.180 ms  spread   73%  [kernel]  (launch floor 3% of it)
 bincv::cuda edgeThreshold -> bits                0.016 ms  spread   24%  [kernel]  (launch floor 38% of it)
   ratio binCV/OpenCV, interleaved rounds: median 0.089x <- QUOTE THIS  (binCV 11.19x FASTER)
                                           geomean 0.084x   per-round range 0.052-0.110x (15 rounds)
   sign test over those paired rounds: 0 favour A, 15 favour B, 0 tied -- two-sided p = 6.1e-05
   separation (a FACT, not the verdict): the two arms' sample ranges are DISJOINT
   verdict: DIRECTION ESTABLISHED, and A RESULT
            ARM B is faster in 15 of 15 paired rounds -- NO ROUND CROSSED 1.00x, so the
            direction is established by the rounds themselves (two-sided sign-test
            p = 6.1e-05). Magnitude 9.05x to 19.35x, median 11.19x: the spread bounds
            HOW MUCH it wins by, not WHETHER it does (owner's ruling, 2026-09-19).
            A RESULT: the two arms are 11.19x apart on the MEDIAN per-round ratio,
            clearing the 2.14x it has to beat (the larger of: per-round swing 2.14x,
            run-to-run scatter NOT MEASURED on this host). Decided by measure_util.hpp's
            difference-against-spread rule, in FACTORS because a percentage of it
            depends on which arm is the denominator; range separation is not what
            decided it.
            That clears the WITHIN-RUN half of the rule only -- nobody has measured
            this host's run-to-run scatter, and the rule wants the larger of the two.
ROW,edge,1920x1080,0.179302,0.179814,0.310170,0.015974,0.016282,0.019858,0.051667,0.089330,0.110454,1,15,0.084070,0,15,0,11.194489,2.137787,6.104e-05
   host-enqueue probe (no sync, wall clock per call):
     composed cv::cuda chain                      0.0393 ms enqueue vs  0.1798 ms event  -> kernel-bound: the host feeds the device faster than it drains
     bincv::cuda edgeThreshold                    0.0055 ms enqueue vs  0.0163 ms event  -> kernel-bound: the host feeds the device faster than it drains
ENQ,edge,1920x1080,0.039343,0.179814,0.005540,0.016282

 edge working set (every intermediate the chain needs)  [752x480]  -- METER 2 on BOTH sides (cudaMemGetInfo delta),
 each side over enough independent working sets that the meter's
 2.00 MB unit resolves, then divided by its own count.
   [meter 2] cv::cuda      640.00 MB over   64 sets =   10240.0 KB/frame  (320 units)
   [meter 2] binCV         104.00 MB over  256 sets =     416.0 KB/frame  (52 units)
   [meter 2] ROUNDING: one 2.00 MB unit is 8.0 KB/frame at 256 sets (1.92% of binCV's
             figure) and 32.0 KB/frame at 64 sets (0.31% of OpenCV's).
   ratio OpenCV/binCV = 24.615x  -- binCV is SMALLER by 24.615x.
   The OpenCV side is an UPPER BOUND: GpuMat pads its pitch, and any
   filter buffer or NPP scratch held past the call is inside this
   delta. binCV's side is cudaMalloc with nothing in between.
MEM,edge,752x480,109051904,671088640,2097152,256,64

=====================================================================
 6. NO BAR EXISTS -- verdict OUTSTANDING (owner ruling R2)
=====================================================================
 These ops have NO cv::cuda counterpart at any API level. Under R2
 they ship on correctness + memory + the host comparison, with the
 GPU speed verdict recorded explicitly as OUTSTANDING against the
 resident pipeline that will later price them. No substitute bar is
 invented here and no CPU number is quoted as a GPU bar.

   cuda::binarize     N-plane bit-sliced source -> bits. OpenCV has
                      no N-bit image type on host or device, so there
                      is nothing to compare the input side against.
                      SPEED VERDICT: OUTSTANDING.
   cuda::shift        integer translation of a packed bit plane. The
                      byte side's actual alternative is a pitched DMA
                      (cudaMemcpy2D), not a kernel -- timed below as
                      a reference, not as a bar, because binCV's one
                      funnel-shift instruction is being compared
                      against ZERO instructions on a copy engine.
                      SPEED VERDICT: OUTSTANDING.
   cuda::pyrDownBox   the N-bit rung itself (the LADDER has a role
                      bar above; the per-rung N-bit requantize does
                      not). SPEED VERDICT: OUTSTANDING.

 shift, REFERENCE ONLY (not a bar -- a DMA against a kernel):
 cudaMemcpy2DAsync ROI, bytes (copy engine)       0.009 ms  spread  129%  [kernel]  AT THE LAUNCH FLOOR
 bincv::cuda::shift dx=8, bits (one kernel)       0.011 ms  spread  141%  [kernel]  AT THE LAUNCH FLOOR
   ratio binCV/DMA: 1.018x   range 0.588-3.033x   OVERLAP
ROW,shift_vs_dma,752x480,0.006235,0.008752,0.017504,0.006810,0.011469,0.022979,0.587934,1.017916,3.032517,0,15,1.165400,8,7,0,1.017916,5.157919,1

=====================================================================
 7. DENSE DISPARITY -- binCV binary path vs cv::cuda::StereoBM
=====================================================================
 ROLE: 'a dense disparity map from a rectified pair, resident on
 device'. StereoBM matches SAD over prefiltered bytes; binCV matches
 Hamming over packed binary. Different maps -- correctness is settled
 against the host library by the test suite, not here.
 RE-TAKEN HERE because this backend's shipped report quotes this
 comparison from a DEFAULT-STREAM measurement, and StereoBM calls
 cudaDeviceSynchronize() on the null stream in each of its three
 kernels (cudastereo/src/cuda/stereobm.cu). Both sides now run on
 one explicit stream, where neither synchronizes.

 dense disparity, 64 disparities, 9x9 support  [752x480]
 cv::cuda::StereoBM(64, 9)                        0.713 ms  spread    9%  [kernel]  (launch floor 1% of it)
 bincv::cuda denseDisparityBinary                 0.064 ms  spread    2%  [kernel]  (launch floor 10% of it)
   ratio binCV/OpenCV, interleaved rounds: median 0.090x <- QUOTE THIS  (binCV 11.16x FASTER)
                                           geomean 0.089x   per-round range 0.086-0.093x (15 rounds)
   sign test over those paired rounds: 0 favour A, 15 favour B, 0 tied -- two-sided p = 6.1e-05
   separation (a FACT, not the verdict): the two arms' sample ranges are DISJOINT
   verdict: DIRECTION ESTABLISHED, and A RESULT
            ARM B is faster in 15 of 15 paired rounds -- NO ROUND CROSSED 1.00x, so the
            direction is established by the rounds themselves (two-sided sign-test
            p = 6.1e-05). Magnitude 10.73x to 11.57x, median 11.16x: the spread bounds
            HOW MUCH it wins by, not WHETHER it does (owner's ruling, 2026-09-19).
            A RESULT: the two arms are 11.16x apart on the MEDIAN per-round ratio,
            clearing the 1.08x it has to beat (the larger of: per-round swing 1.08x,
            run-to-run scatter NOT MEASURED on this host). Decided by measure_util.hpp's
            difference-against-spread rule, in FACTORS because a percentage of it
            depends on which arm is the denominator; range separation is not what
            decided it.
            That clears the WITHIN-RUN half of the rule only -- nobody has measured
            this host's run-to-run scatter, and the rule wants the larger of the two.
ROW,stereo_binary,752x480,0.678374,0.713421,0.739952,0.063078,0.063683,0.064406,0.086455,0.089574,0.093167,1,15,0.089368,0,15,0,11.163946,1.077630,6.104e-05
   host-enqueue probe (no sync, wall clock per call):
     cv::cuda::StereoBM                           0.6438 ms enqueue vs  0.7134 ms event  -> DISPATCH-BOUND: the event bracket is timing the API call
     bincv denseDisparityBinary                   0.0105 ms enqueue vs  0.0637 ms event  -> kernel-bound: the host feeds the device faster than it drains
ENQ,stereo_binary,752x480,0.643806,0.713421,0.010454,0.063683
   single-call GPU time (device drained either side -- separates the
   kernel from the API for a dispatch-bound arm):
     cv::cuda::StereoBM                           0.6390 ms solo vs  0.7134 ms batched
     bincv denseDisparityBinary                   0.0655 ms solo vs  0.0637 ms batched
SOLO,stereo_binary,752x480,0.638976,0.713421,0.065536,0.063683

   THE SAME cv::cuda::StereoBM ON THE DEFAULT STREAM: 0.7041 ms
   against 0.7134 ms on an explicit stream -- a 0.99x difference that
   is the API's three null-stream cudaDeviceSynchronize calls, not
   the kernel. The explicit-stream number is the bar, because the
   bar is the BEST existing option and a pipeline uses streams.
SYNC,stereobm_default_stream,752x480,0.704090,0.713421

---------------------------------------------------------------
 7b. MEMORY -- THE THREE WORKING SETS, ONE REGION, ONE METER,
     ONE REPLICA COUNT, THIS PROCESS
---------------------------------------------------------------
 Meter 2 (cudaMemGetInfo delta) on all three, 256 replicas each,
 every set held until its delta is read. Region: 752x480, 64
 disparities, 9x9 support -- the same region section 7 timed.

   one meter unit = 2.00 MB = 8.0 KB/frame at 256 replicas
   binCV BINARY entry                       112.00 MB / 256 =    448.0 KB/frame  (  56 units, rounding 1.79%)  2 bit planes + map
     CONVERGENCE, on the smallest of the three: the same set reads 448.0 KB/frame
     at 64 replicas against 448.0 KB/frame at 256 -- 1.0000x. It has stopped moving, so the count is high enough.
   binCV CENSUS entry                      1126.00 MB / 256 =   4504.0 KB/frame  ( 563 units, rounding 0.18%)  2 wide + 2 descriptors + map
   cv::cuda::StereoBM(64,9) synthetic       768.00 MB / 256 =   3072.0 KB/frame  ( 384 units, rounding 0.26%)  UPPER reading
   [meter 1, binCV context only, never a cross-library numerator] binary
   entry allocation sum = 442.5 KB. Meter 1 and meter 2 do not divide.
   CONTENT DEPENDENCE: NOT CHECKED -- no real sequence blob was pointed at
   BINCV_CUDA_ROLE_FRAMES, so only the synthetic reading exists and it is
   quoted as such.
   BINARY entry vs StereoBM: 6.857x -- binCV SMALLER by 6.857x (448.0 KB against 3072.0 KB).
   CENSUS entry vs StereoBM: 0.682x -- StereoBM SMALLER by 1.466x (4504.0 KB against 3072.0 KB).
   Both ratios are LOWER BOUNDS on binCV's side and UPPER readings on
   StereoBM's, for the reason stated above: GpuMat may pool and pads its
   pitch; binCV has nothing between the op and cudaMalloc.
MEM,stereo_binary_vs_stereobm,752x480,117440512,805306368,2097152,256,256
MEM,stereo_census_vs_stereobm,752x480,1180696576,805306368,2097152,256,256
MEM3,stereo_one_region,752x480,117440512,1180696576,805306368,0,2097152,256

=====================================================================
 8. THE DEFAULT-STREAM SURCHARGE -- why every row above runs on an
    EXPLICIT stream, measured rather than asserted
=====================================================================
 OpenCV's CUDA modules call cudaDeviceSynchronize() after a launch
 WHEN AND ONLY WHEN the stream is the null stream. It is not one
 function: the guard

     if (stream == 0) cudaSafeCall( cudaDeviceSynchronize() );

 appears in cudev's grid transform (which backs cudaarithm's
 threshold, abs and max), in cudafilters' morphology, linear and
 median filters, in cudawarping's resize and pyrDown, and three
 times in cudastereo's StereoBM.

 CONSEQUENCE FOR A BENCHMARK. On the default stream an OpenCV arm
 cannot pipeline across a batch of enqueues while binCV's arm can,
 so an event bracket over N calls measures N serialized round trips
 on one side and N pipelined launches on the other. That is not a
 kernel-to-kernel comparison, and the difference is not small.

 WHICH NUMBER IS THE BAR. The explicit-stream one. CLAUDE.md says the
 bar is the BEST existing option, not the worst; a resident pipeline
 uses streams, and OpenCV supports them on every call measured here.
 Quoting the default-stream number would be measuring against a
 fallback nobody would use. The default-stream figure is reported
 beside it as what a naive caller pays, and labelled as that.

 call                                              default   explicit    ratio
 cv::cuda::threshold (cudaarithm / cudev)         0.0459 ms   0.0062 ms    7.35x  (ranges DISJOINT)
STREAMCOST,cv::cuda::threshold (cudaarithm / cudev),0.036304,0.045894,0.082125,0.005269,0.006246,0.007986,1
 cv::cuda erode 3x3 (cudafilters)                 0.1179 ms   0.0837 ms    1.41x  (ranges OVERLAP)
STREAMCOST,cv::cuda erode 3x3 (cudafilters),0.108851,0.117918,0.153654,0.078950,0.083715,0.126720,0
 cv::cuda::resize INTER_AREA 0.5 (cudawarping)    0.0378 ms   0.0061 ms    6.15x  (ranges DISJOINT)
STREAMCOST,cv::cuda::resize INTER_AREA 0.5 (cudawarping),0.036915,0.037786,0.072294,0.005627,0.006144,0.012642,1
 cv::cuda::pyrDown (cudawarping)                  0.0403 ms   0.0077 ms    5.25x  (ranges DISJOINT)
STREAMCOST,cv::cuda::pyrDown (cudawarping),0.038707,0.040304,0.078341,0.006656,0.007680,0.017920,1
 cv::cuda median 3x3 (cudafilters) -- a 6 ms kernel   5.7101 ms   5.6637 ms    1.01x  (ranges OVERLAP)
STREAMCOST,cv::cuda median 3x3 (cudafilters) -- a 6 ms kernel,5.693594,5.710080,5.762149,5.636710,5.663693,5.729177,0
 CONTROL: binCV cuda::threshold (no such guard anywhere)   0.0071 ms   0.0066 ms    1.08x  (ranges OVERLAP)
STREAMCOST,CONTROL: binCV cuda::threshold (no such guard anywhere),0.005376,0.007054,0.009114,0.005427,0.006554,0.009003,0
 CONTROL: binCV cuda::erode 3x3 (no such guard anywhere)   0.0063 ms   0.0064 ms    0.98x  (ranges OVERLAP)
STREAMCOST,CONTROL: binCV cuda::erode 3x3 (no such guard anywhere),0.005325,0.006298,0.017920,0.005069,0.006446,0.023293,0

 HOW TO READ THIS TABLE, and the last row is what makes it
 readable. binCV has NO null-stream guard anywhere, so its row is
 the control: whatever ratio IT shows is the legacy default stream's
 own per-launch tax, which every arm on that stream pays -- the
 legacy stream implicitly synchronizes with every other blocking
 stream in the process, and one exists here. Only the EXCESS over
 the control is attributable to OpenCV's cudaDeviceSynchronize.

 AND THE SIZE OF THE EFFECT DEPENDS ON THE KERNEL, which is the
 conclusion that actually matters for this report: a synchronize
 costs roughly one launch latency, so it is most of the measurement
 for an op sitting near the launch floor and almost none of it for
 an op that runs for a millisecond. Expect threshold, resize and
 median to move a lot and StereoBM to barely move at all -- and
 check that against the rows above rather than taking it on trust.

=====================================================================
 ROUND 2 -- the pipeline role bars. INPUT, stated once for all of
 them: binCV's own sensor stage output at 752x480 -- medianWide<3>
 then edgeThreshold(17) -- 82.67% of pixels set. OpenCV reads the
 identical bits as a CV_8U {0,255} picture.
 FRAME SOURCE: synthetic smoothed noise (NOT representative content)
=====================================================================
FRAMESRC,synthetic smoothed noise (NOT representative content),82.6695

=====================================================================
 9. FAST -- binCV cuda::detectFastAsync vs cv::cuda::FastFeatureDetector
=====================================================================
 THE AUTHOR'S OWN RULE, not restated more kindly: required >= 1.00x
 kernel-resident, both sides one explicit stream, with the corner-set
 agreement gate passing first. The '>= 2.00x target' the design
 carried was deleted by its own author as underived; what ratio ships
 the claim UNQUALIFIED remains an open owner question, and nothing
 here fills it in.
 The capped arm is carried beside the shipped one because the family
 located its shortfall in the single-block raster sort rather than in
 the ring algebra, and a serial pass has to be able to check that.

 CORNER-SET AGREEMENT GATE (runs before any timing): binCV 32768 (found 34143, capacity 32768, *** TRUNCATED ***), OpenCV 32768 keypoints -- *** SETS DIFFER -- ratios below are NOT like-for-like ***
GATE,fast_corner_sets,752x480,32768,32768,0

 FAST corners, binary frame vs CV_8U picture  [752x480]
 cv::cuda::FastFeatureDetector (nms off)          0.119 ms  spread   63%  [kernel]  (launch floor 5% of it)
 bincv::cuda::detectFastAsync                     0.021 ms  spread   35%  [kernel]  (launch floor 29% of it)
   ratio binCV/OpenCV, interleaved rounds: median 0.166x <- QUOTE THIS  (binCV  6.02x FASTER)
                                           geomean 0.161x   per-round range 0.105-0.206x (15 rounds)
   sign test over those paired rounds: 0 favour A, 15 favour B, 0 tied -- two-sided p = 6.1e-05
   separation (a FACT, not the verdict): the two arms' sample ranges are DISJOINT
   verdict: DIRECTION ESTABLISHED, and A RESULT
            ARM B is faster in 15 of 15 paired rounds -- NO ROUND CROSSED 1.00x, so the
            direction is established by the rounds themselves (two-sided sign-test
            p = 6.1e-05). Magnitude 4.86x to 9.57x, median 6.02x: the spread bounds
            HOW MUCH it wins by, not WHETHER it does (owner's ruling, 2026-09-19).
            A RESULT: the two arms are 6.02x apart on the MEDIAN per-round ratio,
            clearing the 1.97x it has to beat (the larger of: per-round swing 1.97x,
            run-to-run scatter NOT MEASURED on this host). Decided by measure_util.hpp's
            difference-against-spread rule, in FACTORS because a percentage of it
            depends on which arm is the denominator; range separation is not what
            decided it.
            That clears the WITHIN-RUN half of the rule only -- nobody has measured
            this host's run-to-run scatter, and the rule wants the larger of the two.
   RULE: required <= 1.000x (binCV at or faster than parity) -> MET
ROW,fast,752x480,0.111904,0.119398,0.187421,0.018848,0.020787,0.026214,0.104525,0.166243,0.205656,1,15,0.160623,0,15,0,6.015296,1.967528,6.104e-05
   host-enqueue probe (no sync, wall clock per call):
     cv::cuda::FastFeatureDetector                0.1213 ms enqueue vs  0.1194 ms event  -> DISPATCH-BOUND: the event bracket is timing the API call
     bincv::cuda::detectFastAsync                 0.0109 ms enqueue vs  0.0208 ms event  -> MIXED: host dispatch is a large share of the bracket
ENQ,fast,752x480,0.121343,0.119398,0.010864,0.020787

 FAST, binCV CAPPED at 512 stored -- the DETECTOR without most of
 the sort. An UPPER BOUND on detection alone, so the conclusion is
 safe in the direction it is used  [752x480]
 cv::cuda::FastFeatureDetector (nms off)          0.152 ms  spread  109%  [kernel]  (launch floor 4% of it)
 bincv::cuda::detectFastAsync, capacity 512       0.020 ms  spread  412%  [kernel]  (launch floor 31% of it)
   ratio binCV/OpenCV, interleaved rounds: median 0.164x <- QUOTE THIS  (binCV  6.10x FASTER)
                                           geomean 0.194x   per-round range 0.119-0.439x (15 rounds)
   sign test over those paired rounds: 0 favour A, 15 favour B, 0 tied -- two-sided p = 6.1e-05
   separation (a FACT, not the verdict): the two arms' sample ranges are DISJOINT
   verdict: DIRECTION ESTABLISHED, and A RESULT
            ARM B is faster in 15 of 15 paired rounds -- NO ROUND CROSSED 1.00x, so the
            direction is established by the rounds themselves (two-sided sign-test
            p = 6.1e-05). Magnitude 2.28x to 8.38x, median 6.10x: the spread bounds
            HOW MUCH it wins by, not WHETHER it does (owner's ruling, 2026-09-19).
            A RESULT: the two arms are 6.10x apart on the MEDIAN per-round ratio,
            clearing the 3.68x it has to beat (the larger of: per-round swing 3.68x,
            run-to-run scatter NOT MEASURED on this host). Decided by measure_util.hpp's
            difference-against-spread rule, in FACTORS because a percentage of it
            depends on which arm is the denominator; range separation is not what
            decided it.
            That clears the WITHIN-RUN half of the rule only -- nobody has measured
            this host's run-to-run scatter, and the rule wants the larger of the two.
ROW,fast_capped512,752x480,0.115008,0.151962,0.281389,0.018125,0.019558,0.098714,0.119272,0.163808,0.439387,1,15,0.194097,0,15,0,6.104712,3.683897,6.104e-05

 FAST working set, capacity 32768 (record 12 B, scratch 380 B)  [752x480]  -- METER 2 on BOTH sides (cudaMemGetInfo delta),
 each side over enough independent working sets that the meter's
 2.00 MB unit resolves, then divided by its own count.
   [meter 2] cv::cuda      192.00 MB over  256 sets =     768.0 KB/frame  (96 units)
   [meter 2] binCV         108.00 MB over  256 sets =     432.0 KB/frame  (54 units)
   [meter 2] ROUNDING: one 2.00 MB unit is 8.0 KB/frame at 256 sets (1.85% of binCV's
             figure) and 8.0 KB/frame at 256 sets (1.04% of OpenCV's).
   ratio OpenCV/binCV = 1.778x  -- binCV is SMALLER by 1.778x.
   The OpenCV side is an UPPER BOUND: GpuMat pads its pitch, and any
   filter buffer or NPP scratch held past the call is inside this
   delta. binCV's side is cudaMalloc with nothing in between.
MEM,fast,752x480,113246208,201326592,2097152,256,256

=====================================================================
 10. goodFeaturesToTrack -- binCV device-resident selection vs
     cv::cuda::createGoodFeaturesToTrackDetector (cudaimgproc)
=====================================================================
 WALL CLOCK ON BOTH SIDES, and the reason is on OpenCV's side: at
 minDistance >= 1 its detect() DOWNLOADS the sorted candidate list,
 runs the spacing filter on the HOST and uploads the survivors
 (cudaimgproc/src/gftt.cpp). A CUDA-event clock would exclude that
 pass and flatter OpenCV. binCV's selection never leaves the device.
 THE SPEED BAR FOR THIS OP WAS NOT WRITABLE -- its author escalated
 it rather than deriving a number from a host CPU ratio, and this
 binary does not invent one either. The ratio is reported; the
 verdict is the owner's.

 goodFeaturesToTrack -- WALL CLOCK both sides, OpenCV's host
 round trip INSIDE its arm because a caller pays it  [752x480 WALL]
 cv::cuda gftt (downloads, spaces on host, uploads)     4.186 ms  spread   92%  [kernel]  (launch floor 0% of it)
 bincv::cuda::goodFeaturesToTrackAsync (never leaves device)     0.450 ms  spread  128%  [kernel]  (launch floor 1% of it)
   ratio binCV/OpenCV, interleaved rounds: median 0.110x <- QUOTE THIS  (binCV  9.11x FASTER)
                                           geomean 0.119x   per-round range 0.067-0.211x (15 rounds)
   sign test over those paired rounds: 0 favour A, 15 favour B, 0 tied -- two-sided p = 6.1e-05
   separation (a FACT, not the verdict): the two arms' sample ranges are DISJOINT
   verdict: DIRECTION ESTABLISHED, and A RESULT
            ARM B is faster in 15 of 15 paired rounds -- NO ROUND CROSSED 1.00x, so the
            direction is established by the rounds themselves (two-sided sign-test
            p = 6.1e-05). Magnitude 4.74x to 14.89x, median 9.11x: the spread bounds
            HOW MUCH it wins by, not WHETHER it does (owner's ruling, 2026-09-19).
            A RESULT: the two arms are 9.11x apart on the MEDIAN per-round ratio,
            clearing the 3.14x it has to beat (the larger of: per-round swing 3.14x,
            run-to-run scatter NOT MEASURED on this host). Decided by measure_util.hpp's
            difference-against-spread rule, in FACTORS because a percentage of it
            depends on which arm is the denominator; range separation is not what
            decided it.
            That clears the WITHIN-RUN half of the rule only -- nobody has measured
            this host's run-to-run scatter, and the rule wants the larger of the two.
ROW,gftt_wall,752x480,3.089061,4.186340,6.936010,0.368615,0.449858,0.943410,0.067138,0.109759,0.210896,1,15,0.118636,0,15,0,9.110834,3.141234,6.104e-05
   corners: binCV 200 (ranked 32768, truncated 1, pool overflow 0) vs OpenCV 200.
   NOT A GATE and not an equality: the two run different spacing
   rules over different responses. It is here so the ratio above is
   read against a known workload.
GATE,gftt_counts,752x480,200,200,0

 goodFeaturesToTrack working set (FUSED arm: no frame-sized
 float map exists at all on binCV's side)  [752x480]  -- METER 2 on BOTH sides (cudaMemGetInfo delta),
 each side over enough independent working sets that the meter's
 2.00 MB unit resolves, then divided by its own count.
   [meter 2] cv::cuda      160.00 MB over   16 sets =   10240.0 KB/frame  (80 units)
   [meter 2] binCV          30.00 MB over   16 sets =    1920.0 KB/frame  (15 units)
   [meter 2] ROUNDING: one 2.00 MB unit is 128.0 KB/frame at 16 sets (6.67% of binCV's
             figure) and 128.0 KB/frame at 16 sets (1.25% of OpenCV's).
   ratio OpenCV/binCV = 5.333x  -- binCV is SMALLER by 5.333x.
   The OpenCV side is an UPPER BOUND: GpuMat pads its pitch, and any
   filter buffer or NPP scratch held past the call is inside this
   delta. binCV's side is cudaMalloc with nothing in between.
MEM,gftt,752x480,31457280,167772160,2097152,16,16

=====================================================================
 11. CORNER RESPONSE -- binCV cuda::cornerMinEigenValAsync vs
     cv::cuda::createMinEigenValCorner AND createHarrisCorner
=====================================================================
 TWO DENOMINATORS, AND THEY ARE NOT INTERCHANGEABLE. binCV's op
 computes the MINIMUM EIGENVALUE of the gradient covariance, so
 createMinEigenValCorner is the like-for-like counterpart and is the
 bar. createHarrisCorner computes a DIFFERENT response (det - k*tr^2)
 over the same covariance and is timed beside it as context -- the
 task named it, and the honest thing is to run it and say plainly
 that it answers a different question, not to quietly substitute it
 for the one that matches.
 BOTH OpenCV arms read the CV_8U picture and internally run a Sobel;
 binCV reads four TERNARY BIT PLANES that already exist in the
 pipeline. That is a role comparison, not an equality, and the
 asymmetry is stated rather than folded into the ratio.

 min-eigenvalue response map, blockSize 3 -- THE BAR  [752x480]
 cv::cuda::createMinEigenValCorner                0.052 ms  spread   63%  [kernel]  (launch floor 12% of it)
 bincv::cuda::cornerMinEigenValAsync              0.020 ms  spread   22%  [kernel]  (launch floor 31% of it)
   ratio binCV/OpenCV, interleaved rounds: median 0.386x <- QUOTE THIS  (binCV  2.59x FASTER)
                                           geomean 0.357x   per-round range 0.274-0.395x (15 rounds)
   sign test over those paired rounds: 0 favour A, 15 favour B, 0 tied -- two-sided p = 6.1e-05
   separation (a FACT, not the verdict): the two arms' sample ranges are DISJOINT
   verdict: DIRECTION ESTABLISHED, and A RESULT
            ARM B is faster in 15 of 15 paired rounds -- NO ROUND CROSSED 1.00x, so the
            direction is established by the rounds themselves (two-sided sign-test
            p = 6.1e-05). Magnitude 2.53x to 3.65x, median 2.59x: the spread bounds
            HOW MUCH it wins by, not WHETHER it does (owner's ruling, 2026-09-19).
            A RESULT: the two arms are 2.59x apart on the MEDIAN per-round ratio,
            clearing the 1.44x it has to beat (the larger of: per-round swing 1.44x,
            run-to-run scatter NOT MEASURED on this host). Decided by measure_util.hpp's
            difference-against-spread rule, in FACTORS because a percentage of it
            depends on which arm is the denominator; range separation is not what
            decided it.
            That clears the WITHIN-RUN half of the rule only -- nobody has measured
            this host's run-to-run scatter, and the rule wants the larger of the two.
ROW,cornerresp_mineigen,752x480,0.051251,0.051661,0.083763,0.019866,0.020054,0.024320,0.273839,0.385899,0.394632,1,15,0.357030,0,15,0,2.591352,1.441112,6.104e-05
   host-enqueue probe (no sync, wall clock per call):
     cv::cuda minEigenVal                         0.0256 ms enqueue vs  0.0517 ms event  -> MIXED: host dispatch is a large share of the bracket
     bincv::cuda::cornerMinEigenValAsync          0.0052 ms enqueue vs  0.0201 ms event  -> kernel-bound: the host feeds the device faster than it drains
ENQ,cornerresp_mineigen,752x480,0.025589,0.051661,0.005150,0.020054

 createHarrisCorner beside it -- CONTEXT, a DIFFERENT response
 function over the same covariance, not binCV's counterpart  [752x480]
 cv::cuda::createHarrisCorner (k = 0.04)          0.051 ms  spread   34%  [kernel]  (launch floor 12% of it)
 bincv::cuda::cornerMinEigenValAsync              0.020 ms  spread    3%  [kernel]  (launch floor 31% of it)
   ratio binCV/OpenCV, interleaved rounds: median 0.393x <- QUOTE THIS  (binCV  2.54x FASTER)
                                           geomean 0.382x   per-round range 0.295-0.403x (15 rounds)
   sign test over those paired rounds: 0 favour A, 15 favour B, 0 tied -- two-sided p = 6.1e-05
   separation (a FACT, not the verdict): the two arms' sample ranges are DISJOINT
   verdict: DIRECTION ESTABLISHED, and A RESULT
            ARM B is faster in 15 of 15 paired rounds -- NO ROUND CROSSED 1.00x, so the
            direction is established by the rounds themselves (two-sided sign-test
            p = 6.1e-05). Magnitude 2.48x to 3.39x, median 2.54x: the spread bounds
            HOW MUCH it wins by, not WHETHER it does (owner's ruling, 2026-09-19).
            A RESULT: the two arms are 2.54x apart on the MEDIAN per-round ratio,
            clearing the 1.37x it has to beat (the larger of: per-round swing 1.37x,
            run-to-run scatter NOT MEASURED on this host). Decided by measure_util.hpp's
            difference-against-spread rule, in FACTORS because a percentage of it
            depends on which arm is the denominator; range separation is not what
            decided it.
            That clears the WITHIN-RUN half of the rule only -- nobody has measured
            this host's run-to-run scatter, and the rule wants the larger of the two.
ROW,cornerresp_harris_context,752x480,0.050483,0.050790,0.067584,0.019797,0.019968,0.020378,0.294697,0.393110,0.402834,1,15,0.381682,0,15,0,2.543814,1.366943,6.104e-05

 corner response working set (four bit planes + one float map
 vs one byte picture + OpenCV's Sobel intermediates + one map)  [752x480]  -- METER 2 on BOTH sides (cudaMemGetInfo delta),
 each side over enough independent working sets that the meter's
 2.00 MB unit resolves, then divided by its own count.
   [meter 2] cv::cuda      160.00 MB over   16 sets =   10240.0 KB/frame  (80 units)
   [meter 2] binCV          32.00 MB over   16 sets =    2048.0 KB/frame  (16 units)
   [meter 2] ROUNDING: one 2.00 MB unit is 128.0 KB/frame at 16 sets (6.25% of binCV's
             figure) and 128.0 KB/frame at 16 sets (1.25% of OpenCV's).
   ratio OpenCV/binCV = 5.000x  -- binCV is SMALLER by 5.000x.
   The OpenCV side is an UPPER BOUND: GpuMat pads its pitch, and any
   filter buffer or NPP scratch held past the call is inside this
   delta. binCV's side is cudaMalloc with nothing in between.
MEM,cornerresp,752x480,33554432,167772160,2097152,16,16

=====================================================================
 12. DESCRIBE -- binCV cuda::computeBriefSteered vs
     cv::cuda::ORB::computeAsync on PROVIDED keypoints
=====================================================================
 computeAsync IS accepted in OpenCV 4.5.4 on provided keypoints, so a
 stage-isolated GPU denominator exists and no differential is needed.
 SUPERSET vs SUBSET, stated at the number: computeAsync also builds
 ORB's level-0 pyramid entry and can blur. nlevels = 1 and
 blurForDescriptor = false pin that superset as small as the API
 allows; it is not zero, and the ratio is an upper bound on binCV's
 advantage for that reason.
 Both sides sample the SAME 256 pairs -- cv::ORB's learned table,
 which binCV reaches by pointer out of ops/orbPattern.hpp.

 cv::cuda::Feature2DAsync::computeAsync on provided keypoints: ACCEPTED
   1000 keypoints in, 1000x32 CV_8U descriptors out.

 256-bit steered BRIEF on provided keypoints  [752x480, N=1000]
 cv::cuda::ORB::computeAsync (nlevels 1, blur off)     0.079 ms  spread   90%  [kernel]  (launch floor 8% of it)
 bincv::cuda::computeBriefSteered                 0.009 ms  spread  171%  [kernel]  AT THE LAUNCH FLOOR
   ratio binCV/OpenCV, interleaved rounds: median 0.121x <- QUOTE THIS  (binCV  8.25x FASTER)
                                           geomean 0.115x   per-round range 0.067-0.173x (15 rounds)
   sign test over those paired rounds: 0 favour A, 15 favour B, 0 tied -- two-sided p = 6.1e-05
   separation (a FACT, not the verdict): the two arms' sample ranges are DISJOINT
   verdict: DIRECTION ESTABLISHED, and A RESULT
            ARM B is faster in 15 of 15 paired rounds -- NO ROUND CROSSED 1.00x, so the
            direction is established by the rounds themselves (two-sided sign-test
            p = 6.1e-05). Magnitude 5.79x to 15.04x, median 8.25x: the spread bounds
            HOW MUCH it wins by, not WHETHER it does (owner's ruling, 2026-09-19).
            A RESULT: the two arms are 8.25x apart on the MEDIAN per-round ratio,
            clearing the 2.60x it has to beat (the larger of: per-round swing 2.60x,
            run-to-run scatter NOT MEASURED on this host). Decided by measure_util.hpp's
            difference-against-spread rule, in FACTORS because a percentage of it
            depends on which arm is the denominator; range separation is not what
            decided it.
            That clears the WITHIN-RUN half of the rule only -- nobody has measured
            this host's run-to-run scatter, and the rule wants the larger of the two.
ROW,describe,752x480_n1000,0.073370,0.079206,0.144998,0.008329,0.008994,0.023706,0.066507,0.121262,0.172771,1,15,0.114706,0,15,0,8.246620,2.597801,6.104e-05
   host-enqueue probe (no sync, wall clock per call):
     cv::cuda::ORB::computeAsync                  0.0391 ms enqueue vs  0.0792 ms event  -> MIXED: host dispatch is a large share of the bracket
     bincv::cuda::computeBriefSteered             0.0048 ms enqueue vs  0.0090 ms event  -> MIXED: host dispatch is a large share of the bracket
ENQ,describe,752x480_n1000,0.039129,0.079206,0.004775,0.008994

 ORIENTATION: **OUTSTANDING** (ruling R2). cv::cuda::ORB runs
 IC_Angle inside its own keypoint pass and exposes no entry point
 that orients PROVIDED keypoints, so no cv::cuda denominator exists
 at any API level. No CPU number is put in its place.

 describe working set, N = 1000 -- keypoints, angles, keep
 bytes and descriptors on binCV's side; a cv::cuda::ORB
 DETECTOR's whole state on OpenCV's, which is a superset  [752x480, N=1000]  -- METER 2 on BOTH sides (cudaMemGetInfo delta),
 each side over enough independent working sets that the meter's
 2.00 MB unit resolves, then divided by its own count.
   [meter 2] cv::cuda       32.00 MB over   16 sets =    2048.0 KB/frame  (16 units)
   [meter 2] binCV          22.00 MB over  512 sets =      44.0 KB/frame  (11 units)
   [meter 2] ROUNDING: one 2.00 MB unit is 4.0 KB/frame at 512 sets (9.09% of binCV's
             figure) and 128.0 KB/frame at 16 sets (6.25% of OpenCV's).
   ratio OpenCV/binCV = 46.545x  -- binCV is SMALLER by 46.545x.
   The OpenCV side is an UPPER BOUND: GpuMat pads its pitch, and any
   filter buffer or NPP scratch held past the call is inside this
   delta. binCV's side is cudaMalloc with nothing in between.
MEM,describe,752x480_n1000,23068672,33554432,2097152,512,16

=====================================================================
 13. DESCRIPTOR MATCHING -- binCV cuda::matchDescriptors vs
     cv::cuda::DescriptorMatcher::createBFMatcher(NORM_HAMMING)
=====================================================================
 ROLE: 'nearest neighbour over binary descriptors with Lowe's ratio
 test, for a whole query set, on device'. A binCV device matcher
 EXISTS as of this round (cuda/sparseMatch.hpp), so the row this
 file used to print -- 'no binCV device counterpart' -- is retired.

 WHAT THE TIMED REGION IS, AND WHY IT FAVOURS OpenCV. binCV's arm
 is ONE launch that produces the ratio-tested result. OpenCV's arm
 is knnMatchAsync(k=2) ALONE -- the ratio test that would turn its
 two distances into the same answer is NOT in the bracket, and
 neither is knnMatchConvert. So the OpenCV arm is timed doing
 strictly LESS work than binCV's, and every ratio below is an
 UPPER BOUND on OpenCV's standing. That is deliberate: a bar the
 challenger cannot be accused of shaving is worth more than a bar
 that is exactly fair, when the challenger wins anyway.

 TWO OpenCV ARMS, because the bar is the BEST existing option.
 cv::cuda instantiates matchHamming_gpu at <unsigned char> and at
 <int>, and cv::cuda::ORB emits CV_8U. Both are run over the SAME
 descriptor bytes, reinterpreted, so the two arms differ only in
 the type the kernel was instantiated at.

 CONTENT. Pseudorandom descriptor words. Neither kernel has a
 data-dependent early-out -- both evaluate every (query, train)
 pair -- so the cost is content-independent and a real descriptor
 set would move neither arm. What content DOES decide is accuracy,
 which this row does not measure and does not claim.

 descriptor match, 256-bit, ratio 0.8 -- OpenCV arm is CV_8U  [470x470 (pipeline scale -- DOES NOT DECIDE)]
 cv::cuda BFMatcher knnMatchAsync(k=2), CV_8U     0.045 ms  spread   31%  [kernel]  (launch floor 13% of it)
 bincv::cuda::matchDescriptors (ratio test INCLUDED)     0.010 ms  spread  151%  [kernel]  AT THE LAUNCH FLOOR
   ratio binCV/OpenCV, interleaved rounds: median 0.209x <- QUOTE THIS  (binCV  4.78x FASTER)
                                           geomean 0.218x   per-round range 0.163-0.508x (15 rounds)
   sign test over those paired rounds: 0 favour A, 15 favour B, 0 tied -- two-sided p = 6.1e-05
   separation (a FACT, not the verdict): the two arms' sample ranges are DISJOINT
   verdict: DIRECTION ESTABLISHED, and A RESULT
            ARM B is faster in 15 of 15 paired rounds -- NO ROUND CROSSED 1.00x, so the
            direction is established by the rounds themselves (two-sided sign-test
            p = 6.1e-05). Magnitude 1.97x to 6.13x, median 4.78x: the spread bounds
            HOW MUCH it wins by, not WHETHER it does (owner's ruling, 2026-09-19).
            A RESULT: the two arms are 4.78x apart on the MEDIAN per-round ratio,
            clearing the 3.11x it has to beat (the larger of: per-round swing 3.11x,
            run-to-run scatter NOT MEASURED on this host). Decided by measure_util.hpp's
            difference-against-spread rule, in FACTORS because a percentage of it
            depends on which arm is the denominator; range separation is not what
            decided it.
            That clears the WITHIN-RUN half of the rule only -- nobody has measured
            this host's run-to-run scatter, and the rule wants the larger of the two.
ROW,matcher_u8,470x470 (pipeline scale -- DOES NOT DECIDE),0.045261,0.045363,0.059238,0.008704,0.009574,0.023187,0.163110,0.209348,0.507707,1,15,0.217693,0,15,0,4.776744,3.112661,6.104e-05

 the same, OpenCV arm instantiated at CV_32S  [470x470 (pipeline scale -- DOES NOT DECIDE)]
 cv::cuda BFMatcher knnMatchAsync(k=2), CV_32S     0.044 ms  spread   65%  [kernel]  (launch floor 14% of it)
 bincv::cuda::matchDescriptors (ratio test INCLUDED)     0.010 ms  spread   20%  [kernel]  AT THE LAUNCH FLOOR
   ratio binCV/OpenCV, interleaved rounds: median 0.212x <- QUOTE THIS  (binCV  4.72x FASTER)
                                           geomean 0.206x   per-round range 0.145-0.243x (15 rounds)
   sign test over those paired rounds: 0 favour A, 15 favour B, 0 tied -- two-sided p = 6.1e-05
   separation (a FACT, not the verdict): the two arms' sample ranges are DISJOINT
   verdict: DIRECTION ESTABLISHED, and A RESULT
            ARM B is faster in 15 of 15 paired rounds -- NO ROUND CROSSED 1.00x, so the
            direction is established by the rounds themselves (two-sided sign-test
            p = 6.1e-05). Magnitude 4.12x to 6.91x, median 4.72x: the spread bounds
            HOW MUCH it wins by, not WHETHER it does (owner's ruling, 2026-09-19).
            A RESULT: the two arms are 4.72x apart on the MEDIAN per-round ratio,
            clearing the 1.68x it has to beat (the larger of: per-round swing 1.68x,
            run-to-run scatter NOT MEASURED on this host). Decided by measure_util.hpp's
            difference-against-spread rule, in FACTORS because a percentage of it
            depends on which arm is the denominator; range separation is not what
            decided it.
            That clears the WITHIN-RUN half of the rule only -- nobody has measured
            this host's run-to-run scatter, and the rule wants the larger of the two.
ROW,matcher_s32,470x470 (pipeline scale -- DOES NOT DECIDE),0.044083,0.044390,0.072851,0.008909,0.009674,0.010850,0.144777,0.211798,0.243012,1,15,0.206081,0,15,0,4.721491,1.678521,6.104e-05

 descriptor match, 256-bit, ratio 0.8 -- OpenCV arm is CV_8U  [5000x5000 (map scale -- the deciding row)]
 cv::cuda BFMatcher knnMatchAsync(k=2), CV_8U     2.030 ms  spread   12%  [kernel]  (launch floor 0% of it)
 bincv::cuda::matchDescriptors (ratio test INCLUDED)     0.210 ms  spread   27%  [kernel]  (launch floor 3% of it)
   ratio binCV/OpenCV, interleaved rounds: median 0.103x <- QUOTE THIS  (binCV  9.68x FASTER)
                                           geomean 0.105x   per-round range 0.096-0.134x (15 rounds)
   sign test over those paired rounds: 0 favour A, 15 favour B, 0 tied -- two-sided p = 6.1e-05
   separation (a FACT, not the verdict): the two arms' sample ranges are DISJOINT
   verdict: DIRECTION ESTABLISHED, and A RESULT
            ARM B is faster in 15 of 15 paired rounds -- NO ROUND CROSSED 1.00x, so the
            direction is established by the rounds themselves (two-sided sign-test
            p = 6.1e-05). Magnitude 7.45x to 10.46x, median 9.68x: the spread bounds
            HOW MUCH it wins by, not WHETHER it does (owner's ruling, 2026-09-19).
            A RESULT: the two arms are 9.68x apart on the MEDIAN per-round ratio,
            clearing the 1.40x it has to beat (the larger of: per-round swing 1.40x,
            run-to-run scatter NOT MEASURED on this host). Decided by measure_util.hpp's
            difference-against-spread rule, in FACTORS because a percentage of it
            depends on which arm is the denominator; range separation is not what
            decided it.
            That clears the WITHIN-RUN half of the rule only -- nobody has measured
            this host's run-to-run scatter, and the rule wants the larger of the two.
ROW,matcher_u8,5000x5000 (map scale -- the deciding row),1.959526,2.030163,2.196064,0.208896,0.209715,0.265011,0.095589,0.103293,0.134260,1,15,0.104691,0,15,0,9.681164,1.404554,6.104e-05

 the same, OpenCV arm instantiated at CV_32S  [5000x5000 (map scale -- the deciding row)]
 cv::cuda BFMatcher knnMatchAsync(k=2), CV_32S     2.024 ms  spread   12%  [kernel]  (launch floor 0% of it)
 bincv::cuda::matchDescriptors (ratio test INCLUDED)     0.211 ms  spread   28%  [kernel]  (launch floor 3% of it)
   ratio binCV/OpenCV, interleaved rounds: median 0.104x <- QUOTE THIS  (binCV  9.59x FASTER)
                                           geomean 0.107x   per-round range 0.097-0.135x (15 rounds)
   sign test over those paired rounds: 0 favour A, 15 favour B, 0 tied -- two-sided p = 6.1e-05
   separation (a FACT, not the verdict): the two arms' sample ranges are DISJOINT
   verdict: DIRECTION ESTABLISHED, and A RESULT
            ARM B is faster in 15 of 15 paired rounds -- NO ROUND CROSSED 1.00x, so the
            direction is established by the rounds themselves (two-sided sign-test
            p = 6.1e-05). Magnitude 7.41x to 10.36x, median 9.59x: the spread bounds
            HOW MUCH it wins by, not WHETHER it does (owner's ruling, 2026-09-19).
            A RESULT: the two arms are 9.59x apart on the MEDIAN per-round ratio,
            clearing the 1.40x it has to beat (the larger of: per-round swing 1.40x,
            run-to-run scatter NOT MEASURED on this host). Decided by measure_util.hpp's
            difference-against-spread rule, in FACTORS because a percentage of it
            depends on which arm is the denominator; range separation is not what
            decided it.
            That clears the WITHIN-RUN half of the rule only -- nobody has measured
            this host's run-to-run scatter, and the rule wants the larger of the two.
ROW,matcher_s32,5000x5000 (map scale -- the deciding row),1.942714,2.024422,2.180301,0.209453,0.210944,0.268493,0.096553,0.104245,0.134863,1,15,0.106806,0,15,0,9.592774,1.396769,6.104e-05

 descriptor matching working set (query + train + result)  [5000x5000]  -- METER 2 on BOTH sides (cudaMemGetInfo delta),
 each side over enough independent working sets that the meter's
 2.00 MB unit resolves, then divided by its own count.
   [meter 2] cv::cuda      384.00 MB over   48 sets =    8192.0 KB/frame  (192 units)
   [meter 2] binCV          46.00 MB over  128 sets =     368.0 KB/frame  (23 units)
   [meter 2] ROUNDING: one 2.00 MB unit is 16.0 KB/frame at 128 sets (4.35% of binCV's
             figure) and 42.7 KB/frame at 48 sets (0.52% of OpenCV's).
   ratio OpenCV/binCV = 22.261x  -- binCV is SMALLER by 22.261x.
   The OpenCV side is an UPPER BOUND: GpuMat pads its pitch, and any
   filter buffer or NPP scratch held past the call is inside this
   delta. binCV's side is cudaMalloc with nothing in between.
MEM,matcher,5000x5000,48234496,402653184,2097152,128,48
   A 256-bit descriptor is a 32-BYTE ROW and GpuMat pitches a
   row to a 512-byte multiple. That pitch is most of this
   reading, and it is a property of the container rather than
   of the matcher -- said here so the number is not read as a
   claim about the kernel.

=====================================================================
 15. CENSUS DENSE DISPARITY -- binCV's census entry vs
     cv::cuda::StereoBM, RE-TAKEN after the matcher changed
=====================================================================
 ROLE: 'a dense disparity map from a rectified wide-input pair,
 resident on device'. Section 7 runs the BINARY path, which is
 where this library's structural claim lives. This section runs the
 CENSUS path, which is the entry a wide-input caller meets first and
 where binCV has NO structural advantage -- census EXPANDS data,
 8 bits per pixel in and 24 out, and the layout that makes it fast
 is the conventional one-word-per-pixel descriptor.

 WHY RE-TAKEN. The packed census matcher was replaced this round by
 a warp-cooperative separable box arm, and the shipped report's
 census rows predate it. Three rows are printed: the matcher alone,
 the whole entry (two transforms plus the match, which is what a
 caller pays), and the arm's own off-switch ratio inside THIS
 protocol so the family's 2.4-2.5x is reproduced or contradicted
 here rather than quoted from another process.
 Both sides on one explicit stream: StereoBM calls
 cudaDeviceSynchronize() on the null stream in each of its three
 kernels.

 census MATCHER only, 64 disparities, 9x9, K=24  [752x480]
 cv::cuda::StereoBM(64, 9)                        0.695 ms  spread   21%  [kernel]  (launch floor 1% of it)
 bincv denseDisparityCensusPacked (warp-box arm)     0.363 ms  spread   19%  [kernel]  (launch floor 2% of it)
   ratio binCV/OpenCV, interleaved rounds: median 0.535x <- QUOTE THIS  (binCV  1.87x FASTER)
                                           geomean 0.554x   per-round range 0.493-0.668x (15 rounds)
   sign test over those paired rounds: 0 favour A, 15 favour B, 0 tied -- two-sided p = 6.1e-05
   separation (a FACT, not the verdict): the two arms' sample ranges are DISJOINT
   verdict: DIRECTION ESTABLISHED, and A RESULT
            ARM B is faster in 15 of 15 paired rounds -- NO ROUND CROSSED 1.00x, so the
            direction is established by the rounds themselves (two-sided sign-test
            p = 6.1e-05). Magnitude 1.50x to 2.03x, median 1.87x: the spread bounds
            HOW MUCH it wins by, not WHETHER it does (owner's ruling, 2026-09-19).
            A RESULT: the two arms are 1.87x apart on the MEDIAN per-round ratio,
            clearing the 1.35x it has to beat (the larger of: per-round swing 1.35x,
            run-to-run scatter NOT MEASURED on this host). Decided by measure_util.hpp's
            difference-against-spread rule, in FACTORS because a percentage of it
            depends on which arm is the denominator; range separation is not what
            decided it.
            That clears the WITHIN-RUN half of the rule only -- nobody has measured
            this host's run-to-run scatter, and the rule wants the larger of the two.
ROW,census_match,752x480,0.639258,0.695091,0.787949,0.359491,0.363110,0.427110,0.493496,0.535300,0.667654,1,15,0.553754,0,15,0,1.868111,1.352907,6.104e-05

 census ENTRY: two transforms + the match -- what a caller pays  [752x480]
 cv::cuda::StereoBM(64, 9)                        0.678 ms  spread   16%  [kernel]  (launch floor 1% of it)
 bincv censusTransformPacked x2 + denseDisparityCensusPacked     0.486 ms  spread   14%  [kernel]  (launch floor 1% of it)
   ratio binCV/OpenCV, interleaved rounds: median 0.723x <- QUOTE THIS  (binCV  1.38x FASTER)
                                           geomean 0.704x   per-round range 0.618-0.775x (15 rounds)
   sign test over those paired rounds: 0 favour A, 15 favour B, 0 tied -- two-sided p = 6.1e-05
   separation (a FACT, not the verdict): the two arms' sample ranges are DISJOINT
   verdict: DIRECTION ESTABLISHED, and A RESULT
            ARM B is faster in 15 of 15 paired rounds -- NO ROUND CROSSED 1.00x, so the
            direction is established by the rounds themselves (two-sided sign-test
            p = 6.1e-05). Magnitude 1.29x to 1.62x, median 1.38x: the spread bounds
            HOW MUCH it wins by, not WHETHER it does (owner's ruling, 2026-09-19).
            A RESULT: the two arms are 1.38x apart on the MEDIAN per-round ratio,
            clearing the 1.25x it has to beat (the larger of: per-round swing 1.25x,
            run-to-run scatter NOT MEASURED on this host). Decided by measure_util.hpp's
            difference-against-spread rule, in FACTORS because a percentage of it
            depends on which arm is the denominator; range separation is not what
            decided it.
            That clears the WITHIN-RUN half of the rule only -- nobody has measured
            this host's run-to-run scatter, and the rule wants the larger of the two.
ROW,census_entry,752x480,0.631789,0.678400,0.738816,0.443494,0.485587,0.513741,0.617794,0.722853,0.775146,1,15,0.704045,0,15,0,1.383406,1.254701,6.104e-05

 OFF-SWITCH, binCV to binCV: the shipped packed matcher against
 the warp-box arm that replaced it.
 reference arm (densePackedBoxEnabled = false)     0.961 ms  spread   10%  [kernel]  (launch floor 1% of it)
 warp-box arm (densePackedBoxEnabled = true)      0.367 ms  spread   19%  [kernel]  (launch floor 2% of it)
   ratio box/reference: median 0.378x <- QUOTE THIS  (box  2.65x faster)  geomean 0.394x  range 0.352-0.458x
   sign test over those paired rounds: 0 favour A, 15 favour B, 0 tied -- two-sided p = 6.1e-05
   separation (a FACT, not the verdict): the two arms' sample ranges are DISJOINT
   verdict: DIRECTION ESTABLISHED, and A RESULT
            ARM B is faster in 15 of 15 paired rounds -- NO ROUND CROSSED 1.00x, so the
            direction is established by the rounds themselves (two-sided sign-test
            p = 6.1e-05). Magnitude 2.19x to 2.84x, median 2.65x: the spread bounds
            HOW MUCH it wins by, not WHETHER it does (owner's ruling, 2026-09-19).
            A RESULT: the two arms are 2.65x apart on the MEDIAN per-round ratio,
            clearing the 1.30x it has to beat (the larger of: per-round swing 1.30x,
            run-to-run scatter NOT MEASURED on this host). Decided by measure_util.hpp's
            difference-against-spread rule, in FACTORS because a percentage of it
            depends on which arm is the denominator; range separation is not what
            decided it.
            That clears the WITHIN-RUN half of the rule only -- nobody has measured
            this host's run-to-run scatter, and the rule wants the larger of the two.
ROW,census_offswitch,752x480,0.927933,0.960717,1.025741,0.360346,0.367002,0.429558,0.351565,0.377740,0.457614,1,15,0.393904,0,15,0,2.647321,1.301649,6.104e-05

 census entry working set (two wide frames + two descriptor images + map) vs StereoBM's  [752x480]  -- METER 2 on BOTH sides (cudaMemGetInfo delta),
 each side over enough independent working sets that the meter's
 2.00 MB unit resolves, then divided by its own count.
   [meter 2] cv::cuda      192.00 MB over   64 sets =    3072.0 KB/frame  (96 units)
   [meter 2] binCV         282.00 MB over   64 sets =    4512.0 KB/frame  (141 units)
   [meter 2] ROUNDING: one 2.00 MB unit is 32.0 KB/frame at 64 sets (0.71% of binCV's
             figure) and 32.0 KB/frame at 64 sets (1.04% of OpenCV's).
   ratio OpenCV/binCV = 0.681x  -- OpenCV is SMALLER by 1.469x.
   The OpenCV side is an UPPER BOUND: GpuMat pads its pitch, and any
   filter buffer or NPP scratch held past the call is inside this
   delta. binCV's side is cudaMalloc with nothing in between.
MEM,census_entry,752x480,295698432,201326592,2097152,64,64
   SCOPE, and it is not a footnote: the census path is where binCV
   has no structural advantage. Whatever this row says, the
   library's claim lives in section 7's binary path.

=====================================================================
 14 and 16 -- SKIPPED: NO REAL SEQUENCE
=====================================================================
 Both the Lucas-Kanade role row and the sequence-level number are
 decided by corner density, and a synthetic frame is a different
 workload -- measured elsewhere in this project as a verdict that
 INVERTED between synthetic and real content. So neither is run
 on makeFrame's smoothed noise and neither is substituted.
 Point BINCV_CUDA_ROLE_FRAMES at a 752x480 8-bit BSQ1 blob with
 at least two frames (scripts/make_sequence_blob.py --mode 8bit).
SKIP,lk,no real sequence blob
SKIP,sequence,no real sequence blob

=====================================================================
 17. OUTSTANDING (ruling R2) -- round 2's ops with NO cv::cuda
     counterpart at any API level
=====================================================================
 Each of these ships on correctness, memory and the HOST comparison,
 with its SPEED verdict recorded OUTSTANDING. No substitute bar is
 invented and no CPU number is quoted as a GPU one.

 gradientCovarianceAsync / gradientCovarianceBatchAsync
     Neither cv::cuda nor cv:: computes a 2x2 gradient covariance at
     any API level. cornerHarris and createMinEigenValCorner compute
     a dense float RESPONSE THROUGH one -- that is the bar for a
     composed corner op, which section 11 runs, and it is not a bar
     for the covariance itself.

 cornerSubPixAsync
     No cv::cuda counterpart in any module. Decided instead by its
     own round-trip inequality, which its author reports it MISSES.

 goodFeaturesToTrack's DEVICE-RESIDENT SPACING
     Section 10 times the whole op against OpenCV's. The residency
     itself -- a greedy min-distance filter that never leaves the
     device -- has no counterpart to be timed against, because
     OpenCV's runs on the host by construction.

 keypointsFromCorners
     Tier 3. OpenCV does not have the problem: its detectors already
     hand back float2, so there is nothing to convert and nothing to
     compare.

 keypointOrientation (all three arms)
     cv::cuda::ORB runs IC_Angle inside its keypoint pass and exposes
     no entry point that orients provided keypoints. Section 12 says
     so at the number.

 derivativeX / derivativeY / derivativeXY over TERNARY planes
     Section 11's inputs. cv::cuda::createDerivFilter is the nearest
     denominator and the derivcov family times it; both arms sit ON
     the launch floor there, so that ratio is a lower bound on the
     gap and says nothing about binCV's kernel.

 ROUND 3'S ADDITIONS TO THIS LIST.

 stereoDescriptorMatch / stereoRefineDisparity /
 stereoMatchRectified
     Sparse rectified stereo by descriptor match and a one-bit
     window refinement. cv::cuda ships dense block matchers
     (StereoBM, StereoBeliefPropagation, StereoConstantSpaceBP)
     and no SPARSE stereo at any API level -- a dense map for
     500 keypoints is a different operation, not a slower
     spelling of this one. Priced instead against binCV's OWN
     device dense path, which is a binCV-to-binCV bar and lives
     in cuda_sparse_benchmark. SPEED VERDICT: OUTSTANDING.

 calcOpticalFlowBlockMatch
     Pyramidal tracking by integer Hamming block matching. The
     nearest cv::cuda call is SparsePyrLKOpticalFlow, which solves
     a different equation -- and it is already section 14's bar
     for the op that DOES solve the same one. Quoting it twice
     would make one denominator answer two questions. SPEED
     VERDICT: OUTSTANDING; the role row that exists is the
     sparse family's own, stated as a role comparison there.

 matchDescriptorsGated
     Section 13 prices the UNGATED matcher, which is the one with
     a counterpart. The gate changes the ADMITTED SET, and
     cv::cuda::DescriptorMatcher has no mask that reproduces it,
     so the gated form has no bar. SPEED VERDICT: OUTSTANDING.

 the RANSAC geometry stage
     NOT an outstanding row and must not be filed as one. OpenCV
     has no cv::cuda essential-matrix estimator, but it DOES ship
     a GPU RANSAC (cv::cuda::solvePnPRansac, cudalegacy) whose
     shape is the finding: it keeps the solver on the host and
     moves only scoring. binCV's own measurement came out the
     same way and the stage stays on the host. There is nothing
     here to ship and therefore nothing to leave outstanding.
OUTSTANDING,covariance
OUTSTANDING,cornerSubPixAsync
OUTSTANDING,gftt_device_spacing
OUTSTANDING,keypointsFromCorners
OUTSTANDING,keypointOrientation
OUTSTANDING,stereoDescriptorMatch
OUTSTANDING,stereoRefineDisparity
OUTSTANDING,stereoMatchRectified
OUTSTANDING,calcOpticalFlowBlockMatch
OUTSTANDING,matchDescriptorsGated

=====================================================================
 END. One run is NOT a number on this host: aggregate the ROW lines
 across at least seven independent processes before quoting anything.
=====================================================================
### run 3
=======================================================================
 CUDA ROLE COMPARISONS -- every cv::cuda bar, one process, one protocol
=======================================================================
 device: NVIDIA GeForce RTX 3070 Ti (sm_86, 48 SMs, 608 GB/s peak)
 OpenCV 4.5.4
 frames: 752x480 (the reference geometry, where every written bar was
 set) and 1920x1080 (carried because several of these ops sit ON the
 launch floor at the reference size, where a ratio between two arms is
 a ratio between two launches).

 ORIENTATION: every ratio below is binCV / OpenCV. Under 1.000x is
 binCV ahead. Arm A is OpenCV, arm B is binCV, in every pair.

 LAUNCH FLOOR (empty kernel, same protocol)      0.0058 ms  spread   34%  [kernel]
   Every kernel-resident number below sits on top of this. An arm within
   a few multiples of it is reporting launch overhead, not its own work,
   and a RATIO between two such arms is reporting almost none of either.
   The spread is part of the answer, not a blemish on it: under WSL2 a
   launch costs what it costs plus whatever the host was doing.
FLOOR,0.005274,0.005786,0.007250

 Driver meter step, measured in this run: 2.00 MB. Every memory
 reading below is taken over 256 working sets for that reason.

=====================================================================
 1. THRESHOLD -- binCV cuda::threshold vs cv::cuda::threshold
=====================================================================
 ROLE: 'turn a wide frame into a per-pixel above/below map on device'.
 Both sides are ONE launch. They differ in what they emit: OpenCV
 writes one BYTE per pixel (CV_8UC1, THRESH_BINARY), binCV writes one
 BIT. That difference is the whole point of the library and it is
 stated at the number rather than folded into it -- the outputs are
 not the same array, so this is a role comparison, not an equality.

 threshold, uint8 -> above/below map  [752x480]
 cv::cuda::threshold -> CV_8U                     0.008 ms  spread   35%  [kernel]  AT THE LAUNCH FLOOR
 bincv::cuda::threshold -> bits                   0.008 ms  spread  276%  [kernel]  AT THE LAUNCH FLOOR
   ratio binCV/OpenCV, interleaved rounds: median 0.972x <- QUOTE THIS  (binCV  1.03x FASTER)
                                           geomean 1.155x   per-round range 0.740-3.571x (15 rounds)
   sign test over those paired rounds: 6 favour A, 9 favour B, 0 tied -- two-sided p = 0.607
   separation (a FACT, not the verdict): the two arms' sample ranges OVERLAP
   verdict: NULL RESULT, which is a result
            NULL on the magnitude: the two arms are 1.03x apart on the MEDIAN per-round ratio,
            short of the 4.82x it has to beat (the larger of: per-round swing 4.82x,
            run-to-run scatter NOT MEASURED on this host). Decided by measure_util.hpp's
            difference-against-spread rule, in FACTORS because a percentage of it
            depends on which arm is the denominator; range separation is not what
            decided it.
ROW,threshold,752x480,0.007525,0.008326,0.010440,0.006766,0.008334,0.029730,0.740013,0.971893,3.570522,0,15,1.155443,6,9,0,1.028920,4.824944,0.6072
   host-enqueue probe (no sync, wall clock per call):
     cv::cuda::threshold                          0.0267 ms enqueue vs  0.0083 ms event  -> DISPATCH-BOUND: the event bracket is timing the API call
     bincv::cuda::threshold                       0.0266 ms enqueue vs  0.0083 ms event  -> DISPATCH-BOUND: the event bracket is timing the API call
ENQ,threshold,752x480,0.026675,0.008326,0.026641,0.008334

 threshold, uint8 -> above/below map  [1920x1080]
 cv::cuda::threshold -> CV_8U                     0.011 ms  spread  146%  [kernel]  AT THE LAUNCH FLOOR
 bincv::cuda::threshold -> bits                   0.011 ms  spread  123%  [kernel]  AT THE LAUNCH FLOOR
   ratio binCV/OpenCV, interleaved rounds: median 1.040x <- QUOTE THIS  (binCV  0.96x SLOWER)
                                           geomean 1.014x   per-round range 0.838-1.127x (15 rounds)
   sign test over those paired rounds: 10 favour A, 5 favour B, 0 tied -- two-sided p = 0.302
   separation (a FACT, not the verdict): the two arms' sample ranges OVERLAP
   verdict: NULL RESULT, which is a result
            NULL on the magnitude: the two arms are 1.04x apart on the MEDIAN per-round ratio,
            short of the 1.35x it has to beat (the larger of: per-round swing 1.35x,
            run-to-run scatter NOT MEASURED on this host). Decided by measure_util.hpp's
            difference-against-spread rule, in FACTORS because a percentage of it
            depends on which arm is the denominator; range separation is not what
            decided it.
ROW,threshold,1920x1080,0.010219,0.011336,0.026773,0.010512,0.011478,0.024598,0.837583,1.039870,1.126977,0,15,1.013811,10,5,0,1.039870,1.345511,0.3018
   host-enqueue probe (no sync, wall clock per call):
     cv::cuda::threshold                          0.0044 ms enqueue vs  0.0113 ms event  -> kernel-bound: the host feeds the device faster than it drains
     bincv::cuda::threshold                       0.0050 ms enqueue vs  0.0115 ms event  -> MIXED: host dispatch is a large share of the bracket
ENQ,threshold,1920x1080,0.004403,0.011336,0.005015,0.011478

 threshold, uint8 -> above/below map  [3840x2160]
 cv::cuda::threshold -> CV_8U                     0.036 ms  spread   57%  [kernel]  (launch floor 16% of it)
 bincv::cuda::threshold -> bits                   0.025 ms  spread   99%  [kernel]  (launch floor 23% of it)
   ratio binCV/OpenCV, interleaved rounds: median 0.700x <- QUOTE THIS  (binCV  1.43x FASTER)
                                           geomean 0.747x   per-round range 0.446-1.420x (15 rounds)
   sign test over those paired rounds: 2 favour A, 13 favour B, 0 tied -- two-sided p = 0.00739
   separation (a FACT, not the verdict): the two arms' sample ranges OVERLAP
   verdict: NULL RESULT, which is a result
            NULL on the magnitude: the two arms are 1.43x apart on the MEDIAN per-round ratio,
            short of the 3.18x it has to beat (the larger of: per-round swing 3.18x,
            run-to-run scatter NOT MEASURED on this host). Decided by measure_util.hpp's
            difference-against-spread rule, in FACTORS because a percentage of it
            depends on which arm is the denominator; range separation is not what
            decided it.
ROW,threshold,3840x2160,0.035205,0.036194,0.055891,0.024926,0.025282,0.049986,0.446496,0.700379,1.419852,0,15,0.746866,2,13,0,1.427799,3.179987,0.007385
   host-enqueue probe (no sync, wall clock per call):
     cv::cuda::threshold                          0.0051 ms enqueue vs  0.0362 ms event  -> kernel-bound: the host feeds the device faster than it drains
     bincv::cuda::threshold                       0.0051 ms enqueue vs  0.0253 ms event  -> kernel-bound: the host feeds the device faster than it drains
ENQ,threshold,3840x2160,0.005106,0.036194,0.005132,0.025282

 threshold working set (src + dst)  [752x480]  -- METER 2 on BOTH sides (cudaMemGetInfo delta),
 each side over enough independent working sets that the meter's
 2.00 MB unit resolves, then divided by its own count.
   [meter 2] cv::cuda      256.00 MB over  256 sets =    1024.0 KB/frame  (128 units)
   [meter 2] binCV         104.00 MB over  256 sets =     416.0 KB/frame  (52 units)
   [meter 2] ROUNDING: one 2.00 MB unit is 8.0 KB/frame at 256 sets (1.92% of binCV's
             figure) and 8.0 KB/frame at 256 sets (0.78% of OpenCV's).
   ratio OpenCV/binCV = 2.462x  -- binCV is SMALLER by 2.462x.
   The OpenCV side is an UPPER BOUND: GpuMat pads its pitch, and any
   filter buffer or NPP scratch held past the call is inside this
   delta. binCV's side is cudaMalloc with nothing in between.
MEM,threshold,752x480,109051904,268435456,2097152,256,256

=====================================================================
 2. MORPHOLOGY -- binCV cuda::erode / morphologyEx vs
    cv::cuda::createMorphologyFilter (cudafilters, NPP-backed)
=====================================================================
 ROLE: 'erode / open a binary-valued image on device'. OpenCV's
 operand is CV_8UC1 with values 0 and 255; binCV's is one bit per
 pixel. Same operation, same element, same border, different
 representation -- which is the comparison this library exists to
 make. The filter object is built ONCE outside the timed region on
 both sides, as a caller would; only apply() is timed.
 BORDER: cv::cuda's morphology filter is BORDER_CONSTANT only, so
 binCV runs BORDER_CONSTANT here too -- the four border types binCV
 makes word-parallel have no counterpart on this side to be timed
 against, and are priced in cuda_window_benchmark instead.

 erode, rect 3x3  [752x480]
 cv::cuda morphology filter -> CV_8U              0.087 ms  spread   54%  [kernel]  (launch floor 7% of it)
 bincv::cuda -> bits                              0.007 ms  spread   54%  [kernel]  AT THE LAUNCH FLOOR
   ratio binCV/OpenCV, interleaved rounds: median 0.086x <- QUOTE THIS  (binCV 11.68x FASTER)
                                           geomean 0.085x   per-round range 0.057-0.133x (15 rounds)
   sign test over those paired rounds: 0 favour A, 15 favour B, 0 tied -- two-sided p = 6.1e-05
   separation (a FACT, not the verdict): the two arms' sample ranges are DISJOINT
   verdict: DIRECTION ESTABLISHED, and A RESULT
            ARM B is faster in 15 of 15 paired rounds -- NO ROUND CROSSED 1.00x, so the
            direction is established by the rounds themselves (two-sided sign-test
            p = 6.1e-05). Magnitude 7.52x to 17.45x, median 11.68x: the spread bounds
            HOW MUCH it wins by, not WHETHER it does (owner's ruling, 2026-09-19).
            A RESULT: the two arms are 11.68x apart on the MEDIAN per-round ratio,
            clearing the 2.32x it has to beat (the larger of: per-round swing 2.32x,
            run-to-run scatter NOT MEASURED on this host). Decided by measure_util.hpp's
            difference-against-spread rule, in FACTORS because a percentage of it
            depends on which arm is the denominator; range separation is not what
            decided it.
            That clears the WITHIN-RUN half of the rule only -- nobody has measured
            this host's run-to-run scatter, and the rule wants the larger of the two.
ROW,morph_erode_rect3,752x480,0.080451,0.087054,0.127707,0.007022,0.007398,0.011051,0.057294,0.085598,0.132911,1,15,0.084898,0,15,0,11.682484,2.319829,6.104e-05
   host-enqueue probe (no sync, wall clock per call):
     cv::cuda morphology filter                   0.0803 ms enqueue vs  0.0871 ms event  -> DISPATCH-BOUND: the event bracket is timing the API call
     bincv::cuda                                  0.0044 ms enqueue vs  0.0074 ms event  -> MIXED: host dispatch is a large share of the bracket
ENQ,morph_erode_rect3,752x480,0.080260,0.087054,0.004384,0.007398
   single-call GPU time (device drained either side -- separates the
   kernel from the API for a dispatch-bound arm):
     cv::cuda morphology filter                   0.0751 ms solo vs  0.0871 ms batched
     bincv::cuda                                  0.0051 ms solo vs  0.0074 ms batched
SOLO,morph_erode_rect3,752x480,0.075072,0.087054,0.005120,0.007398

 morphologyEx OPEN, rect 3x3  [752x480]
 cv::cuda morphology filter -> CV_8U              0.201 ms  spread   38%  [kernel]  (launch floor 3% of it)
 bincv::cuda -> bits                              0.014 ms  spread  426%  [kernel]  (launch floor 40% of it)
   ratio binCV/OpenCV, interleaved rounds: median 0.076x <- QUOTE THIS  (binCV 13.16x FASTER)
                                           geomean 0.096x   per-round range 0.060-0.313x (15 rounds)
   sign test over those paired rounds: 0 favour A, 15 favour B, 0 tied -- two-sided p = 6.1e-05
   separation (a FACT, not the verdict): the two arms' sample ranges are DISJOINT
   verdict: DIRECTION ESTABLISHED, and A RESULT
            ARM B is faster in 15 of 15 paired rounds -- NO ROUND CROSSED 1.00x, so the
            direction is established by the rounds themselves (two-sided sign-test
            p = 6.1e-05). Magnitude 3.19x to 16.76x, median 13.16x: the spread bounds
            HOW MUCH it wins by, not WHETHER it does (owner's ruling, 2026-09-19).
            A RESULT: the two arms are 13.16x apart on the MEDIAN per-round ratio,
            clearing the 5.25x it has to beat (the larger of: per-round swing 5.25x,
            run-to-run scatter NOT MEASURED on this host). Decided by measure_util.hpp's
            difference-against-spread rule, in FACTORS because a percentage of it
            depends on which arm is the denominator; range separation is not what
            decided it.
            That clears the WITHIN-RUN half of the rule only -- nobody has measured
            this host's run-to-run scatter, and the rule wants the larger of the two.
ROW,morph_open_rect3,752x480,0.159562,0.201430,0.236920,0.012835,0.014406,0.074254,0.059653,0.075974,0.313415,1,15,0.095768,0,15,0,13.162435,5.253953,6.104e-05
   host-enqueue probe (no sync, wall clock per call):
     cv::cuda morphology filter                   0.1788 ms enqueue vs  0.2014 ms event  -> DISPATCH-BOUND: the event bracket is timing the API call
     bincv::cuda                                  0.0106 ms enqueue vs  0.0144 ms event  -> MIXED: host dispatch is a large share of the bracket
ENQ,morph_open_rect3,752x480,0.178773,0.201430,0.010623,0.014406
   single-call GPU time (device drained either side -- separates the
   kernel from the API for a dispatch-bound arm):
     cv::cuda morphology filter                   0.1712 ms solo vs  0.2014 ms batched
     bincv::cuda                                  0.0625 ms solo vs  0.0144 ms batched
SOLO,morph_open_rect3,752x480,0.171200,0.201430,0.062464,0.014406

 erode, ellipse 5x5  [752x480]
 cv::cuda morphology filter -> CV_8U              0.133 ms  spread   38%  [kernel]  (launch floor 4% of it)
 bincv::cuda -> bits                              0.011 ms  spread  195%  [kernel]  AT THE LAUNCH FLOOR
   ratio binCV/OpenCV, interleaved rounds: median 0.081x <- QUOTE THIS  (binCV 12.36x FASTER)
                                           geomean 0.086x   per-round range 0.059-0.210x (15 rounds)
   sign test over those paired rounds: 0 favour A, 15 favour B, 0 tied -- two-sided p = 6.1e-05
   separation (a FACT, not the verdict): the two arms' sample ranges are DISJOINT
   verdict: DIRECTION ESTABLISHED, and A RESULT
            ARM B is faster in 15 of 15 paired rounds -- NO ROUND CROSSED 1.00x, so the
            direction is established by the rounds themselves (two-sided sign-test
            p = 6.1e-05). Magnitude 4.76x to 17.01x, median 12.36x: the spread bounds
            HOW MUCH it wins by, not WHETHER it does (owner's ruling, 2026-09-19).
            A RESULT: the two arms are 12.36x apart on the MEDIAN per-round ratio,
            clearing the 3.57x it has to beat (the larger of: per-round swing 3.57x,
            run-to-run scatter NOT MEASURED on this host). Decided by measure_util.hpp's
            difference-against-spread rule, in FACTORS because a percentage of it
            depends on which arm is the denominator; range separation is not what
            decided it.
            That clears the WITHIN-RUN half of the rule only -- nobody has measured
            this host's run-to-run scatter, and the rule wants the larger of the two.
ROW,morph_erode_ell5,752x480,0.122869,0.132701,0.173082,0.008686,0.010632,0.029442,0.058773,0.080924,0.210016,1,15,0.086457,0,15,0,12.357271,3.573371,6.104e-05
   host-enqueue probe (no sync, wall clock per call):
     cv::cuda morphology filter                   0.1281 ms enqueue vs  0.1327 ms event  -> DISPATCH-BOUND: the event bracket is timing the API call
     bincv::cuda                                  0.0043 ms enqueue vs  0.0106 ms event  -> MIXED: host dispatch is a large share of the bracket
ENQ,morph_erode_ell5,752x480,0.128051,0.132701,0.004264,0.010632
   single-call GPU time (device drained either side -- separates the
   kernel from the API for a dispatch-bound arm):
     cv::cuda morphology filter                   0.1761 ms solo vs  0.1327 ms batched
     bincv::cuda                                  0.0072 ms solo vs  0.0106 ms batched
SOLO,morph_erode_ell5,752x480,0.176128,0.132701,0.007168,0.010632

 erode, rect 3x3  [1920x1080]
 cv::cuda morphology filter -> CV_8U              0.118 ms  spread   55%  [kernel]  (launch floor 5% of it)
 bincv::cuda -> bits                              0.009 ms  spread   86%  [kernel]  AT THE LAUNCH FLOOR
   ratio binCV/OpenCV, interleaved rounds: median 0.077x <- QUOTE THIS  (binCV 13.07x FASTER)
                                           geomean 0.080x   per-round range 0.054-0.140x (15 rounds)
   sign test over those paired rounds: 0 favour A, 15 favour B, 0 tied -- two-sided p = 6.1e-05
   separation (a FACT, not the verdict): the two arms' sample ranges are DISJOINT
   verdict: DIRECTION ESTABLISHED, and A RESULT
            ARM B is faster in 15 of 15 paired rounds -- NO ROUND CROSSED 1.00x, so the
            direction is established by the rounds themselves (two-sided sign-test
            p = 6.1e-05). Magnitude 7.13x to 18.59x, median 13.07x: the spread bounds
            HOW MUCH it wins by, not WHETHER it does (owner's ruling, 2026-09-19).
            A RESULT: the two arms are 13.07x apart on the MEDIAN per-round ratio,
            clearing the 2.61x it has to beat (the larger of: per-round swing 2.61x,
            run-to-run scatter NOT MEASURED on this host). Decided by measure_util.hpp's
            difference-against-spread rule, in FACTORS because a percentage of it
            depends on which arm is the denominator; range separation is not what
            decided it.
            That clears the WITHIN-RUN half of the rule only -- nobody has measured
            this host's run-to-run scatter, and the rule wants the larger of the two.
ROW,morph_erode_rect3,1920x1080,0.107906,0.118085,0.173400,0.008506,0.009384,0.016568,0.053778,0.076509,0.140306,1,15,0.080305,0,15,0,13.070353,2.608981,6.104e-05
   host-enqueue probe (no sync, wall clock per call):
     cv::cuda morphology filter                   0.1217 ms enqueue vs  0.1181 ms event  -> DISPATCH-BOUND: the event bracket is timing the API call
     bincv::cuda                                  0.0060 ms enqueue vs  0.0094 ms event  -> MIXED: host dispatch is a large share of the bracket
ENQ,morph_erode_rect3,1920x1080,0.121742,0.118085,0.005977,0.009384
   single-call GPU time (device drained either side -- separates the
   kernel from the API for a dispatch-bound arm):
     cv::cuda morphology filter                   0.1148 ms solo vs  0.1181 ms batched
     bincv::cuda                                  0.0072 ms solo vs  0.0094 ms batched
SOLO,morph_erode_rect3,1920x1080,0.114816,0.118085,0.007168,0.009384

 morphologyEx OPEN, rect 3x3  [1920x1080]
 cv::cuda morphology filter -> CV_8U              0.260 ms  spread   16%  [kernel]  (launch floor 2% of it)
 bincv::cuda -> bits                              0.020 ms  spread  161%  [kernel]  (launch floor 29% of it)
   ratio binCV/OpenCV, interleaved rounds: median 0.076x <- QUOTE THIS  (binCV 13.21x FASTER)
                                           geomean 0.083x   per-round range 0.061-0.188x (15 rounds)
   sign test over those paired rounds: 0 favour A, 15 favour B, 0 tied -- two-sided p = 6.1e-05
   separation (a FACT, not the verdict): the two arms' sample ranges are DISJOINT
   verdict: DIRECTION ESTABLISHED, and A RESULT
            ARM B is faster in 15 of 15 paired rounds -- NO ROUND CROSSED 1.00x, so the
            direction is established by the rounds themselves (two-sided sign-test
            p = 6.1e-05). Magnitude 5.32x to 16.50x, median 13.21x: the spread bounds
            HOW MUCH it wins by, not WHETHER it does (owner's ruling, 2026-09-19).
            A RESULT: the two arms are 13.21x apart on the MEDIAN per-round ratio,
            clearing the 3.10x it has to beat (the larger of: per-round swing 3.10x,
            run-to-run scatter NOT MEASURED on this host). Decided by measure_util.hpp's
            difference-against-spread rule, in FACTORS because a percentage of it
            depends on which arm is the denominator; range separation is not what
            decided it.
            That clears the WITHIN-RUN half of the rule only -- nobody has measured
            this host's run-to-run scatter, and the rule wants the larger of the two.
ROW,morph_open_rect3,1920x1080,0.235387,0.259506,0.276579,0.015758,0.020072,0.048021,0.060608,0.075719,0.188049,1,15,0.082666,0,15,0,13.206775,3.102723,6.104e-05
   host-enqueue probe (no sync, wall clock per call):
     cv::cuda morphology filter                   0.2526 ms enqueue vs  0.2595 ms event  -> DISPATCH-BOUND: the event bracket is timing the API call
     bincv::cuda                                  0.0085 ms enqueue vs  0.0201 ms event  -> MIXED: host dispatch is a large share of the bracket
ENQ,morph_open_rect3,1920x1080,0.252627,0.259506,0.008496,0.020072
   single-call GPU time (device drained either side -- separates the
   kernel from the API for a dispatch-bound arm):
     cv::cuda morphology filter                   0.2222 ms solo vs  0.2595 ms batched
     bincv::cuda                                  0.0133 ms solo vs  0.0201 ms batched
SOLO,morph_open_rect3,1920x1080,0.222176,0.259506,0.013312,0.020072

 erode, ellipse 5x5  [1920x1080]
 cv::cuda morphology filter -> CV_8U              0.306 ms  spread   16%  [kernel]  (launch floor 2% of it)
 bincv::cuda -> bits                              0.013 ms  spread   43%  [kernel]  (launch floor 44% of it)
   ratio binCV/OpenCV, interleaved rounds: median 0.042x <- QUOTE THIS  (binCV 23.55x FASTER)
                                           geomean 0.046x   per-round range 0.039-0.064x (15 rounds)
   sign test over those paired rounds: 0 favour A, 15 favour B, 0 tied -- two-sided p = 6.1e-05
   separation (a FACT, not the verdict): the two arms' sample ranges are DISJOINT
   verdict: DIRECTION ESTABLISHED, and A RESULT
            ARM B is faster in 15 of 15 paired rounds -- NO ROUND CROSSED 1.00x, so the
            direction is established by the rounds themselves (two-sided sign-test
            p = 6.1e-05). Magnitude 15.51x to 25.56x, median 23.55x: the spread bounds
            HOW MUCH it wins by, not WHETHER it does (owner's ruling, 2026-09-19).
            A RESULT: the two arms are 23.55x apart on the MEDIAN per-round ratio,
            clearing the 1.65x it has to beat (the larger of: per-round swing 1.65x,
            run-to-run scatter NOT MEASURED on this host). Decided by measure_util.hpp's
            difference-against-spread rule, in FACTORS because a percentage of it
            depends on which arm is the denominator; range separation is not what
            decided it.
            That clears the WITHIN-RUN half of the rule only -- nobody has measured
            this host's run-to-run scatter, and the rule wants the larger of the two.
ROW,morph_erode_ell5,1920x1080,0.284171,0.305891,0.333322,0.012736,0.013030,0.018317,0.039121,0.042463,0.064457,1,15,0.045580,0,15,0,23.550137,1.647614,6.104e-05
   host-enqueue probe (no sync, wall clock per call):
     cv::cuda morphology filter                   0.3077 ms enqueue vs  0.3059 ms event  -> DISPATCH-BOUND: the event bracket is timing the API call
     bincv::cuda                                  0.0051 ms enqueue vs  0.0130 ms event  -> kernel-bound: the host feeds the device faster than it drains
ENQ,morph_erode_ell5,1920x1080,0.307658,0.305891,0.005058,0.013030
   single-call GPU time (device drained either side -- separates the
   kernel from the API for a dispatch-bound arm):
     cv::cuda morphology filter                   0.2784 ms solo vs  0.3059 ms batched
     bincv::cuda                                  0.0113 ms solo vs  0.0130 ms batched
SOLO,morph_erode_ell5,1920x1080,0.278368,0.305891,0.011264,0.013030

 erode working set (src + dst + any filter buffer)  [752x480]  -- METER 2 on BOTH sides (cudaMemGetInfo delta),
 each side over enough independent working sets that the meter's
 2.00 MB unit resolves, then divided by its own count.
   [meter 2] cv::cuda      384.00 MB over  256 sets =    1536.0 KB/frame  (192 units)
   [meter 2] binCV          24.00 MB over  256 sets =      96.0 KB/frame  (12 units)
   [meter 2] ROUNDING: one 2.00 MB unit is 8.0 KB/frame at 256 sets (8.33% of binCV's
             figure) and 8.0 KB/frame at 256 sets (0.52% of OpenCV's).
   ratio OpenCV/binCV = 16.000x  -- binCV is SMALLER by 16.000x.
   The OpenCV side is an UPPER BOUND: GpuMat pads its pitch, and any
   filter buffer or NPP scratch held past the call is inside this
   delta. binCV's side is cudaMalloc with nothing in between.
MEM,morph_erode_rect3,752x480,25165824,402653184,2097152,256,256

=====================================================================
 3. MEDIAN (WIDE) -- binCV cuda::medianWide vs
    cv::cuda::createMedianFilter(CV_8UC1, ksize)
=====================================================================
 ROLE ONLY, and the asymmetry is stated first because it is large:
 cv::cuda::createMedianFilter is a 3x3 (or 5x5) SQUARE median with a
 replicated border. binCV's kMedianReferenceL is a 3-sample L and
 kMedianReferencePlus is a 5-sample plus, both with a ZERO border.
 These produce DIFFERENT IMAGES. Neither is an oracle for the other
 and no correctness claim is made across this row -- binCV's
 correctness is closed against its own host twin by the test suite.
 What this prices is the ROLE: 'median-filter a resident 8-bit frame
 on the device'. Part of binCV's advantage here is that its operation
 is CHEAPER (3 or 5 samples against 9), which is the algorithm's win
 and NOT the representation's -- medianWide has no packed advantage
 and its own header says so. The K=9 row below is the closest
 sample-count match to a 3x3 square and is the fairest single row.
 MEMORY IS PARITY BY CONSTRUCTION: one byte per pixel in, one out,
 on both sides. Any difference in the meter is GpuMat's pitch
 padding, not a representation win, and it is labelled as such.

 median, 9 samples each (the sample-count match), BOTH on an explicit stream  [752x480]
 cv::cuda median 3x3 square                       5.724 ms  spread    4%  [kernel]  (launch floor 0% of it)
 bincv::cuda medianWide K=9                       0.022 ms  spread  170%  [kernel]  (launch floor 26% of it)
   ratio binCV/OpenCV, interleaved rounds: median 0.004x <- QUOTE THIS  (binCV 256.50x FASTER)
                                           geomean 0.004x   per-round range 0.003-0.009x (15 rounds)
   sign test over those paired rounds: 0 favour A, 15 favour B, 0 tied -- two-sided p = 6.1e-05
   separation (a FACT, not the verdict): the two arms' sample ranges are DISJOINT
   verdict: DIRECTION ESTABLISHED, and A RESULT
            ARM B is faster in 15 of 15 paired rounds -- NO ROUND CROSSED 1.00x, so the
            direction is established by the rounds themselves (two-sided sign-test
            p = 6.1e-05). Magnitude 108.77x to 391.97x, median 256.50x: the spread bounds
            HOW MUCH it wins by, not WHETHER it does (owner's ruling, 2026-09-19).
            A RESULT: the two arms are 256.50x apart on the MEDIAN per-round ratio,
            clearing the 3.60x it has to beat (the larger of: per-round swing 3.60x,
            run-to-run scatter NOT MEASURED on this host). Decided by measure_util.hpp's
            difference-against-spread rule, in FACTORS because a percentage of it
            depends on which arm is the denominator; range separation is not what
            decided it.
            That clears the WITHIN-RUN half of the rule only -- nobody has measured
            this host's run-to-run scatter, and the rule wants the larger of the two.
ROW,median_k9,752x480,5.569741,5.724314,5.817306,0.014336,0.022323,0.052205,0.002551,0.003899,0.009193,1,15,0.003873,0,15,0,256.495412,3.603562,6.104e-05
   host-enqueue probe (no sync, wall clock per call):
     cv::cuda median 3x3                          0.0302 ms enqueue vs  5.7243 ms event  -> kernel-bound: the host feeds the device faster than it drains
     bincv::cuda medianWide K=9                   0.0039 ms enqueue vs  0.0223 ms event  -> kernel-bound: the host feeds the device faster than it drains
ENQ,median_k9,752x480,0.030220,5.724314,0.003922,0.022323

 median, OpenCV 9 samples vs binCV 3 (the shipped L)  [752x480]
 cv::cuda median 3x3 square                       5.651 ms  spread    4%  [kernel]  (launch floor 0% of it)
 bincv::cuda medianWide K=3 L                     0.007 ms  spread  632%  [kernel]  AT THE LAUNCH FLOOR
   ratio binCV/OpenCV, interleaved rounds: median 0.001x <- QUOTE THIS  (binCV 817.18x FASTER)
                                           geomean 0.002x   per-round range 0.001-0.009x (15 rounds)
   sign test over those paired rounds: 0 favour A, 15 favour B, 0 tied -- two-sided p = 6.1e-05
   separation (a FACT, not the verdict): the two arms' sample ranges are DISJOINT
   verdict: DIRECTION ESTABLISHED, and A RESULT
            ARM B is faster in 15 of 15 paired rounds -- NO ROUND CROSSED 1.00x, so the
            direction is established by the rounds themselves (two-sided sign-test
            p = 6.1e-05). Magnitude 116.40x to 1140.29x, median 817.18x: the spread bounds
            HOW MUCH it wins by, not WHETHER it does (owner's ruling, 2026-09-19).
            A RESULT: the two arms are 817.18x apart on the MEDIAN per-round ratio,
            clearing the 9.80x it has to beat (the larger of: per-round swing 9.80x,
            run-to-run scatter NOT MEASURED on this host). Decided by measure_util.hpp's
            difference-against-spread rule, in FACTORS because a percentage of it
            depends on which arm is the denominator; range separation is not what
            decided it.
            That clears the WITHIN-RUN half of the rule only -- nobody has measured
            this host's run-to-run scatter, and the rule wants the larger of the two.
ROW,median_k3L,752x480,5.562157,5.650592,5.762663,0.004915,0.006963,0.048922,0.000877,0.001224,0.008591,1,15,0.001694,0,15,0,817.175557,9.796689,6.104e-05

 median, OpenCV 9 samples vs binCV 5 (the plus)  [752x480]
 cv::cuda median 3x3 square                       5.663 ms  spread    3%  [kernel]  (launch floor 0% of it)
 bincv::cuda medianWide K=5 plus                  0.010 ms  spread   89%  [kernel]  AT THE LAUNCH FLOOR
   ratio binCV/OpenCV, interleaved rounds: median 0.002x <- QUOTE THIS  (binCV 565.92x FASTER)
                                           geomean 0.002x   per-round range 0.001-0.003x (15 rounds)
   sign test over those paired rounds: 0 favour A, 15 favour B, 0 tied -- two-sided p = 6.1e-05
   separation (a FACT, not the verdict): the two arms' sample ranges are DISJOINT
   verdict: DIRECTION ESTABLISHED, and A RESULT
            ARM B is faster in 15 of 15 paired rounds -- NO ROUND CROSSED 1.00x, so the
            direction is established by the rounds themselves (two-sided sign-test
            p = 6.1e-05). Magnitude 341.40x to 744.81x, median 565.92x: the spread bounds
            HOW MUCH it wins by, not WHETHER it does (owner's ruling, 2026-09-19).
            A RESULT: the two arms are 565.92x apart on the MEDIAN per-round ratio,
            clearing the 2.18x it has to beat (the larger of: per-round swing 2.18x,
            run-to-run scatter NOT MEASURED on this host). Decided by measure_util.hpp's
            difference-against-spread rule, in FACTORS because a percentage of it
            depends on which arm is the denominator; range separation is not what
            decided it.
            That clears the WITHIN-RUN half of the rule only -- nobody has measured
            this host's run-to-run scatter, and the rule wants the larger of the two.
ROW,median_k5plus,752x480,5.565613,5.663334,5.748736,0.007718,0.009984,0.016589,0.001343,0.001767,0.002929,1,15,0.001853,0,15,0,565.918371,2.181664,6.104e-05

   THE DEFAULT-STREAM SURCHARGE, cv::cuda median, 752x480:
     apply() on the DEFAULT stream     5.7084 ms/call (wall, includes its internal cudaDeviceSynchronize)
     apply() on an EXPLICIT stream     0.0534 ms/call (wall, enqueue only)
   The difference is the API's, not the kernel's, and the rows above avoid it
   by running BOTH sides on an explicit stream.
SYNC,median_default_stream,752x480,5.708423,0.053378

 median, 9 samples each (the sample-count match), BOTH on an explicit stream  [1920x1080]
 cv::cuda median 3x3 square                      31.205 ms  spread    2%  [kernel]  (launch floor 0% of it)
 bincv::cuda medianWide K=9                       0.054 ms  spread   30%  [kernel]  (launch floor 11% of it)
   ratio binCV/OpenCV, interleaved rounds: median 0.002x <- QUOTE THIS  (binCV 586.91x FASTER)
                                           geomean 0.002x   per-round range 0.001-0.002x (15 rounds)
   sign test over those paired rounds: 0 favour A, 15 favour B, 0 tied -- two-sided p = 6.1e-05
   separation (a FACT, not the verdict): the two arms' sample ranges are DISJOINT
   verdict: DIRECTION ESTABLISHED, and A RESULT
            ARM B is faster in 15 of 15 paired rounds -- NO ROUND CROSSED 1.00x, so the
            direction is established by the rounds themselves (two-sided sign-test
            p = 6.1e-05). Magnitude 519.45x to 701.94x, median 586.91x: the spread bounds
            HOW MUCH it wins by, not WHETHER it does (owner's ruling, 2026-09-19).
            A RESULT: the two arms are 586.91x apart on the MEDIAN per-round ratio,
            clearing the 1.35x it has to beat (the larger of: per-round swing 1.35x,
            run-to-run scatter NOT MEASURED on this host). Decided by measure_util.hpp's
            difference-against-spread rule, in FACTORS because a percentage of it
            depends on which arm is the denominator; range separation is not what
            decided it.
            That clears the WITHIN-RUN half of the rule only -- nobody has measured
            this host's run-to-run scatter, and the rule wants the larger of the two.
ROW,median_k9,1920x1080,31.051584,31.205170,31.554764,0.044237,0.053658,0.060154,0.001425,0.001704,0.001925,1,15,0.001642,0,15,0,586.911189,1.351316,6.104e-05
   host-enqueue probe (no sync, wall clock per call):
     cv::cuda median 3x3                          0.0432 ms enqueue vs 31.2052 ms event  -> kernel-bound: the host feeds the device faster than it drains
     bincv::cuda medianWide K=9                   0.0051 ms enqueue vs  0.0537 ms event  -> kernel-bound: the host feeds the device faster than it drains
ENQ,median_k9,1920x1080,0.043184,31.205170,0.005058,0.053658

 median, OpenCV 9 samples vs binCV 3 (the shipped L)  [1920x1080]
 cv::cuda median 3x3 square                      31.192 ms  spread    1%  [kernel]  (launch floor 0% of it)
 bincv::cuda medianWide K=3 L                     0.022 ms  spread   95%  [kernel]  (launch floor 27% of it)
   ratio binCV/OpenCV, interleaved rounds: median 0.001x <- QUOTE THIS  (binCV 1443.09x FASTER)
                                           geomean 0.001x   per-round range 0.000-0.001x (15 rounds)
   sign test over those paired rounds: 0 favour A, 15 favour B, 0 tied -- two-sided p = 6.1e-05
   separation (a FACT, not the verdict): the two arms' sample ranges are DISJOINT
   verdict: DIRECTION ESTABLISHED, and A RESULT
            ARM B is faster in 15 of 15 paired rounds -- NO ROUND CROSSED 1.00x, so the
            direction is established by the rounds themselves (two-sided sign-test
            p = 6.1e-05). Magnitude 965.28x to 2668.21x, median 1443.09x: the spread bounds
            HOW MUCH it wins by, not WHETHER it does (owner's ruling, 2026-09-19).
            A RESULT: the two arms are 1443.09x apart on the MEDIAN per-round ratio,
            clearing the 2.76x it has to beat (the larger of: per-round swing 2.76x,
            run-to-run scatter NOT MEASURED on this host). Decided by measure_util.hpp's
            difference-against-spread rule, in FACTORS because a percentage of it
            depends on which arm is the denominator; range separation is not what
            decided it.
            That clears the WITHIN-RUN half of the rule only -- nobody has measured
            this host's run-to-run scatter, and the rule wants the larger of the two.
ROW,median_k3L,1920x1080,31.088434,31.191641,31.467316,0.011674,0.021709,0.032358,0.000375,0.000693,0.001036,1,15,0.000589,0,15,0,1443.094387,2.764172,6.104e-05

 median, OpenCV 9 samples vs binCV 5 (the plus)  [1920x1080]
 cv::cuda median 3x3 square                      31.217 ms  spread    2%  [kernel]  (launch floor 0% of it)
 bincv::cuda medianWide K=5 plus                  0.030 ms  spread   39%  [kernel]  (launch floor 19% of it)
   ratio binCV/OpenCV, interleaved rounds: median 0.001x <- QUOTE THIS  (binCV 1037.99x FASTER)
                                           geomean 0.001x   per-round range 0.001-0.001x (15 rounds)
   sign test over those paired rounds: 0 favour A, 15 favour B, 0 tied -- two-sided p = 6.1e-05
   separation (a FACT, not the verdict): the two arms' sample ranges are DISJOINT
   verdict: DIRECTION ESTABLISHED, and A RESULT
            ARM B is faster in 15 of 15 paired rounds -- NO ROUND CROSSED 1.00x, so the
            direction is established by the rounds themselves (two-sided sign-test
            p = 6.1e-05). Magnitude 965.81x to 1478.63x, median 1037.99x: the spread bounds
            HOW MUCH it wins by, not WHETHER it does (owner's ruling, 2026-09-19).
            A RESULT: the two arms are 1037.99x apart on the MEDIAN per-round ratio,
            clearing the 1.53x it has to beat (the larger of: per-round swing 1.53x,
            run-to-run scatter NOT MEASURED on this host). Decided by measure_util.hpp's
            difference-against-spread rule, in FACTORS because a percentage of it
            depends on which arm is the denominator; range separation is not what
            decided it.
            That clears the WITHIN-RUN half of the rule only -- nobody has measured
            this host's run-to-run scatter, and the rule wants the larger of the two.
ROW,median_k5plus,1920x1080,31.036621,31.217255,31.647745,0.021094,0.029901,0.032768,0.000676,0.000963,0.001035,1,15,0.000840,0,15,0,1037.986270,1.530971,6.104e-05

 denoiseMedian3 against ITS OWN WRITTEN BAR -- binCV's byte
 medianWide<L> with its fast arm on. Identical operation,
 identical border, one launch each; the only variable is the
 representation. This is the implementer's stated bar and the
 cv::cuda rows above are NOT it. Climbed as a LADDER because the
 written rule decides this gate at the first size clear of the
 launch floor, and names every size below it as deciding nothing.

 denoiseMedian3 (bits) vs medianWide<L> (bytes)  [752x480]
 bincv::cuda medianWide K=3 L, bytes              0.007 ms  spread  139%  [kernel]  AT THE LAUNCH FLOOR
 bincv::cuda denoiseMedian3                       0.006 ms  spread   43%  [kernel]  AT THE LAUNCH FLOOR
   ratio binCV/OpenCV, interleaved rounds: median 0.848x <- QUOTE THIS  (binCV  1.18x FASTER)
                                           geomean 0.830x   per-round range 0.428-1.098x (15 rounds)
   sign test over those paired rounds: 3 favour A, 12 favour B, 0 tied -- two-sided p = 0.0352
   separation (a FACT, not the verdict): the two arms' sample ranges OVERLAP
   verdict: NULL RESULT, which is a result
            NULL on the magnitude: the two arms are 1.18x apart on the MEDIAN per-round ratio,
            short of the 2.57x it has to beat (the larger of: per-round swing 2.57x,
            run-to-run scatter NOT MEASURED on this host). Decided by measure_util.hpp's
            difference-against-spread rule, in FACTORS because a percentage of it
            depends on which arm is the denominator; range separation is not what
            decided it.
ROW,denoise3_vs_bytebar,752x480,0.006237,0.006698,0.015565,0.005258,0.006144,0.007885,0.427632,0.848425,1.098234,0,15,0.829872,3,12,0,1.178654,2.568178,0.03516

 denoiseMedian3 (bits) vs medianWide<L> (bytes)  [1920x1080]
 bincv::cuda medianWide K=3 L, bytes              0.012 ms  spread  121%  [kernel]  (launch floor 49% of it)
 bincv::cuda denoiseMedian3                       0.006 ms  spread  163%  [kernel]  AT THE LAUNCH FLOOR
   ratio binCV/OpenCV, interleaved rounds: median 0.544x <- QUOTE THIS  (binCV  1.84x FASTER)
                                           geomean 0.528x   per-round range 0.237-1.302x (15 rounds)
   sign test over those paired rounds: 1 favour A, 14 favour B, 0 tied -- two-sided p = 0.000977
   separation (a FACT, not the verdict): the two arms' sample ranges OVERLAP
   verdict: NULL RESULT, which is a result
            NULL on the magnitude: the two arms are 1.84x apart on the MEDIAN per-round ratio,
            short of the 5.50x it has to beat (the larger of: per-round swing 5.50x,
            run-to-run scatter NOT MEASURED on this host). Decided by measure_util.hpp's
            difference-against-spread rule, in FACTORS because a percentage of it
            depends on which arm is the denominator; range separation is not what
            decided it.
ROW,denoise3_vs_bytebar,1920x1080,0.011520,0.011770,0.025702,0.005171,0.006400,0.015603,0.236741,0.543774,1.302350,0,15,0.528139,1,14,0,1.839000,5.501171,0.0009766

 denoiseMedian3 (bits) vs medianWide<L> (bytes)  [4096x2160]
 bincv::cuda medianWide K=3 L, bytes              0.039 ms  spread   80%  [kernel]  (launch floor 15% of it)
 bincv::cuda denoiseMedian3                       0.007 ms  spread  130%  [kernel]  AT THE LAUNCH FLOOR
   ratio binCV/OpenCV, interleaved rounds: median 0.184x <- QUOTE THIS  (binCV  5.42x FASTER)
                                           geomean 0.184x   per-round range 0.093-0.401x (15 rounds)
   sign test over those paired rounds: 0 favour A, 15 favour B, 0 tied -- two-sided p = 6.1e-05
   separation (a FACT, not the verdict): the two arms' sample ranges are DISJOINT
   verdict: DIRECTION ESTABLISHED, and A RESULT
            ARM B is faster in 15 of 15 paired rounds -- NO ROUND CROSSED 1.00x, so the
            direction is established by the rounds themselves (two-sided sign-test
            p = 6.1e-05). Magnitude 2.49x to 10.71x, median 5.42x: the spread bounds
            HOW MUCH it wins by, not WHETHER it does (owner's ruling, 2026-09-19).
            A RESULT: the two arms are 5.42x apart on the MEDIAN per-round ratio,
            clearing the 4.30x it has to beat (the larger of: per-round swing 4.30x,
            run-to-run scatter NOT MEASURED on this host). Decided by measure_util.hpp's
            difference-against-spread rule, in FACTORS because a percentage of it
            depends on which arm is the denominator; range separation is not what
            decided it.
            That clears the WITHIN-RUN half of the rule only -- nobody has measured
            this host's run-to-run scatter, and the rule wants the larger of the two.
ROW,denoise3_vs_bytebar,4096x2160,0.038554,0.038805,0.069632,0.006246,0.007117,0.015501,0.093382,0.184350,0.401093,1,15,0.183763,0,15,0,5.424460,4.295169,6.104e-05
   cv::cuda::createMedianFilter's scratch is NOT incidental: its
   own filtering.cpp sizes the histograms at cols*256*partitions
   and cols*8*partitions CV_32S, which at 752 columns and its
   default 128 partitions is ~98 MB of device scratch for ONE
   752x480 frame. binCV's medianWide allocates ZERO scratch --
   no heap in kernels is a project rule, so the caller's two
   images are the whole working set.

 medianWide working set (wide src + wide dst + filter buffer)  [752x480]  -- METER 2 on BOTH sides (cudaMemGetInfo delta),
 each side over enough independent working sets that the meter's
 2.00 MB unit resolves, then divided by its own count.
   [meter 2] cv::cuda      792.00 MB over    8 sets =  101376.0 KB/frame  (396 units)
   [meter 2] binCV         206.00 MB over  256 sets =     824.0 KB/frame  (103 units)
   [meter 2] ROUNDING: one 2.00 MB unit is 8.0 KB/frame at 256 sets (0.97% of binCV's
             figure) and 256.0 KB/frame at 8 sets (0.25% of OpenCV's).
   ratio OpenCV/binCV = 123.029x  -- binCV is SMALLER by 123.029x.
   The OpenCV side is an UPPER BOUND: GpuMat pads its pitch, and any
   filter buffer or NPP scratch held past the call is inside this
   delta. binCV's side is cudaMalloc with nothing in between.
   NOTE: medianWide claims NO footprint advantage -- it is one
   byte per pixel on both sides. Any ratio here is GpuMat's pitch
   padding plus whatever cv::cuda::createMedianFilter holds for
   its histogram scratch, and it is NOT evidence for 1-bit
   packing. denoiseMedian3 is where this family's footprint
   result lives, and its bar is the binCV byte arm above.
MEM,median_k3L,752x480,216006656,830472192,2097152,256,8

 denoiseMedian3 (bits) vs medianWide<L> (bytes) working set  [752x480]  -- METER 2 on BOTH sides (cudaMemGetInfo delta),
 each side over enough independent working sets that the meter's
 2.00 MB unit resolves, then divided by its own count.
   [meter 2] cv::cuda      206.00 MB over  256 sets =     824.0 KB/frame  (103 units)
   [meter 2] binCV          24.00 MB over  256 sets =      96.0 KB/frame  (12 units)
   [meter 2] ROUNDING: one 2.00 MB unit is 8.0 KB/frame at 256 sets (8.33% of binCV's
             figure) and 8.0 KB/frame at 256 sets (0.97% of OpenCV's).
   ratio OpenCV/binCV = 8.583x  -- binCV is SMALLER by 8.583x.
   The OpenCV side is an UPPER BOUND: GpuMat pads its pitch, and any
   filter buffer or NPP scratch held past the call is inside this
   delta. binCV's side is cudaMalloc with nothing in between.
   Both sides of THAT pair are binCV, so the label 'OpenCV' on
   the first line reads 'binCV byte arm' here. Same meter, same
   replica count, and it is the representation's own ratio.
MEM,denoise3_vs_bytebar,752x480,25165824,216006656,2097152,256,256

=====================================================================
 4. PYRAMID -- binCV cuda::buildPyramidBox vs 3x cv::cuda::resize
    (INTER_AREA, 0.5) and 3x cv::cuda::pyrDown (cudawarping)
=====================================================================
 ROLE: 'build a three-rung half-resolution ladder on device'.
 cv::cuda::resize at INTER_AREA and scale 0.5 is the SAME FILTER as
 binCV's box -- a 2x2 average -- so that is the like-for-like arm.
 cv::cuda::pyrDown is a Gaussian 5x5 and is a DIFFERENT operation;
 it is carried because it is what a caller reaches for, and it is
 labelled as a different filter rather than quoted as the bar.
 binCV's ladder is N-BIT per rung (1,3,4,5) -- OpenCV has no N-bit
 image type, so the output arrays are not the same thing and this
 is a role comparison.
 ODD WIDTHS ARE NOT COMPARABLE: at width 753, resize's dsize is 376
 where pyrDownWidth(753) is 377. 752 is even at every rung, which is
 why the ladder is taken there.

 3-rung ladder, SAME FILTER (2x2 box / INTER_AREA 0.5)  [752x480]
 3x cv::cuda::resize INTER_AREA -> CV_8U          0.022 ms  spread  117%  [kernel]  (launch floor 27% of it)
 bincv::cuda buildPyramidBox -> N-bit             0.022 ms  spread   86%  [kernel]  (launch floor 27% of it)
   ratio binCV/OpenCV, interleaved rounds: median 1.042x <- QUOTE THIS  (binCV  0.96x SLOWER)
                                           geomean 0.892x   per-round range 0.408-1.399x (15 rounds)
   sign test over those paired rounds: 9 favour A, 6 favour B, 0 tied -- two-sided p = 0.607
   separation (a FACT, not the verdict): the two arms' sample ranges OVERLAP
   verdict: NULL RESULT, which is a result
            NULL on the magnitude: the two arms are 1.04x apart on the MEDIAN per-round ratio,
            short of the 3.43x it has to beat (the larger of: per-round swing 3.43x,
            run-to-run scatter NOT MEASURED on this host). Decided by measure_util.hpp's
            difference-against-spread rule, in FACTORS because a percentage of it
            depends on which arm is the denominator; range separation is not what
            decided it.
ROW,pyramid_vs_resize,752x480,0.016794,0.021709,0.042163,0.017203,0.021709,0.035942,0.408015,1.042453,1.398958,0,15,0.891961,9,6,0,1.042453,3.428697,0.6072
   host-enqueue probe (no sync, wall clock per call):
     3x cv::cuda::resize                          0.0148 ms enqueue vs  0.0217 ms event  -> MIXED: host dispatch is a large share of the bracket
     bincv::cuda buildPyramidBox                  0.0150 ms enqueue vs  0.0217 ms event  -> MIXED: host dispatch is a large share of the bracket
ENQ,pyramid_vs_resize,752x480,0.014797,0.021709,0.014986,0.021709

 3-rung ladder, DIFFERENT FILTER (Gaussian 5x5) -- reference only  [752x480]
 3x cv::cuda::pyrDown -> CV_8U                    0.019 ms  spread  203%  [kernel]  (launch floor 30% of it)
 bincv::cuda buildPyramidBox -> N-bit             0.017 ms  spread  124%  [kernel]  (launch floor 34% of it)
   ratio binCV/OpenCV, interleaved rounds: median 0.866x <- QUOTE THIS  (binCV  1.15x FASTER)
                                           geomean 0.866x   per-round range 0.329-1.818x (15 rounds)
   sign test over those paired rounds: 2 favour A, 12 favour B, 1 tied -- two-sided p = 0.0129
   separation (a FACT, not the verdict): the two arms' sample ranges OVERLAP
   verdict: NULL RESULT, which is a result
            NULL on the magnitude: the two arms are 1.15x apart on the MEDIAN per-round ratio,
            short of the 5.52x it has to beat (the larger of: per-round swing 5.52x,
            run-to-run scatter NOT MEASURED on this host). Decided by measure_util.hpp's
            difference-against-spread rule, in FACTORS because a percentage of it
            depends on which arm is the denominator; range separation is not what
            decided it.
ROW,pyramid_vs_pyrdown,752x480,0.015770,0.019078,0.054477,0.014848,0.016877,0.035738,0.329065,0.865922,1.817708,0,15,0.865988,2,12,1,1.154839,5.523860,0.01294

 4-level ladder, all rungs resident  [752x480]  -- METER 2 on BOTH sides (cudaMemGetInfo delta),
 each side over enough independent working sets that the meter's
 2.00 MB unit resolves, then divided by its own count.
   [meter 2] cv::cuda      172.00 MB over  256 sets =     688.0 KB/frame  (86 units)
   [meter 2] binCV          24.00 MB over  256 sets =      96.0 KB/frame  (12 units)
   [meter 2] ROUNDING: one 2.00 MB unit is 8.0 KB/frame at 256 sets (8.33% of binCV's
             figure) and 8.0 KB/frame at 256 sets (1.16% of OpenCV's).
   ratio OpenCV/binCV = 7.167x  -- binCV is SMALLER by 7.167x.
   The OpenCV side is an UPPER BOUND: GpuMat pads its pitch, and any
   filter buffer or NPP scratch held past the call is inside this
   delta. binCV's side is cudaMalloc with nothing in between.
MEM,pyramid,752x480,25165824,180355072,2097152,256,256

=====================================================================
 5. EDGE THRESHOLD -- binCV cuda::edgeThreshold vs the composed
    cv::cuda spelling (createDerivFilter x2 + abs + add + threshold)
=====================================================================
 ROLE: 'central-difference gradient magnitude, thresholded, on
 device'. There is no single cv::cuda call for it, so the bar is the
 composed spelling a caller would actually write. createDerivFilter
 at ksize=1 with normalize=false gives getDerivKernels' exact
 [-1,0,1] -- the same computation -- and defaults to
 BORDER_REFLECT_101, which is binCV's border here.
 createLinearFilter cannot be used: it asserts dst depth == src
 depth, and a signed derivative of CV_8U needs CV_16S.
 The chain is separable, so it is SEVERAL launches against binCV's
 one, and the launch count is derived from the API's structure --
 no profiler runs on this host to count them directly.

 edge map, |dx| max |dy| >= 17  [752x480]
 composed cv::cuda chain -> CV_16S                0.093 ms  spread  189%  [kernel]  (launch floor 6% of it)
 bincv::cuda edgeThreshold -> bits                0.011 ms  spread  198%  [kernel]  AT THE LAUNCH FLOOR
   ratio binCV/OpenCV, interleaved rounds: median 0.120x <- QUOTE THIS  (binCV  8.34x FASTER)
                                           geomean 0.106x   per-round range 0.031-0.152x (15 rounds)
   sign test over those paired rounds: 0 favour A, 15 favour B, 0 tied -- two-sided p = 6.1e-05
   separation (a FACT, not the verdict): the two arms' sample ranges are DISJOINT
   verdict: DIRECTION ESTABLISHED, and A RESULT
            ARM B is faster in 15 of 15 paired rounds -- NO ROUND CROSSED 1.00x, so the
            direction is established by the rounds themselves (two-sided sign-test
            p = 6.1e-05). Magnitude 6.57x to 32.19x, median 8.34x: the spread bounds
            HOW MUCH it wins by, not WHETHER it does (owner's ruling, 2026-09-19).
            A RESULT: the two arms are 8.34x apart on the MEDIAN per-round ratio,
            clearing the 4.90x it has to beat (the larger of: per-round swing 4.90x,
            run-to-run scatter NOT MEASURED on this host). Decided by measure_util.hpp's
            difference-against-spread rule, in FACTORS because a percentage of it
            depends on which arm is the denominator; range separation is not what
            decided it.
            That clears the WITHIN-RUN half of the rule only -- nobody has measured
            this host's run-to-run scatter, and the rule wants the larger of the two.
ROW,edge,752x480,0.058163,0.092774,0.233235,0.006861,0.010957,0.028504,0.031065,0.119857,0.152234,1,15,0.106497,0,15,0,8.343284,4.900520,6.104e-05
   host-enqueue probe (no sync, wall clock per call):
     composed cv::cuda chain                      0.0343 ms enqueue vs  0.0928 ms event  -> kernel-bound: the host feeds the device faster than it drains
     bincv::cuda edgeThreshold                    0.0060 ms enqueue vs  0.0110 ms event  -> MIXED: host dispatch is a large share of the bracket
ENQ,edge,752x480,0.034292,0.092774,0.006050,0.010957

 edge map, |dx| max |dy| >= 17  [1920x1080]
 composed cv::cuda chain -> CV_16S                0.180 ms  spread   35%  [kernel]  (launch floor 3% of it)
 bincv::cuda edgeThreshold -> bits                0.017 ms  spread   32%  [kernel]  (launch floor 35% of it)
   ratio binCV/OpenCV, interleaved rounds: median 0.090x <- QUOTE THIS  (binCV 11.06x FASTER)
                                           geomean 0.089x   per-round range 0.068-0.119x (15 rounds)
   sign test over those paired rounds: 0 favour A, 15 favour B, 0 tied -- two-sided p = 6.1e-05
   separation (a FACT, not the verdict): the two arms' sample ranges are DISJOINT
   verdict: DIRECTION ESTABLISHED, and A RESULT
            ARM B is faster in 15 of 15 paired rounds -- NO ROUND CROSSED 1.00x, so the
            direction is established by the rounds themselves (two-sided sign-test
            p = 6.1e-05). Magnitude 8.42x to 14.71x, median 11.06x: the spread bounds
            HOW MUCH it wins by, not WHETHER it does (owner's ruling, 2026-09-19).
            A RESULT: the two arms are 11.06x apart on the MEDIAN per-round ratio,
            clearing the 1.75x it has to beat (the larger of: per-round swing 1.75x,
            run-to-run scatter NOT MEASURED on this host). Decided by measure_util.hpp's
            difference-against-spread rule, in FACTORS because a percentage of it
            depends on which arm is the denominator; range separation is not what
            decided it.
            That clears the WITHIN-RUN half of the rule only -- nobody has measured
            this host's run-to-run scatter, and the rule wants the larger of the two.
ROW,edge,1920x1080,0.179098,0.179917,0.242586,0.016077,0.016538,0.021341,0.067961,0.090451,0.118818,1,15,0.089265,0,15,0,11.055747,1.748318,6.104e-05
   host-enqueue probe (no sync, wall clock per call):
     composed cv::cuda chain                      0.0363 ms enqueue vs  0.1799 ms event  -> kernel-bound: the host feeds the device faster than it drains
     bincv::cuda edgeThreshold                    0.0044 ms enqueue vs  0.0165 ms event  -> kernel-bound: the host feeds the device faster than it drains
ENQ,edge,1920x1080,0.036299,0.179917,0.004395,0.016538

 edge working set (every intermediate the chain needs)  [752x480]  -- METER 2 on BOTH sides (cudaMemGetInfo delta),
 each side over enough independent working sets that the meter's
 2.00 MB unit resolves, then divided by its own count.
   [meter 2] cv::cuda      640.00 MB over   64 sets =   10240.0 KB/frame  (320 units)
   [meter 2] binCV         104.00 MB over  256 sets =     416.0 KB/frame  (52 units)
   [meter 2] ROUNDING: one 2.00 MB unit is 8.0 KB/frame at 256 sets (1.92% of binCV's
             figure) and 32.0 KB/frame at 64 sets (0.31% of OpenCV's).
   ratio OpenCV/binCV = 24.615x  -- binCV is SMALLER by 24.615x.
   The OpenCV side is an UPPER BOUND: GpuMat pads its pitch, and any
   filter buffer or NPP scratch held past the call is inside this
   delta. binCV's side is cudaMalloc with nothing in between.
MEM,edge,752x480,109051904,671088640,2097152,256,64

=====================================================================
 6. NO BAR EXISTS -- verdict OUTSTANDING (owner ruling R2)
=====================================================================
 These ops have NO cv::cuda counterpart at any API level. Under R2
 they ship on correctness + memory + the host comparison, with the
 GPU speed verdict recorded explicitly as OUTSTANDING against the
 resident pipeline that will later price them. No substitute bar is
 invented here and no CPU number is quoted as a GPU bar.

   cuda::binarize     N-plane bit-sliced source -> bits. OpenCV has
                      no N-bit image type on host or device, so there
                      is nothing to compare the input side against.
                      SPEED VERDICT: OUTSTANDING.
   cuda::shift        integer translation of a packed bit plane. The
                      byte side's actual alternative is a pitched DMA
                      (cudaMemcpy2D), not a kernel -- timed below as
                      a reference, not as a bar, because binCV's one
                      funnel-shift instruction is being compared
                      against ZERO instructions on a copy engine.
                      SPEED VERDICT: OUTSTANDING.
   cuda::pyrDownBox   the N-bit rung itself (the LADDER has a role
                      bar above; the per-rung N-bit requantize does
                      not). SPEED VERDICT: OUTSTANDING.

 shift, REFERENCE ONLY (not a bar -- a DMA against a kernel):
 cudaMemcpy2DAsync ROI, bytes (copy engine)       0.009 ms  spread  864%  [kernel]  AT THE LAUNCH FLOOR
 bincv::cuda::shift dx=8, bits (one kernel)       0.010 ms  spread  179%  [kernel]  AT THE LAUNCH FLOOR
   ratio binCV/DMA: 0.922x   range 0.215-2.282x   OVERLAP
ROW,shift_vs_dma,752x480,0.007336,0.009267,0.087392,0.006349,0.010274,0.024781,0.215273,0.921616,2.282224,0,15,0.705200,5,10,0,1.085051,10.601526,0.3018

=====================================================================
 7. DENSE DISPARITY -- binCV binary path vs cv::cuda::StereoBM
=====================================================================
 ROLE: 'a dense disparity map from a rectified pair, resident on
 device'. StereoBM matches SAD over prefiltered bytes; binCV matches
 Hamming over packed binary. Different maps -- correctness is settled
 against the host library by the test suite, not here.
 RE-TAKEN HERE because this backend's shipped report quotes this
 comparison from a DEFAULT-STREAM measurement, and StereoBM calls
 cudaDeviceSynchronize() on the null stream in each of its three
 kernels (cudastereo/src/cuda/stereobm.cu). Both sides now run on
 one explicit stream, where neither synchronizes.

 dense disparity, 64 disparities, 9x9 support  [752x480]
 cv::cuda::StereoBM(64, 9)                        0.781 ms  spread   46%  [kernel]  (launch floor 1% of it)
 bincv::cuda denseDisparityBinary                 0.064 ms  spread  171%  [kernel]  (launch floor 9% of it)
   ratio binCV/OpenCV, interleaved rounds: median 0.089x <- QUOTE THIS  (binCV 11.27x FASTER)
                                           geomean 0.094x   per-round range 0.065-0.226x (15 rounds)
   sign test over those paired rounds: 0 favour A, 15 favour B, 0 tied -- two-sided p = 6.1e-05
   separation (a FACT, not the verdict): the two arms' sample ranges are DISJOINT
   verdict: DIRECTION ESTABLISHED, and A RESULT
            ARM B is faster in 15 of 15 paired rounds -- NO ROUND CROSSED 1.00x, so the
            direction is established by the rounds themselves (two-sided sign-test
            p = 6.1e-05). Magnitude 4.42x to 15.29x, median 11.27x: the spread bounds
            HOW MUCH it wins by, not WHETHER it does (owner's ruling, 2026-09-19).
            A RESULT: the two arms are 11.27x apart on the MEDIAN per-round ratio,
            clearing the 3.46x it has to beat (the larger of: per-round swing 3.46x,
            run-to-run scatter NOT MEASURED on this host). Decided by measure_util.hpp's
            difference-against-spread rule, in FACTORS because a percentage of it
            depends on which arm is the denominator; range separation is not what
            decided it.
            That clears the WITHIN-RUN half of the rule only -- nobody has measured
            this host's run-to-run scatter, and the rule wants the larger of the two.
ROW,stereo_binary,752x480,0.643891,0.780691,0.999526,0.063245,0.064307,0.173037,0.065396,0.088729,0.226243,1,15,0.093545,0,15,0,11.270239,3.459580,6.104e-05
   host-enqueue probe (no sync, wall clock per call):
     cv::cuda::StereoBM                           0.6485 ms enqueue vs  0.7807 ms event  -> DISPATCH-BOUND: the event bracket is timing the API call
     bincv denseDisparityBinary                   0.0096 ms enqueue vs  0.0643 ms event  -> kernel-bound: the host feeds the device faster than it drains
ENQ,stereo_binary,752x480,0.648484,0.780691,0.009610,0.064307
   single-call GPU time (device drained either side -- separates the
   kernel from the API for a dispatch-bound arm):
     cv::cuda::StereoBM                           0.6308 ms solo vs  0.7807 ms batched
     bincv denseDisparityBinary                   0.0645 ms solo vs  0.0643 ms batched
SOLO,stereo_binary,752x480,0.630784,0.780691,0.064512,0.064307

   THE SAME cv::cuda::StereoBM ON THE DEFAULT STREAM: 0.7182 ms
   against 0.7807 ms on an explicit stream -- a 0.92x difference that
   is the API's three null-stream cudaDeviceSynchronize calls, not
   the kernel. The explicit-stream number is the bar, because the
   bar is the BEST existing option and a pipeline uses streams.
SYNC,stereobm_default_stream,752x480,0.718234,0.780691

---------------------------------------------------------------
 7b. MEMORY -- THE THREE WORKING SETS, ONE REGION, ONE METER,
     ONE REPLICA COUNT, THIS PROCESS
---------------------------------------------------------------
 Meter 2 (cudaMemGetInfo delta) on all three, 256 replicas each,
 every set held until its delta is read. Region: 752x480, 64
 disparities, 9x9 support -- the same region section 7 timed.

   one meter unit = 2.00 MB = 8.0 KB/frame at 256 replicas
   binCV BINARY entry                       112.00 MB / 256 =    448.0 KB/frame  (  56 units, rounding 1.79%)  2 bit planes + map
     CONVERGENCE, on the smallest of the three: the same set reads 448.0 KB/frame
     at 64 replicas against 448.0 KB/frame at 256 -- 1.0000x. It has stopped moving, so the count is high enough.
   binCV CENSUS entry                      1126.00 MB / 256 =   4504.0 KB/frame  ( 563 units, rounding 0.18%)  2 wide + 2 descriptors + map
   cv::cuda::StereoBM(64,9) synthetic       768.00 MB / 256 =   3072.0 KB/frame  ( 384 units, rounding 0.26%)  UPPER reading
   [meter 1, binCV context only, never a cross-library numerator] binary
   entry allocation sum = 442.5 KB. Meter 1 and meter 2 do not divide.
   CONTENT DEPENDENCE: NOT CHECKED -- no real sequence blob was pointed at
   BINCV_CUDA_ROLE_FRAMES, so only the synthetic reading exists and it is
   quoted as such.
   BINARY entry vs StereoBM: 6.857x -- binCV SMALLER by 6.857x (448.0 KB against 3072.0 KB).
   CENSUS entry vs StereoBM: 0.682x -- StereoBM SMALLER by 1.466x (4504.0 KB against 3072.0 KB).
   Both ratios are LOWER BOUNDS on binCV's side and UPPER readings on
   StereoBM's, for the reason stated above: GpuMat may pool and pads its
   pitch; binCV has nothing between the op and cudaMalloc.
MEM,stereo_binary_vs_stereobm,752x480,117440512,805306368,2097152,256,256
MEM,stereo_census_vs_stereobm,752x480,1180696576,805306368,2097152,256,256
MEM3,stereo_one_region,752x480,117440512,1180696576,805306368,0,2097152,256

=====================================================================
 8. THE DEFAULT-STREAM SURCHARGE -- why every row above runs on an
    EXPLICIT stream, measured rather than asserted
=====================================================================
 OpenCV's CUDA modules call cudaDeviceSynchronize() after a launch
 WHEN AND ONLY WHEN the stream is the null stream. It is not one
 function: the guard

     if (stream == 0) cudaSafeCall( cudaDeviceSynchronize() );

 appears in cudev's grid transform (which backs cudaarithm's
 threshold, abs and max), in cudafilters' morphology, linear and
 median filters, in cudawarping's resize and pyrDown, and three
 times in cudastereo's StereoBM.

 CONSEQUENCE FOR A BENCHMARK. On the default stream an OpenCV arm
 cannot pipeline across a batch of enqueues while binCV's arm can,
 so an event bracket over N calls measures N serialized round trips
 on one side and N pipelined launches on the other. That is not a
 kernel-to-kernel comparison, and the difference is not small.

 WHICH NUMBER IS THE BAR. The explicit-stream one. CLAUDE.md says the
 bar is the BEST existing option, not the worst; a resident pipeline
 uses streams, and OpenCV supports them on every call measured here.
 Quoting the default-stream number would be measuring against a
 fallback nobody would use. The default-stream figure is reported
 beside it as what a naive caller pays, and labelled as that.

 call                                              default   explicit    ratio
 cv::cuda::threshold (cudaarithm / cudev)         0.0373 ms   0.0069 ms    5.43x  (ranges DISJOINT)
STREAMCOST,cv::cuda::threshold (cudaarithm / cudev),0.036147,0.037262,0.076960,0.004915,0.006861,0.018739,1
 cv::cuda erode 3x3 (cudafilters)                 0.1210 ms   0.0807 ms    1.50x  (ranges OVERLAP)
STREAMCOST,cv::cuda erode 3x3 (cudafilters),0.108765,0.121037,0.161494,0.078493,0.080742,0.125706,0
 cv::cuda::resize INTER_AREA 0.5 (cudawarping)    0.0378 ms   0.0068 ms    5.59x  (ranges DISJOINT)
STREAMCOST,cv::cuda::resize INTER_AREA 0.5 (cudawarping),0.036710,0.037786,0.066970,0.005786,0.006758,0.030771,1
 cv::cuda::pyrDown (cudawarping)                  0.0413 ms   0.0078 ms    5.28x  (ranges DISJOINT)
STREAMCOST,cv::cuda::pyrDown (cudawarping),0.039824,0.041282,0.162563,0.006810,0.007816,0.011110,1
 cv::cuda median 3x3 (cudafilters) -- a 6 ms kernel   5.7174 ms   5.6722 ms    1.01x  (ranges OVERLAP)
STREAMCOST,cv::cuda median 3x3 (cudafilters) -- a 6 ms kernel,5.702912,5.717385,5.859283,5.641571,5.672192,5.767110,0
 CONTROL: binCV cuda::threshold (no such guard anywhere)   0.0076 ms   0.0071 ms    1.06x  (ranges OVERLAP)
STREAMCOST,CONTROL: binCV cuda::threshold (no such guard anywhere),0.005274,0.007571,0.015616,0.005974,0.007117,0.014899,0
 CONTROL: binCV cuda::erode 3x3 (no such guard anywhere)   0.0072 ms   0.0065 ms    1.12x  (ranges OVERLAP)
STREAMCOST,CONTROL: binCV cuda::erode 3x3 (no such guard anywhere),0.005222,0.007208,0.027597,0.005530,0.006451,0.011418,0

 HOW TO READ THIS TABLE, and the last row is what makes it
 readable. binCV has NO null-stream guard anywhere, so its row is
 the control: whatever ratio IT shows is the legacy default stream's
 own per-launch tax, which every arm on that stream pays -- the
 legacy stream implicitly synchronizes with every other blocking
 stream in the process, and one exists here. Only the EXCESS over
 the control is attributable to OpenCV's cudaDeviceSynchronize.

 AND THE SIZE OF THE EFFECT DEPENDS ON THE KERNEL, which is the
 conclusion that actually matters for this report: a synchronize
 costs roughly one launch latency, so it is most of the measurement
 for an op sitting near the launch floor and almost none of it for
 an op that runs for a millisecond. Expect threshold, resize and
 median to move a lot and StereoBM to barely move at all -- and
 check that against the rows above rather than taking it on trust.

=====================================================================
 ROUND 2 -- the pipeline role bars. INPUT, stated once for all of
 them: binCV's own sensor stage output at 752x480 -- medianWide<3>
 then edgeThreshold(17) -- 82.67% of pixels set. OpenCV reads the
 identical bits as a CV_8U {0,255} picture.
 FRAME SOURCE: synthetic smoothed noise (NOT representative content)
=====================================================================
FRAMESRC,synthetic smoothed noise (NOT representative content),82.6695

=====================================================================
 9. FAST -- binCV cuda::detectFastAsync vs cv::cuda::FastFeatureDetector
=====================================================================
 THE AUTHOR'S OWN RULE, not restated more kindly: required >= 1.00x
 kernel-resident, both sides one explicit stream, with the corner-set
 agreement gate passing first. The '>= 2.00x target' the design
 carried was deleted by its own author as underived; what ratio ships
 the claim UNQUALIFIED remains an open owner question, and nothing
 here fills it in.
 The capped arm is carried beside the shipped one because the family
 located its shortfall in the single-block raster sort rather than in
 the ring algebra, and a serial pass has to be able to check that.

 CORNER-SET AGREEMENT GATE (runs before any timing): binCV 32768 (found 34143, capacity 32768, *** TRUNCATED ***), OpenCV 32768 keypoints -- *** SETS DIFFER -- ratios below are NOT like-for-like ***
GATE,fast_corner_sets,752x480,32768,32768,0

 FAST corners, binary frame vs CV_8U picture  [752x480]
 cv::cuda::FastFeatureDetector (nms off)          0.133 ms  spread   61%  [kernel]  (launch floor 4% of it)
 bincv::cuda::detectFastAsync                     0.021 ms  spread  215%  [kernel]  (launch floor 28% of it)
   ratio binCV/OpenCV, interleaved rounds: median 0.156x <- QUOTE THIS  (binCV  6.43x FASTER)
                                           geomean 0.160x   per-round range 0.108-0.430x (15 rounds)
   sign test over those paired rounds: 0 favour A, 15 favour B, 0 tied -- two-sided p = 6.1e-05
   separation (a FACT, not the verdict): the two arms' sample ranges are DISJOINT
   verdict: DIRECTION ESTABLISHED, and A RESULT
            ARM B is faster in 15 of 15 paired rounds -- NO ROUND CROSSED 1.00x, so the
            direction is established by the rounds themselves (two-sided sign-test
            p = 6.1e-05). Magnitude 2.33x to 9.22x, median 6.43x: the spread bounds
            HOW MUCH it wins by, not WHETHER it does (owner's ruling, 2026-09-19).
            A RESULT: the two arms are 6.43x apart on the MEDIAN per-round ratio,
            clearing the 3.96x it has to beat (the larger of: per-round swing 3.96x,
            run-to-run scatter NOT MEASURED on this host). Decided by measure_util.hpp's
            difference-against-spread rule, in FACTORS because a percentage of it
            depends on which arm is the denominator; range separation is not what
            decided it.
            That clears the WITHIN-RUN half of the rule only -- nobody has measured
            this host's run-to-run scatter, and the rule wants the larger of the two.
   RULE: required <= 1.000x (binCV at or faster than parity) -> MET
ROW,fast,752x480,0.118374,0.132998,0.199069,0.016077,0.020778,0.060826,0.108457,0.155527,0.429812,1,15,0.160490,0,15,0,6.429765,3.962971,6.104e-05
   host-enqueue probe (no sync, wall clock per call):
     cv::cuda::FastFeatureDetector                0.1518 ms enqueue vs  0.1330 ms event  -> DISPATCH-BOUND: the event bracket is timing the API call
     bincv::cuda::detectFastAsync                 0.0130 ms enqueue vs  0.0208 ms event  -> MIXED: host dispatch is a large share of the bracket
ENQ,fast,752x480,0.151776,0.132998,0.012963,0.020778

 FAST, binCV CAPPED at 512 stored -- the DETECTOR without most of
 the sort. An UPPER BOUND on detection alone, so the conclusion is
 safe in the direction it is used  [752x480]
 cv::cuda::FastFeatureDetector (nms off)          0.122 ms  spread   84%  [kernel]  (launch floor 5% of it)
 bincv::cuda::detectFastAsync, capacity 512       0.020 ms  spread   26%  [kernel]  (launch floor 29% of it)
   ratio binCV/OpenCV, interleaved rounds: median 0.166x <- QUOTE THIS  (binCV  6.03x FASTER)
                                           geomean 0.153x   per-round range 0.084-0.184x (15 rounds)
   sign test over those paired rounds: 0 favour A, 15 favour B, 0 tied -- two-sided p = 6.1e-05
   separation (a FACT, not the verdict): the two arms' sample ranges are DISJOINT
   verdict: DIRECTION ESTABLISHED, and A RESULT
            ARM B is faster in 15 of 15 paired rounds -- NO ROUND CROSSED 1.00x, so the
            direction is established by the rounds themselves (two-sided sign-test
            p = 6.1e-05). Magnitude 5.43x to 11.93x, median 6.03x: the spread bounds
            HOW MUCH it wins by, not WHETHER it does (owner's ruling, 2026-09-19).
            A RESULT: the two arms are 6.03x apart on the MEDIAN per-round ratio,
            clearing the 2.20x it has to beat (the larger of: per-round swing 2.20x,
            run-to-run scatter NOT MEASURED on this host). Decided by measure_util.hpp's
            difference-against-spread rule, in FACTORS because a percentage of it
            depends on which arm is the denominator; range separation is not what
            decided it.
            That clears the WITHIN-RUN half of the rule only -- nobody has measured
            this host's run-to-run scatter, and the rule wants the larger of the two.
ROW,fast_capped512,752x480,0.112406,0.122368,0.215040,0.018013,0.019968,0.023245,0.083810,0.165798,0.184028,1,15,0.153034,0,15,0,6.031421,2.195786,6.104e-05

 FAST working set, capacity 32768 (record 12 B, scratch 380 B)  [752x480]  -- METER 2 on BOTH sides (cudaMemGetInfo delta),
 each side over enough independent working sets that the meter's
 2.00 MB unit resolves, then divided by its own count.
   [meter 2] cv::cuda      192.00 MB over  256 sets =     768.0 KB/frame  (96 units)
   [meter 2] binCV         108.00 MB over  256 sets =     432.0 KB/frame  (54 units)
   [meter 2] ROUNDING: one 2.00 MB unit is 8.0 KB/frame at 256 sets (1.85% of binCV's
             figure) and 8.0 KB/frame at 256 sets (1.04% of OpenCV's).
   ratio OpenCV/binCV = 1.778x  -- binCV is SMALLER by 1.778x.
   The OpenCV side is an UPPER BOUND: GpuMat pads its pitch, and any
   filter buffer or NPP scratch held past the call is inside this
   delta. binCV's side is cudaMalloc with nothing in between.
MEM,fast,752x480,113246208,201326592,2097152,256,256

=====================================================================
 10. goodFeaturesToTrack -- binCV device-resident selection vs
     cv::cuda::createGoodFeaturesToTrackDetector (cudaimgproc)
=====================================================================
 WALL CLOCK ON BOTH SIDES, and the reason is on OpenCV's side: at
 minDistance >= 1 its detect() DOWNLOADS the sorted candidate list,
 runs the spacing filter on the HOST and uploads the survivors
 (cudaimgproc/src/gftt.cpp). A CUDA-event clock would exclude that
 pass and flatter OpenCV. binCV's selection never leaves the device.
 THE SPEED BAR FOR THIS OP WAS NOT WRITABLE -- its author escalated
 it rather than deriving a number from a host CPU ratio, and this
 binary does not invent one either. The ratio is reported; the
 verdict is the owner's.

 goodFeaturesToTrack -- WALL CLOCK both sides, OpenCV's host
 round trip INSIDE its arm because a caller pays it  [752x480 WALL]
 cv::cuda gftt (downloads, spaces on host, uploads)     3.363 ms  spread  168%  [kernel]  (launch floor 0% of it)
 bincv::cuda::goodFeaturesToTrackAsync (never leaves device)     0.391 ms  spread   42%  [kernel]  (launch floor 1% of it)
   ratio binCV/OpenCV, interleaved rounds: median 0.117x <- QUOTE THIS  (binCV  8.54x FASTER)
                                           geomean 0.118x   per-round range 0.042-0.163x (15 rounds)
   sign test over those paired rounds: 0 favour A, 15 favour B, 0 tied -- two-sided p = 6.1e-05
   separation (a FACT, not the verdict): the two arms' sample ranges are DISJOINT
   verdict: DIRECTION ESTABLISHED, and A RESULT
            ARM B is faster in 15 of 15 paired rounds -- NO ROUND CROSSED 1.00x, so the
            direction is established by the rounds themselves (two-sided sign-test
            p = 6.1e-05). Magnitude 6.12x to 23.82x, median 8.54x: the spread bounds
            HOW MUCH it wins by, not WHETHER it does (owner's ruling, 2026-09-19).
            A RESULT: the two arms are 8.54x apart on the MEDIAN per-round ratio,
            clearing the 3.89x it has to beat (the larger of: per-round swing 3.89x,
            run-to-run scatter NOT MEASURED on this host). Decided by measure_util.hpp's
            difference-against-spread rule, in FACTORS because a percentage of it
            depends on which arm is the denominator; range separation is not what
            decided it.
            That clears the WITHIN-RUN half of the rule only -- nobody has measured
            this host's run-to-run scatter, and the rule wants the larger of the two.
ROW,gftt_wall,752x480,3.101281,3.363098,8.740876,0.366935,0.390777,0.531366,0.041987,0.117066,0.163329,1,15,0.117684,0,15,0,8.542219,3.890027,6.104e-05
   corners: binCV 200 (ranked 32768, truncated 1, pool overflow 0) vs OpenCV 200.
   NOT A GATE and not an equality: the two run different spacing
   rules over different responses. It is here so the ratio above is
   read against a known workload.
GATE,gftt_counts,752x480,200,200,0

 goodFeaturesToTrack working set (FUSED arm: no frame-sized
 float map exists at all on binCV's side)  [752x480]  -- METER 2 on BOTH sides (cudaMemGetInfo delta),
 each side over enough independent working sets that the meter's
 2.00 MB unit resolves, then divided by its own count.
   [meter 2] cv::cuda      160.00 MB over   16 sets =   10240.0 KB/frame  (80 units)
   [meter 2] binCV          30.00 MB over   16 sets =    1920.0 KB/frame  (15 units)
   [meter 2] ROUNDING: one 2.00 MB unit is 128.0 KB/frame at 16 sets (6.67% of binCV's
             figure) and 128.0 KB/frame at 16 sets (1.25% of OpenCV's).
   ratio OpenCV/binCV = 5.333x  -- binCV is SMALLER by 5.333x.
   The OpenCV side is an UPPER BOUND: GpuMat pads its pitch, and any
   filter buffer or NPP scratch held past the call is inside this
   delta. binCV's side is cudaMalloc with nothing in between.
MEM,gftt,752x480,31457280,167772160,2097152,16,16

=====================================================================
 11. CORNER RESPONSE -- binCV cuda::cornerMinEigenValAsync vs
     cv::cuda::createMinEigenValCorner AND createHarrisCorner
=====================================================================
 TWO DENOMINATORS, AND THEY ARE NOT INTERCHANGEABLE. binCV's op
 computes the MINIMUM EIGENVALUE of the gradient covariance, so
 createMinEigenValCorner is the like-for-like counterpart and is the
 bar. createHarrisCorner computes a DIFFERENT response (det - k*tr^2)
 over the same covariance and is timed beside it as context -- the
 task named it, and the honest thing is to run it and say plainly
 that it answers a different question, not to quietly substitute it
 for the one that matches.
 BOTH OpenCV arms read the CV_8U picture and internally run a Sobel;
 binCV reads four TERNARY BIT PLANES that already exist in the
 pipeline. That is a role comparison, not an equality, and the
 asymmetry is stated rather than folded into the ratio.

 min-eigenvalue response map, blockSize 3 -- THE BAR  [752x480]
 cv::cuda::createMinEigenValCorner                0.052 ms  spread   30%  [kernel]  (launch floor 11% of it)
 bincv::cuda::cornerMinEigenValAsync              0.020 ms  spread    3%  [kernel]  (launch floor 29% of it)
   ratio binCV/OpenCV, interleaved rounds: median 0.386x <- QUOTE THIS  (binCV  2.59x FASTER)
                                           geomean 0.371x   per-round range 0.306-0.392x (15 rounds)
   sign test over those paired rounds: 0 favour A, 15 favour B, 0 tied -- two-sided p = 6.1e-05
   separation (a FACT, not the verdict): the two arms' sample ranges are DISJOINT
   verdict: DIRECTION ESTABLISHED, and A RESULT
            ARM B is faster in 15 of 15 paired rounds -- NO ROUND CROSSED 1.00x, so the
            direction is established by the rounds themselves (two-sided sign-test
            p = 6.1e-05). Magnitude 2.55x to 3.26x, median 2.59x: the spread bounds
            HOW MUCH it wins by, not WHETHER it does (owner's ruling, 2026-09-19).
            A RESULT: the two arms are 2.59x apart on the MEDIAN per-round ratio,
            clearing the 1.28x it has to beat (the larger of: per-round swing 1.28x,
            run-to-run scatter NOT MEASURED on this host). Decided by measure_util.hpp's
            difference-against-spread rule, in FACTORS because a percentage of it
            depends on which arm is the denominator; range separation is not what
            decided it.
            That clears the WITHIN-RUN half of the rule only -- nobody has measured
            this host's run-to-run scatter, and the rule wants the larger of the two.
ROW,cornerresp_mineigen,752x480,0.051258,0.051610,0.066509,0.019866,0.019968,0.020371,0.306293,0.386296,0.392336,1,15,0.371385,0,15,0,2.588689,1.280915,6.104e-05
   host-enqueue probe (no sync, wall clock per call):
     cv::cuda minEigenVal                         0.0267 ms enqueue vs  0.0516 ms event  -> MIXED: host dispatch is a large share of the bracket
     bincv::cuda::cornerMinEigenValAsync          0.0052 ms enqueue vs  0.0200 ms event  -> kernel-bound: the host feeds the device faster than it drains
ENQ,cornerresp_mineigen,752x480,0.026744,0.051610,0.005218,0.019968

 createHarrisCorner beside it -- CONTEXT, a DIFFERENT response
 function over the same covariance, not binCV's counterpart  [752x480]
 cv::cuda::createHarrisCorner (k = 0.04)          0.058 ms  spread   30%  [kernel]  (launch floor 10% of it)
 bincv::cuda::cornerMinEigenValAsync              0.020 ms  spread   74%  [kernel]  (launch floor 29% of it)
   ratio binCV/OpenCV, interleaved rounds: median 0.394x <- QUOTE THIS  (binCV  2.54x FASTER)
                                           geomean 0.394x   per-round range 0.295-0.579x (15 rounds)
   sign test over those paired rounds: 0 favour A, 15 favour B, 0 tied -- two-sided p = 6.1e-05
   separation (a FACT, not the verdict): the two arms' sample ranges are DISJOINT
   verdict: DIRECTION ESTABLISHED, and A RESULT
            ARM B is faster in 15 of 15 paired rounds -- NO ROUND CROSSED 1.00x, so the
            direction is established by the rounds themselves (two-sided sign-test
            p = 6.1e-05). Magnitude 1.73x to 3.39x, median 2.54x: the spread bounds
            HOW MUCH it wins by, not WHETHER it does (owner's ruling, 2026-09-19).
            A RESULT: the two arms are 2.54x apart on the MEDIAN per-round ratio,
            clearing the 1.96x it has to beat (the larger of: per-round swing 1.96x,
            run-to-run scatter NOT MEASURED on this host). Decided by measure_util.hpp's
            difference-against-spread rule, in FACTORS because a percentage of it
            depends on which arm is the denominator; range separation is not what
            decided it.
            That clears the WITHIN-RUN half of the rule only -- nobody has measured
            this host's run-to-run scatter, and the rule wants the larger of the two.
ROW,cornerresp_harris_context,752x480,0.050790,0.058214,0.068045,0.019955,0.020115,0.034907,0.294959,0.394441,0.579253,1,15,0.393780,0,15,0,2.535236,1.963846,6.104e-05

 corner response working set (four bit planes + one float map
 vs one byte picture + OpenCV's Sobel intermediates + one map)  [752x480]  -- METER 2 on BOTH sides (cudaMemGetInfo delta),
 each side over enough independent working sets that the meter's
 2.00 MB unit resolves, then divided by its own count.
   [meter 2] cv::cuda      160.00 MB over   16 sets =   10240.0 KB/frame  (80 units)
   [meter 2] binCV          32.00 MB over   16 sets =    2048.0 KB/frame  (16 units)
   [meter 2] ROUNDING: one 2.00 MB unit is 128.0 KB/frame at 16 sets (6.25% of binCV's
             figure) and 128.0 KB/frame at 16 sets (1.25% of OpenCV's).
   ratio OpenCV/binCV = 5.000x  -- binCV is SMALLER by 5.000x.
   The OpenCV side is an UPPER BOUND: GpuMat pads its pitch, and any
   filter buffer or NPP scratch held past the call is inside this
   delta. binCV's side is cudaMalloc with nothing in between.
MEM,cornerresp,752x480,33554432,167772160,2097152,16,16

=====================================================================
 12. DESCRIBE -- binCV cuda::computeBriefSteered vs
     cv::cuda::ORB::computeAsync on PROVIDED keypoints
=====================================================================
 computeAsync IS accepted in OpenCV 4.5.4 on provided keypoints, so a
 stage-isolated GPU denominator exists and no differential is needed.
 SUPERSET vs SUBSET, stated at the number: computeAsync also builds
 ORB's level-0 pyramid entry and can blur. nlevels = 1 and
 blurForDescriptor = false pin that superset as small as the API
 allows; it is not zero, and the ratio is an upper bound on binCV's
 advantage for that reason.
 Both sides sample the SAME 256 pairs -- cv::ORB's learned table,
 which binCV reaches by pointer out of ops/orbPattern.hpp.

 cv::cuda::Feature2DAsync::computeAsync on provided keypoints: ACCEPTED
   1000 keypoints in, 1000x32 CV_8U descriptors out.

 256-bit steered BRIEF on provided keypoints  [752x480, N=1000]
 cv::cuda::ORB::computeAsync (nlevels 1, blur off)     0.090 ms  spread   58%  [kernel]  (launch floor 6% of it)
 bincv::cuda::computeBriefSteered                 0.009 ms  spread   61%  [kernel]  AT THE LAUNCH FLOOR
   ratio binCV/OpenCV, interleaved rounds: median 0.115x <- QUOTE THIS  (binCV  8.73x FASTER)
                                           geomean 0.107x   per-round range 0.068-0.175x (15 rounds)
   sign test over those paired rounds: 0 favour A, 15 favour B, 0 tied -- two-sided p = 6.1e-05
   separation (a FACT, not the verdict): the two arms' sample ranges are DISJOINT
   verdict: DIRECTION ESTABLISHED, and A RESULT
            ARM B is faster in 15 of 15 paired rounds -- NO ROUND CROSSED 1.00x, so the
            direction is established by the rounds themselves (two-sided sign-test
            p = 6.1e-05). Magnitude 5.70x to 14.70x, median 8.73x: the spread bounds
            HOW MUCH it wins by, not WHETHER it does (owner's ruling, 2026-09-19).
            A RESULT: the two arms are 8.73x apart on the MEDIAN per-round ratio,
            clearing the 2.58x it has to beat (the larger of: per-round swing 2.58x,
            run-to-run scatter NOT MEASURED on this host). Decided by measure_util.hpp's
            difference-against-spread rule, in FACTORS because a percentage of it
            depends on which arm is the denominator; range separation is not what
            decided it.
            That clears the WITHIN-RUN half of the rule only -- nobody has measured
            this host's run-to-run scatter, and the rule wants the larger of the two.
ROW,describe,752x480_n1000,0.074598,0.089600,0.126768,0.008429,0.009353,0.014165,0.068044,0.114504,0.175355,1,15,0.106603,0,15,0,8.733334,2.577083,6.104e-05
   host-enqueue probe (no sync, wall clock per call):
     cv::cuda::ORB::computeAsync                  0.0393 ms enqueue vs  0.0896 ms event  -> MIXED: host dispatch is a large share of the bracket
     bincv::cuda::computeBriefSteered             0.0057 ms enqueue vs  0.0094 ms event  -> MIXED: host dispatch is a large share of the bracket
ENQ,describe,752x480_n1000,0.039287,0.089600,0.005698,0.009353

 ORIENTATION: **OUTSTANDING** (ruling R2). cv::cuda::ORB runs
 IC_Angle inside its own keypoint pass and exposes no entry point
 that orients PROVIDED keypoints, so no cv::cuda denominator exists
 at any API level. No CPU number is put in its place.

 describe working set, N = 1000 -- keypoints, angles, keep
 bytes and descriptors on binCV's side; a cv::cuda::ORB
 DETECTOR's whole state on OpenCV's, which is a superset  [752x480, N=1000]  -- METER 2 on BOTH sides (cudaMemGetInfo delta),
 each side over enough independent working sets that the meter's
 2.00 MB unit resolves, then divided by its own count.
   [meter 2] cv::cuda       32.00 MB over   16 sets =    2048.0 KB/frame  (16 units)
   [meter 2] binCV          22.00 MB over  512 sets =      44.0 KB/frame  (11 units)
   [meter 2] ROUNDING: one 2.00 MB unit is 4.0 KB/frame at 512 sets (9.09% of binCV's
             figure) and 128.0 KB/frame at 16 sets (6.25% of OpenCV's).
   ratio OpenCV/binCV = 46.545x  -- binCV is SMALLER by 46.545x.
   The OpenCV side is an UPPER BOUND: GpuMat pads its pitch, and any
   filter buffer or NPP scratch held past the call is inside this
   delta. binCV's side is cudaMalloc with nothing in between.
MEM,describe,752x480_n1000,23068672,33554432,2097152,512,16

=====================================================================
 13. DESCRIPTOR MATCHING -- binCV cuda::matchDescriptors vs
     cv::cuda::DescriptorMatcher::createBFMatcher(NORM_HAMMING)
=====================================================================
 ROLE: 'nearest neighbour over binary descriptors with Lowe's ratio
 test, for a whole query set, on device'. A binCV device matcher
 EXISTS as of this round (cuda/sparseMatch.hpp), so the row this
 file used to print -- 'no binCV device counterpart' -- is retired.

 WHAT THE TIMED REGION IS, AND WHY IT FAVOURS OpenCV. binCV's arm
 is ONE launch that produces the ratio-tested result. OpenCV's arm
 is knnMatchAsync(k=2) ALONE -- the ratio test that would turn its
 two distances into the same answer is NOT in the bracket, and
 neither is knnMatchConvert. So the OpenCV arm is timed doing
 strictly LESS work than binCV's, and every ratio below is an
 UPPER BOUND on OpenCV's standing. That is deliberate: a bar the
 challenger cannot be accused of shaving is worth more than a bar
 that is exactly fair, when the challenger wins anyway.

 TWO OpenCV ARMS, because the bar is the BEST existing option.
 cv::cuda instantiates matchHamming_gpu at <unsigned char> and at
 <int>, and cv::cuda::ORB emits CV_8U. Both are run over the SAME
 descriptor bytes, reinterpreted, so the two arms differ only in
 the type the kernel was instantiated at.

 CONTENT. Pseudorandom descriptor words. Neither kernel has a
 data-dependent early-out -- both evaluate every (query, train)
 pair -- so the cost is content-independent and a real descriptor
 set would move neither arm. What content DOES decide is accuracy,
 which this row does not measure and does not claim.

 descriptor match, 256-bit, ratio 0.8 -- OpenCV arm is CV_8U  [470x470 (pipeline scale -- DOES NOT DECIDE)]
 cv::cuda BFMatcher knnMatchAsync(k=2), CV_8U     0.045 ms  spread   52%  [kernel]  (launch floor 13% of it)
 bincv::cuda::matchDescriptors (ratio test INCLUDED)     0.010 ms  spread   96%  [kernel]  AT THE LAUNCH FLOOR
   ratio binCV/OpenCV, interleaved rounds: median 0.212x <- QUOTE THIS  (binCV  4.72x FASTER)
                                           geomean 0.211x   per-round range 0.138-0.286x (15 rounds)
   sign test over those paired rounds: 0 favour A, 15 favour B, 0 tied -- two-sided p = 6.1e-05
   separation (a FACT, not the verdict): the two arms' sample ranges are DISJOINT
   verdict: DIRECTION ESTABLISHED, and A RESULT
            ARM B is faster in 15 of 15 paired rounds -- NO ROUND CROSSED 1.00x, so the
            direction is established by the rounds themselves (two-sided sign-test
            p = 6.1e-05). Magnitude 3.49x to 7.23x, median 4.72x: the spread bounds
            HOW MUCH it wins by, not WHETHER it does (owner's ruling, 2026-09-19).
            A RESULT: the two arms are 4.72x apart on the MEDIAN per-round ratio,
            clearing the 2.07x it has to beat (the larger of: per-round swing 2.07x,
            run-to-run scatter NOT MEASURED on this host). Decided by measure_util.hpp's
            difference-against-spread rule, in FACTORS because a percentage of it
            depends on which arm is the denominator; range separation is not what
            decided it.
            That clears the WITHIN-RUN half of the rule only -- nobody has measured
            this host's run-to-run scatter, and the rule wants the larger of the two.
ROW,matcher_u8,470x470 (pipeline scale -- DOES NOT DECIDE),0.045312,0.045363,0.068710,0.008704,0.009622,0.017981,0.138369,0.211880,0.286183,1,15,0.210937,0,15,0,4.719654,2.068251,6.104e-05

 the same, OpenCV arm instantiated at CV_32S  [470x470 (pipeline scale -- DOES NOT DECIDE)]
 cv::cuda BFMatcher knnMatchAsync(k=2), CV_32S     0.044 ms  spread   55%  [kernel]  (launch floor 13% of it)
 bincv::cuda::matchDescriptors (ratio test INCLUDED)     0.010 ms  spread  396%  [kernel]  AT THE LAUNCH FLOOR
   ratio binCV/OpenCV, interleaved rounds: median 0.220x <- QUOTE THIS  (binCV  4.55x FASTER)
                                           geomean 0.246x   per-round range 0.167-1.068x (15 rounds)
   sign test over those paired rounds: 1 favour A, 14 favour B, 0 tied -- two-sided p = 0.000977
   separation (a FACT, not the verdict): the two arms' sample ranges OVERLAP
   verdict: NULL RESULT, which is a result
            NULL on the magnitude: the two arms are 4.55x apart on the MEDIAN per-round ratio,
            short of the 6.40x it has to beat (the larger of: per-round swing 6.40x,
            run-to-run scatter NOT MEASURED on this host). Decided by measure_util.hpp's
            difference-against-spread rule, in FACTORS because a percentage of it
            depends on which arm is the denominator; range separation is not what
            decided it.
ROW,matcher_s32,470x470 (pipeline scale -- DOES NOT DECIDE),0.044237,0.044493,0.068762,0.008653,0.009830,0.047616,0.166891,0.219798,1.067738,0,15,0.245703,1,14,0,4.549638,6.397834,0.0009766

 descriptor match, 256-bit, ratio 0.8 -- OpenCV arm is CV_8U  [5000x5000 (map scale -- the deciding row)]
 cv::cuda BFMatcher knnMatchAsync(k=2), CV_8U     2.023 ms  spread   10%  [kernel]  (launch floor 0% of it)
 bincv::cuda::matchDescriptors (ratio test INCLUDED)     0.210 ms  spread   51%  [kernel]  (launch floor 3% of it)
   ratio binCV/OpenCV, interleaved rounds: median 0.105x <- QUOTE THIS  (binCV  9.50x FASTER)
                                           geomean 0.108x   per-round range 0.096-0.155x (15 rounds)
   sign test over those paired rounds: 0 favour A, 15 favour B, 0 tied -- two-sided p = 6.1e-05
   separation (a FACT, not the verdict): the two arms' sample ranges are DISJOINT
   verdict: DIRECTION ESTABLISHED, and A RESULT
            ARM B is faster in 15 of 15 paired rounds -- NO ROUND CROSSED 1.00x, so the
            direction is established by the rounds themselves (two-sided sign-test
            p = 6.1e-05). Magnitude 6.47x to 10.38x, median 9.50x: the spread bounds
            HOW MUCH it wins by, not WHETHER it does (owner's ruling, 2026-09-19).
            A RESULT: the two arms are 9.50x apart on the MEDIAN per-round ratio,
            clearing the 1.60x it has to beat (the larger of: per-round swing 1.60x,
            run-to-run scatter NOT MEASURED on this host). Decided by measure_util.hpp's
            difference-against-spread rule, in FACTORS because a percentage of it
            depends on which arm is the denominator; range separation is not what
            decided it.
            That clears the WITHIN-RUN half of the rule only -- nobody has measured
            this host's run-to-run scatter, and the rule wants the larger of the two.
ROW,matcher_u8,5000x5000 (map scale -- the deciding row),1.961152,2.022810,2.168013,0.208896,0.210272,0.315597,0.096354,0.105256,0.154595,1,15,0.108139,0,15,0,9.500672,1.604450,6.104e-05

 the same, OpenCV arm instantiated at CV_32S  [5000x5000 (map scale -- the deciding row)]
 cv::cuda BFMatcher knnMatchAsync(k=2), CV_32S     2.015 ms  spread   11%  [kernel]  (launch floor 0% of it)
 bincv::cuda::matchDescriptors (ratio test INCLUDED)     0.211 ms  spread   51%  [kernel]  (launch floor 3% of it)
   ratio binCV/OpenCV, interleaved rounds: median 0.105x <- QUOTE THIS  (binCV  9.57x FASTER)
                                           geomean 0.112x   per-round range 0.099-0.165x (15 rounds)
   sign test over those paired rounds: 0 favour A, 15 favour B, 0 tied -- two-sided p = 6.1e-05
   separation (a FACT, not the verdict): the two arms' sample ranges are DISJOINT
   verdict: DIRECTION ESTABLISHED, and A RESULT
            ARM B is faster in 15 of 15 paired rounds -- NO ROUND CROSSED 1.00x, so the
            direction is established by the rounds themselves (two-sided sign-test
            p = 6.1e-05). Magnitude 6.06x to 10.06x, median 9.57x: the spread bounds
            HOW MUCH it wins by, not WHETHER it does (owner's ruling, 2026-09-19).
            A RESULT: the two arms are 9.57x apart on the MEDIAN per-round ratio,
            clearing the 1.66x it has to beat (the larger of: per-round swing 1.66x,
            run-to-run scatter NOT MEASURED on this host). Decided by measure_util.hpp's
            difference-against-spread rule, in FACTORS because a percentage of it
            depends on which arm is the denominator; range separation is not what
            decided it.
            That clears the WITHIN-RUN half of the rule only -- nobody has measured
            this host's run-to-run scatter, and the rule wants the larger of the two.
ROW,matcher_s32,5000x5000 (map scale -- the deciding row),1.876787,2.014618,2.107802,0.209453,0.211341,0.317645,0.099370,0.104518,0.165141,1,15,0.112048,0,15,0,9.567751,1.661871,6.104e-05

 descriptor matching working set (query + train + result)  [5000x5000]  -- METER 2 on BOTH sides (cudaMemGetInfo delta),
 each side over enough independent working sets that the meter's
 2.00 MB unit resolves, then divided by its own count.
   [meter 2] cv::cuda      384.00 MB over   48 sets =    8192.0 KB/frame  (192 units)
   [meter 2] binCV          46.00 MB over  128 sets =     368.0 KB/frame  (23 units)
   [meter 2] ROUNDING: one 2.00 MB unit is 16.0 KB/frame at 128 sets (4.35% of binCV's
             figure) and 42.7 KB/frame at 48 sets (0.52% of OpenCV's).
   ratio OpenCV/binCV = 22.261x  -- binCV is SMALLER by 22.261x.
   The OpenCV side is an UPPER BOUND: GpuMat pads its pitch, and any
   filter buffer or NPP scratch held past the call is inside this
   delta. binCV's side is cudaMalloc with nothing in between.
MEM,matcher,5000x5000,48234496,402653184,2097152,128,48
   A 256-bit descriptor is a 32-BYTE ROW and GpuMat pitches a
   row to a 512-byte multiple. That pitch is most of this
   reading, and it is a property of the container rather than
   of the matcher -- said here so the number is not read as a
   claim about the kernel.

=====================================================================
 15. CENSUS DENSE DISPARITY -- binCV's census entry vs
     cv::cuda::StereoBM, RE-TAKEN after the matcher changed
=====================================================================
 ROLE: 'a dense disparity map from a rectified wide-input pair,
 resident on device'. Section 7 runs the BINARY path, which is
 where this library's structural claim lives. This section runs the
 CENSUS path, which is the entry a wide-input caller meets first and
 where binCV has NO structural advantage -- census EXPANDS data,
 8 bits per pixel in and 24 out, and the layout that makes it fast
 is the conventional one-word-per-pixel descriptor.

 WHY RE-TAKEN. The packed census matcher was replaced this round by
 a warp-cooperative separable box arm, and the shipped report's
 census rows predate it. Three rows are printed: the matcher alone,
 the whole entry (two transforms plus the match, which is what a
 caller pays), and the arm's own off-switch ratio inside THIS
 protocol so the family's 2.4-2.5x is reproduced or contradicted
 here rather than quoted from another process.
 Both sides on one explicit stream: StereoBM calls
 cudaDeviceSynchronize() on the null stream in each of its three
 kernels.

 census MATCHER only, 64 disparities, 9x9, K=24  [752x480]
 cv::cuda::StereoBM(64, 9)                        0.827 ms  spread   46%  [kernel]  (launch floor 1% of it)
 bincv denseDisparityCensusPacked (warp-box arm)     0.366 ms  spread   23%  [kernel]  (launch floor 2% of it)
   ratio binCV/OpenCV, interleaved rounds: median 0.499x <- QUOTE THIS  (binCV  2.00x FASTER)
                                           geomean 0.477x   per-round range 0.357-0.662x (15 rounds)
   sign test over those paired rounds: 0 favour A, 15 favour B, 0 tied -- two-sided p = 6.1e-05
   separation (a FACT, not the verdict): the two arms' sample ranges are DISJOINT
   verdict: DIRECTION ESTABLISHED, and A RESULT
            ARM B is faster in 15 of 15 paired rounds -- NO ROUND CROSSED 1.00x, so the
            direction is established by the rounds themselves (two-sided sign-test
            p = 6.1e-05). Magnitude 1.51x to 2.80x, median 2.00x: the spread bounds
            HOW MUCH it wins by, not WHETHER it does (owner's ruling, 2026-09-19).
            A RESULT: the two arms are 2.00x apart on the MEDIAN per-round ratio,
            clearing the 1.85x it has to beat (the larger of: per-round swing 1.85x,
            run-to-run scatter NOT MEASURED on this host). Decided by measure_util.hpp's
            difference-against-spread rule, in FACTORS because a percentage of it
            depends on which arm is the denominator; range separation is not what
            decided it.
            That clears the WITHIN-RUN half of the rule only -- nobody has measured
            this host's run-to-run scatter, and the rule wants the larger of the two.
ROW,census_match,752x480,0.642150,0.826870,1.022566,0.359408,0.365763,0.442266,0.356873,0.499422,0.661742,1,15,0.476794,0,15,0,2.002315,1.854279,6.104e-05

 census ENTRY: two transforms + the match -- what a caller pays  [752x480]
 cv::cuda::StereoBM(64, 9)                        0.717 ms  spread   12%  [kernel]  (launch floor 1% of it)
 bincv censusTransformPacked x2 + denseDisparityCensusPacked     0.474 ms  spread   15%  [kernel]  (launch floor 1% of it)
   ratio binCV/OpenCV, interleaved rounds: median 0.665x <- QUOTE THIS  (binCV  1.50x FASTER)
                                           geomean 0.654x   per-round range 0.588-0.713x (15 rounds)
   sign test over those paired rounds: 0 favour A, 15 favour B, 0 tied -- two-sided p = 6.1e-05
   separation (a FACT, not the verdict): the two arms' sample ranges are DISJOINT
   verdict: DIRECTION ESTABLISHED, and A RESULT
            ARM B is faster in 15 of 15 paired rounds -- NO ROUND CROSSED 1.00x, so the
            direction is established by the rounds themselves (two-sided sign-test
            p = 6.1e-05). Magnitude 1.40x to 1.70x, median 1.50x: the spread bounds
            HOW MUCH it wins by, not WHETHER it does (owner's ruling, 2026-09-19).
            A RESULT: the two arms are 1.50x apart on the MEDIAN per-round ratio,
            clearing the 1.21x it has to beat (the larger of: per-round swing 1.21x,
            run-to-run scatter NOT MEASURED on this host). Decided by measure_util.hpp's
            difference-against-spread rule, in FACTORS because a percentage of it
            depends on which arm is the denominator; range separation is not what
            decided it.
            That clears the WITHIN-RUN half of the rule only -- nobody has measured
            this host's run-to-run scatter, and the rule wants the larger of the two.
ROW,census_entry,752x480,0.669664,0.717414,0.755094,0.443802,0.473600,0.515866,0.588150,0.664821,0.713461,1,15,0.653873,0,15,0,1.504165,1.213060,6.104e-05

 OFF-SWITCH, binCV to binCV: the shipped packed matcher against
 the warp-box arm that replaced it.
 reference arm (densePackedBoxEnabled = false)     0.960 ms  spread    8%  [kernel]  (launch floor 1% of it)
 warp-box arm (densePackedBoxEnabled = true)      0.389 ms  spread   18%  [kernel]  (launch floor 1% of it)
   ratio box/reference: median 0.403x <- QUOTE THIS  (box  2.48x faster)  geomean 0.402x  range 0.358-0.465x
   sign test over those paired rounds: 0 favour A, 15 favour B, 0 tied -- two-sided p = 6.1e-05
   separation (a FACT, not the verdict): the two arms' sample ranges are DISJOINT
   verdict: DIRECTION ESTABLISHED, and A RESULT
            ARM B is faster in 15 of 15 paired rounds -- NO ROUND CROSSED 1.00x, so the
            direction is established by the rounds themselves (two-sided sign-test
            p = 6.1e-05). Magnitude 2.15x to 2.79x, median 2.48x: the spread bounds
            HOW MUCH it wins by, not WHETHER it does (owner's ruling, 2026-09-19).
            A RESULT: the two arms are 2.48x apart on the MEDIAN per-round ratio,
            clearing the 1.30x it has to beat (the larger of: per-round swing 1.30x,
            run-to-run scatter NOT MEASURED on this host). Decided by measure_util.hpp's
            difference-against-spread rule, in FACTORS because a percentage of it
            depends on which arm is the denominator; range separation is not what
            decided it.
            That clears the WITHIN-RUN half of the rule only -- nobody has measured
            this host's run-to-run scatter, and the rule wants the larger of the two.
ROW,census_offswitch,752x480,0.922829,0.959693,1.003213,0.359418,0.389018,0.430797,0.358267,0.403120,0.465479,1,15,0.402217,0,15,0,2.480653,1.299254,6.104e-05

 census entry working set (two wide frames + two descriptor images + map) vs StereoBM's  [752x480]  -- METER 2 on BOTH sides (cudaMemGetInfo delta),
 each side over enough independent working sets that the meter's
 2.00 MB unit resolves, then divided by its own count.
   [meter 2] cv::cuda      192.00 MB over   64 sets =    3072.0 KB/frame  (96 units)
   [meter 2] binCV         282.00 MB over   64 sets =    4512.0 KB/frame  (141 units)
   [meter 2] ROUNDING: one 2.00 MB unit is 32.0 KB/frame at 64 sets (0.71% of binCV's
             figure) and 32.0 KB/frame at 64 sets (1.04% of OpenCV's).
   ratio OpenCV/binCV = 0.681x  -- OpenCV is SMALLER by 1.469x.
   The OpenCV side is an UPPER BOUND: GpuMat pads its pitch, and any
   filter buffer or NPP scratch held past the call is inside this
   delta. binCV's side is cudaMalloc with nothing in between.
MEM,census_entry,752x480,295698432,201326592,2097152,64,64
   SCOPE, and it is not a footnote: the census path is where binCV
   has no structural advantage. Whatever this row says, the
   library's claim lives in section 7's binary path.

=====================================================================
 14 and 16 -- SKIPPED: NO REAL SEQUENCE
=====================================================================
 Both the Lucas-Kanade role row and the sequence-level number are
 decided by corner density, and a synthetic frame is a different
 workload -- measured elsewhere in this project as a verdict that
 INVERTED between synthetic and real content. So neither is run
 on makeFrame's smoothed noise and neither is substituted.
 Point BINCV_CUDA_ROLE_FRAMES at a 752x480 8-bit BSQ1 blob with
 at least two frames (scripts/make_sequence_blob.py --mode 8bit).
SKIP,lk,no real sequence blob
SKIP,sequence,no real sequence blob

=====================================================================
 17. OUTSTANDING (ruling R2) -- round 2's ops with NO cv::cuda
     counterpart at any API level
=====================================================================
 Each of these ships on correctness, memory and the HOST comparison,
 with its SPEED verdict recorded OUTSTANDING. No substitute bar is
 invented and no CPU number is quoted as a GPU one.

 gradientCovarianceAsync / gradientCovarianceBatchAsync
     Neither cv::cuda nor cv:: computes a 2x2 gradient covariance at
     any API level. cornerHarris and createMinEigenValCorner compute
     a dense float RESPONSE THROUGH one -- that is the bar for a
     composed corner op, which section 11 runs, and it is not a bar
     for the covariance itself.

 cornerSubPixAsync
     No cv::cuda counterpart in any module. Decided instead by its
     own round-trip inequality, which its author reports it MISSES.

 goodFeaturesToTrack's DEVICE-RESIDENT SPACING
     Section 10 times the whole op against OpenCV's. The residency
     itself -- a greedy min-distance filter that never leaves the
     device -- has no counterpart to be timed against, because
     OpenCV's runs on the host by construction.

 keypointsFromCorners
     Tier 3. OpenCV does not have the problem: its detectors already
     hand back float2, so there is nothing to convert and nothing to
     compare.

 keypointOrientation (all three arms)
     cv::cuda::ORB runs IC_Angle inside its keypoint pass and exposes
     no entry point that orients provided keypoints. Section 12 says
     so at the number.

 derivativeX / derivativeY / derivativeXY over TERNARY planes
     Section 11's inputs. cv::cuda::createDerivFilter is the nearest
     denominator and the derivcov family times it; both arms sit ON
     the launch floor there, so that ratio is a lower bound on the
     gap and says nothing about binCV's kernel.

 ROUND 3'S ADDITIONS TO THIS LIST.

 stereoDescriptorMatch / stereoRefineDisparity /
 stereoMatchRectified
     Sparse rectified stereo by descriptor match and a one-bit
     window refinement. cv::cuda ships dense block matchers
     (StereoBM, StereoBeliefPropagation, StereoConstantSpaceBP)
     and no SPARSE stereo at any API level -- a dense map for
     500 keypoints is a different operation, not a slower
     spelling of this one. Priced instead against binCV's OWN
     device dense path, which is a binCV-to-binCV bar and lives
     in cuda_sparse_benchmark. SPEED VERDICT: OUTSTANDING.

 calcOpticalFlowBlockMatch
     Pyramidal tracking by integer Hamming block matching. The
     nearest cv::cuda call is SparsePyrLKOpticalFlow, which solves
     a different equation -- and it is already section 14's bar
     for the op that DOES solve the same one. Quoting it twice
     would make one denominator answer two questions. SPEED
     VERDICT: OUTSTANDING; the role row that exists is the
     sparse family's own, stated as a role comparison there.

 matchDescriptorsGated
     Section 13 prices the UNGATED matcher, which is the one with
     a counterpart. The gate changes the ADMITTED SET, and
     cv::cuda::DescriptorMatcher has no mask that reproduces it,
     so the gated form has no bar. SPEED VERDICT: OUTSTANDING.

 the RANSAC geometry stage
     NOT an outstanding row and must not be filed as one. OpenCV
     has no cv::cuda essential-matrix estimator, but it DOES ship
     a GPU RANSAC (cv::cuda::solvePnPRansac, cudalegacy) whose
     shape is the finding: it keeps the solver on the host and
     moves only scoring. binCV's own measurement came out the
     same way and the stage stays on the host. There is nothing
     here to ship and therefore nothing to leave outstanding.
OUTSTANDING,covariance
OUTSTANDING,cornerSubPixAsync
OUTSTANDING,gftt_device_spacing
OUTSTANDING,keypointsFromCorners
OUTSTANDING,keypointOrientation
OUTSTANDING,stereoDescriptorMatch
OUTSTANDING,stereoRefineDisparity
OUTSTANDING,stereoMatchRectified
OUTSTANDING,calcOpticalFlowBlockMatch
OUTSTANDING,matchDescriptorsGated

=====================================================================
 END. One run is NOT a number on this host: aggregate the ROW lines
 across at least seven independent processes before quoting anything.
=====================================================================
### run 4
=======================================================================
 CUDA ROLE COMPARISONS -- every cv::cuda bar, one process, one protocol
=======================================================================
 device: NVIDIA GeForce RTX 3070 Ti (sm_86, 48 SMs, 608 GB/s peak)
 OpenCV 4.5.4
 frames: 752x480 (the reference geometry, where every written bar was
 set) and 1920x1080 (carried because several of these ops sit ON the
 launch floor at the reference size, where a ratio between two arms is
 a ratio between two launches).

 ORIENTATION: every ratio below is binCV / OpenCV. Under 1.000x is
 binCV ahead. Arm A is OpenCV, arm B is binCV, in every pair.

 LAUNCH FLOOR (empty kernel, same protocol)      0.0066 ms  spread  384%  [kernel]
   Every kernel-resident number below sits on top of this. An arm within
   a few multiples of it is reporting launch overhead, not its own work,
   and a RATIO between two such arms is reporting almost none of either.
   The spread is part of the answer, not a blemish on it: under WSL2 a
   launch costs what it costs plus whatever the host was doing.
FLOOR,0.005427,0.006605,0.030761

 Driver meter step, measured in this run: 2.00 MB. Every memory
 reading below is taken over 256 working sets for that reason.

=====================================================================
 1. THRESHOLD -- binCV cuda::threshold vs cv::cuda::threshold
=====================================================================
 ROLE: 'turn a wide frame into a per-pixel above/below map on device'.
 Both sides are ONE launch. They differ in what they emit: OpenCV
 writes one BYTE per pixel (CV_8UC1, THRESH_BINARY), binCV writes one
 BIT. That difference is the whole point of the library and it is
 stated at the number rather than folded into it -- the outputs are
 not the same array, so this is a role comparison, not an equality.

 threshold, uint8 -> above/below map  [752x480]
 cv::cuda::threshold -> CV_8U                     0.010 ms  spread  127%  [kernel]  AT THE LAUNCH FLOOR
 bincv::cuda::threshold -> bits                   0.009 ms  spread  178%  [kernel]  AT THE LAUNCH FLOOR
   ratio binCV/OpenCV, interleaved rounds: median 1.017x <- QUOTE THIS  (binCV  0.98x SLOWER)
                                           geomean 1.011x   per-round range 0.399-1.954x (15 rounds)
   sign test over those paired rounds: 8 favour A, 7 favour B, 0 tied -- two-sided p = 1
   separation (a FACT, not the verdict): the two arms' sample ranges OVERLAP
   verdict: NULL RESULT, which is a result
            NULL on the magnitude: the two arms are 1.02x apart on the MEDIAN per-round ratio,
            short of the 4.89x it has to beat (the larger of: per-round swing 4.89x,
            run-to-run scatter NOT MEASURED on this host). Decided by measure_util.hpp's
            difference-against-spread rule, in FACTORS because a percentage of it
            depends on which arm is the denominator; range separation is not what
            decided it.
ROW,threshold,752x480,0.007533,0.009826,0.020024,0.007266,0.009144,0.023586,0.399291,1.016871,1.953916,0,15,1.011414,8,7,0,1.016871,4.893469,1
   host-enqueue probe (no sync, wall clock per call):
     cv::cuda::threshold                          0.0046 ms enqueue vs  0.0098 ms event  -> MIXED: host dispatch is a large share of the bracket
     bincv::cuda::threshold                       0.0048 ms enqueue vs  0.0091 ms event  -> MIXED: host dispatch is a large share of the bracket
ENQ,threshold,752x480,0.004575,0.009826,0.004845,0.009144

 threshold, uint8 -> above/below map  [1920x1080]
 cv::cuda::threshold -> CV_8U                     0.029 ms  spread   92%  [kernel]  (launch floor 22% of it)
 bincv::cuda::threshold -> bits                   0.029 ms  spread   98%  [kernel]  (launch floor 23% of it)
   ratio binCV/OpenCV, interleaved rounds: median 0.990x <- QUOTE THIS  (binCV  1.01x FASTER)
                                           geomean 1.020x   per-round range 0.751-2.957x (15 rounds)
   sign test over those paired rounds: 5 favour A, 10 favour B, 0 tied -- two-sided p = 0.302
   separation (a FACT, not the verdict): the two arms' sample ranges OVERLAP
   verdict: NULL RESULT, which is a result
            NULL on the magnitude: the two arms are 1.01x apart on the MEDIAN per-round ratio,
            short of the 3.94x it has to beat (the larger of: per-round swing 3.94x,
            run-to-run scatter NOT MEASURED on this host). Decided by measure_util.hpp's
            difference-against-spread rule, in FACTORS because a percentage of it
            depends on which arm is the denominator; range separation is not what
            decided it.
ROW,threshold,1920x1080,0.010979,0.029498,0.038088,0.011682,0.029093,0.040086,0.750851,0.989937,2.957472,0,15,1.020443,5,10,0,1.010165,3.938828,0.3018
   host-enqueue probe (no sync, wall clock per call):
     cv::cuda::threshold                          0.0045 ms enqueue vs  0.0295 ms event  -> kernel-bound: the host feeds the device faster than it drains
     bincv::cuda::threshold                       0.0049 ms enqueue vs  0.0291 ms event  -> kernel-bound: the host feeds the device faster than it drains
ENQ,threshold,1920x1080,0.004514,0.029498,0.004881,0.029093

 threshold, uint8 -> above/below map  [3840x2160]
 cv::cuda::threshold -> CV_8U                     0.036 ms  spread   67%  [kernel]  (launch floor 18% of it)
 bincv::cuda::threshold -> bits                   0.026 ms  spread   82%  [kernel]  (launch floor 26% of it)
   ratio binCV/OpenCV, interleaved rounds: median 0.697x <- QUOTE THIS  (binCV  1.44x FASTER)
                                           geomean 0.711x   per-round range 0.510-1.259x (15 rounds)
   sign test over those paired rounds: 1 favour A, 14 favour B, 0 tied -- two-sided p = 0.000977
   separation (a FACT, not the verdict): the two arms' sample ranges OVERLAP
   verdict: NULL RESULT, which is a result
            NULL on the magnitude: the two arms are 1.44x apart on the MEDIAN per-round ratio,
            short of the 2.47x it has to beat (the larger of: per-round swing 2.47x,
            run-to-run scatter NOT MEASURED on this host). Decided by measure_util.hpp's
            difference-against-spread rule, in FACTORS because a percentage of it
            depends on which arm is the denominator; range separation is not what
            decided it.
ROW,threshold,3840x2160,0.035928,0.036424,0.060336,0.024958,0.025522,0.045861,0.509918,0.696813,1.259082,0,15,0.710870,1,14,0,1.435105,2.469186,0.0009766
   host-enqueue probe (no sync, wall clock per call):
     cv::cuda::threshold                          0.0051 ms enqueue vs  0.0364 ms event  -> kernel-bound: the host feeds the device faster than it drains
     bincv::cuda::threshold                       0.0051 ms enqueue vs  0.0255 ms event  -> kernel-bound: the host feeds the device faster than it drains
ENQ,threshold,3840x2160,0.005103,0.036424,0.005099,0.025522

 threshold working set (src + dst)  [752x480]  -- METER 2 on BOTH sides (cudaMemGetInfo delta),
 each side over enough independent working sets that the meter's
 2.00 MB unit resolves, then divided by its own count.
   [meter 2] cv::cuda      256.00 MB over  256 sets =    1024.0 KB/frame  (128 units)
   [meter 2] binCV         104.00 MB over  256 sets =     416.0 KB/frame  (52 units)
   [meter 2] ROUNDING: one 2.00 MB unit is 8.0 KB/frame at 256 sets (1.92% of binCV's
             figure) and 8.0 KB/frame at 256 sets (0.78% of OpenCV's).
   ratio OpenCV/binCV = 2.462x  -- binCV is SMALLER by 2.462x.
   The OpenCV side is an UPPER BOUND: GpuMat pads its pitch, and any
   filter buffer or NPP scratch held past the call is inside this
   delta. binCV's side is cudaMalloc with nothing in between.
MEM,threshold,752x480,109051904,268435456,2097152,256,256

=====================================================================
 2. MORPHOLOGY -- binCV cuda::erode / morphologyEx vs
    cv::cuda::createMorphologyFilter (cudafilters, NPP-backed)
=====================================================================
 ROLE: 'erode / open a binary-valued image on device'. OpenCV's
 operand is CV_8UC1 with values 0 and 255; binCV's is one bit per
 pixel. Same operation, same element, same border, different
 representation -- which is the comparison this library exists to
 make. The filter object is built ONCE outside the timed region on
 both sides, as a caller would; only apply() is timed.
 BORDER: cv::cuda's morphology filter is BORDER_CONSTANT only, so
 binCV runs BORDER_CONSTANT here too -- the four border types binCV
 makes word-parallel have no counterpart on this side to be timed
 against, and are priced in cuda_window_benchmark instead.

 erode, rect 3x3  [752x480]
 cv::cuda morphology filter -> CV_8U              0.087 ms  spread   49%  [kernel]  (launch floor 8% of it)
 bincv::cuda -> bits                              0.008 ms  spread   24%  [kernel]  AT THE LAUNCH FLOOR
   ratio binCV/OpenCV, interleaved rounds: median 0.092x <- QUOTE THIS  (binCV 10.81x FASTER)
                                           geomean 0.087x   per-round range 0.064-0.112x (15 rounds)
   sign test over those paired rounds: 0 favour A, 15 favour B, 0 tied -- two-sided p = 6.1e-05
   separation (a FACT, not the verdict): the two arms' sample ranges are DISJOINT
   verdict: DIRECTION ESTABLISHED, and A RESULT
            ARM B is faster in 15 of 15 paired rounds -- NO ROUND CROSSED 1.00x, so the
            direction is established by the rounds themselves (two-sided sign-test
            p = 6.1e-05). Magnitude 8.95x to 15.67x, median 10.81x: the spread bounds
            HOW MUCH it wins by, not WHETHER it does (owner's ruling, 2026-09-19).
            A RESULT: the two arms are 10.81x apart on the MEDIAN per-round ratio,
            clearing the 1.75x it has to beat (the larger of: per-round swing 1.75x,
            run-to-run scatter NOT MEASURED on this host). Decided by measure_util.hpp's
            difference-against-spread rule, in FACTORS because a percentage of it
            depends on which arm is the denominator; range separation is not what
            decided it.
            That clears the WITHIN-RUN half of the rule only -- nobody has measured
            this host's run-to-run scatter, and the rule wants the larger of the two.
ROW,morph_erode_rect3,752x480,0.083008,0.086974,0.125858,0.007565,0.007878,0.009477,0.063806,0.092467,0.111719,1,15,0.086914,0,15,0,10.814682,1.750921,6.104e-05
   host-enqueue probe (no sync, wall clock per call):
     cv::cuda morphology filter                   0.0889 ms enqueue vs  0.0870 ms event  -> DISPATCH-BOUND: the event bracket is timing the API call
     bincv::cuda                                  0.0051 ms enqueue vs  0.0079 ms event  -> MIXED: host dispatch is a large share of the bracket
ENQ,morph_erode_rect3,752x480,0.088897,0.086974,0.005121,0.007878
   single-call GPU time (device drained either side -- separates the
   kernel from the API for a dispatch-bound arm):
     cv::cuda morphology filter                   0.0809 ms solo vs  0.0870 ms batched
     bincv::cuda                                  0.0051 ms solo vs  0.0079 ms batched
SOLO,morph_erode_rect3,752x480,0.080896,0.086974,0.005120,0.007878

 morphologyEx OPEN, rect 3x3  [752x480]
 cv::cuda morphology filter -> CV_8U              0.196 ms  spread   40%  [kernel]  (launch floor 3% of it)
 bincv::cuda -> bits                              0.016 ms  spread  142%  [kernel]  (launch floor 42% of it)
   ratio binCV/OpenCV, interleaved rounds: median 0.081x <- QUOTE THIS  (binCV 12.28x FASTER)
                                           geomean 0.095x   per-round range 0.066-0.209x (15 rounds)
   sign test over those paired rounds: 0 favour A, 15 favour B, 0 tied -- two-sided p = 6.1e-05
   separation (a FACT, not the verdict): the two arms' sample ranges are DISJOINT
   verdict: DIRECTION ESTABLISHED, and A RESULT
            ARM B is faster in 15 of 15 paired rounds -- NO ROUND CROSSED 1.00x, so the
            direction is established by the rounds themselves (two-sided sign-test
            p = 6.1e-05). Magnitude 4.78x to 15.09x, median 12.28x: the spread bounds
            HOW MUCH it wins by, not WHETHER it does (owner's ruling, 2026-09-19).
            A RESULT: the two arms are 12.28x apart on the MEDIAN per-round ratio,
            clearing the 3.16x it has to beat (the larger of: per-round swing 3.16x,
            run-to-run scatter NOT MEASURED on this host). Decided by measure_util.hpp's
            difference-against-spread rule, in FACTORS because a percentage of it
            depends on which arm is the denominator; range separation is not what
            decided it.
            That clears the WITHIN-RUN half of the rule only -- nobody has measured
            this host's run-to-run scatter, and the rule wants the larger of the two.
ROW,morph_open_rect3,752x480,0.162304,0.195526,0.239664,0.013846,0.015878,0.036443,0.066253,0.081424,0.209207,1,15,0.094621,0,15,0,12.281415,3.157711,6.104e-05
   host-enqueue probe (no sync, wall clock per call):
     cv::cuda morphology filter                   0.2672 ms enqueue vs  0.1955 ms event  -> DISPATCH-BOUND: the event bracket is timing the API call
     bincv::cuda                                  0.0085 ms enqueue vs  0.0159 ms event  -> MIXED: host dispatch is a large share of the bracket
ENQ,morph_open_rect3,752x480,0.267250,0.195526,0.008471,0.015878
   single-call GPU time (device drained either side -- separates the
   kernel from the API for a dispatch-bound arm):
     cv::cuda morphology filter                   0.1731 ms solo vs  0.1955 ms batched
     bincv::cuda                                  0.0092 ms solo vs  0.0159 ms batched
SOLO,morph_open_rect3,752x480,0.173056,0.195526,0.009216,0.015878

 erode, ellipse 5x5  [752x480]
 cv::cuda morphology filter -> CV_8U              0.192 ms  spread  245%  [kernel]  (launch floor 3% of it)
 bincv::cuda -> bits                              0.013 ms  spread  270%  [kernel]  AT THE LAUNCH FLOOR
   ratio binCV/OpenCV, interleaved rounds: median 0.068x <- QUOTE THIS  (binCV 14.79x FASTER)
                                           geomean 0.070x   per-round range 0.024-0.233x (15 rounds)
   sign test over those paired rounds: 0 favour A, 15 favour B, 0 tied -- two-sided p = 6.1e-05
   separation (a FACT, not the verdict): the two arms' sample ranges are DISJOINT
   verdict: DIRECTION ESTABLISHED, and A RESULT
            ARM B is faster in 15 of 15 paired rounds -- NO ROUND CROSSED 1.00x, so the
            direction is established by the rounds themselves (two-sided sign-test
            p = 6.1e-05). Magnitude 4.29x to 41.93x, median 14.79x: the spread bounds
            HOW MUCH it wins by, not WHETHER it does (owner's ruling, 2026-09-19).
            A RESULT: the two arms are 14.79x apart on the MEDIAN per-round ratio,
            clearing the 9.78x it has to beat (the larger of: per-round swing 9.78x,
            run-to-run scatter NOT MEASURED on this host). Decided by measure_util.hpp's
            difference-against-spread rule, in FACTORS because a percentage of it
            depends on which arm is the denominator; range separation is not what
            decided it.
            That clears the WITHIN-RUN half of the rule only -- nobody has measured
            this host's run-to-run scatter, and the rule wants the larger of the two.
ROW,morph_erode_ell5,752x480,0.140080,0.192384,0.611240,0.010832,0.013138,0.046298,0.023849,0.067606,0.233129,1,15,0.070154,0,15,0,14.791488,9.775129,6.104e-05
   host-enqueue probe (no sync, wall clock per call):
     cv::cuda morphology filter                   0.2117 ms enqueue vs  0.1924 ms event  -> DISPATCH-BOUND: the event bracket is timing the API call
     bincv::cuda                                  0.0084 ms enqueue vs  0.0131 ms event  -> MIXED: host dispatch is a large share of the bracket
ENQ,morph_erode_ell5,752x480,0.211727,0.192384,0.008355,0.013138
   single-call GPU time (device drained either side -- separates the
   kernel from the API for a dispatch-bound arm):
     cv::cuda morphology filter                   0.1475 ms solo vs  0.1924 ms batched
     bincv::cuda                                  0.0656 ms solo vs  0.0131 ms batched
SOLO,morph_erode_ell5,752x480,0.147456,0.192384,0.065568,0.013138

 erode, rect 3x3  [1920x1080]
 cv::cuda morphology filter -> CV_8U              0.141 ms  spread   48%  [kernel]  (launch floor 5% of it)
 bincv::cuda -> bits                              0.011 ms  spread   32%  [kernel]  AT THE LAUNCH FLOOR
   ratio binCV/OpenCV, interleaved rounds: median 0.080x <- QUOTE THIS  (binCV 12.56x FASTER)
                                           geomean 0.078x   per-round range 0.055-0.096x (15 rounds)
   sign test over those paired rounds: 0 favour A, 15 favour B, 0 tied -- two-sided p = 6.1e-05
   separation (a FACT, not the verdict): the two arms' sample ranges are DISJOINT
   verdict: DIRECTION ESTABLISHED, and A RESULT
            ARM B is faster in 15 of 15 paired rounds -- NO ROUND CROSSED 1.00x, so the
            direction is established by the rounds themselves (two-sided sign-test
            p = 6.1e-05). Magnitude 10.38x to 18.34x, median 12.56x: the spread bounds
            HOW MUCH it wins by, not WHETHER it does (owner's ruling, 2026-09-19).
            A RESULT: the two arms are 12.56x apart on the MEDIAN per-round ratio,
            clearing the 1.77x it has to beat (the larger of: per-round swing 1.77x,
            run-to-run scatter NOT MEASURED on this host). Decided by measure_util.hpp's
            difference-against-spread rule, in FACTORS because a percentage of it
            depends on which arm is the denominator; range separation is not what
            decided it.
            That clears the WITHIN-RUN half of the rule only -- nobody has measured
            this host's run-to-run scatter, and the rule wants the larger of the two.
ROW,morph_erode_rect3,1920x1080,0.115083,0.141237,0.183330,0.009110,0.011402,0.012782,0.054512,0.079609,0.096364,1,15,0.077762,0,15,0,12.561472,1.767766,6.104e-05
   host-enqueue probe (no sync, wall clock per call):
     cv::cuda morphology filter                   0.1202 ms enqueue vs  0.1412 ms event  -> DISPATCH-BOUND: the event bracket is timing the API call
     bincv::cuda                                  0.0051 ms enqueue vs  0.0114 ms event  -> MIXED: host dispatch is a large share of the bracket
ENQ,morph_erode_rect3,1920x1080,0.120173,0.141237,0.005058,0.011402
   single-call GPU time (device drained either side -- separates the
   kernel from the API for a dispatch-bound arm):
     cv::cuda morphology filter                   0.1197 ms solo vs  0.1412 ms batched
     bincv::cuda                                  0.0072 ms solo vs  0.0114 ms batched
SOLO,morph_erode_rect3,1920x1080,0.119680,0.141237,0.007168,0.011402

 morphologyEx OPEN, rect 3x3  [1920x1080]
 cv::cuda morphology filter -> CV_8U              0.266 ms  spread   32%  [kernel]  (launch floor 2% of it)
 bincv::cuda -> bits                              0.018 ms  spread  112%  [kernel]  (launch floor 36% of it)
   ratio binCV/OpenCV, interleaved rounds: median 0.073x <- QUOTE THIS  (binCV 13.70x FASTER)
                                           geomean 0.082x   per-round range 0.060-0.154x (15 rounds)
   sign test over those paired rounds: 0 favour A, 15 favour B, 0 tied -- two-sided p = 6.1e-05
   separation (a FACT, not the verdict): the two arms' sample ranges are DISJOINT
   verdict: DIRECTION ESTABLISHED, and A RESULT
            ARM B is faster in 15 of 15 paired rounds -- NO ROUND CROSSED 1.00x, so the
            direction is established by the rounds themselves (two-sided sign-test
            p = 6.1e-05). Magnitude 6.50x to 16.55x, median 13.70x: the spread bounds
            HOW MUCH it wins by, not WHETHER it does (owner's ruling, 2026-09-19).
            A RESULT: the two arms are 13.70x apart on the MEDIAN per-round ratio,
            clearing the 2.55x it has to beat (the larger of: per-round swing 2.55x,
            run-to-run scatter NOT MEASURED on this host). Decided by measure_util.hpp's
            difference-against-spread rule, in FACTORS because a percentage of it
            depends on which arm is the denominator; range separation is not what
            decided it.
            That clears the WITHIN-RUN half of the rule only -- nobody has measured
            this host's run-to-run scatter, and the rule wants the larger of the two.
ROW,morph_open_rect3,1920x1080,0.224331,0.265630,0.308315,0.016941,0.018158,0.037227,0.060438,0.073008,0.153952,1,15,0.081998,0,15,0,13.697173,2.547248,6.104e-05
   host-enqueue probe (no sync, wall clock per call):
     cv::cuda morphology filter                   0.2573 ms enqueue vs  0.2656 ms event  -> DISPATCH-BOUND: the event bracket is timing the API call
     bincv::cuda                                  0.0102 ms enqueue vs  0.0182 ms event  -> MIXED: host dispatch is a large share of the bracket
ENQ,morph_open_rect3,1920x1080,0.257320,0.265630,0.010228,0.018158
   single-call GPU time (device drained either side -- separates the
   kernel from the API for a dispatch-bound arm):
     cv::cuda morphology filter                   0.2161 ms solo vs  0.2656 ms batched
     bincv::cuda                                  0.0131 ms solo vs  0.0182 ms batched
SOLO,morph_open_rect3,1920x1080,0.216064,0.265630,0.013088,0.018158

 erode, ellipse 5x5  [1920x1080]
 cv::cuda morphology filter -> CV_8U              0.315 ms  spread   36%  [kernel]  (launch floor 2% of it)
 bincv::cuda -> bits                              0.014 ms  spread  149%  [kernel]  (launch floor 48% of it)
   ratio binCV/OpenCV, interleaved rounds: median 0.044x <- QUOTE THIS  (binCV 22.74x FASTER)
                                           geomean 0.048x   per-round range 0.040-0.105x (15 rounds)
   sign test over those paired rounds: 0 favour A, 15 favour B, 0 tied -- two-sided p = 6.1e-05
   separation (a FACT, not the verdict): the two arms' sample ranges are DISJOINT
   verdict: DIRECTION ESTABLISHED, and A RESULT
            ARM B is faster in 15 of 15 paired rounds -- NO ROUND CROSSED 1.00x, so the
            direction is established by the rounds themselves (two-sided sign-test
            p = 6.1e-05). Magnitude 9.53x to 25.26x, median 22.74x: the spread bounds
            HOW MUCH it wins by, not WHETHER it does (owner's ruling, 2026-09-19).
            A RESULT: the two arms are 22.74x apart on the MEDIAN per-round ratio,
            clearing the 2.65x it has to beat (the larger of: per-round swing 2.65x,
            run-to-run scatter NOT MEASURED on this host). Decided by measure_util.hpp's
            difference-against-spread rule, in FACTORS because a percentage of it
            depends on which arm is the denominator; range separation is not what
            decided it.
            That clears the WITHIN-RUN half of the rule only -- nobody has measured
            this host's run-to-run scatter, and the rule wants the larger of the two.
ROW,morph_erode_ell5,1920x1080,0.281331,0.315373,0.393558,0.012722,0.013850,0.033323,0.039588,0.043972,0.104964,1,15,0.047536,0,15,0,22.741682,2.651432,6.104e-05
   host-enqueue probe (no sync, wall clock per call):
     cv::cuda morphology filter                   0.3090 ms enqueue vs  0.3154 ms event  -> DISPATCH-BOUND: the event bracket is timing the API call
     bincv::cuda                                  0.0044 ms enqueue vs  0.0138 ms event  -> kernel-bound: the host feeds the device faster than it drains
ENQ,morph_erode_ell5,1920x1080,0.308987,0.315373,0.004371,0.013850
   single-call GPU time (device drained either side -- separates the
   kernel from the API for a dispatch-bound arm):
     cv::cuda morphology filter                   0.2929 ms solo vs  0.3154 ms batched
     bincv::cuda                                  0.0132 ms solo vs  0.0138 ms batched
SOLO,morph_erode_ell5,1920x1080,0.292864,0.315373,0.013184,0.013850

 erode working set (src + dst + any filter buffer)  [752x480]  -- METER 2 on BOTH sides (cudaMemGetInfo delta),
 each side over enough independent working sets that the meter's
 2.00 MB unit resolves, then divided by its own count.
   [meter 2] cv::cuda      384.00 MB over  256 sets =    1536.0 KB/frame  (192 units)
   [meter 2] binCV          24.00 MB over  256 sets =      96.0 KB/frame  (12 units)
   [meter 2] ROUNDING: one 2.00 MB unit is 8.0 KB/frame at 256 sets (8.33% of binCV's
             figure) and 8.0 KB/frame at 256 sets (0.52% of OpenCV's).
   ratio OpenCV/binCV = 16.000x  -- binCV is SMALLER by 16.000x.
   The OpenCV side is an UPPER BOUND: GpuMat pads its pitch, and any
   filter buffer or NPP scratch held past the call is inside this
   delta. binCV's side is cudaMalloc with nothing in between.
MEM,morph_erode_rect3,752x480,25165824,402653184,2097152,256,256

=====================================================================
 3. MEDIAN (WIDE) -- binCV cuda::medianWide vs
    cv::cuda::createMedianFilter(CV_8UC1, ksize)
=====================================================================
 ROLE ONLY, and the asymmetry is stated first because it is large:
 cv::cuda::createMedianFilter is a 3x3 (or 5x5) SQUARE median with a
 replicated border. binCV's kMedianReferenceL is a 3-sample L and
 kMedianReferencePlus is a 5-sample plus, both with a ZERO border.
 These produce DIFFERENT IMAGES. Neither is an oracle for the other
 and no correctness claim is made across this row -- binCV's
 correctness is closed against its own host twin by the test suite.
 What this prices is the ROLE: 'median-filter a resident 8-bit frame
 on the device'. Part of binCV's advantage here is that its operation
 is CHEAPER (3 or 5 samples against 9), which is the algorithm's win
 and NOT the representation's -- medianWide has no packed advantage
 and its own header says so. The K=9 row below is the closest
 sample-count match to a 3x3 square and is the fairest single row.
 MEMORY IS PARITY BY CONSTRUCTION: one byte per pixel in, one out,
 on both sides. Any difference in the meter is GpuMat's pitch
 padding, not a representation win, and it is labelled as such.

 median, 9 samples each (the sample-count match), BOTH on an explicit stream  [752x480]
 cv::cuda median 3x3 square                       5.636 ms  spread    3%  [kernel]  (launch floor 0% of it)
 bincv::cuda medianWide K=9                       0.024 ms  spread   95%  [kernel]  (launch floor 27% of it)
   ratio binCV/OpenCV, interleaved rounds: median 0.004x <- QUOTE THIS  (binCV 233.08x FASTER)
                                           geomean 0.004x   per-round range 0.002-0.007x (15 rounds)
   sign test over those paired rounds: 0 favour A, 15 favour B, 0 tied -- two-sided p = 6.1e-05
   separation (a FACT, not the verdict): the two arms' sample ranges are DISJOINT
   verdict: DIRECTION ESTABLISHED, and A RESULT
            ARM B is faster in 15 of 15 paired rounds -- NO ROUND CROSSED 1.00x, so the
            direction is established by the rounds themselves (two-sided sign-test
            p = 6.1e-05). Magnitude 152.15x to 404.52x, median 233.08x: the spread bounds
            HOW MUCH it wins by, not WHETHER it does (owner's ruling, 2026-09-19).
            A RESULT: the two arms are 233.08x apart on the MEDIAN per-round ratio,
            clearing the 2.66x it has to beat (the larger of: per-round swing 2.66x,
            run-to-run scatter NOT MEASURED on this host). Decided by measure_util.hpp's
            difference-against-spread rule, in FACTORS because a percentage of it
            depends on which arm is the denominator; range separation is not what
            decided it.
            That clears the WITHIN-RUN half of the rule only -- nobody has measured
            this host's run-to-run scatter, and the rule wants the larger of the two.
ROW,median_k9,752x480,5.555405,5.635686,5.722112,0.014131,0.024141,0.037069,0.002472,0.004290,0.006572,1,15,0.003790,0,15,0,233.076269,2.658595,6.104e-05
   host-enqueue probe (no sync, wall clock per call):
     cv::cuda median 3x3                          0.0304 ms enqueue vs  5.6357 ms event  -> kernel-bound: the host feeds the device faster than it drains
     bincv::cuda medianWide K=9                   0.0041 ms enqueue vs  0.0241 ms event  -> kernel-bound: the host feeds the device faster than it drains
ENQ,median_k9,752x480,0.030438,5.635686,0.004068,0.024141

 median, OpenCV 9 samples vs binCV 3 (the shipped L)  [752x480]
 cv::cuda median 3x3 square                       5.676 ms  spread    4%  [kernel]  (launch floor 0% of it)
 bincv::cuda medianWide K=3 L                     0.007 ms  spread 1372%  [kernel]  AT THE LAUNCH FLOOR
   ratio binCV/OpenCV, interleaved rounds: median 0.001x <- QUOTE THIS  (binCV 840.66x FASTER)
                                           geomean 0.002x   per-round range 0.001-0.017x (15 rounds)
   sign test over those paired rounds: 0 favour A, 15 favour B, 0 tied -- two-sided p = 6.1e-05
   separation (a FACT, not the verdict): the two arms' sample ranges are DISJOINT
   verdict: DIRECTION ESTABLISHED, and A RESULT
            ARM B is faster in 15 of 15 paired rounds -- NO ROUND CROSSED 1.00x, so the
            direction is established by the rounds themselves (two-sided sign-test
            p = 6.1e-05). Magnitude 58.28x to 1122.20x, median 840.66x: the spread bounds
            HOW MUCH it wins by, not WHETHER it does (owner's ruling, 2026-09-19).
            A RESULT: the two arms are 840.66x apart on the MEDIAN per-round ratio,
            clearing the 19.25x it has to beat (the larger of: per-round swing 19.25x,
            run-to-run scatter NOT MEASURED on this host). Decided by measure_util.hpp's
            difference-against-spread rule, in FACTORS because a percentage of it
            depends on which arm is the denominator; range separation is not what
            decided it.
            That clears the WITHIN-RUN half of the rule only -- nobody has measured
            this host's run-to-run scatter, and the rule wants the larger of the two.
ROW,median_k3L,752x480,5.576704,5.676403,5.782118,0.005120,0.006758,0.097837,0.000891,0.001190,0.017158,1,15,0.001637,0,15,0,840.664750,19.254937,6.104e-05

 median, OpenCV 9 samples vs binCV 5 (the plus)  [752x480]
 cv::cuda median 3x3 square                       5.705 ms  spread    3%  [kernel]  (launch floor 0% of it)
 bincv::cuda medianWide K=5 plus                  0.015 ms  spread  241%  [kernel]  (launch floor 44% of it)
   ratio binCV/OpenCV, interleaved rounds: median 0.003x <- QUOTE THIS  (binCV 375.82x FASTER)
                                           geomean 0.003x   per-round range 0.001-0.008x (15 rounds)
   sign test over those paired rounds: 0 favour A, 15 favour B, 0 tied -- two-sided p = 6.1e-05
   separation (a FACT, not the verdict): the two arms' sample ranges are DISJOINT
   verdict: DIRECTION ESTABLISHED, and A RESULT
            ARM B is faster in 15 of 15 paired rounds -- NO ROUND CROSSED 1.00x, so the
            direction is established by the rounds themselves (two-sided sign-test
            p = 6.1e-05). Magnitude 131.04x to 754.51x, median 375.82x: the spread bounds
            HOW MUCH it wins by, not WHETHER it does (owner's ruling, 2026-09-19).
            A RESULT: the two arms are 375.82x apart on the MEDIAN per-round ratio,
            clearing the 5.76x it has to beat (the larger of: per-round swing 5.76x,
            run-to-run scatter NOT MEASURED on this host). Decided by measure_util.hpp's
            difference-against-spread rule, in FACTORS because a percentage of it
            depends on which arm is the denominator; range separation is not what
            decided it.
            That clears the WITHIN-RUN half of the rule only -- nobody has measured
            this host's run-to-run scatter, and the rule wants the larger of the two.
ROW,median_k5plus,752x480,5.598822,5.705088,5.769991,0.007578,0.015155,0.044032,0.001325,0.002661,0.007631,1,15,0.002705,0,15,0,375.824310,5.757849,6.104e-05

   THE DEFAULT-STREAM SURCHARGE, cv::cuda median, 752x480:
     apply() on the DEFAULT stream     5.7146 ms/call (wall, includes its internal cudaDeviceSynchronize)
     apply() on an EXPLICIT stream     0.0331 ms/call (wall, enqueue only)
   The difference is the API's, not the kernel's, and the rows above avoid it
   by running BOTH sides on an explicit stream.
SYNC,median_default_stream,752x480,5.714554,0.033068

 median, 9 samples each (the sample-count match), BOTH on an explicit stream  [1920x1080]
 cv::cuda median 3x3 square                      31.256 ms  spread    2%  [kernel]  (launch floor 0% of it)
 bincv::cuda medianWide K=9                       0.054 ms  spread   27%  [kernel]  (launch floor 12% of it)
   ratio binCV/OpenCV, interleaved rounds: median 0.002x <- QUOTE THIS  (binCV 586.84x FASTER)
                                           geomean 0.002x   per-round range 0.001-0.002x (15 rounds)
   sign test over those paired rounds: 0 favour A, 15 favour B, 0 tied -- two-sided p = 6.1e-05
   separation (a FACT, not the verdict): the two arms' sample ranges are DISJOINT
   verdict: DIRECTION ESTABLISHED, and A RESULT
            ARM B is faster in 15 of 15 paired rounds -- NO ROUND CROSSED 1.00x, so the
            direction is established by the rounds themselves (two-sided sign-test
            p = 6.1e-05). Magnitude 530.63x to 704.52x, median 586.84x: the spread bounds
            HOW MUCH it wins by, not WHETHER it does (owner's ruling, 2026-09-19).
            A RESULT: the two arms are 586.84x apart on the MEDIAN per-round ratio,
            clearing the 1.33x it has to beat (the larger of: per-round swing 1.33x,
            run-to-run scatter NOT MEASURED on this host). Decided by measure_util.hpp's
            difference-against-spread rule, in FACTORS because a percentage of it
            depends on which arm is the denominator; range separation is not what
            decided it.
            That clears the WITHIN-RUN half of the rule only -- nobody has measured
            this host's run-to-run scatter, and the rule wants the larger of the two.
ROW,median_k9,1920x1080,30.997876,31.255756,31.608627,0.044237,0.053862,0.058573,0.001419,0.001704,0.001885,1,15,0.001620,0,15,0,586.840319,1.327719,6.104e-05
   host-enqueue probe (no sync, wall clock per call):
     cv::cuda median 3x3                          0.0419 ms enqueue vs 31.2558 ms event  -> kernel-bound: the host feeds the device faster than it drains
     bincv::cuda medianWide K=9                   0.0050 ms enqueue vs  0.0539 ms event  -> kernel-bound: the host feeds the device faster than it drains
ENQ,median_k9,1920x1080,0.041860,31.255756,0.005024,0.053862

 median, OpenCV 9 samples vs binCV 3 (the shipped L)  [1920x1080]
 cv::cuda median 3x3 square                      31.225 ms  spread    1%  [kernel]  (launch floor 0% of it)
 bincv::cuda medianWide K=3 L                     0.023 ms  spread  189%  [kernel]  (launch floor 29% of it)
   ratio binCV/OpenCV, interleaved rounds: median 0.001x <- QUOTE THIS  (binCV 1363.99x FASTER)
                                           geomean 0.001x   per-round range 0.000-0.002x (15 rounds)
   sign test over those paired rounds: 0 favour A, 15 favour B, 0 tied -- two-sided p = 6.1e-05
   separation (a FACT, not the verdict): the two arms' sample ranges are DISJOINT
   verdict: DIRECTION ESTABLISHED, and A RESULT
            ARM B is faster in 15 of 15 paired rounds -- NO ROUND CROSSED 1.00x, so the
            direction is established by the rounds themselves (two-sided sign-test
            p = 6.1e-05). Magnitude 569.22x to 2585.18x, median 1363.99x: the spread bounds
            HOW MUCH it wins by, not WHETHER it does (owner's ruling, 2026-09-19).
            A RESULT: the two arms are 1363.99x apart on the MEDIAN per-round ratio,
            clearing the 4.54x it has to beat (the larger of: per-round swing 4.54x,
            run-to-run scatter NOT MEASURED on this host). Decided by measure_util.hpp's
            difference-against-spread rule, in FACTORS because a percentage of it
            depends on which arm is the denominator; range separation is not what
            decided it.
            That clears the WITHIN-RUN half of the rule only -- nobody has measured
            this host's run-to-run scatter, and the rule wants the larger of the two.
ROW,median_k3L,1920x1080,31.143936,31.225241,31.475711,0.012077,0.022893,0.055296,0.000387,0.000733,0.001757,1,15,0.000723,0,15,0,1363.985427,4.541606,6.104e-05

 median, OpenCV 9 samples vs binCV 5 (the plus)  [1920x1080]
 cv::cuda median 3x3 square                      31.256 ms  spread    1%  [kernel]  (launch floor 0% of it)
 bincv::cuda medianWide K=5 plus                  0.032 ms  spread  146%  [kernel]  (launch floor 21% of it)
   ratio binCV/OpenCV, interleaved rounds: median 0.001x <- QUOTE THIS  (binCV 977.93x FASTER)
                                           geomean 0.001x   per-round range 0.001-0.002x (15 rounds)
   sign test over those paired rounds: 0 favour A, 15 favour B, 0 tied -- two-sided p = 6.1e-05
   separation (a FACT, not the verdict): the two arms' sample ranges are DISJOINT
   verdict: DIRECTION ESTABLISHED, and A RESULT
            ARM B is faster in 15 of 15 paired rounds -- NO ROUND CROSSED 1.00x, so the
            direction is established by the rounds themselves (two-sided sign-test
            p = 6.1e-05). Magnitude 458.83x to 1466.27x, median 977.93x: the spread bounds
            HOW MUCH it wins by, not WHETHER it does (owner's ruling, 2026-09-19).
            A RESULT: the two arms are 977.93x apart on the MEDIAN per-round ratio,
            clearing the 3.20x it has to beat (the larger of: per-round swing 3.20x,
            run-to-run scatter NOT MEASURED on this host). Decided by measure_util.hpp's
            difference-against-spread rule, in FACTORS because a percentage of it
            depends on which arm is the denominator; range separation is not what
            decided it.
            That clears the WITHIN-RUN half of the rule only -- nobody has measured
            this host's run-to-run scatter, and the rule wants the larger of the two.
ROW,median_k5plus,1920x1080,31.115860,31.256314,31.522202,0.021299,0.031949,0.067994,0.000682,0.001023,0.002179,1,15,0.001003,0,15,0,977.934109,3.195638,6.104e-05

 denoiseMedian3 against ITS OWN WRITTEN BAR -- binCV's byte
 medianWide<L> with its fast arm on. Identical operation,
 identical border, one launch each; the only variable is the
 representation. This is the implementer's stated bar and the
 cv::cuda rows above are NOT it. Climbed as a LADDER because the
 written rule decides this gate at the first size clear of the
 launch floor, and names every size below it as deciding nothing.

 denoiseMedian3 (bits) vs medianWide<L> (bytes)  [752x480]
 bincv::cuda medianWide K=3 L, bytes              0.007 ms  spread   33%  [kernel]  AT THE LAUNCH FLOOR
 bincv::cuda denoiseMedian3                       0.006 ms  spread   54%  [kernel]  AT THE LAUNCH FLOOR
   ratio binCV/OpenCV, interleaved rounds: median 0.828x <- QUOTE THIS  (binCV  1.21x FASTER)
                                           geomean 0.849x   per-round range 0.607-1.369x (15 rounds)
   sign test over those paired rounds: 4 favour A, 11 favour B, 0 tied -- two-sided p = 0.118
   separation (a FACT, not the verdict): the two arms' sample ranges OVERLAP
   verdict: NULL RESULT, which is a result
            NULL on the magnitude: the two arms are 1.21x apart on the MEDIAN per-round ratio,
            short of the 2.26x it has to beat (the larger of: per-round swing 2.26x,
            run-to-run scatter NOT MEASURED on this host). Decided by measure_util.hpp's
            difference-against-spread rule, in FACTORS because a percentage of it
            depends on which arm is the denominator; range separation is not what
            decided it.
ROW,denoise3_vs_bytebar,752x480,0.006235,0.007066,0.008602,0.005171,0.006242,0.008538,0.607143,0.827799,1.369258,0,15,0.849257,4,11,0,1.208022,2.255249,0.1185

 denoiseMedian3 (bits) vs medianWide<L> (bytes)  [1920x1080]
 bincv::cuda medianWide K=3 L, bytes              0.012 ms  spread  190%  [kernel]  AT THE LAUNCH FLOOR
 bincv::cuda denoiseMedian3                       0.007 ms  spread   49%  [kernel]  AT THE LAUNCH FLOOR
   ratio binCV/OpenCV, interleaved rounds: median 0.566x <- QUOTE THIS  (binCV  1.77x FASTER)
                                           geomean 0.521x   per-round range 0.212-0.722x (15 rounds)
   sign test over those paired rounds: 0 favour A, 15 favour B, 0 tied -- two-sided p = 6.1e-05
   separation (a FACT, not the verdict): the two arms' sample ranges are DISJOINT
   verdict: DIRECTION ESTABLISHED
            ARM B is faster in 15 of 15 paired rounds -- NO ROUND CROSSED 1.00x, so the
            direction is established by the rounds themselves (two-sided sign-test
            p = 6.1e-05). Magnitude 1.39x to 4.72x, median 1.77x: the spread bounds
            HOW MUCH it wins by, not WHETHER it does (owner's ruling, 2026-09-19).
            NULL on the magnitude: the two arms are 1.77x apart on the MEDIAN per-round ratio,
            short of the 3.41x it has to beat (the larger of: per-round swing 3.41x,
            run-to-run scatter NOT MEASURED on this host). Decided by measure_util.hpp's
            difference-against-spread rule, in FACTORS because a percentage of it
            depends on which arm is the denominator; range separation is not what
            decided it.
ROW,denoise3_vs_bytebar,1920x1080,0.011571,0.011725,0.033826,0.005269,0.006720,0.008538,0.211816,0.565819,0.721861,1,15,0.521231,0,15,0,1.767351,3.407966,6.104e-05

 denoiseMedian3 (bits) vs medianWide<L> (bytes)  [4096x2160]
 bincv::cuda medianWide K=3 L, bytes              0.039 ms  spread   42%  [kernel]  (launch floor 17% of it)
 bincv::cuda denoiseMedian3                       0.007 ms  spread  135%  [kernel]  AT THE LAUNCH FLOOR
   ratio binCV/OpenCV, interleaved rounds: median 0.185x <- QUOTE THIS  (binCV  5.40x FASTER)
                                           geomean 0.189x   per-round range 0.125-0.406x (15 rounds)
   sign test over those paired rounds: 0 favour A, 15 favour B, 0 tied -- two-sided p = 6.1e-05
   separation (a FACT, not the verdict): the two arms' sample ranges are DISJOINT
   verdict: DIRECTION ESTABLISHED, and A RESULT
            ARM B is faster in 15 of 15 paired rounds -- NO ROUND CROSSED 1.00x, so the
            direction is established by the rounds themselves (two-sided sign-test
            p = 6.1e-05). Magnitude 2.46x to 7.98x, median 5.40x: the spread bounds
            HOW MUCH it wins by, not WHETHER it does (owner's ruling, 2026-09-19).
            A RESULT: the two arms are 5.40x apart on the MEDIAN per-round ratio,
            clearing the 3.24x it has to beat (the larger of: per-round swing 3.24x,
            run-to-run scatter NOT MEASURED on this host). Decided by measure_util.hpp's
            difference-against-spread rule, in FACTORS because a percentage of it
            depends on which arm is the denominator; range separation is not what
            decided it.
            That clears the WITHIN-RUN half of the rule only -- nobody has measured
            this host's run-to-run scatter, and the rule wants the larger of the two.
ROW,denoise3_vs_bytebar,4096x2160,0.038554,0.038810,0.054733,0.006237,0.007170,0.015923,0.125351,0.185227,0.406005,1,15,0.189310,0,15,0,5.398795,3.238952,6.104e-05
   cv::cuda::createMedianFilter's scratch is NOT incidental: its
   own filtering.cpp sizes the histograms at cols*256*partitions
   and cols*8*partitions CV_32S, which at 752 columns and its
   default 128 partitions is ~98 MB of device scratch for ONE
   752x480 frame. binCV's medianWide allocates ZERO scratch --
   no heap in kernels is a project rule, so the caller's two
   images are the whole working set.

 medianWide working set (wide src + wide dst + filter buffer)  [752x480]  -- METER 2 on BOTH sides (cudaMemGetInfo delta),
 each side over enough independent working sets that the meter's
 2.00 MB unit resolves, then divided by its own count.
   [meter 2] cv::cuda      792.00 MB over    8 sets =  101376.0 KB/frame  (396 units)
   [meter 2] binCV         206.00 MB over  256 sets =     824.0 KB/frame  (103 units)
   [meter 2] ROUNDING: one 2.00 MB unit is 8.0 KB/frame at 256 sets (0.97% of binCV's
             figure) and 256.0 KB/frame at 8 sets (0.25% of OpenCV's).
   ratio OpenCV/binCV = 123.029x  -- binCV is SMALLER by 123.029x.
   The OpenCV side is an UPPER BOUND: GpuMat pads its pitch, and any
   filter buffer or NPP scratch held past the call is inside this
   delta. binCV's side is cudaMalloc with nothing in between.
   NOTE: medianWide claims NO footprint advantage -- it is one
   byte per pixel on both sides. Any ratio here is GpuMat's pitch
   padding plus whatever cv::cuda::createMedianFilter holds for
   its histogram scratch, and it is NOT evidence for 1-bit
   packing. denoiseMedian3 is where this family's footprint
   result lives, and its bar is the binCV byte arm above.
MEM,median_k3L,752x480,216006656,830472192,2097152,256,8

 denoiseMedian3 (bits) vs medianWide<L> (bytes) working set  [752x480]  -- METER 2 on BOTH sides (cudaMemGetInfo delta),
 each side over enough independent working sets that the meter's
 2.00 MB unit resolves, then divided by its own count.
   [meter 2] cv::cuda      206.00 MB over  256 sets =     824.0 KB/frame  (103 units)
   [meter 2] binCV          24.00 MB over  256 sets =      96.0 KB/frame  (12 units)
   [meter 2] ROUNDING: one 2.00 MB unit is 8.0 KB/frame at 256 sets (8.33% of binCV's
             figure) and 8.0 KB/frame at 256 sets (0.97% of OpenCV's).
   ratio OpenCV/binCV = 8.583x  -- binCV is SMALLER by 8.583x.
   The OpenCV side is an UPPER BOUND: GpuMat pads its pitch, and any
   filter buffer or NPP scratch held past the call is inside this
   delta. binCV's side is cudaMalloc with nothing in between.
   Both sides of THAT pair are binCV, so the label 'OpenCV' on
   the first line reads 'binCV byte arm' here. Same meter, same
   replica count, and it is the representation's own ratio.
MEM,denoise3_vs_bytebar,752x480,25165824,216006656,2097152,256,256

=====================================================================
 4. PYRAMID -- binCV cuda::buildPyramidBox vs 3x cv::cuda::resize
    (INTER_AREA, 0.5) and 3x cv::cuda::pyrDown (cudawarping)
=====================================================================
 ROLE: 'build a three-rung half-resolution ladder on device'.
 cv::cuda::resize at INTER_AREA and scale 0.5 is the SAME FILTER as
 binCV's box -- a 2x2 average -- so that is the like-for-like arm.
 cv::cuda::pyrDown is a Gaussian 5x5 and is a DIFFERENT operation;
 it is carried because it is what a caller reaches for, and it is
 labelled as a different filter rather than quoted as the bar.
 binCV's ladder is N-BIT per rung (1,3,4,5) -- OpenCV has no N-bit
 image type, so the output arrays are not the same thing and this
 is a role comparison.
 ODD WIDTHS ARE NOT COMPARABLE: at width 753, resize's dsize is 376
 where pyrDownWidth(753) is 377. 752 is even at every rung, which is
 why the ladder is taken there.

 3-rung ladder, SAME FILTER (2x2 box / INTER_AREA 0.5)  [752x480]
 3x cv::cuda::resize INTER_AREA -> CV_8U          0.019 ms  spread  103%  [kernel]  (launch floor 34% of it)
 bincv::cuda buildPyramidBox -> N-bit             0.020 ms  spread  102%  [kernel]  (launch floor 33% of it)
   ratio binCV/OpenCV, interleaved rounds: median 1.018x <- QUOTE THIS  (binCV  0.98x SLOWER)
                                           geomean 1.049x   per-round range 0.767-1.734x (15 rounds)
   sign test over those paired rounds: 9 favour A, 6 favour B, 0 tied -- two-sided p = 0.607
   separation (a FACT, not the verdict): the two arms' sample ranges OVERLAP
   verdict: NULL RESULT, which is a result
            NULL on the magnitude: the two arms are 1.02x apart on the MEDIAN per-round ratio,
            short of the 2.26x it has to beat (the larger of: per-round swing 2.26x,
            run-to-run scatter NOT MEASURED on this host). Decided by measure_util.hpp's
            difference-against-spread rule, in FACTORS because a percentage of it
            depends on which arm is the denominator; range separation is not what
            decided it.
ROW,pyramid_vs_resize,752x480,0.017306,0.019456,0.037379,0.017818,0.019968,0.038195,0.766886,1.017573,1.733668,0,15,1.049300,9,6,0,1.017573,2.260659,0.6072
   host-enqueue probe (no sync, wall clock per call):
     3x cv::cuda::resize                          0.0143 ms enqueue vs  0.0195 ms event  -> MIXED: host dispatch is a large share of the bracket
     bincv::cuda buildPyramidBox                  0.0146 ms enqueue vs  0.0200 ms event  -> MIXED: host dispatch is a large share of the bracket
ENQ,pyramid_vs_resize,752x480,0.014294,0.019456,0.014632,0.019968

 3-rung ladder, DIFFERENT FILTER (Gaussian 5x5) -- reference only  [752x480]
 3x cv::cuda::pyrDown -> CV_8U                    0.021 ms  spread  102%  [kernel]  (launch floor 32% of it)
 bincv::cuda buildPyramidBox -> N-bit             0.019 ms  spread  161%  [kernel]  (launch floor 34% of it)
   ratio binCV/OpenCV, interleaved rounds: median 0.914x <- QUOTE THIS  (binCV  1.09x FASTER)
                                           geomean 0.979x   per-round range 0.504-2.139x (15 rounds)
   sign test over those paired rounds: 6 favour A, 9 favour B, 0 tied -- two-sided p = 0.607
   separation (a FACT, not the verdict): the two arms' sample ranges OVERLAP
   verdict: NULL RESULT, which is a result
            NULL on the magnitude: the two arms are 1.09x apart on the MEDIAN per-round ratio,
            short of the 4.25x it has to beat (the larger of: per-round swing 4.25x,
            run-to-run scatter NOT MEASURED on this host). Decided by measure_util.hpp's
            difference-against-spread rule, in FACTORS because a percentage of it
            depends on which arm is the denominator; range separation is not what
            decided it.
ROW,pyramid_vs_pyrdown,752x480,0.017389,0.020678,0.038400,0.016179,0.019344,0.047309,0.503750,0.913978,2.138889,0,15,0.978902,6,9,0,1.094118,4.245933,0.6072

 4-level ladder, all rungs resident  [752x480]  -- METER 2 on BOTH sides (cudaMemGetInfo delta),
 each side over enough independent working sets that the meter's
 2.00 MB unit resolves, then divided by its own count.
   [meter 2] cv::cuda      172.00 MB over  256 sets =     688.0 KB/frame  (86 units)
   [meter 2] binCV          24.00 MB over  256 sets =      96.0 KB/frame  (12 units)
   [meter 2] ROUNDING: one 2.00 MB unit is 8.0 KB/frame at 256 sets (8.33% of binCV's
             figure) and 8.0 KB/frame at 256 sets (1.16% of OpenCV's).
   ratio OpenCV/binCV = 7.167x  -- binCV is SMALLER by 7.167x.
   The OpenCV side is an UPPER BOUND: GpuMat pads its pitch, and any
   filter buffer or NPP scratch held past the call is inside this
   delta. binCV's side is cudaMalloc with nothing in between.
MEM,pyramid,752x480,25165824,180355072,2097152,256,256

=====================================================================
 5. EDGE THRESHOLD -- binCV cuda::edgeThreshold vs the composed
    cv::cuda spelling (createDerivFilter x2 + abs + add + threshold)
=====================================================================
 ROLE: 'central-difference gradient magnitude, thresholded, on
 device'. There is no single cv::cuda call for it, so the bar is the
 composed spelling a caller would actually write. createDerivFilter
 at ksize=1 with normalize=false gives getDerivKernels' exact
 [-1,0,1] -- the same computation -- and defaults to
 BORDER_REFLECT_101, which is binCV's border here.
 createLinearFilter cannot be used: it asserts dst depth == src
 depth, and a signed derivative of CV_8U needs CV_16S.
 The chain is separable, so it is SEVERAL launches against binCV's
 one, and the launch count is derived from the API's structure --
 no profiler runs on this host to count them directly.

 edge map, |dx| max |dy| >= 17  [752x480]
 composed cv::cuda chain -> CV_16S                0.057 ms  spread   77%  [kernel]  (launch floor 12% of it)
 bincv::cuda edgeThreshold -> bits                0.008 ms  spread  131%  [kernel]  AT THE LAUNCH FLOOR
   ratio binCV/OpenCV, interleaved rounds: median 0.130x <- QUOTE THIS  (binCV  7.72x FASTER)
                                           geomean 0.132x   per-round range 0.091-0.186x (15 rounds)
   sign test over those paired rounds: 0 favour A, 15 favour B, 0 tied -- two-sided p = 6.1e-05
   separation (a FACT, not the verdict): the two arms' sample ranges are DISJOINT
   verdict: DIRECTION ESTABLISHED, and A RESULT
            ARM B is faster in 15 of 15 paired rounds -- NO ROUND CROSSED 1.00x, so the
            direction is established by the rounds themselves (two-sided sign-test
            p = 6.1e-05). Magnitude 5.37x to 10.99x, median 7.72x: the spread bounds
            HOW MUCH it wins by, not WHETHER it does (owner's ruling, 2026-09-19).
            A RESULT: the two arms are 7.72x apart on the MEDIAN per-round ratio,
            clearing the 2.05x it has to beat (the larger of: per-round swing 2.05x,
            run-to-run scatter NOT MEASURED on this host). Decided by measure_util.hpp's
            difference-against-spread rule, in FACTORS because a percentage of it
            depends on which arm is the denominator; range separation is not what
            decided it.
            That clears the WITHIN-RUN half of the rule only -- nobody has measured
            this host's run-to-run scatter, and the rule wants the larger of the two.
ROW,edge,752x480,0.051187,0.056730,0.094925,0.006912,0.007680,0.016947,0.090963,0.129559,0.186172,1,15,0.132309,0,15,0,7.718519,2.046684,6.104e-05
   host-enqueue probe (no sync, wall clock per call):
     composed cv::cuda chain                      0.0404 ms enqueue vs  0.0567 ms event  -> MIXED: host dispatch is a large share of the bracket
     bincv::cuda edgeThreshold                    0.0052 ms enqueue vs  0.0077 ms event  -> MIXED: host dispatch is a large share of the bracket
ENQ,edge,752x480,0.040408,0.056730,0.005175,0.007680

 edge map, |dx| max |dy| >= 17  [1920x1080]
 composed cv::cuda chain -> CV_16S                0.181 ms  spread   34%  [kernel]  (launch floor 4% of it)
 bincv::cuda edgeThreshold -> bits                0.016 ms  spread   48%  [kernel]  (launch floor 40% of it)
   ratio binCV/OpenCV, interleaved rounds: median 0.091x <- QUOTE THIS  (binCV 11.03x FASTER)
                                           geomean 0.088x   per-round range 0.067-0.114x (15 rounds)
   sign test over those paired rounds: 0 favour A, 15 favour B, 0 tied -- two-sided p = 6.1e-05
   separation (a FACT, not the verdict): the two arms' sample ranges are DISJOINT
   verdict: DIRECTION ESTABLISHED, and A RESULT
            ARM B is faster in 15 of 15 paired rounds -- NO ROUND CROSSED 1.00x, so the
            direction is established by the rounds themselves (two-sided sign-test
            p = 6.1e-05). Magnitude 8.79x to 14.87x, median 11.03x: the spread bounds
            HOW MUCH it wins by, not WHETHER it does (owner's ruling, 2026-09-19).
            A RESULT: the two arms are 11.03x apart on the MEDIAN per-round ratio,
            clearing the 1.69x it has to beat (the larger of: per-round swing 1.69x,
            run-to-run scatter NOT MEASURED on this host). Decided by measure_util.hpp's
            difference-against-spread rule, in FACTORS because a percentage of it
            depends on which arm is the denominator; range separation is not what
            decided it.
            That clears the WITHIN-RUN half of the rule only -- nobody has measured
            this host's run-to-run scatter, and the rule wants the larger of the two.
ROW,edge,1920x1080,0.179712,0.180515,0.240742,0.016026,0.016331,0.023808,0.067250,0.090690,0.113759,1,15,0.087994,0,15,0,11.026560,1.691585,6.104e-05
   host-enqueue probe (no sync, wall clock per call):
     composed cv::cuda chain                      0.0416 ms enqueue vs  0.1805 ms event  -> kernel-bound: the host feeds the device faster than it drains
     bincv::cuda edgeThreshold                    0.0076 ms enqueue vs  0.0163 ms event  -> MIXED: host dispatch is a large share of the bracket
ENQ,edge,1920x1080,0.041607,0.180515,0.007630,0.016331

 edge working set (every intermediate the chain needs)  [752x480]  -- METER 2 on BOTH sides (cudaMemGetInfo delta),
 each side over enough independent working sets that the meter's
 2.00 MB unit resolves, then divided by its own count.
   [meter 2] cv::cuda      640.00 MB over   64 sets =   10240.0 KB/frame  (320 units)
   [meter 2] binCV         104.00 MB over  256 sets =     416.0 KB/frame  (52 units)
   [meter 2] ROUNDING: one 2.00 MB unit is 8.0 KB/frame at 256 sets (1.92% of binCV's
             figure) and 32.0 KB/frame at 64 sets (0.31% of OpenCV's).
   ratio OpenCV/binCV = 24.615x  -- binCV is SMALLER by 24.615x.
   The OpenCV side is an UPPER BOUND: GpuMat pads its pitch, and any
   filter buffer or NPP scratch held past the call is inside this
   delta. binCV's side is cudaMalloc with nothing in between.
MEM,edge,752x480,109051904,671088640,2097152,256,64

=====================================================================
 6. NO BAR EXISTS -- verdict OUTSTANDING (owner ruling R2)
=====================================================================
 These ops have NO cv::cuda counterpart at any API level. Under R2
 they ship on correctness + memory + the host comparison, with the
 GPU speed verdict recorded explicitly as OUTSTANDING against the
 resident pipeline that will later price them. No substitute bar is
 invented here and no CPU number is quoted as a GPU bar.

   cuda::binarize     N-plane bit-sliced source -> bits. OpenCV has
                      no N-bit image type on host or device, so there
                      is nothing to compare the input side against.
                      SPEED VERDICT: OUTSTANDING.
   cuda::shift        integer translation of a packed bit plane. The
                      byte side's actual alternative is a pitched DMA
                      (cudaMemcpy2D), not a kernel -- timed below as
                      a reference, not as a bar, because binCV's one
                      funnel-shift instruction is being compared
                      against ZERO instructions on a copy engine.
                      SPEED VERDICT: OUTSTANDING.
   cuda::pyrDownBox   the N-bit rung itself (the LADDER has a role
                      bar above; the per-rung N-bit requantize does
                      not). SPEED VERDICT: OUTSTANDING.

 shift, REFERENCE ONLY (not a bar -- a DMA against a kernel):
 cudaMemcpy2DAsync ROI, bytes (copy engine)       0.007 ms  spread   34%  [kernel]  AT THE LAUNCH FLOOR
 bincv::cuda::shift dx=8, bits (one kernel)       0.007 ms  spread   76%  [kernel]  AT THE LAUNCH FLOOR
   ratio binCV/DMA: 1.120x   range 0.804-1.446x   OVERLAP
ROW,shift_vs_dma,752x480,0.005376,0.006758,0.007680,0.005325,0.006963,0.010598,0.804196,1.120035,1.445786,0,15,1.095271,11,4,0,1.120035,1.797803,0.1185

=====================================================================
 7. DENSE DISPARITY -- binCV binary path vs cv::cuda::StereoBM
=====================================================================
 ROLE: 'a dense disparity map from a rectified pair, resident on
 device'. StereoBM matches SAD over prefiltered bytes; binCV matches
 Hamming over packed binary. Different maps -- correctness is settled
 against the host library by the test suite, not here.
 RE-TAKEN HERE because this backend's shipped report quotes this
 comparison from a DEFAULT-STREAM measurement, and StereoBM calls
 cudaDeviceSynchronize() on the null stream in each of its three
 kernels (cudastereo/src/cuda/stereobm.cu). Both sides now run on
 one explicit stream, where neither synchronizes.

 dense disparity, 64 disparities, 9x9 support  [752x480]
 cv::cuda::StereoBM(64, 9)                        0.688 ms  spread   12%  [kernel]  (launch floor 1% of it)
 bincv::cuda denseDisparityBinary                 0.064 ms  spread  117%  [kernel]  (launch floor 10% of it)
   ratio binCV/OpenCV, interleaved rounds: median 0.093x <- QUOTE THIS  (binCV 10.75x FASTER)
                                           geomean 0.107x   per-round range 0.089-0.202x (15 rounds)
   sign test over those paired rounds: 0 favour A, 15 favour B, 0 tied -- two-sided p = 6.1e-05
   separation (a FACT, not the verdict): the two arms' sample ranges are DISJOINT
   verdict: DIRECTION ESTABLISHED, and A RESULT
            ARM B is faster in 15 of 15 paired rounds -- NO ROUND CROSSED 1.00x, so the
            direction is established by the rounds themselves (two-sided sign-test
            p = 6.1e-05). Magnitude 4.95x to 11.28x, median 10.75x: the spread bounds
            HOW MUCH it wins by, not WHETHER it does (owner's ruling, 2026-09-19).
            A RESULT: the two arms are 10.75x apart on the MEDIAN per-round ratio,
            clearing the 2.28x it has to beat (the larger of: per-round swing 2.28x,
            run-to-run scatter NOT MEASURED on this host). Decided by measure_util.hpp's
            difference-against-spread rule, in FACTORS because a percentage of it
            depends on which arm is the denominator; range separation is not what
            decided it.
            That clears the WITHIN-RUN half of the rule only -- nobody has measured
            this host's run-to-run scatter, and the rule wants the larger of the two.
ROW,stereo_binary,752x480,0.638464,0.687718,0.721891,0.063386,0.064000,0.138138,0.088656,0.093061,0.202007,1,15,0.106580,0,15,0,10.745600,2.278544,6.104e-05
   host-enqueue probe (no sync, wall clock per call):
     cv::cuda::StereoBM                           0.6438 ms enqueue vs  0.6877 ms event  -> DISPATCH-BOUND: the event bracket is timing the API call
     bincv denseDisparityBinary                   0.0108 ms enqueue vs  0.0640 ms event  -> kernel-bound: the host feeds the device faster than it drains
ENQ,stereo_binary,752x480,0.643848,0.687718,0.010795,0.064000
   single-call GPU time (device drained either side -- separates the
   kernel from the API for a dispatch-bound arm):
     cv::cuda::StereoBM                           0.6441 ms solo vs  0.6877 ms batched
     bincv denseDisparityBinary                   0.0653 ms solo vs  0.0640 ms batched
SOLO,stereo_binary,752x480,0.644096,0.687718,0.065344,0.064000

   THE SAME cv::cuda::StereoBM ON THE DEFAULT STREAM: 0.7108 ms
   against 0.6877 ms on an explicit stream -- a 1.03x difference that
   is the API's three null-stream cudaDeviceSynchronize calls, not
   the kernel. The explicit-stream number is the bar, because the
   bar is the BEST existing option and a pipeline uses streams.
SYNC,stereobm_default_stream,752x480,0.710758,0.687718

---------------------------------------------------------------
 7b. MEMORY -- THE THREE WORKING SETS, ONE REGION, ONE METER,
     ONE REPLICA COUNT, THIS PROCESS
---------------------------------------------------------------
 Meter 2 (cudaMemGetInfo delta) on all three, 256 replicas each,
 every set held until its delta is read. Region: 752x480, 64
 disparities, 9x9 support -- the same region section 7 timed.

   one meter unit = 2.00 MB = 8.0 KB/frame at 256 replicas
   binCV BINARY entry                       112.00 MB / 256 =    448.0 KB/frame  (  56 units, rounding 1.79%)  2 bit planes + map
     CONVERGENCE, on the smallest of the three: the same set reads 448.0 KB/frame
     at 64 replicas against 448.0 KB/frame at 256 -- 1.0000x. It has stopped moving, so the count is high enough.
   binCV CENSUS entry                      1126.00 MB / 256 =   4504.0 KB/frame  ( 563 units, rounding 0.18%)  2 wide + 2 descriptors + map
   cv::cuda::StereoBM(64,9) synthetic       768.00 MB / 256 =   3072.0 KB/frame  ( 384 units, rounding 0.26%)  UPPER reading
   [meter 1, binCV context only, never a cross-library numerator] binary
   entry allocation sum = 442.5 KB. Meter 1 and meter 2 do not divide.
   CONTENT DEPENDENCE: NOT CHECKED -- no real sequence blob was pointed at
   BINCV_CUDA_ROLE_FRAMES, so only the synthetic reading exists and it is
   quoted as such.
   BINARY entry vs StereoBM: 6.857x -- binCV SMALLER by 6.857x (448.0 KB against 3072.0 KB).
   CENSUS entry vs StereoBM: 0.682x -- StereoBM SMALLER by 1.466x (4504.0 KB against 3072.0 KB).
   Both ratios are LOWER BOUNDS on binCV's side and UPPER readings on
   StereoBM's, for the reason stated above: GpuMat may pool and pads its
   pitch; binCV has nothing between the op and cudaMalloc.
MEM,stereo_binary_vs_stereobm,752x480,117440512,805306368,2097152,256,256
MEM,stereo_census_vs_stereobm,752x480,1180696576,805306368,2097152,256,256
MEM3,stereo_one_region,752x480,117440512,1180696576,805306368,0,2097152,256

=====================================================================
 8. THE DEFAULT-STREAM SURCHARGE -- why every row above runs on an
    EXPLICIT stream, measured rather than asserted
=====================================================================
 OpenCV's CUDA modules call cudaDeviceSynchronize() after a launch
 WHEN AND ONLY WHEN the stream is the null stream. It is not one
 function: the guard

     if (stream == 0) cudaSafeCall( cudaDeviceSynchronize() );

 appears in cudev's grid transform (which backs cudaarithm's
 threshold, abs and max), in cudafilters' morphology, linear and
 median filters, in cudawarping's resize and pyrDown, and three
 times in cudastereo's StereoBM.

 CONSEQUENCE FOR A BENCHMARK. On the default stream an OpenCV arm
 cannot pipeline across a batch of enqueues while binCV's arm can,
 so an event bracket over N calls measures N serialized round trips
 on one side and N pipelined launches on the other. That is not a
 kernel-to-kernel comparison, and the difference is not small.

 WHICH NUMBER IS THE BAR. The explicit-stream one. CLAUDE.md says the
 bar is the BEST existing option, not the worst; a resident pipeline
 uses streams, and OpenCV supports them on every call measured here.
 Quoting the default-stream number would be measuring against a
 fallback nobody would use. The default-stream figure is reported
 beside it as what a naive caller pays, and labelled as that.

 call                                              default   explicit    ratio
 cv::cuda::threshold (cudaarithm / cudev)         0.0524 ms   0.0084 ms    6.21x  (ranges DISJOINT)
STREAMCOST,cv::cuda::threshold (cudaarithm / cudev),0.044902,0.052429,0.080947,0.006042,0.008440,0.021291,1
 cv::cuda erode 3x3 (cudafilters)                 0.1835 ms   0.1454 ms    1.26x  (ranges OVERLAP)
STREAMCOST,cv::cuda erode 3x3 (cudafilters),0.144299,0.183454,0.239155,0.081408,0.145357,0.271770,0
 cv::cuda::resize INTER_AREA 0.5 (cudawarping)    0.0462 ms   0.0071 ms    6.54x  (ranges DISJOINT)
STREAMCOST,cv::cuda::resize INTER_AREA 0.5 (cudawarping),0.043918,0.046243,0.128922,0.005885,0.007067,0.008651,1
 cv::cuda::pyrDown (cudawarping)                  0.0461 ms   0.0083 ms    5.53x  (ranges DISJOINT)
STREAMCOST,cv::cuda::pyrDown (cudawarping),0.039286,0.046147,0.096973,0.006810,0.008346,0.016230,1
 cv::cuda median 3x3 (cudafilters) -- a 6 ms kernel   5.7102 ms   5.6716 ms    1.01x  (ranges OVERLAP)
STREAMCOST,cv::cuda median 3x3 (cudafilters) -- a 6 ms kernel,5.668505,5.710183,5.824307,5.623399,5.671629,5.729075,0
 CONTROL: binCV cuda::threshold (no such guard anywhere)   0.0068 ms   0.0073 ms    0.92x  (ranges OVERLAP)
STREAMCOST,CONTROL: binCV cuda::threshold (no such guard anywhere),0.005317,0.006758,0.020378,0.005120,0.007322,0.017971,0
 CONTROL: binCV cuda::erode 3x3 (no such guard anywhere)   0.0067 ms   0.0066 ms    1.02x  (ranges OVERLAP)
STREAMCOST,CONTROL: binCV cuda::erode 3x3 (no such guard anywhere),0.005632,0.006669,0.008192,0.005939,0.006554,0.006963,0

 HOW TO READ THIS TABLE, and the last row is what makes it
 readable. binCV has NO null-stream guard anywhere, so its row is
 the control: whatever ratio IT shows is the legacy default stream's
 own per-launch tax, which every arm on that stream pays -- the
 legacy stream implicitly synchronizes with every other blocking
 stream in the process, and one exists here. Only the EXCESS over
 the control is attributable to OpenCV's cudaDeviceSynchronize.

 AND THE SIZE OF THE EFFECT DEPENDS ON THE KERNEL, which is the
 conclusion that actually matters for this report: a synchronize
 costs roughly one launch latency, so it is most of the measurement
 for an op sitting near the launch floor and almost none of it for
 an op that runs for a millisecond. Expect threshold, resize and
 median to move a lot and StereoBM to barely move at all -- and
 check that against the rows above rather than taking it on trust.

=====================================================================
 ROUND 2 -- the pipeline role bars. INPUT, stated once for all of
 them: binCV's own sensor stage output at 752x480 -- medianWide<3>
 then edgeThreshold(17) -- 82.67% of pixels set. OpenCV reads the
 identical bits as a CV_8U {0,255} picture.
 FRAME SOURCE: synthetic smoothed noise (NOT representative content)
=====================================================================
FRAMESRC,synthetic smoothed noise (NOT representative content),82.6695

=====================================================================
 9. FAST -- binCV cuda::detectFastAsync vs cv::cuda::FastFeatureDetector
=====================================================================
 THE AUTHOR'S OWN RULE, not restated more kindly: required >= 1.00x
 kernel-resident, both sides one explicit stream, with the corner-set
 agreement gate passing first. The '>= 2.00x target' the design
 carried was deleted by its own author as underived; what ratio ships
 the claim UNQUALIFIED remains an open owner question, and nothing
 here fills it in.
 The capped arm is carried beside the shipped one because the family
 located its shortfall in the single-block raster sort rather than in
 the ring algebra, and a serial pass has to be able to check that.

 CORNER-SET AGREEMENT GATE (runs before any timing): binCV 32768 (found 34143, capacity 32768, *** TRUNCATED ***), OpenCV 32768 keypoints -- *** SETS DIFFER -- ratios below are NOT like-for-like ***
GATE,fast_corner_sets,752x480,32768,32768,0

 FAST corners, binary frame vs CV_8U picture  [752x480]
 cv::cuda::FastFeatureDetector (nms off)          0.124 ms  spread   36%  [kernel]  (launch floor 5% of it)
 bincv::cuda::detectFastAsync                     0.020 ms  spread  106%  [kernel]  (launch floor 34% of it)
   ratio binCV/OpenCV, interleaved rounds: median 0.156x <- QUOTE THIS  (binCV  6.43x FASTER)
                                           geomean 0.164x   per-round range 0.096-0.297x (15 rounds)
   sign test over those paired rounds: 0 favour A, 15 favour B, 0 tied -- two-sided p = 6.1e-05
   separation (a FACT, not the verdict): the two arms' sample ranges are DISJOINT
   verdict: DIRECTION ESTABLISHED, and A RESULT
            ARM B is faster in 15 of 15 paired rounds -- NO ROUND CROSSED 1.00x, so the
            direction is established by the rounds themselves (two-sided sign-test
            p = 6.1e-05). Magnitude 3.37x to 10.39x, median 6.43x: the spread bounds
            HOW MUCH it wins by, not WHETHER it does (owner's ruling, 2026-09-19).
            A RESULT: the two arms are 6.43x apart on the MEDIAN per-round ratio,
            clearing the 3.08x it has to beat (the larger of: per-round swing 3.08x,
            run-to-run scatter NOT MEASURED on this host). Decided by measure_util.hpp's
            difference-against-spread rule, in FACTORS because a percentage of it
            depends on which arm is the denominator; range separation is not what
            decided it.
            That clears the WITHIN-RUN half of the rule only -- nobody has measured
            this host's run-to-run scatter, and the rule wants the larger of the two.
   RULE: required <= 1.000x (binCV at or faster than parity) -> MET
ROW,fast,752x480,0.114160,0.123872,0.159024,0.014950,0.019661,0.035840,0.096237,0.155641,0.296618,1,15,0.164313,0,15,0,6.425040,3.082174,6.104e-05
   host-enqueue probe (no sync, wall clock per call):
     cv::cuda::FastFeatureDetector                0.1249 ms enqueue vs  0.1239 ms event  -> DISPATCH-BOUND: the event bracket is timing the API call
     bincv::cuda::detectFastAsync                 0.0125 ms enqueue vs  0.0197 ms event  -> MIXED: host dispatch is a large share of the bracket
ENQ,fast,752x480,0.124888,0.123872,0.012507,0.019661

 FAST, binCV CAPPED at 512 stored -- the DETECTOR without most of
 the sort. An UPPER BOUND on detection alone, so the conclusion is
 safe in the direction it is used  [752x480]
 cv::cuda::FastFeatureDetector (nms off)          0.120 ms  spread   78%  [kernel]  (launch floor 5% of it)
 bincv::cuda::detectFastAsync, capacity 512       0.019 ms  spread   25%  [kernel]  (launch floor 34% of it)
   ratio binCV/OpenCV, interleaved rounds: median 0.155x <- QUOTE THIS  (binCV  6.47x FASTER)
                                           geomean 0.146x   per-round range 0.091-0.180x (15 rounds)
   sign test over those paired rounds: 0 favour A, 15 favour B, 0 tied -- two-sided p = 6.1e-05
   separation (a FACT, not the verdict): the two arms' sample ranges are DISJOINT
   verdict: DIRECTION ESTABLISHED, and A RESULT
            ARM B is faster in 15 of 15 paired rounds -- NO ROUND CROSSED 1.00x, so the
            direction is established by the rounds themselves (two-sided sign-test
            p = 6.1e-05). Magnitude 5.55x to 11.04x, median 6.47x: the spread bounds
            HOW MUCH it wins by, not WHETHER it does (owner's ruling, 2026-09-19).
            A RESULT: the two arms are 6.47x apart on the MEDIAN per-round ratio,
            clearing the 1.99x it has to beat (the larger of: per-round swing 1.99x,
            run-to-run scatter NOT MEASURED on this host). Decided by measure_util.hpp's
            difference-against-spread rule, in FACTORS because a percentage of it
            depends on which arm is the denominator; range separation is not what
            decided it.
            That clears the WITHIN-RUN half of the rule only -- nobody has measured
            this host's run-to-run scatter, and the rule wants the larger of the two.
ROW,fast_capped512,752x480,0.116022,0.120426,0.209914,0.017101,0.019149,0.021914,0.090613,0.154630,0.180020,1,15,0.146145,0,15,0,6.467033,1.986706,6.104e-05

 FAST working set, capacity 32768 (record 12 B, scratch 380 B)  [752x480]  -- METER 2 on BOTH sides (cudaMemGetInfo delta),
 each side over enough independent working sets that the meter's
 2.00 MB unit resolves, then divided by its own count.
   [meter 2] cv::cuda      192.00 MB over  256 sets =     768.0 KB/frame  (96 units)
   [meter 2] binCV         108.00 MB over  256 sets =     432.0 KB/frame  (54 units)
   [meter 2] ROUNDING: one 2.00 MB unit is 8.0 KB/frame at 256 sets (1.85% of binCV's
             figure) and 8.0 KB/frame at 256 sets (1.04% of OpenCV's).
   ratio OpenCV/binCV = 1.778x  -- binCV is SMALLER by 1.778x.
   The OpenCV side is an UPPER BOUND: GpuMat pads its pitch, and any
   filter buffer or NPP scratch held past the call is inside this
   delta. binCV's side is cudaMalloc with nothing in between.
MEM,fast,752x480,113246208,201326592,2097152,256,256

=====================================================================
 10. goodFeaturesToTrack -- binCV device-resident selection vs
     cv::cuda::createGoodFeaturesToTrackDetector (cudaimgproc)
=====================================================================
 WALL CLOCK ON BOTH SIDES, and the reason is on OpenCV's side: at
 minDistance >= 1 its detect() DOWNLOADS the sorted candidate list,
 runs the spacing filter on the HOST and uploads the survivors
 (cudaimgproc/src/gftt.cpp). A CUDA-event clock would exclude that
 pass and flatter OpenCV. binCV's selection never leaves the device.
 THE SPEED BAR FOR THIS OP WAS NOT WRITABLE -- its author escalated
 it rather than deriving a number from a host CPU ratio, and this
 binary does not invent one either. The ratio is reported; the
 verdict is the owner's.

 goodFeaturesToTrack -- WALL CLOCK both sides, OpenCV's host
 round trip INSIDE its arm because a caller pays it  [752x480 WALL]
 cv::cuda gftt (downloads, spaces on host, uploads)     3.697 ms  spread  153%  [kernel]  (launch floor 0% of it)
 bincv::cuda::goodFeaturesToTrackAsync (never leaves device)     0.424 ms  spread   48%  [kernel]  (launch floor 2% of it)
   ratio binCV/OpenCV, interleaved rounds: median 0.108x <- QUOTE THIS  (binCV  9.23x FASTER)
                                           geomean 0.101x   per-round range 0.040-0.160x (15 rounds)
   sign test over those paired rounds: 0 favour A, 15 favour B, 0 tied -- two-sided p = 6.1e-05
   separation (a FACT, not the verdict): the two arms' sample ranges are DISJOINT
   verdict: DIRECTION ESTABLISHED, and A RESULT
            ARM B is faster in 15 of 15 paired rounds -- NO ROUND CROSSED 1.00x, so the
            direction is established by the rounds themselves (two-sided sign-test
            p = 6.1e-05). Magnitude 6.26x to 25.09x, median 9.23x: the spread bounds
            HOW MUCH it wins by, not WHETHER it does (owner's ruling, 2026-09-19).
            A RESULT: the two arms are 9.23x apart on the MEDIAN per-round ratio,
            clearing the 4.01x it has to beat (the larger of: per-round swing 4.01x,
            run-to-run scatter NOT MEASURED on this host). Decided by measure_util.hpp's
            difference-against-spread rule, in FACTORS because a percentage of it
            depends on which arm is the denominator; range separation is not what
            decided it.
            That clears the WITHIN-RUN half of the rule only -- nobody has measured
            this host's run-to-run scatter, and the rule wants the larger of the two.
ROW,gftt_wall,752x480,3.339063,3.696898,9.003317,0.358839,0.424000,0.564434,0.039856,0.108322,0.159696,1,15,0.101173,0,15,0,9.231777,4.006788,6.104e-05
   corners: binCV 200 (ranked 32768, truncated 1, pool overflow 0) vs OpenCV 200.
   NOT A GATE and not an equality: the two run different spacing
   rules over different responses. It is here so the ratio above is
   read against a known workload.
GATE,gftt_counts,752x480,200,200,0

 goodFeaturesToTrack working set (FUSED arm: no frame-sized
 float map exists at all on binCV's side)  [752x480]  -- METER 2 on BOTH sides (cudaMemGetInfo delta),
 each side over enough independent working sets that the meter's
 2.00 MB unit resolves, then divided by its own count.
   [meter 2] cv::cuda      160.00 MB over   16 sets =   10240.0 KB/frame  (80 units)
   [meter 2] binCV          30.00 MB over   16 sets =    1920.0 KB/frame  (15 units)
   [meter 2] ROUNDING: one 2.00 MB unit is 128.0 KB/frame at 16 sets (6.67% of binCV's
             figure) and 128.0 KB/frame at 16 sets (1.25% of OpenCV's).
   ratio OpenCV/binCV = 5.333x  -- binCV is SMALLER by 5.333x.
   The OpenCV side is an UPPER BOUND: GpuMat pads its pitch, and any
   filter buffer or NPP scratch held past the call is inside this
   delta. binCV's side is cudaMalloc with nothing in between.
MEM,gftt,752x480,31457280,167772160,2097152,16,16

=====================================================================
 11. CORNER RESPONSE -- binCV cuda::cornerMinEigenValAsync vs
     cv::cuda::createMinEigenValCorner AND createHarrisCorner
=====================================================================
 TWO DENOMINATORS, AND THEY ARE NOT INTERCHANGEABLE. binCV's op
 computes the MINIMUM EIGENVALUE of the gradient covariance, so
 createMinEigenValCorner is the like-for-like counterpart and is the
 bar. createHarrisCorner computes a DIFFERENT response (det - k*tr^2)
 over the same covariance and is timed beside it as context -- the
 task named it, and the honest thing is to run it and say plainly
 that it answers a different question, not to quietly substitute it
 for the one that matches.
 BOTH OpenCV arms read the CV_8U picture and internally run a Sobel;
 binCV reads four TERNARY BIT PLANES that already exist in the
 pipeline. That is a role comparison, not an equality, and the
 asymmetry is stated rather than folded into the ratio.

 min-eigenvalue response map, blockSize 3 -- THE BAR  [752x480]
 cv::cuda::createMinEigenValCorner                0.052 ms  spread   61%  [kernel]  (launch floor 13% of it)
 bincv::cuda::cornerMinEigenValAsync              0.020 ms  spread    3%  [kernel]  (launch floor 33% of it)
   ratio binCV/OpenCV, interleaved rounds: median 0.386x <- QUOTE THIS  (binCV  2.59x FASTER)
                                           geomean 0.361x   per-round range 0.242-0.391x (15 rounds)
   sign test over those paired rounds: 0 favour A, 15 favour B, 0 tied -- two-sided p = 6.1e-05
   separation (a FACT, not the verdict): the two arms' sample ranges are DISJOINT
   verdict: DIRECTION ESTABLISHED, and A RESULT
            ARM B is faster in 15 of 15 paired rounds -- NO ROUND CROSSED 1.00x, so the
            direction is established by the rounds themselves (two-sided sign-test
            p = 6.1e-05). Magnitude 2.56x to 4.13x, median 2.59x: the spread bounds
            HOW MUCH it wins by, not WHETHER it does (owner's ruling, 2026-09-19).
            A RESULT: the two arms are 2.59x apart on the MEDIAN per-round ratio,
            clearing the 1.61x it has to beat (the larger of: per-round swing 1.61x,
            run-to-run scatter NOT MEASURED on this host). Decided by measure_util.hpp's
            difference-against-spread rule, in FACTORS because a percentage of it
            depends on which arm is the denominator; range separation is not what
            decided it.
            That clears the WITHIN-RUN half of the rule only -- nobody has measured
            this host's run-to-run scatter, and the rule wants the larger of the two.
ROW,cornerresp_mineigen,752x480,0.051504,0.051610,0.083096,0.019814,0.020070,0.020326,0.242149,0.386172,0.390780,1,15,0.361257,0,15,0,2.589521,1.613801,6.104e-05
   host-enqueue probe (no sync, wall clock per call):
     cv::cuda minEigenVal                         0.0258 ms enqueue vs  0.0516 ms event  -> MIXED: host dispatch is a large share of the bracket
     bincv::cuda::cornerMinEigenValAsync          0.0080 ms enqueue vs  0.0201 ms event  -> kernel-bound: the host feeds the device faster than it drains
ENQ,cornerresp_mineigen,752x480,0.025762,0.051610,0.008025,0.020070

 createHarrisCorner beside it -- CONTEXT, a DIFFERENT response
 function over the same covariance, not binCV's counterpart  [752x480]
 cv::cuda::createHarrisCorner (k = 0.04)          0.051 ms  spread   66%  [kernel]  (launch floor 13% of it)
 bincv::cuda::cornerMinEigenValAsync              0.020 ms  spread   12%  [kernel]  (launch floor 33% of it)
   ratio binCV/OpenCV, interleaved rounds: median 0.393x <- QUOTE THIS  (binCV  2.55x FASTER)
                                           geomean 0.366x   per-round range 0.239-0.420x (15 rounds)
   sign test over those paired rounds: 0 favour A, 15 favour B, 0 tied -- two-sided p = 6.1e-05
   separation (a FACT, not the verdict): the two arms' sample ranges are DISJOINT
   verdict: DIRECTION ESTABLISHED, and A RESULT
            ARM B is faster in 15 of 15 paired rounds -- NO ROUND CROSSED 1.00x, so the
            direction is established by the rounds themselves (two-sided sign-test
            p = 6.1e-05). Magnitude 2.38x to 4.18x, median 2.55x: the spread bounds
            HOW MUCH it wins by, not WHETHER it does (owner's ruling, 2026-09-19).
            A RESULT: the two arms are 2.55x apart on the MEDIAN per-round ratio,
            clearing the 1.76x it has to beat (the larger of: per-round swing 1.76x,
            run-to-run scatter NOT MEASURED on this host). Decided by measure_util.hpp's
            difference-against-spread rule, in FACTORS because a percentage of it
            depends on which arm is the denominator; range separation is not what
            decided it.
            That clears the WITHIN-RUN half of the rule only -- nobody has measured
            this host's run-to-run scatter, and the rule wants the larger of the two.
ROW,cornerresp_harris_context,752x480,0.050416,0.050688,0.083957,0.019763,0.020011,0.022118,0.239056,0.392666,0.419825,1,15,0.365885,0,15,0,2.546695,1.756177,6.104e-05

 corner response working set (four bit planes + one float map
 vs one byte picture + OpenCV's Sobel intermediates + one map)  [752x480]  -- METER 2 on BOTH sides (cudaMemGetInfo delta),
 each side over enough independent working sets that the meter's
 2.00 MB unit resolves, then divided by its own count.
   [meter 2] cv::cuda      160.00 MB over   16 sets =   10240.0 KB/frame  (80 units)
   [meter 2] binCV          32.00 MB over   16 sets =    2048.0 KB/frame  (16 units)
   [meter 2] ROUNDING: one 2.00 MB unit is 128.0 KB/frame at 16 sets (6.25% of binCV's
             figure) and 128.0 KB/frame at 16 sets (1.25% of OpenCV's).
   ratio OpenCV/binCV = 5.000x  -- binCV is SMALLER by 5.000x.
   The OpenCV side is an UPPER BOUND: GpuMat pads its pitch, and any
   filter buffer or NPP scratch held past the call is inside this
   delta. binCV's side is cudaMalloc with nothing in between.
MEM,cornerresp,752x480,33554432,167772160,2097152,16,16

=====================================================================
 12. DESCRIBE -- binCV cuda::computeBriefSteered vs
     cv::cuda::ORB::computeAsync on PROVIDED keypoints
=====================================================================
 computeAsync IS accepted in OpenCV 4.5.4 on provided keypoints, so a
 stage-isolated GPU denominator exists and no differential is needed.
 SUPERSET vs SUBSET, stated at the number: computeAsync also builds
 ORB's level-0 pyramid entry and can blur. nlevels = 1 and
 blurForDescriptor = false pin that superset as small as the API
 allows; it is not zero, and the ratio is an upper bound on binCV's
 advantage for that reason.
 Both sides sample the SAME 256 pairs -- cv::ORB's learned table,
 which binCV reaches by pointer out of ops/orbPattern.hpp.

 cv::cuda::Feature2DAsync::computeAsync on provided keypoints: ACCEPTED
   1000 keypoints in, 1000x32 CV_8U descriptors out.

 256-bit steered BRIEF on provided keypoints  [752x480, N=1000]
 cv::cuda::ORB::computeAsync (nlevels 1, blur off)     0.095 ms  spread   66%  [kernel]  (launch floor 7% of it)
 bincv::cuda::computeBriefSteered                 0.009 ms  spread  203%  [kernel]  AT THE LAUNCH FLOOR
   ratio binCV/OpenCV, interleaved rounds: median 0.109x <- QUOTE THIS  (binCV  9.16x FASTER)
                                           geomean 0.112x   per-round range 0.068-0.249x (15 rounds)
   sign test over those paired rounds: 0 favour A, 15 favour B, 0 tied -- two-sided p = 6.1e-05
   separation (a FACT, not the verdict): the two arms' sample ranges are DISJOINT
   verdict: DIRECTION ESTABLISHED, and A RESULT
            ARM B is faster in 15 of 15 paired rounds -- NO ROUND CROSSED 1.00x, so the
            direction is established by the rounds themselves (two-sided sign-test
            p = 6.1e-05). Magnitude 4.02x to 14.67x, median 9.16x: the spread bounds
            HOW MUCH it wins by, not WHETHER it does (owner's ruling, 2026-09-19).
            A RESULT: the two arms are 9.16x apart on the MEDIAN per-round ratio,
            clearing the 3.65x it has to beat (the larger of: per-round swing 3.65x,
            run-to-run scatter NOT MEASURED on this host). Decided by measure_util.hpp's
            difference-against-spread rule, in FACTORS because a percentage of it
            depends on which arm is the denominator; range separation is not what
            decided it.
            That clears the WITHIN-RUN half of the rule only -- nobody has measured
            this host's run-to-run scatter, and the rule wants the larger of the two.
ROW,describe,752x480_n1000,0.076851,0.094976,0.139366,0.008566,0.009454,0.027732,0.068154,0.109190,0.248803,1,15,0.111860,0,15,0,9.158374,3.650607,6.104e-05
   host-enqueue probe (no sync, wall clock per call):
     cv::cuda::ORB::computeAsync                  0.0384 ms enqueue vs  0.0950 ms event  -> MIXED: host dispatch is a large share of the bracket
     bincv::cuda::computeBriefSteered             0.0056 ms enqueue vs  0.0095 ms event  -> MIXED: host dispatch is a large share of the bracket
ENQ,describe,752x480_n1000,0.038434,0.094976,0.005576,0.009454

 ORIENTATION: **OUTSTANDING** (ruling R2). cv::cuda::ORB runs
 IC_Angle inside its own keypoint pass and exposes no entry point
 that orients PROVIDED keypoints, so no cv::cuda denominator exists
 at any API level. No CPU number is put in its place.

 describe working set, N = 1000 -- keypoints, angles, keep
 bytes and descriptors on binCV's side; a cv::cuda::ORB
 DETECTOR's whole state on OpenCV's, which is a superset  [752x480, N=1000]  -- METER 2 on BOTH sides (cudaMemGetInfo delta),
 each side over enough independent working sets that the meter's
 2.00 MB unit resolves, then divided by its own count.
   [meter 2] cv::cuda       32.00 MB over   16 sets =    2048.0 KB/frame  (16 units)
   [meter 2] binCV          22.00 MB over  512 sets =      44.0 KB/frame  (11 units)
   [meter 2] ROUNDING: one 2.00 MB unit is 4.0 KB/frame at 512 sets (9.09% of binCV's
             figure) and 128.0 KB/frame at 16 sets (6.25% of OpenCV's).
   ratio OpenCV/binCV = 46.545x  -- binCV is SMALLER by 46.545x.
   The OpenCV side is an UPPER BOUND: GpuMat pads its pitch, and any
   filter buffer or NPP scratch held past the call is inside this
   delta. binCV's side is cudaMalloc with nothing in between.
MEM,describe,752x480_n1000,23068672,33554432,2097152,512,16

=====================================================================
 13. DESCRIPTOR MATCHING -- binCV cuda::matchDescriptors vs
     cv::cuda::DescriptorMatcher::createBFMatcher(NORM_HAMMING)
=====================================================================
 ROLE: 'nearest neighbour over binary descriptors with Lowe's ratio
 test, for a whole query set, on device'. A binCV device matcher
 EXISTS as of this round (cuda/sparseMatch.hpp), so the row this
 file used to print -- 'no binCV device counterpart' -- is retired.

 WHAT THE TIMED REGION IS, AND WHY IT FAVOURS OpenCV. binCV's arm
 is ONE launch that produces the ratio-tested result. OpenCV's arm
 is knnMatchAsync(k=2) ALONE -- the ratio test that would turn its
 two distances into the same answer is NOT in the bracket, and
 neither is knnMatchConvert. So the OpenCV arm is timed doing
 strictly LESS work than binCV's, and every ratio below is an
 UPPER BOUND on OpenCV's standing. That is deliberate: a bar the
 challenger cannot be accused of shaving is worth more than a bar
 that is exactly fair, when the challenger wins anyway.

 TWO OpenCV ARMS, because the bar is the BEST existing option.
 cv::cuda instantiates matchHamming_gpu at <unsigned char> and at
 <int>, and cv::cuda::ORB emits CV_8U. Both are run over the SAME
 descriptor bytes, reinterpreted, so the two arms differ only in
 the type the kernel was instantiated at.

 CONTENT. Pseudorandom descriptor words. Neither kernel has a
 data-dependent early-out -- both evaluate every (query, train)
 pair -- so the cost is content-independent and a real descriptor
 set would move neither arm. What content DOES decide is accuracy,
 which this row does not measure and does not claim.

 descriptor match, 256-bit, ratio 0.8 -- OpenCV arm is CV_8U  [470x470 (pipeline scale -- DOES NOT DECIDE)]
 cv::cuda BFMatcher knnMatchAsync(k=2), CV_8U     0.046 ms  spread   34%  [kernel]  (launch floor 14% of it)
 bincv::cuda::matchDescriptors (ratio test INCLUDED)     0.010 ms  spread  102%  [kernel]  AT THE LAUNCH FLOOR
   ratio binCV/OpenCV, interleaved rounds: median 0.220x <- QUOTE THIS  (binCV  4.55x FASTER)
                                           geomean 0.220x   per-round range 0.143-0.404x (15 rounds)
   sign test over those paired rounds: 0 favour A, 15 favour B, 0 tied -- two-sided p = 6.1e-05
   separation (a FACT, not the verdict): the two arms' sample ranges are DISJOINT
   verdict: DIRECTION ESTABLISHED, and A RESULT
            ARM B is faster in 15 of 15 paired rounds -- NO ROUND CROSSED 1.00x, so the
            direction is established by the rounds themselves (two-sided sign-test
            p = 6.1e-05). Magnitude 2.48x to 6.99x, median 4.55x: the spread bounds
            HOW MUCH it wins by, not WHETHER it does (owner's ruling, 2026-09-19).
            A RESULT: the two arms are 4.55x apart on the MEDIAN per-round ratio,
            clearing the 2.82x it has to beat (the larger of: per-round swing 2.82x,
            run-to-run scatter NOT MEASURED on this host). Decided by measure_util.hpp's
            difference-against-spread rule, in FACTORS because a percentage of it
            depends on which arm is the denominator; range separation is not what
            decided it.
            That clears the WITHIN-RUN half of the rule only -- nobody has measured
            this host's run-to-run scatter, and the rule wants the larger of the two.
ROW,matcher_u8,470x470 (pipeline scale -- DOES NOT DECIDE),0.045414,0.045670,0.060826,0.008493,0.010035,0.018688,0.143098,0.219978,0.403761,1,15,0.219755,0,15,0,4.545918,2.821577,6.104e-05

 the same, OpenCV arm instantiated at CV_32S  [470x470 (pipeline scale -- DOES NOT DECIDE)]
 cv::cuda BFMatcher knnMatchAsync(k=2), CV_32S     0.046 ms  spread   67%  [kernel]  (launch floor 14% of it)
 bincv::cuda::matchDescriptors (ratio test INCLUDED)     0.012 ms  spread   53%  [kernel]  AT THE LAUNCH FLOOR
   ratio binCV/OpenCV, interleaved rounds: median 0.246x <- QUOTE THIS  (binCV  4.06x FASTER)
                                           geomean 0.238x   per-round range 0.115-0.309x (15 rounds)
   sign test over those paired rounds: 0 favour A, 15 favour B, 0 tied -- two-sided p = 6.1e-05
   separation (a FACT, not the verdict): the two arms' sample ranges are DISJOINT
   verdict: DIRECTION ESTABLISHED, and A RESULT
            ARM B is faster in 15 of 15 paired rounds -- NO ROUND CROSSED 1.00x, so the
            direction is established by the rounds themselves (two-sided sign-test
            p = 6.1e-05). Magnitude 3.24x to 8.69x, median 4.06x: the spread bounds
            HOW MUCH it wins by, not WHETHER it does (owner's ruling, 2026-09-19).
            A RESULT: the two arms are 4.06x apart on the MEDIAN per-round ratio,
            clearing the 2.68x it has to beat (the larger of: per-round swing 2.68x,
            run-to-run scatter NOT MEASURED on this host). Decided by measure_util.hpp's
            difference-against-spread rule, in FACTORS because a percentage of it
            depends on which arm is the denominator; range separation is not what
            decided it.
            That clears the WITHIN-RUN half of the rule only -- nobody has measured
            this host's run-to-run scatter, and the rule wants the larger of the two.
ROW,matcher_s32,470x470 (pipeline scale -- DOES NOT DECIDE),0.044339,0.045758,0.075150,0.008646,0.011622,0.014782,0.115055,0.246249,0.308855,1,15,0.237807,0,15,0,4.060932,2.684423,6.104e-05

 descriptor match, 256-bit, ratio 0.8 -- OpenCV arm is CV_8U  [5000x5000 (map scale -- the deciding row)]
 cv::cuda BFMatcher knnMatchAsync(k=2), CV_8U     2.029 ms  spread   10%  [kernel]  (launch floor 0% of it)
 bincv::cuda::matchDescriptors (ratio test INCLUDED)     0.210 ms  spread   35%  [kernel]  (launch floor 3% of it)
   ratio binCV/OpenCV, interleaved rounds: median 0.104x <- QUOTE THIS  (binCV  9.63x FASTER)
                                           geomean 0.109x   per-round range 0.096-0.139x (15 rounds)
   sign test over those paired rounds: 0 favour A, 15 favour B, 0 tied -- two-sided p = 6.1e-05
   separation (a FACT, not the verdict): the two arms' sample ranges are DISJOINT
   verdict: DIRECTION ESTABLISHED, and A RESULT
            ARM B is faster in 15 of 15 paired rounds -- NO ROUND CROSSED 1.00x, so the
            direction is established by the rounds themselves (two-sided sign-test
            p = 6.1e-05). Magnitude 7.19x to 10.38x, median 9.63x: the spread bounds
            HOW MUCH it wins by, not WHETHER it does (owner's ruling, 2026-09-19).
            A RESULT: the two arms are 9.63x apart on the MEDIAN per-round ratio,
            clearing the 1.44x it has to beat (the larger of: per-round swing 1.44x,
            run-to-run scatter NOT MEASURED on this host). Decided by measure_util.hpp's
            difference-against-spread rule, in FACTORS because a percentage of it
            depends on which arm is the denominator; range separation is not what
            decided it.
            That clears the WITHIN-RUN half of the rule only -- nobody has measured
            this host's run-to-run scatter, and the rule wants the larger of the two.
ROW,matcher_u8,5000x5000 (map scale -- the deciding row),1.957216,2.028544,2.168602,0.208845,0.210125,0.282829,0.096304,0.103800,0.139049,1,15,0.109162,0,15,0,9.633885,1.443852,6.104e-05

 the same, OpenCV arm instantiated at CV_32S  [5000x5000 (map scale -- the deciding row)]
 cv::cuda BFMatcher knnMatchAsync(k=2), CV_32S     2.004 ms  spread   11%  [kernel]  (launch floor 0% of it)
 bincv::cuda::matchDescriptors (ratio test INCLUDED)     0.210 ms  spread   55%  [kernel]  (launch floor 3% of it)
   ratio binCV/OpenCV, interleaved rounds: median 0.105x <- QUOTE THIS  (binCV  9.51x FASTER)
                                           geomean 0.110x   per-round range 0.097-0.165x (15 rounds)
   sign test over those paired rounds: 0 favour A, 15 favour B, 0 tied -- two-sided p = 6.1e-05
   separation (a FACT, not the verdict): the two arms' sample ranges are DISJOINT
   verdict: DIRECTION ESTABLISHED, and A RESULT
            ARM B is faster in 15 of 15 paired rounds -- NO ROUND CROSSED 1.00x, so the
            direction is established by the rounds themselves (two-sided sign-test
            p = 6.1e-05). Magnitude 6.05x to 10.34x, median 9.51x: the spread bounds
            HOW MUCH it wins by, not WHETHER it does (owner's ruling, 2026-09-19).
            A RESULT: the two arms are 9.51x apart on the MEDIAN per-round ratio,
            clearing the 1.71x it has to beat (the larger of: per-round swing 1.71x,
            run-to-run scatter NOT MEASURED on this host). Decided by measure_util.hpp's
            difference-against-spread rule, in FACTORS because a percentage of it
            depends on which arm is the denominator; range separation is not what
            decided it.
            That clears the WITHIN-RUN half of the rule only -- nobody has measured
            this host's run-to-run scatter, and the rule wants the larger of the two.
ROW,matcher_s32,5000x5000 (map scale -- the deciding row),1.939661,2.004378,2.168422,0.208896,0.209920,0.324608,0.096713,0.105127,0.165414,1,15,0.110188,0,15,0,9.512331,1.710358,6.104e-05

 descriptor matching working set (query + train + result)  [5000x5000]  -- METER 2 on BOTH sides (cudaMemGetInfo delta),
 each side over enough independent working sets that the meter's
 2.00 MB unit resolves, then divided by its own count.
   [meter 2] cv::cuda      384.00 MB over   48 sets =    8192.0 KB/frame  (192 units)
   [meter 2] binCV          46.00 MB over  128 sets =     368.0 KB/frame  (23 units)
   [meter 2] ROUNDING: one 2.00 MB unit is 16.0 KB/frame at 128 sets (4.35% of binCV's
             figure) and 42.7 KB/frame at 48 sets (0.52% of OpenCV's).
   ratio OpenCV/binCV = 22.261x  -- binCV is SMALLER by 22.261x.
   The OpenCV side is an UPPER BOUND: GpuMat pads its pitch, and any
   filter buffer or NPP scratch held past the call is inside this
   delta. binCV's side is cudaMalloc with nothing in between.
MEM,matcher,5000x5000,48234496,402653184,2097152,128,48
   A 256-bit descriptor is a 32-BYTE ROW and GpuMat pitches a
   row to a 512-byte multiple. That pitch is most of this
   reading, and it is a property of the container rather than
   of the matcher -- said here so the number is not read as a
   claim about the kernel.

=====================================================================
 15. CENSUS DENSE DISPARITY -- binCV's census entry vs
     cv::cuda::StereoBM, RE-TAKEN after the matcher changed
=====================================================================
 ROLE: 'a dense disparity map from a rectified wide-input pair,
 resident on device'. Section 7 runs the BINARY path, which is
 where this library's structural claim lives. This section runs the
 CENSUS path, which is the entry a wide-input caller meets first and
 where binCV has NO structural advantage -- census EXPANDS data,
 8 bits per pixel in and 24 out, and the layout that makes it fast
 is the conventional one-word-per-pixel descriptor.

 WHY RE-TAKEN. The packed census matcher was replaced this round by
 a warp-cooperative separable box arm, and the shipped report's
 census rows predate it. Three rows are printed: the matcher alone,
 the whole entry (two transforms plus the match, which is what a
 caller pays), and the arm's own off-switch ratio inside THIS
 protocol so the family's 2.4-2.5x is reproduced or contradicted
 here rather than quoted from another process.
 Both sides on one explicit stream: StereoBM calls
 cudaDeviceSynchronize() on the null stream in each of its three
 kernels.

 census MATCHER only, 64 disparities, 9x9, K=24  [752x480]
 cv::cuda::StereoBM(64, 9)                        0.719 ms  spread   13%  [kernel]  (launch floor 1% of it)
 bincv denseDisparityCensusPacked (warp-box arm)     0.362 ms  spread   22%  [kernel]  (launch floor 2% of it)
   ratio binCV/OpenCV, interleaved rounds: median 0.530x <- QUOTE THIS  (binCV  1.89x FASTER)
                                           geomean 0.546x   per-round range 0.491-0.665x (15 rounds)
   sign test over those paired rounds: 0 favour A, 15 favour B, 0 tied -- two-sided p = 6.1e-05
   separation (a FACT, not the verdict): the two arms' sample ranges are DISJOINT
   verdict: DIRECTION ESTABLISHED, and A RESULT
            ARM B is faster in 15 of 15 paired rounds -- NO ROUND CROSSED 1.00x, so the
            direction is established by the rounds themselves (two-sided sign-test
            p = 6.1e-05). Magnitude 1.50x to 2.04x, median 1.89x: the spread bounds
            HOW MUCH it wins by, not WHETHER it does (owner's ruling, 2026-09-19).
            A RESULT: the two arms are 1.89x apart on the MEDIAN per-round ratio,
            clearing the 1.35x it has to beat (the larger of: per-round swing 1.35x,
            run-to-run scatter NOT MEASURED on this host). Decided by measure_util.hpp's
            difference-against-spread rule, in FACTORS because a percentage of it
            depends on which arm is the denominator; range separation is not what
            decided it.
            That clears the WITHIN-RUN half of the rule only -- nobody has measured
            this host's run-to-run scatter, and the rule wants the larger of the two.
ROW,census_match,752x480,0.644813,0.719040,0.737683,0.359936,0.362371,0.438170,0.491210,0.529553,0.664761,1,15,0.546369,0,15,0,1.888384,1.353313,6.104e-05

 census ENTRY: two transforms + the match -- what a caller pays  [752x480]
 cv::cuda::StereoBM(64, 9)                        0.715 ms  spread   10%  [kernel]  (launch floor 1% of it)
 bincv censusTransformPacked x2 + denseDisparityCensusPacked     0.471 ms  spread   15%  [kernel]  (launch floor 1% of it)
   ratio binCV/OpenCV, interleaved rounds: median 0.653x <- QUOTE THIS  (binCV  1.53x FASTER)
                                           geomean 0.658x   per-round range 0.591-0.731x (15 rounds)
   sign test over those paired rounds: 0 favour A, 15 favour B, 0 tied -- two-sided p = 6.1e-05
   separation (a FACT, not the verdict): the two arms' sample ranges are DISJOINT
   verdict: DIRECTION ESTABLISHED, and A RESULT
            ARM B is faster in 15 of 15 paired rounds -- NO ROUND CROSSED 1.00x, so the
            direction is established by the rounds themselves (two-sided sign-test
            p = 6.1e-05). Magnitude 1.37x to 1.69x, median 1.53x: the spread bounds
            HOW MUCH it wins by, not WHETHER it does (owner's ruling, 2026-09-19).
            A RESULT: the two arms are 1.53x apart on the MEDIAN per-round ratio,
            clearing the 1.24x it has to beat (the larger of: per-round swing 1.24x,
            run-to-run scatter NOT MEASURED on this host). Decided by measure_util.hpp's
            difference-against-spread rule, in FACTORS because a percentage of it
            depends on which arm is the denominator; range separation is not what
            decided it.
            That clears the WITHIN-RUN half of the rule only -- nobody has measured
            this host's run-to-run scatter, and the rule wants the larger of the two.
ROW,census_entry,752x480,0.681165,0.714854,0.752742,0.443664,0.470835,0.513638,0.591212,0.652736,0.730643,1,15,0.658346,0,15,0,1.532013,1.235839,6.104e-05

 OFF-SWITCH, binCV to binCV: the shipped packed matcher against
 the warp-box arm that replaced it.
 reference arm (densePackedBoxEnabled = false)     0.957 ms  spread    8%  [kernel]  (launch floor 1% of it)
 warp-box arm (densePackedBoxEnabled = true)      0.397 ms  spread   18%  [kernel]  (launch floor 2% of it)
   ratio box/reference: median 0.413x <- QUOTE THIS  (box  2.42x faster)  geomean 0.406x  range 0.357-0.465x
   sign test over those paired rounds: 0 favour A, 15 favour B, 0 tied -- two-sided p = 6.1e-05
   separation (a FACT, not the verdict): the two arms' sample ranges are DISJOINT
   verdict: DIRECTION ESTABLISHED, and A RESULT
            ARM B is faster in 15 of 15 paired rounds -- NO ROUND CROSSED 1.00x, so the
            direction is established by the rounds themselves (two-sided sign-test
            p = 6.1e-05). Magnitude 2.15x to 2.80x, median 2.42x: the spread bounds
            HOW MUCH it wins by, not WHETHER it does (owner's ruling, 2026-09-19).
            A RESULT: the two arms are 2.42x apart on the MEDIAN per-round ratio,
            clearing the 1.30x it has to beat (the larger of: per-round swing 1.30x,
            run-to-run scatter NOT MEASURED on this host). Decided by measure_util.hpp's
            difference-against-spread rule, in FACTORS because a percentage of it
            depends on which arm is the denominator; range separation is not what
            decided it.
            That clears the WITHIN-RUN half of the rule only -- nobody has measured
            this host's run-to-run scatter, and the rule wants the larger of the two.
ROW,census_offswitch,752x480,0.926182,0.956621,1.007309,0.359824,0.396800,0.431514,0.357223,0.412849,0.465275,1,15,0.406398,0,15,0,2.422195,1.302480,6.104e-05

 census entry working set (two wide frames + two descriptor images + map) vs StereoBM's  [752x480]  -- METER 2 on BOTH sides (cudaMemGetInfo delta),
 each side over enough independent working sets that the meter's
 2.00 MB unit resolves, then divided by its own count.
   [meter 2] cv::cuda      192.00 MB over   64 sets =    3072.0 KB/frame  (96 units)
   [meter 2] binCV         282.00 MB over   64 sets =    4512.0 KB/frame  (141 units)
   [meter 2] ROUNDING: one 2.00 MB unit is 32.0 KB/frame at 64 sets (0.71% of binCV's
             figure) and 32.0 KB/frame at 64 sets (1.04% of OpenCV's).
   ratio OpenCV/binCV = 0.681x  -- OpenCV is SMALLER by 1.469x.
   The OpenCV side is an UPPER BOUND: GpuMat pads its pitch, and any
   filter buffer or NPP scratch held past the call is inside this
   delta. binCV's side is cudaMalloc with nothing in between.
MEM,census_entry,752x480,295698432,201326592,2097152,64,64
   SCOPE, and it is not a footnote: the census path is where binCV
   has no structural advantage. Whatever this row says, the
   library's claim lives in section 7's binary path.

=====================================================================
 14 and 16 -- SKIPPED: NO REAL SEQUENCE
=====================================================================
 Both the Lucas-Kanade role row and the sequence-level number are
 decided by corner density, and a synthetic frame is a different
 workload -- measured elsewhere in this project as a verdict that
 INVERTED between synthetic and real content. So neither is run
 on makeFrame's smoothed noise and neither is substituted.
 Point BINCV_CUDA_ROLE_FRAMES at a 752x480 8-bit BSQ1 blob with
 at least two frames (scripts/make_sequence_blob.py --mode 8bit).
SKIP,lk,no real sequence blob
SKIP,sequence,no real sequence blob

=====================================================================
 17. OUTSTANDING (ruling R2) -- round 2's ops with NO cv::cuda
     counterpart at any API level
=====================================================================
 Each of these ships on correctness, memory and the HOST comparison,
 with its SPEED verdict recorded OUTSTANDING. No substitute bar is
 invented and no CPU number is quoted as a GPU one.

 gradientCovarianceAsync / gradientCovarianceBatchAsync
     Neither cv::cuda nor cv:: computes a 2x2 gradient covariance at
     any API level. cornerHarris and createMinEigenValCorner compute
     a dense float RESPONSE THROUGH one -- that is the bar for a
     composed corner op, which section 11 runs, and it is not a bar
     for the covariance itself.

 cornerSubPixAsync
     No cv::cuda counterpart in any module. Decided instead by its
     own round-trip inequality, which its author reports it MISSES.

 goodFeaturesToTrack's DEVICE-RESIDENT SPACING
     Section 10 times the whole op against OpenCV's. The residency
     itself -- a greedy min-distance filter that never leaves the
     device -- has no counterpart to be timed against, because
     OpenCV's runs on the host by construction.

 keypointsFromCorners
     Tier 3. OpenCV does not have the problem: its detectors already
     hand back float2, so there is nothing to convert and nothing to
     compare.

 keypointOrientation (all three arms)
     cv::cuda::ORB runs IC_Angle inside its keypoint pass and exposes
     no entry point that orients provided keypoints. Section 12 says
     so at the number.

 derivativeX / derivativeY / derivativeXY over TERNARY planes
     Section 11's inputs. cv::cuda::createDerivFilter is the nearest
     denominator and the derivcov family times it; both arms sit ON
     the launch floor there, so that ratio is a lower bound on the
     gap and says nothing about binCV's kernel.

 ROUND 3'S ADDITIONS TO THIS LIST.

 stereoDescriptorMatch / stereoRefineDisparity /
 stereoMatchRectified
     Sparse rectified stereo by descriptor match and a one-bit
     window refinement. cv::cuda ships dense block matchers
     (StereoBM, StereoBeliefPropagation, StereoConstantSpaceBP)
     and no SPARSE stereo at any API level -- a dense map for
     500 keypoints is a different operation, not a slower
     spelling of this one. Priced instead against binCV's OWN
     device dense path, which is a binCV-to-binCV bar and lives
     in cuda_sparse_benchmark. SPEED VERDICT: OUTSTANDING.

 calcOpticalFlowBlockMatch
     Pyramidal tracking by integer Hamming block matching. The
     nearest cv::cuda call is SparsePyrLKOpticalFlow, which solves
     a different equation -- and it is already section 14's bar
     for the op that DOES solve the same one. Quoting it twice
     would make one denominator answer two questions. SPEED
     VERDICT: OUTSTANDING; the role row that exists is the
     sparse family's own, stated as a role comparison there.

 matchDescriptorsGated
     Section 13 prices the UNGATED matcher, which is the one with
     a counterpart. The gate changes the ADMITTED SET, and
     cv::cuda::DescriptorMatcher has no mask that reproduces it,
     so the gated form has no bar. SPEED VERDICT: OUTSTANDING.

 the RANSAC geometry stage
     NOT an outstanding row and must not be filed as one. OpenCV
     has no cv::cuda essential-matrix estimator, but it DOES ship
     a GPU RANSAC (cv::cuda::solvePnPRansac, cudalegacy) whose
     shape is the finding: it keeps the solver on the host and
     moves only scoring. binCV's own measurement came out the
     same way and the stage stays on the host. There is nothing
     here to ship and therefore nothing to leave outstanding.
OUTSTANDING,covariance
OUTSTANDING,cornerSubPixAsync
OUTSTANDING,gftt_device_spacing
OUTSTANDING,keypointsFromCorners
OUTSTANDING,keypointOrientation
OUTSTANDING,stereoDescriptorMatch
OUTSTANDING,stereoRefineDisparity
OUTSTANDING,stereoMatchRectified
OUTSTANDING,calcOpticalFlowBlockMatch
OUTSTANDING,matchDescriptorsGated

=====================================================================
 END. One run is NOT a number on this host: aggregate the ROW lines
 across at least seven independent processes before quoting anything.
=====================================================================
### run 5
=======================================================================
 CUDA ROLE COMPARISONS -- every cv::cuda bar, one process, one protocol
=======================================================================
 device: NVIDIA GeForce RTX 3070 Ti (sm_86, 48 SMs, 608 GB/s peak)
 OpenCV 4.5.4
 frames: 752x480 (the reference geometry, where every written bar was
 set) and 1920x1080 (carried because several of these ops sit ON the
 launch floor at the reference size, where a ratio between two arms is
 a ratio between two launches).

 ORIENTATION: every ratio below is binCV / OpenCV. Under 1.000x is
 binCV ahead. Arm A is OpenCV, arm B is binCV, in every pair.

 LAUNCH FLOOR (empty kernel, same protocol)      0.0061 ms  spread  155%  [kernel]
   Every kernel-resident number below sits on top of this. An arm within
   a few multiples of it is reporting launch overhead, not its own work,
   and a RATIO between two such arms is reporting almost none of either.
   The spread is part of the answer, not a blemish on it: under WSL2 a
   launch costs what it costs plus whatever the host was doing.
FLOOR,0.004872,0.006062,0.014254

 Driver meter step, measured in this run: 2.00 MB. Every memory
 reading below is taken over 256 working sets for that reason.

=====================================================================
 1. THRESHOLD -- binCV cuda::threshold vs cv::cuda::threshold
=====================================================================
 ROLE: 'turn a wide frame into a per-pixel above/below map on device'.
 Both sides are ONE launch. They differ in what they emit: OpenCV
 writes one BYTE per pixel (CV_8UC1, THRESH_BINARY), binCV writes one
 BIT. That difference is the whole point of the library and it is
 stated at the number rather than folded into it -- the outputs are
 not the same array, so this is a role comparison, not an equality.

 threshold, uint8 -> above/below map  [752x480]
 cv::cuda::threshold -> CV_8U                     0.022 ms  spread  120%  [kernel]  (launch floor 27% of it)
 bincv::cuda::threshold -> bits                   0.012 ms  spread  224%  [kernel]  (launch floor 49% of it)
   ratio binCV/OpenCV, interleaved rounds: median 0.977x <- QUOTE THIS  (binCV  1.02x FASTER)
                                           geomean 0.895x   per-round range 0.266-1.869x (15 rounds)
   sign test over those paired rounds: 5 favour A, 10 favour B, 0 tied -- two-sided p = 0.302
   separation (a FACT, not the verdict): the two arms' sample ranges OVERLAP
   verdict: NULL RESULT, which is a result
            NULL on the magnitude: the two arms are 1.02x apart on the MEDIAN per-round ratio,
            short of the 7.02x it has to beat (the larger of: per-round swing 7.02x,
            run-to-run scatter NOT MEASURED on this host). Decided by measure_util.hpp's
            difference-against-spread rule, in FACTORS because a percentage of it
            depends on which arm is the denominator; range separation is not what
            decided it.
ROW,threshold,752x480,0.007131,0.022458,0.034190,0.006970,0.012328,0.034643,0.266198,0.977339,1.869211,0,15,0.895219,5,10,0,1.023186,7.021880,0.3018
   host-enqueue probe (no sync, wall clock per call):
     cv::cuda::threshold                          0.0042 ms enqueue vs  0.0225 ms event  -> kernel-bound: the host feeds the device faster than it drains
     bincv::cuda::threshold                       0.0042 ms enqueue vs  0.0123 ms event  -> kernel-bound: the host feeds the device faster than it drains
ENQ,threshold,752x480,0.004163,0.022458,0.004161,0.012328

 threshold, uint8 -> above/below map  [1920x1080]
 cv::cuda::threshold -> CV_8U                     0.011 ms  spread  115%  [kernel]  AT THE LAUNCH FLOOR
 bincv::cuda::threshold -> bits                   0.011 ms  spread  162%  [kernel]  AT THE LAUNCH FLOOR
   ratio binCV/OpenCV, interleaved rounds: median 1.009x <- QUOTE THIS  (binCV  0.99x SLOWER)
                                           geomean 1.034x   per-round range 0.481-2.335x (15 rounds)
   sign test over those paired rounds: 8 favour A, 7 favour B, 0 tied -- two-sided p = 1
   separation (a FACT, not the verdict): the two arms' sample ranges OVERLAP
   verdict: NULL RESULT, which is a result
            NULL on the magnitude: the two arms are 1.01x apart on the MEDIAN per-round ratio,
            short of the 4.85x it has to beat (the larger of: per-round swing 4.85x,
            run-to-run scatter NOT MEASURED on this host). Decided by measure_util.hpp's
            difference-against-spread rule, in FACTORS because a percentage of it
            depends on which arm is the denominator; range separation is not what
            decided it.
ROW,threshold,1920x1080,0.010779,0.011285,0.023811,0.010778,0.011234,0.029021,0.481454,1.009199,2.334664,0,15,1.034435,8,7,0,1.009199,4.849193,1
   host-enqueue probe (no sync, wall clock per call):
     cv::cuda::threshold                          0.0049 ms enqueue vs  0.0113 ms event  -> MIXED: host dispatch is a large share of the bracket
     bincv::cuda::threshold                       0.0051 ms enqueue vs  0.0112 ms event  -> MIXED: host dispatch is a large share of the bracket
ENQ,threshold,1920x1080,0.004879,0.011285,0.005102,0.011234

 threshold, uint8 -> above/below map  [3840x2160]
 cv::cuda::threshold -> CV_8U                     0.037 ms  spread   48%  [kernel]  (launch floor 17% of it)
 bincv::cuda::threshold -> bits                   0.026 ms  spread   90%  [kernel]  (launch floor 24% of it)
   ratio binCV/OpenCV, interleaved rounds: median 0.700x <- QUOTE THIS  (binCV  1.43x FASTER)
                                           geomean 0.717x   per-round range 0.473-1.298x (15 rounds)
   sign test over those paired rounds: 2 favour A, 13 favour B, 0 tied -- two-sided p = 0.00739
   separation (a FACT, not the verdict): the two arms' sample ranges OVERLAP
   verdict: NULL RESULT, which is a result
            NULL on the magnitude: the two arms are 1.43x apart on the MEDIAN per-round ratio,
            short of the 2.74x it has to beat (the larger of: per-round swing 2.74x,
            run-to-run scatter NOT MEASURED on this host). Decided by measure_util.hpp's
            difference-against-spread rule, in FACTORS because a percentage of it
            depends on which arm is the denominator; range separation is not what
            decided it.
ROW,threshold,3840x2160,0.036114,0.036632,0.053686,0.025211,0.025734,0.048454,0.473237,0.699526,1.297849,0,15,0.717485,2,13,0,1.429539,2.742491,0.007385
   host-enqueue probe (no sync, wall clock per call):
     cv::cuda::threshold                          0.0052 ms enqueue vs  0.0366 ms event  -> kernel-bound: the host feeds the device faster than it drains
     bincv::cuda::threshold                       0.0052 ms enqueue vs  0.0257 ms event  -> kernel-bound: the host feeds the device faster than it drains
ENQ,threshold,3840x2160,0.005172,0.036632,0.005242,0.025734

 threshold working set (src + dst)  [752x480]  -- METER 2 on BOTH sides (cudaMemGetInfo delta),
 each side over enough independent working sets that the meter's
 2.00 MB unit resolves, then divided by its own count.
   [meter 2] cv::cuda      256.00 MB over  256 sets =    1024.0 KB/frame  (128 units)
   [meter 2] binCV         104.00 MB over  256 sets =     416.0 KB/frame  (52 units)
   [meter 2] ROUNDING: one 2.00 MB unit is 8.0 KB/frame at 256 sets (1.92% of binCV's
             figure) and 8.0 KB/frame at 256 sets (0.78% of OpenCV's).
   ratio OpenCV/binCV = 2.462x  -- binCV is SMALLER by 2.462x.
   The OpenCV side is an UPPER BOUND: GpuMat pads its pitch, and any
   filter buffer or NPP scratch held past the call is inside this
   delta. binCV's side is cudaMalloc with nothing in between.
MEM,threshold,752x480,109051904,268435456,2097152,256,256

=====================================================================
 2. MORPHOLOGY -- binCV cuda::erode / morphologyEx vs
    cv::cuda::createMorphologyFilter (cudafilters, NPP-backed)
=====================================================================
 ROLE: 'erode / open a binary-valued image on device'. OpenCV's
 operand is CV_8UC1 with values 0 and 255; binCV's is one bit per
 pixel. Same operation, same element, same border, different
 representation -- which is the comparison this library exists to
 make. The filter object is built ONCE outside the timed region on
 both sides, as a caller would; only apply() is timed.
 BORDER: cv::cuda's morphology filter is BORDER_CONSTANT only, so
 binCV runs BORDER_CONSTANT here too -- the four border types binCV
 makes word-parallel have no counterpart on this side to be timed
 against, and are priced in cuda_window_benchmark instead.

 erode, rect 3x3  [752x480]
 cv::cuda morphology filter -> CV_8U              0.094 ms  spread   76%  [kernel]  (launch floor 6% of it)
 bincv::cuda -> bits                              0.010 ms  spread  242%  [kernel]  AT THE LAUNCH FLOOR
   ratio binCV/OpenCV, interleaved rounds: median 0.106x <- QUOTE THIS  (binCV  9.39x FASTER)
                                           geomean 0.118x   per-round range 0.065-0.273x (15 rounds)
   sign test over those paired rounds: 0 favour A, 15 favour B, 0 tied -- two-sided p = 6.1e-05
   separation (a FACT, not the verdict): the two arms' sample ranges are DISJOINT
   verdict: DIRECTION ESTABLISHED, and A RESULT
            ARM B is faster in 15 of 15 paired rounds -- NO ROUND CROSSED 1.00x, so the
            direction is established by the rounds themselves (two-sided sign-test
            p = 6.1e-05). Magnitude 3.66x to 15.44x, median 9.39x: the spread bounds
            HOW MUCH it wins by, not WHETHER it does (owner's ruling, 2026-09-19).
            A RESULT: the two arms are 9.39x apart on the MEDIAN per-round ratio,
            clearing the 4.22x it has to beat (the larger of: per-round swing 4.22x,
            run-to-run scatter NOT MEASURED on this host). Decided by measure_util.hpp's
            difference-against-spread rule, in FACTORS because a percentage of it
            depends on which arm is the denominator; range separation is not what
            decided it.
            That clears the WITHIN-RUN half of the rule only -- nobody has measured
            this host's run-to-run scatter, and the rule wants the larger of the two.
ROW,morph_erode_rect3,752x480,0.082152,0.093586,0.153237,0.007320,0.010333,0.032298,0.064761,0.106500,0.273164,1,15,0.118336,0,15,0,9.389694,4.218024,6.104e-05
   host-enqueue probe (no sync, wall clock per call):
     cv::cuda morphology filter                   0.0829 ms enqueue vs  0.0936 ms event  -> DISPATCH-BOUND: the event bracket is timing the API call
     bincv::cuda                                  0.0082 ms enqueue vs  0.0103 ms event  -> MIXED: host dispatch is a large share of the bracket
ENQ,morph_erode_rect3,752x480,0.082894,0.093586,0.008202,0.010333
   single-call GPU time (device drained either side -- separates the
   kernel from the API for a dispatch-bound arm):
     cv::cuda morphology filter                   0.0757 ms solo vs  0.0936 ms batched
     bincv::cuda                                  0.0051 ms solo vs  0.0103 ms batched
SOLO,morph_erode_rect3,752x480,0.075744,0.093586,0.005120,0.010333

 morphologyEx OPEN, rect 3x3  [752x480]
 cv::cuda morphology filter -> CV_8U              0.193 ms  spread   32%  [kernel]  (launch floor 3% of it)
 bincv::cuda -> bits                              0.015 ms  spread   86%  [kernel]  (launch floor 41% of it)
   ratio binCV/OpenCV, interleaved rounds: median 0.081x <- QUOTE THIS  (binCV 12.35x FASTER)
                                           geomean 0.086x   per-round range 0.066-0.158x (15 rounds)
   sign test over those paired rounds: 0 favour A, 15 favour B, 0 tied -- two-sided p = 6.1e-05
   separation (a FACT, not the verdict): the two arms' sample ranges are DISJOINT
   verdict: DIRECTION ESTABLISHED, and A RESULT
            ARM B is faster in 15 of 15 paired rounds -- NO ROUND CROSSED 1.00x, so the
            direction is established by the rounds themselves (two-sided sign-test
            p = 6.1e-05). Magnitude 6.32x to 15.24x, median 12.35x: the spread bounds
            HOW MUCH it wins by, not WHETHER it does (owner's ruling, 2026-09-19).
            A RESULT: the two arms are 12.35x apart on the MEDIAN per-round ratio,
            clearing the 2.41x it has to beat (the larger of: per-round swing 2.41x,
            run-to-run scatter NOT MEASURED on this host). Decided by measure_util.hpp's
            difference-against-spread rule, in FACTORS because a percentage of it
            depends on which arm is the denominator; range separation is not what
            decided it.
            That clears the WITHIN-RUN half of the rule only -- nobody has measured
            this host's run-to-run scatter, and the rule wants the larger of the two.
ROW,morph_open_rect3,752x480,0.160430,0.192880,0.221611,0.013339,0.014781,0.026048,0.065628,0.080999,0.158130,1,15,0.086361,0,15,0,12.345836,2.409492,6.104e-05
   host-enqueue probe (no sync, wall clock per call):
     cv::cuda morphology filter                   0.1701 ms enqueue vs  0.1929 ms event  -> DISPATCH-BOUND: the event bracket is timing the API call
     bincv::cuda                                  0.0086 ms enqueue vs  0.0148 ms event  -> MIXED: host dispatch is a large share of the bracket
ENQ,morph_open_rect3,752x480,0.170074,0.192880,0.008642,0.014781
   single-call GPU time (device drained either side -- separates the
   kernel from the API for a dispatch-bound arm):
     cv::cuda morphology filter                   0.1597 ms solo vs  0.1929 ms batched
     bincv::cuda                                  0.0092 ms solo vs  0.0148 ms batched
SOLO,morph_open_rect3,752x480,0.159744,0.192880,0.009216,0.014781

 erode, ellipse 5x5  [752x480]
 cv::cuda morphology filter -> CV_8U              0.135 ms  spread   33%  [kernel]  (launch floor 5% of it)
 bincv::cuda -> bits                              0.010 ms  spread   74%  [kernel]  AT THE LAUNCH FLOOR
   ratio binCV/OpenCV, interleaved rounds: median 0.080x <- QUOTE THIS  (binCV 12.49x FASTER)
                                           geomean 0.078x   per-round range 0.057-0.125x (15 rounds)
   sign test over those paired rounds: 0 favour A, 15 favour B, 0 tied -- two-sided p = 6.1e-05
   separation (a FACT, not the verdict): the two arms' sample ranges are DISJOINT
   verdict: DIRECTION ESTABLISHED, and A RESULT
            ARM B is faster in 15 of 15 paired rounds -- NO ROUND CROSSED 1.00x, so the
            direction is established by the rounds themselves (two-sided sign-test
            p = 6.1e-05). Magnitude 8.03x to 17.52x, median 12.49x: the spread bounds
            HOW MUCH it wins by, not WHETHER it does (owner's ruling, 2026-09-19).
            A RESULT: the two arms are 12.49x apart on the MEDIAN per-round ratio,
            clearing the 2.18x it has to beat (the larger of: per-round swing 2.18x,
            run-to-run scatter NOT MEASURED on this host). Decided by measure_util.hpp's
            difference-against-spread rule, in FACTORS because a percentage of it
            depends on which arm is the denominator; range separation is not what
            decided it.
            That clears the WITHIN-RUN half of the rule only -- nobody has measured
            this host's run-to-run scatter, and the rule wants the larger of the two.
ROW,morph_erode_ell5,752x480,0.120014,0.134622,0.163918,0.009104,0.010366,0.016765,0.057072,0.080086,0.124532,1,15,0.077689,0,15,0,12.486622,2.182005,6.104e-05
   host-enqueue probe (no sync, wall clock per call):
     cv::cuda morphology filter                   0.1303 ms enqueue vs  0.1346 ms event  -> DISPATCH-BOUND: the event bracket is timing the API call
     bincv::cuda                                  0.0052 ms enqueue vs  0.0104 ms event  -> MIXED: host dispatch is a large share of the bracket
ENQ,morph_erode_ell5,752x480,0.130340,0.134622,0.005223,0.010366
   single-call GPU time (device drained either side -- separates the
   kernel from the API for a dispatch-bound arm):
     cv::cuda morphology filter                   0.1239 ms solo vs  0.1346 ms batched
     bincv::cuda                                  0.0079 ms solo vs  0.0104 ms batched
SOLO,morph_erode_ell5,752x480,0.123904,0.134622,0.007872,0.010366

 erode, rect 3x3  [1920x1080]
 cv::cuda morphology filter -> CV_8U              0.125 ms  spread   38%  [kernel]  (launch floor 5% of it)
 bincv::cuda -> bits                              0.010 ms  spread   58%  [kernel]  AT THE LAUNCH FLOOR
   ratio binCV/OpenCV, interleaved rounds: median 0.079x <- QUOTE THIS  (binCV 12.64x FASTER)
                                           geomean 0.078x   per-round range 0.057-0.116x (15 rounds)
   sign test over those paired rounds: 0 favour A, 15 favour B, 0 tied -- two-sided p = 6.1e-05
   separation (a FACT, not the verdict): the two arms' sample ranges are DISJOINT
   verdict: DIRECTION ESTABLISHED, and A RESULT
            ARM B is faster in 15 of 15 paired rounds -- NO ROUND CROSSED 1.00x, so the
            direction is established by the rounds themselves (two-sided sign-test
            p = 6.1e-05). Magnitude 8.64x to 17.69x, median 12.64x: the spread bounds
            HOW MUCH it wins by, not WHETHER it does (owner's ruling, 2026-09-19).
            A RESULT: the two arms are 12.64x apart on the MEDIAN per-round ratio,
            clearing the 2.05x it has to beat (the larger of: per-round swing 2.05x,
            run-to-run scatter NOT MEASURED on this host). Decided by measure_util.hpp's
            difference-against-spread rule, in FACTORS because a percentage of it
            depends on which arm is the denominator; range separation is not what
            decided it.
            That clears the WITHIN-RUN half of the rule only -- nobody has measured
            this host's run-to-run scatter, and the rule wants the larger of the two.
ROW,morph_erode_rect3,1920x1080,0.112875,0.125082,0.160053,0.008795,0.009803,0.014472,0.056519,0.079092,0.115700,1,15,0.078152,0,15,0,12.643579,2.047106,6.104e-05
   host-enqueue probe (no sync, wall clock per call):
     cv::cuda morphology filter                   0.1172 ms enqueue vs  0.1251 ms event  -> DISPATCH-BOUND: the event bracket is timing the API call
     bincv::cuda                                  0.0042 ms enqueue vs  0.0098 ms event  -> MIXED: host dispatch is a large share of the bracket
ENQ,morph_erode_rect3,1920x1080,0.117197,0.125082,0.004217,0.009803
   single-call GPU time (device drained either side -- separates the
   kernel from the API for a dispatch-bound arm):
     cv::cuda morphology filter                   0.1157 ms solo vs  0.1251 ms batched
     bincv::cuda                                  0.0072 ms solo vs  0.0098 ms batched
SOLO,morph_erode_rect3,1920x1080,0.115712,0.125082,0.007168,0.009803

 morphologyEx OPEN, rect 3x3  [1920x1080]
 cv::cuda morphology filter -> CV_8U              0.252 ms  spread   20%  [kernel]  (launch floor 2% of it)
 bincv::cuda -> bits                              0.018 ms  spread  174%  [kernel]  (launch floor 34% of it)
   ratio binCV/OpenCV, interleaved rounds: median 0.075x <- QUOTE THIS  (binCV 13.29x FASTER)
                                           geomean 0.087x   per-round range 0.064-0.181x (15 rounds)
   sign test over those paired rounds: 0 favour A, 15 favour B, 0 tied -- two-sided p = 6.1e-05
   separation (a FACT, not the verdict): the two arms' sample ranges are DISJOINT
   verdict: DIRECTION ESTABLISHED, and A RESULT
            ARM B is faster in 15 of 15 paired rounds -- NO ROUND CROSSED 1.00x, so the
            direction is established by the rounds themselves (two-sided sign-test
            p = 6.1e-05). Magnitude 5.52x to 15.65x, median 13.29x: the spread bounds
            HOW MUCH it wins by, not WHETHER it does (owner's ruling, 2026-09-19).
            A RESULT: the two arms are 13.29x apart on the MEDIAN per-round ratio,
            clearing the 2.83x it has to beat (the larger of: per-round swing 2.83x,
            run-to-run scatter NOT MEASURED on this host). Decided by measure_util.hpp's
            difference-against-spread rule, in FACTORS because a percentage of it
            depends on which arm is the denominator; range separation is not what
            decided it.
            That clears the WITHIN-RUN half of the rule only -- nobody has measured
            this host's run-to-run scatter, and the rule wants the larger of the two.
ROW,morph_open_rect3,1920x1080,0.223754,0.251506,0.274590,0.015952,0.018008,0.047328,0.063892,0.075269,0.181023,1,15,0.087422,0,15,0,13.285766,2.833279,6.104e-05
   host-enqueue probe (no sync, wall clock per call):
     cv::cuda morphology filter                   0.2636 ms enqueue vs  0.2515 ms event  -> DISPATCH-BOUND: the event bracket is timing the API call
     bincv::cuda                                  0.0086 ms enqueue vs  0.0180 ms event  -> MIXED: host dispatch is a large share of the bracket
ENQ,morph_open_rect3,1920x1080,0.263559,0.251506,0.008556,0.018008
   single-call GPU time (device drained either side -- separates the
   kernel from the API for a dispatch-bound arm):
     cv::cuda morphology filter                   0.3020 ms solo vs  0.2515 ms batched
     bincv::cuda                                  0.0133 ms solo vs  0.0180 ms batched
SOLO,morph_open_rect3,1920x1080,0.301984,0.251506,0.013280,0.018008

 erode, ellipse 5x5  [1920x1080]
 cv::cuda morphology filter -> CV_8U              0.308 ms  spread   35%  [kernel]  (launch floor 2% of it)
 bincv::cuda -> bits                              0.013 ms  spread   88%  [kernel]  (launch floor 47% of it)
   ratio binCV/OpenCV, interleaved rounds: median 0.042x <- QUOTE THIS  (binCV 23.72x FASTER)
                                           geomean 0.044x   per-round range 0.033-0.080x (15 rounds)
   sign test over those paired rounds: 0 favour A, 15 favour B, 0 tied -- two-sided p = 6.1e-05
   separation (a FACT, not the verdict): the two arms' sample ranges are DISJOINT
   verdict: DIRECTION ESTABLISHED, and A RESULT
            ARM B is faster in 15 of 15 paired rounds -- NO ROUND CROSSED 1.00x, so the
            direction is established by the rounds themselves (two-sided sign-test
            p = 6.1e-05). Magnitude 12.54x to 30.12x, median 23.72x: the spread bounds
            HOW MUCH it wins by, not WHETHER it does (owner's ruling, 2026-09-19).
            A RESULT: the two arms are 23.72x apart on the MEDIAN per-round ratio,
            clearing the 2.40x it has to beat (the larger of: per-round swing 2.40x,
            run-to-run scatter NOT MEASURED on this host). Decided by measure_util.hpp's
            difference-against-spread rule, in FACTORS because a percentage of it
            depends on which arm is the denominator; range separation is not what
            decided it.
            That clears the WITHIN-RUN half of the rule only -- nobody has measured
            this host's run-to-run scatter, and the rule wants the larger of the two.
ROW,morph_erode_ell5,1920x1080,0.283136,0.308038,0.391299,0.012613,0.012971,0.024067,0.033198,0.042155,0.079761,1,15,0.044097,0,15,0,23.722194,2.402568,6.104e-05
   host-enqueue probe (no sync, wall clock per call):
     cv::cuda morphology filter                   0.3039 ms enqueue vs  0.3080 ms event  -> DISPATCH-BOUND: the event bracket is timing the API call
     bincv::cuda                                  0.0043 ms enqueue vs  0.0130 ms event  -> kernel-bound: the host feeds the device faster than it drains
ENQ,morph_erode_ell5,1920x1080,0.303944,0.308038,0.004299,0.012971
   single-call GPU time (device drained either side -- separates the
   kernel from the API for a dispatch-bound arm):
     cv::cuda morphology filter                   0.3002 ms solo vs  0.3080 ms batched
     bincv::cuda                                  0.0122 ms solo vs  0.0130 ms batched
SOLO,morph_erode_ell5,1920x1080,0.300192,0.308038,0.012160,0.012971

 erode working set (src + dst + any filter buffer)  [752x480]  -- METER 2 on BOTH sides (cudaMemGetInfo delta),
 each side over enough independent working sets that the meter's
 2.00 MB unit resolves, then divided by its own count.
   [meter 2] cv::cuda      384.00 MB over  256 sets =    1536.0 KB/frame  (192 units)
   [meter 2] binCV          24.00 MB over  256 sets =      96.0 KB/frame  (12 units)
   [meter 2] ROUNDING: one 2.00 MB unit is 8.0 KB/frame at 256 sets (8.33% of binCV's
             figure) and 8.0 KB/frame at 256 sets (0.52% of OpenCV's).
   ratio OpenCV/binCV = 16.000x  -- binCV is SMALLER by 16.000x.
   The OpenCV side is an UPPER BOUND: GpuMat pads its pitch, and any
   filter buffer or NPP scratch held past the call is inside this
   delta. binCV's side is cudaMalloc with nothing in between.
MEM,morph_erode_rect3,752x480,25165824,402653184,2097152,256,256

=====================================================================
 3. MEDIAN (WIDE) -- binCV cuda::medianWide vs
    cv::cuda::createMedianFilter(CV_8UC1, ksize)
=====================================================================
 ROLE ONLY, and the asymmetry is stated first because it is large:
 cv::cuda::createMedianFilter is a 3x3 (or 5x5) SQUARE median with a
 replicated border. binCV's kMedianReferenceL is a 3-sample L and
 kMedianReferencePlus is a 5-sample plus, both with a ZERO border.
 These produce DIFFERENT IMAGES. Neither is an oracle for the other
 and no correctness claim is made across this row -- binCV's
 correctness is closed against its own host twin by the test suite.
 What this prices is the ROLE: 'median-filter a resident 8-bit frame
 on the device'. Part of binCV's advantage here is that its operation
 is CHEAPER (3 or 5 samples against 9), which is the algorithm's win
 and NOT the representation's -- medianWide has no packed advantage
 and its own header says so. The K=9 row below is the closest
 sample-count match to a 3x3 square and is the fairest single row.
 MEMORY IS PARITY BY CONSTRUCTION: one byte per pixel in, one out,
 on both sides. Any difference in the meter is GpuMat's pitch
 padding, not a representation win, and it is labelled as such.

 median, 9 samples each (the sample-count match), BOTH on an explicit stream  [752x480]
 cv::cuda median 3x3 square                       5.700 ms  spread    3%  [kernel]  (launch floor 0% of it)
 bincv::cuda medianWide K=9                       0.022 ms  spread  164%  [kernel]  (launch floor 27% of it)
   ratio binCV/OpenCV, interleaved rounds: median 0.004x <- QUOTE THIS  (binCV 258.13x FASTER)
                                           geomean 0.004x   per-round range 0.003-0.009x (15 rounds)
   sign test over those paired rounds: 0 favour A, 15 favour B, 0 tied -- two-sided p = 6.1e-05
   separation (a FACT, not the verdict): the two arms' sample ranges are DISJOINT
   verdict: DIRECTION ESTABLISHED, and A RESULT
            ARM B is faster in 15 of 15 paired rounds -- NO ROUND CROSSED 1.00x, so the
            direction is established by the rounds themselves (two-sided sign-test
            p = 6.1e-05). Magnitude 111.33x to 390.27x, median 258.13x: the spread bounds
            HOW MUCH it wins by, not WHETHER it does (owner's ruling, 2026-09-19).
            A RESULT: the two arms are 258.13x apart on the MEDIAN per-round ratio,
            clearing the 3.51x it has to beat (the larger of: per-round swing 3.51x,
            run-to-run scatter NOT MEASURED on this host). Decided by measure_util.hpp's
            difference-against-spread rule, in FACTORS because a percentage of it
            depends on which arm is the denominator; range separation is not what
            decided it.
            That clears the WITHIN-RUN half of the rule only -- nobody has measured
            this host's run-to-run scatter, and the rule wants the larger of the two.
ROW,median_k9,752x480,5.578317,5.700198,5.766726,0.014541,0.022323,0.051200,0.002562,0.003874,0.008982,1,15,0.003725,0,15,0,258.127004,3.505448,6.104e-05
   host-enqueue probe (no sync, wall clock per call):
     cv::cuda median 3x3                          0.0266 ms enqueue vs  5.7002 ms event  -> kernel-bound: the host feeds the device faster than it drains
     bincv::cuda medianWide K=9                   0.0042 ms enqueue vs  0.0223 ms event  -> kernel-bound: the host feeds the device faster than it drains
ENQ,median_k9,752x480,0.026580,5.700198,0.004228,0.022323

 median, OpenCV 9 samples vs binCV 3 (the shipped L)  [752x480]
 cv::cuda median 3x3 square                       5.643 ms  spread    3%  [kernel]  (launch floor 0% of it)
 bincv::cuda medianWide K=3 L                     0.010 ms  spread  137%  [kernel]  AT THE LAUNCH FLOOR
   ratio binCV/OpenCV, interleaved rounds: median 0.002x <- QUOTE THIS  (binCV 570.43x FASTER)
                                           geomean 0.002x   per-round range 0.001-0.003x (15 rounds)
   sign test over those paired rounds: 0 favour A, 15 favour B, 0 tied -- two-sided p = 6.1e-05
   separation (a FACT, not the verdict): the two arms' sample ranges are DISJOINT
   verdict: DIRECTION ESTABLISHED, and A RESULT
            ARM B is faster in 15 of 15 paired rounds -- NO ROUND CROSSED 1.00x, so the
            direction is established by the rounds themselves (two-sided sign-test
            p = 6.1e-05). Magnitude 301.92x to 1143.71x, median 570.43x: the spread bounds
            HOW MUCH it wins by, not WHETHER it does (owner's ruling, 2026-09-19).
            A RESULT: the two arms are 570.43x apart on the MEDIAN per-round ratio,
            clearing the 3.79x it has to beat (the larger of: per-round swing 3.79x,
            run-to-run scatter NOT MEASURED on this host). Decided by measure_util.hpp's
            difference-against-spread rule, in FACTORS because a percentage of it
            depends on which arm is the denominator; range separation is not what
            decided it.
            That clears the WITHIN-RUN half of the rule only -- nobody has measured
            this host's run-to-run scatter, and the rule wants the larger of the two.
ROW,median_k3L,752x480,5.562983,5.643059,5.749760,0.004915,0.009830,0.018426,0.000874,0.001753,0.003312,1,15,0.001507,0,15,0,570.430982,3.788168,6.104e-05

 median, OpenCV 9 samples vs binCV 5 (the plus)  [752x480]
 cv::cuda median 3x3 square                       5.657 ms  spread    3%  [kernel]  (launch floor 0% of it)
 bincv::cuda medianWide K=5 plus                  0.009 ms  spread  149%  [kernel]  AT THE LAUNCH FLOOR
   ratio binCV/OpenCV, interleaved rounds: median 0.002x <- QUOTE THIS  (binCV 609.00x FASTER)
                                           geomean 0.002x   per-round range 0.001-0.004x (15 rounds)
   sign test over those paired rounds: 0 favour A, 15 favour B, 0 tied -- two-sided p = 6.1e-05
   separation (a FACT, not the verdict): the two arms' sample ranges are DISJOINT
   verdict: DIRECTION ESTABLISHED, and A RESULT
            ARM B is faster in 15 of 15 paired rounds -- NO ROUND CROSSED 1.00x, so the
            direction is established by the rounds themselves (two-sided sign-test
            p = 6.1e-05). Magnitude 265.49x to 753.35x, median 609.00x: the spread bounds
            HOW MUCH it wins by, not WHETHER it does (owner's ruling, 2026-09-19).
            A RESULT: the two arms are 609.00x apart on the MEDIAN per-round ratio,
            clearing the 2.84x it has to beat (the larger of: per-round swing 2.84x,
            run-to-run scatter NOT MEASURED on this host). Decided by measure_util.hpp's
            difference-against-spread rule, in FACTORS because a percentage of it
            depends on which arm is the denominator; range separation is not what
            decided it.
            That clears the WITHIN-RUN half of the rule only -- nobody has measured
            this host's run-to-run scatter, and the rule wants the larger of the two.
ROW,median_k5plus,752x480,5.566669,5.657344,5.737261,0.007578,0.009421,0.021581,0.001327,0.001642,0.003767,1,15,0.001913,0,15,0,608.999309,2.837570,6.104e-05

   THE DEFAULT-STREAM SURCHARGE, cv::cuda median, 752x480:
     apply() on the DEFAULT stream     5.7046 ms/call (wall, includes its internal cudaDeviceSynchronize)
     apply() on an EXPLICIT stream     0.0468 ms/call (wall, enqueue only)
   The difference is the API's, not the kernel's, and the rows above avoid it
   by running BOTH sides on an explicit stream.
SYNC,median_default_stream,752x480,5.704625,0.046792

 median, 9 samples each (the sample-count match), BOTH on an explicit stream  [1920x1080]
 cv::cuda median 3x3 square                      31.218 ms  spread    2%  [kernel]  (launch floor 0% of it)
 bincv::cuda medianWide K=9                       0.047 ms  spread   26%  [kernel]  (launch floor 13% of it)
   ratio binCV/OpenCV, interleaved rounds: median 0.001x <- QUOTE THIS  (binCV 668.73x FASTER)
                                           geomean 0.002x   per-round range 0.001-0.002x (15 rounds)
   sign test over those paired rounds: 0 favour A, 15 favour B, 0 tied -- two-sided p = 6.1e-05
   separation (a FACT, not the verdict): the two arms' sample ranges are DISJOINT
   verdict: DIRECTION ESTABLISHED, and A RESULT
            ARM B is faster in 15 of 15 paired rounds -- NO ROUND CROSSED 1.00x, so the
            direction is established by the rounds themselves (two-sided sign-test
            p = 6.1e-05). Magnitude 557.25x to 711.34x, median 668.73x: the spread bounds
            HOW MUCH it wins by, not WHETHER it does (owner's ruling, 2026-09-19).
            A RESULT: the two arms are 668.73x apart on the MEDIAN per-round ratio,
            clearing the 1.28x it has to beat (the larger of: per-round swing 1.28x,
            run-to-run scatter NOT MEASURED on this host). Decided by measure_util.hpp's
            difference-against-spread rule, in FACTORS because a percentage of it
            depends on which arm is the denominator; range separation is not what
            decided it.
            That clears the WITHIN-RUN half of the rule only -- nobody has measured
            this host's run-to-run scatter, and the rule wants the larger of the two.
ROW,median_k9,1920x1080,31.085294,31.218277,31.636685,0.043827,0.047309,0.055910,0.001406,0.001495,0.001795,1,15,0.001566,0,15,0,668.727286,1.276529,6.104e-05
   host-enqueue probe (no sync, wall clock per call):
     cv::cuda median 3x3                          0.0434 ms enqueue vs 31.2183 ms event  -> kernel-bound: the host feeds the device faster than it drains
     bincv::cuda medianWide K=9                   0.0042 ms enqueue vs  0.0473 ms event  -> kernel-bound: the host feeds the device faster than it drains
ENQ,median_k9,1920x1080,0.043424,31.218277,0.004196,0.047309

 median, OpenCV 9 samples vs binCV 3 (the shipped L)  [1920x1080]
 cv::cuda median 3x3 square                      31.239 ms  spread    1%  [kernel]  (launch floor 0% of it)
 bincv::cuda medianWide K=3 L                     0.022 ms  spread  146%  [kernel]  (launch floor 27% of it)
   ratio binCV/OpenCV, interleaved rounds: median 0.001x <- QUOTE THIS  (binCV 1420.27x FASTER)
                                           geomean 0.001x   per-round range 0.000-0.001x (15 rounds)
   sign test over those paired rounds: 0 favour A, 15 favour B, 0 tied -- two-sided p = 6.1e-05
   separation (a FACT, not the verdict): the two arms' sample ranges are DISJOINT
   verdict: DIRECTION ESTABLISHED, and A RESULT
            ARM B is faster in 15 of 15 paired rounds -- NO ROUND CROSSED 1.00x, so the
            direction is established by the rounds themselves (two-sided sign-test
            p = 6.1e-05). Magnitude 711.87x to 2673.03x, median 1420.27x: the spread bounds
            HOW MUCH it wins by, not WHETHER it does (owner's ruling, 2026-09-19).
            A RESULT: the two arms are 1420.27x apart on the MEDIAN per-round ratio,
            clearing the 3.75x it has to beat (the larger of: per-round swing 3.75x,
            run-to-run scatter NOT MEASURED on this host). Decided by measure_util.hpp's
            difference-against-spread rule, in FACTORS because a percentage of it
            depends on which arm is the denominator; range separation is not what
            decided it.
            That clears the WITHIN-RUN half of the rule only -- nobody has measured
            this host's run-to-run scatter, and the rule wants the larger of the two.
ROW,median_k3L,1920x1080,31.154791,31.238757,31.567462,0.011674,0.022086,0.043827,0.000374,0.000704,0.001405,1,15,0.000651,0,15,0,1420.272105,3.754924,6.104e-05

 median, OpenCV 9 samples vs binCV 5 (the plus)  [1920x1080]
 cv::cuda median 3x3 square                      31.324 ms  spread    2%  [kernel]  (launch floor 0% of it)
 bincv::cuda medianWide K=5 plus                  0.023 ms  spread   79%  [kernel]  (launch floor 26% of it)
   ratio binCV/OpenCV, interleaved rounds: median 0.001x <- QUOTE THIS  (binCV 1342.48x FASTER)
                                           geomean 0.001x   per-round range 0.001-0.001x (15 rounds)
   sign test over those paired rounds: 0 favour A, 15 favour B, 0 tied -- two-sided p = 6.1e-05
   separation (a FACT, not the verdict): the two arms' sample ranges are DISJOINT
   verdict: DIRECTION ESTABLISHED, and A RESULT
            ARM B is faster in 15 of 15 paired rounds -- NO ROUND CROSSED 1.00x, so the
            direction is established by the rounds themselves (two-sided sign-test
            p = 6.1e-05). Magnitude 788.70x to 1498.23x, median 1342.48x: the spread bounds
            HOW MUCH it wins by, not WHETHER it does (owner's ruling, 2026-09-19).
            A RESULT: the two arms are 1342.48x apart on the MEDIAN per-round ratio,
            clearing the 1.90x it has to beat (the larger of: per-round swing 1.90x,
            run-to-run scatter NOT MEASURED on this host). Decided by measure_util.hpp's
            difference-against-spread rule, in FACTORS because a percentage of it
            depends on which arm is the denominator; range separation is not what
            decided it.
            That clears the WITHIN-RUN half of the rule only -- nobody has measured
            this host's run-to-run scatter, and the rule wants the larger of the two.
ROW,median_k5plus,1920x1080,31.093747,31.323752,31.604327,0.021094,0.023341,0.039526,0.000667,0.000745,0.001268,1,15,0.000836,0,15,0,1342.481716,1.899627,6.104e-05

 denoiseMedian3 against ITS OWN WRITTEN BAR -- binCV's byte
 medianWide<L> with its fast arm on. Identical operation,
 identical border, one launch each; the only variable is the
 representation. This is the implementer's stated bar and the
 cv::cuda rows above are NOT it. Climbed as a LADDER because the
 written rule decides this gate at the first size clear of the
 launch floor, and names every size below it as deciding nothing.

 denoiseMedian3 (bits) vs medianWide<L> (bytes)  [752x480]
 bincv::cuda medianWide K=3 L, bytes              0.006 ms  spread   22%  [kernel]  AT THE LAUNCH FLOOR
 bincv::cuda denoiseMedian3                       0.006 ms  spread   33%  [kernel]  AT THE LAUNCH FLOOR
   ratio binCV/OpenCV, interleaved rounds: median 0.911x <- QUOTE THIS  (binCV  1.10x FASTER)
                                           geomean 0.887x   per-round range 0.676-1.047x (15 rounds)
   sign test over those paired rounds: 2 favour A, 11 favour B, 2 tied -- two-sided p = 0.0225
   separation (a FACT, not the verdict): the two arms' sample ranges OVERLAP
   verdict: NULL RESULT, which is a result
            NULL on the magnitude: the two arms are 1.10x apart on the MEDIAN per-round ratio,
            short of the 1.55x it has to beat (the larger of: per-round swing 1.55x,
            run-to-run scatter NOT MEASURED on this host). Decided by measure_util.hpp's
            difference-against-spread rule, in FACTORS because a percentage of it
            depends on which arm is the denominator; range separation is not what
            decided it.
ROW,denoise3_vs_bytebar,752x480,0.006042,0.006451,0.007478,0.004915,0.005786,0.006810,0.676056,0.911290,1.047244,0,15,0.887078,2,11,2,1.097345,1.549048,0.02246

 denoiseMedian3 (bits) vs medianWide<L> (bytes)  [1920x1080]
 bincv::cuda medianWide K=3 L, bytes              0.012 ms  spread   83%  [kernel]  AT THE LAUNCH FLOOR
 bincv::cuda denoiseMedian3                       0.006 ms  spread   81%  [kernel]  AT THE LAUNCH FLOOR
   ratio binCV/OpenCV, interleaved rounds: median 0.468x <- QUOTE THIS  (binCV  2.14x FASTER)
                                           geomean 0.472x   per-round range 0.324-0.770x (15 rounds)
   sign test over those paired rounds: 0 favour A, 15 favour B, 0 tied -- two-sided p = 6.1e-05
   separation (a FACT, not the verdict): the two arms' sample ranges are DISJOINT
   verdict: DIRECTION ESTABLISHED
            ARM B is faster in 15 of 15 paired rounds -- NO ROUND CROSSED 1.00x, so the
            direction is established by the rounds themselves (two-sided sign-test
            p = 6.1e-05). Magnitude 1.30x to 3.09x, median 2.14x: the spread bounds
            HOW MUCH it wins by, not WHETHER it does (owner's ruling, 2026-09-19).
            NULL on the magnitude: the two arms are 2.14x apart on the MEDIAN per-round ratio,
            short of the 2.38x it has to beat (the larger of: per-round swing 2.38x,
            run-to-run scatter NOT MEASURED on this host). Decided by measure_util.hpp's
            difference-against-spread rule, in FACTORS because a percentage of it
            depends on which arm is the denominator; range separation is not what
            decided it.
ROW,denoise3_vs_bytebar,1920x1080,0.011672,0.011926,0.021606,0.003942,0.006246,0.009022,0.323978,0.467811,0.769514,1,15,0.471826,0,15,0,2.137615,2.375205,6.104e-05

 denoiseMedian3 (bits) vs medianWide<L> (bytes)  [4096x2160]
 bincv::cuda medianWide K=3 L, bytes              0.039 ms  spread   43%  [kernel]  (launch floor 16% of it)
 bincv::cuda denoiseMedian3                       0.007 ms  spread  274%  [kernel]  AT THE LAUNCH FLOOR
   ratio binCV/OpenCV, interleaved rounds: median 0.192x <- QUOTE THIS  (binCV  5.20x FASTER)
                                           geomean 0.225x   per-round range 0.158-0.682x (15 rounds)
   sign test over those paired rounds: 0 favour A, 15 favour B, 0 tied -- two-sided p = 6.1e-05
   separation (a FACT, not the verdict): the two arms' sample ranges are DISJOINT
   verdict: DIRECTION ESTABLISHED, and A RESULT
            ARM B is faster in 15 of 15 paired rounds -- NO ROUND CROSSED 1.00x, so the
            direction is established by the rounds themselves (two-sided sign-test
            p = 6.1e-05). Magnitude 1.47x to 6.32x, median 5.20x: the spread bounds
            HOW MUCH it wins by, not WHETHER it does (owner's ruling, 2026-09-19).
            A RESULT: the two arms are 5.20x apart on the MEDIAN per-round ratio,
            clearing the 4.31x it has to beat (the larger of: per-round swing 4.31x,
            run-to-run scatter NOT MEASURED on this host). Decided by measure_util.hpp's
            difference-against-spread rule, in FACTORS because a percentage of it
            depends on which arm is the denominator; range separation is not what
            decided it.
            That clears the WITHIN-RUN half of the rule only -- nobody has measured
            this host's run-to-run scatter, and the rule wants the larger of the two.
ROW,denoise3_vs_bytebar,4096x2160,0.038605,0.038758,0.055296,0.006195,0.007469,0.026675,0.158170,0.192447,0.681937,1,15,0.225259,0,15,0,5.196230,4.311421,6.104e-05
   cv::cuda::createMedianFilter's scratch is NOT incidental: its
   own filtering.cpp sizes the histograms at cols*256*partitions
   and cols*8*partitions CV_32S, which at 752 columns and its
   default 128 partitions is ~98 MB of device scratch for ONE
   752x480 frame. binCV's medianWide allocates ZERO scratch --
   no heap in kernels is a project rule, so the caller's two
   images are the whole working set.

 medianWide working set (wide src + wide dst + filter buffer)  [752x480]  -- METER 2 on BOTH sides (cudaMemGetInfo delta),
 each side over enough independent working sets that the meter's
 2.00 MB unit resolves, then divided by its own count.
   [meter 2] cv::cuda      792.00 MB over    8 sets =  101376.0 KB/frame  (396 units)
   [meter 2] binCV         206.00 MB over  256 sets =     824.0 KB/frame  (103 units)
   [meter 2] ROUNDING: one 2.00 MB unit is 8.0 KB/frame at 256 sets (0.97% of binCV's
             figure) and 256.0 KB/frame at 8 sets (0.25% of OpenCV's).
   ratio OpenCV/binCV = 123.029x  -- binCV is SMALLER by 123.029x.
   The OpenCV side is an UPPER BOUND: GpuMat pads its pitch, and any
   filter buffer or NPP scratch held past the call is inside this
   delta. binCV's side is cudaMalloc with nothing in between.
   NOTE: medianWide claims NO footprint advantage -- it is one
   byte per pixel on both sides. Any ratio here is GpuMat's pitch
   padding plus whatever cv::cuda::createMedianFilter holds for
   its histogram scratch, and it is NOT evidence for 1-bit
   packing. denoiseMedian3 is where this family's footprint
   result lives, and its bar is the binCV byte arm above.
MEM,median_k3L,752x480,216006656,830472192,2097152,256,8

 denoiseMedian3 (bits) vs medianWide<L> (bytes) working set  [752x480]  -- METER 2 on BOTH sides (cudaMemGetInfo delta),
 each side over enough independent working sets that the meter's
 2.00 MB unit resolves, then divided by its own count.
   [meter 2] cv::cuda      206.00 MB over  256 sets =     824.0 KB/frame  (103 units)
   [meter 2] binCV          24.00 MB over  256 sets =      96.0 KB/frame  (12 units)
   [meter 2] ROUNDING: one 2.00 MB unit is 8.0 KB/frame at 256 sets (8.33% of binCV's
             figure) and 8.0 KB/frame at 256 sets (0.97% of OpenCV's).
   ratio OpenCV/binCV = 8.583x  -- binCV is SMALLER by 8.583x.
   The OpenCV side is an UPPER BOUND: GpuMat pads its pitch, and any
   filter buffer or NPP scratch held past the call is inside this
   delta. binCV's side is cudaMalloc with nothing in between.
   Both sides of THAT pair are binCV, so the label 'OpenCV' on
   the first line reads 'binCV byte arm' here. Same meter, same
   replica count, and it is the representation's own ratio.
MEM,denoise3_vs_bytebar,752x480,25165824,216006656,2097152,256,256

=====================================================================
 4. PYRAMID -- binCV cuda::buildPyramidBox vs 3x cv::cuda::resize
    (INTER_AREA, 0.5) and 3x cv::cuda::pyrDown (cudawarping)
=====================================================================
 ROLE: 'build a three-rung half-resolution ladder on device'.
 cv::cuda::resize at INTER_AREA and scale 0.5 is the SAME FILTER as
 binCV's box -- a 2x2 average -- so that is the like-for-like arm.
 cv::cuda::pyrDown is a Gaussian 5x5 and is a DIFFERENT operation;
 it is carried because it is what a caller reaches for, and it is
 labelled as a different filter rather than quoted as the bar.
 binCV's ladder is N-BIT per rung (1,3,4,5) -- OpenCV has no N-bit
 image type, so the output arrays are not the same thing and this
 is a role comparison.
 ODD WIDTHS ARE NOT COMPARABLE: at width 753, resize's dsize is 376
 where pyrDownWidth(753) is 377. 752 is even at every rung, which is
 why the ladder is taken there.

 3-rung ladder, SAME FILTER (2x2 box / INTER_AREA 0.5)  [752x480]
 3x cv::cuda::resize INTER_AREA -> CV_8U          0.019 ms  spread  164%  [kernel]  (launch floor 32% of it)
 bincv::cuda buildPyramidBox -> N-bit             0.018 ms  spread  141%  [kernel]  (launch floor 33% of it)
   ratio binCV/OpenCV, interleaved rounds: median 0.988x <- QUOTE THIS  (binCV  1.01x FASTER)
                                           geomean 0.926x   per-round range 0.371-1.441x (15 rounds)
   sign test over those paired rounds: 7 favour A, 8 favour B, 0 tied -- two-sided p = 1
   separation (a FACT, not the verdict): the two arms' sample ranges OVERLAP
   verdict: NULL RESULT, which is a result
            NULL on the magnitude: the two arms are 1.01x apart on the MEDIAN per-round ratio,
            short of the 3.88x it has to beat (the larger of: per-round swing 3.88x,
            run-to-run scatter NOT MEASURED on this host). Decided by measure_util.hpp's
            difference-against-spread rule, in FACTORS because a percentage of it
            depends on which arm is the denominator; range separation is not what
            decided it.
ROW,pyramid_vs_resize,752x480,0.017408,0.018717,0.048026,0.015974,0.018125,0.041459,0.371002,0.988235,1.440836,0,15,0.926479,7,8,0,1.011905,3.883634,1
   host-enqueue probe (no sync, wall clock per call):
     3x cv::cuda::resize                          0.0127 ms enqueue vs  0.0187 ms event  -> MIXED: host dispatch is a large share of the bracket
     bincv::cuda buildPyramidBox                  0.0147 ms enqueue vs  0.0181 ms event  -> DISPATCH-BOUND: the event bracket is timing the API call
ENQ,pyramid_vs_resize,752x480,0.012695,0.018717,0.014741,0.018125

 3-rung ladder, DIFFERENT FILTER (Gaussian 5x5) -- reference only  [752x480]
 3x cv::cuda::pyrDown -> CV_8U                    0.020 ms  spread  121%  [kernel]  (launch floor 30% of it)
 bincv::cuda buildPyramidBox -> N-bit             0.018 ms  spread  193%  [kernel]  (launch floor 33% of it)
   ratio binCV/OpenCV, interleaved rounds: median 0.897x <- QUOTE THIS  (binCV  1.11x FASTER)
                                           geomean 0.931x   per-round range 0.795-1.215x (15 rounds)
   sign test over those paired rounds: 3 favour A, 12 favour B, 0 tied -- two-sided p = 0.0352
   separation (a FACT, not the verdict): the two arms' sample ranges OVERLAP
   verdict: NULL RESULT, which is a result
            NULL on the magnitude: the two arms are 1.11x apart on the MEDIAN per-round ratio,
            short of the 1.53x it has to beat (the larger of: per-round swing 1.53x,
            run-to-run scatter NOT MEASURED on this host). Decided by measure_util.hpp's
            difference-against-spread rule, in FACTORS because a percentage of it
            depends on which arm is the denominator; range separation is not what
            decided it.
ROW,pyramid_vs_pyrdown,752x480,0.018227,0.020173,0.042678,0.016682,0.018227,0.051834,0.794535,0.897440,1.214516,0,15,0.931373,3,12,0,1.114281,1.528587,0.03516

 4-level ladder, all rungs resident  [752x480]  -- METER 2 on BOTH sides (cudaMemGetInfo delta),
 each side over enough independent working sets that the meter's
 2.00 MB unit resolves, then divided by its own count.
   [meter 2] cv::cuda      172.00 MB over  256 sets =     688.0 KB/frame  (86 units)
   [meter 2] binCV          24.00 MB over  256 sets =      96.0 KB/frame  (12 units)
   [meter 2] ROUNDING: one 2.00 MB unit is 8.0 KB/frame at 256 sets (8.33% of binCV's
             figure) and 8.0 KB/frame at 256 sets (1.16% of OpenCV's).
   ratio OpenCV/binCV = 7.167x  -- binCV is SMALLER by 7.167x.
   The OpenCV side is an UPPER BOUND: GpuMat pads its pitch, and any
   filter buffer or NPP scratch held past the call is inside this
   delta. binCV's side is cudaMalloc with nothing in between.
MEM,pyramid,752x480,25165824,180355072,2097152,256,256

=====================================================================
 5. EDGE THRESHOLD -- binCV cuda::edgeThreshold vs the composed
    cv::cuda spelling (createDerivFilter x2 + abs + add + threshold)
=====================================================================
 ROLE: 'central-difference gradient magnitude, thresholded, on
 device'. There is no single cv::cuda call for it, so the bar is the
 composed spelling a caller would actually write. createDerivFilter
 at ksize=1 with normalize=false gives getDerivKernels' exact
 [-1,0,1] -- the same computation -- and defaults to
 BORDER_REFLECT_101, which is binCV's border here.
 createLinearFilter cannot be used: it asserts dst depth == src
 depth, and a signed derivative of CV_8U needs CV_16S.
 The chain is separable, so it is SEVERAL launches against binCV's
 one, and the launch count is derived from the API's structure --
 no profiler runs on this host to count them directly.

 edge map, |dx| max |dy| >= 17  [752x480]
 composed cv::cuda chain -> CV_16S                0.060 ms  spread  315%  [kernel]  (launch floor 10% of it)
 bincv::cuda edgeThreshold -> bits                0.008 ms  spread  630%  [kernel]  AT THE LAUNCH FLOOR
   ratio binCV/OpenCV, interleaved rounds: median 0.133x <- QUOTE THIS  (binCV  7.53x FASTER)
                                           geomean 0.154x   per-round range 0.113-0.767x (15 rounds)
   sign test over those paired rounds: 0 favour A, 15 favour B, 0 tied -- two-sided p = 6.1e-05
   separation (a FACT, not the verdict): the two arms' sample ranges OVERLAP
   verdict: DIRECTION ESTABLISHED, and A RESULT
            ARM B is faster in 15 of 15 paired rounds -- NO ROUND CROSSED 1.00x, so the
            direction is established by the rounds themselves (two-sided sign-test
            p = 6.1e-05). Magnitude 1.30x to 8.85x, median 7.53x: the spread bounds
            HOW MUCH it wins by, not WHETHER it does (owner's ruling, 2026-09-19).
            A RESULT: the two arms are 7.53x apart on the MEDIAN per-round ratio,
            clearing the 6.79x it has to beat (the larger of: per-round swing 6.79x,
            run-to-run scatter NOT MEASURED on this host). Decided by measure_util.hpp's
            difference-against-spread rule, in FACTORS because a percentage of it
            depends on which arm is the denominator; range separation is not what
            decided it.
            That clears the WITHIN-RUN half of the rule only -- nobody has measured
            this host's run-to-run scatter, and the rule wants the larger of the two.
ROW,edge,752x480,0.055398,0.060109,0.244816,0.007014,0.008448,0.060262,0.112934,0.132794,0.767275,0,15,0.154370,0,15,0,7.530439,6.794026,6.104e-05
   host-enqueue probe (no sync, wall clock per call):
     composed cv::cuda chain                      0.0380 ms enqueue vs  0.0601 ms event  -> MIXED: host dispatch is a large share of the bracket
     bincv::cuda edgeThreshold                    0.0050 ms enqueue vs  0.0084 ms event  -> MIXED: host dispatch is a large share of the bracket
ENQ,edge,752x480,0.038012,0.060109,0.004977,0.008448

 edge map, |dx| max |dy| >= 17  [1920x1080]
 composed cv::cuda chain -> CV_16S                0.180 ms  spread   50%  [kernel]  (launch floor 3% of it)
 bincv::cuda edgeThreshold -> bits                0.016 ms  spread   21%  [kernel]  (launch floor 37% of it)
   ratio binCV/OpenCV, interleaved rounds: median 0.090x <- QUOTE THIS  (binCV 11.13x FASTER)
                                           geomean 0.086x   per-round range 0.061-0.108x (15 rounds)
   sign test over those paired rounds: 0 favour A, 15 favour B, 0 tied -- two-sided p = 6.1e-05
   separation (a FACT, not the verdict): the two arms' sample ranges are DISJOINT
   verdict: DIRECTION ESTABLISHED, and A RESULT
            ARM B is faster in 15 of 15 paired rounds -- NO ROUND CROSSED 1.00x, so the
            direction is established by the rounds themselves (two-sided sign-test
            p = 6.1e-05). Magnitude 9.24x to 16.31x, median 11.13x: the spread bounds
            HOW MUCH it wins by, not WHETHER it does (owner's ruling, 2026-09-19).
            A RESULT: the two arms are 11.13x apart on the MEDIAN per-round ratio,
            clearing the 1.77x it has to beat (the larger of: per-round swing 1.77x,
            run-to-run scatter NOT MEASURED on this host). Decided by measure_util.hpp's
            difference-against-spread rule, in FACTORS because a percentage of it
            depends on which arm is the denominator; range separation is not what
            decided it.
            That clears the WITHIN-RUN half of the rule only -- nobody has measured
            this host's run-to-run scatter, and the rule wants the larger of the two.
ROW,edge,1920x1080,0.178381,0.179712,0.268061,0.015974,0.016333,0.019405,0.061311,0.089846,0.108224,1,15,0.086251,0,15,0,11.130158,1.765149,6.104e-05
   host-enqueue probe (no sync, wall clock per call):
     composed cv::cuda chain                      0.0434 ms enqueue vs  0.1797 ms event  -> kernel-bound: the host feeds the device faster than it drains
     bincv::cuda edgeThreshold                    0.0052 ms enqueue vs  0.0163 ms event  -> kernel-bound: the host feeds the device faster than it drains
ENQ,edge,1920x1080,0.043411,0.179712,0.005177,0.016333

 edge working set (every intermediate the chain needs)  [752x480]  -- METER 2 on BOTH sides (cudaMemGetInfo delta),
 each side over enough independent working sets that the meter's
 2.00 MB unit resolves, then divided by its own count.
   [meter 2] cv::cuda      640.00 MB over   64 sets =   10240.0 KB/frame  (320 units)
   [meter 2] binCV         104.00 MB over  256 sets =     416.0 KB/frame  (52 units)
   [meter 2] ROUNDING: one 2.00 MB unit is 8.0 KB/frame at 256 sets (1.92% of binCV's
             figure) and 32.0 KB/frame at 64 sets (0.31% of OpenCV's).
   ratio OpenCV/binCV = 24.615x  -- binCV is SMALLER by 24.615x.
   The OpenCV side is an UPPER BOUND: GpuMat pads its pitch, and any
   filter buffer or NPP scratch held past the call is inside this
   delta. binCV's side is cudaMalloc with nothing in between.
MEM,edge,752x480,109051904,671088640,2097152,256,64

=====================================================================
 6. NO BAR EXISTS -- verdict OUTSTANDING (owner ruling R2)
=====================================================================
 These ops have NO cv::cuda counterpart at any API level. Under R2
 they ship on correctness + memory + the host comparison, with the
 GPU speed verdict recorded explicitly as OUTSTANDING against the
 resident pipeline that will later price them. No substitute bar is
 invented here and no CPU number is quoted as a GPU bar.

   cuda::binarize     N-plane bit-sliced source -> bits. OpenCV has
                      no N-bit image type on host or device, so there
                      is nothing to compare the input side against.
                      SPEED VERDICT: OUTSTANDING.
   cuda::shift        integer translation of a packed bit plane. The
                      byte side's actual alternative is a pitched DMA
                      (cudaMemcpy2D), not a kernel -- timed below as
                      a reference, not as a bar, because binCV's one
                      funnel-shift instruction is being compared
                      against ZERO instructions on a copy engine.
                      SPEED VERDICT: OUTSTANDING.
   cuda::pyrDownBox   the N-bit rung itself (the LADDER has a role
                      bar above; the per-rung N-bit requantize does
                      not). SPEED VERDICT: OUTSTANDING.

 shift, REFERENCE ONLY (not a bar -- a DMA against a kernel):
 cudaMemcpy2DAsync ROI, bytes (copy engine)       0.010 ms  spread  501%  [kernel]  AT THE LAUNCH FLOOR
 bincv::cuda::shift dx=8, bits (one kernel)       0.010 ms  spread  167%  [kernel]  AT THE LAUNCH FLOOR
   ratio binCV/DMA: 1.000x   range 0.275-1.805x   OVERLAP
ROW,shift_vs_dma,752x480,0.007066,0.010138,0.057851,0.007371,0.010138,0.024320,0.275244,1.000000,1.805252,0,15,0.902069,7,7,1,1.000000,6.558732,1

=====================================================================
 7. DENSE DISPARITY -- binCV binary path vs cv::cuda::StereoBM
=====================================================================
 ROLE: 'a dense disparity map from a rectified pair, resident on
 device'. StereoBM matches SAD over prefiltered bytes; binCV matches
 Hamming over packed binary. Different maps -- correctness is settled
 against the host library by the test suite, not here.
 RE-TAKEN HERE because this backend's shipped report quotes this
 comparison from a DEFAULT-STREAM measurement, and StereoBM calls
 cudaDeviceSynchronize() on the null stream in each of its three
 kernels (cudastereo/src/cuda/stereobm.cu). Both sides now run on
 one explicit stream, where neither synchronizes.

 dense disparity, 64 disparities, 9x9 support  [752x480]
 cv::cuda::StereoBM(64, 9)                        0.803 ms  spread   65%  [kernel]  (launch floor 1% of it)
 bincv::cuda denseDisparityBinary                 0.064 ms  spread   33%  [kernel]  (launch floor 9% of it)
   ratio binCV/OpenCV, interleaved rounds: median 0.087x <- QUOTE THIS  (binCV 11.55x FASTER)
                                           geomean 0.083x   per-round range 0.056-0.105x (15 rounds)
   sign test over those paired rounds: 0 favour A, 15 favour B, 0 tied -- two-sided p = 6.1e-05
   separation (a FACT, not the verdict): the two arms' sample ranges are DISJOINT
   verdict: DIRECTION ESTABLISHED, and A RESULT
            ARM B is faster in 15 of 15 paired rounds -- NO ROUND CROSSED 1.00x, so the
            direction is established by the rounds themselves (two-sided sign-test
            p = 6.1e-05). Magnitude 9.50x to 17.72x, median 11.55x: the spread bounds
            HOW MUCH it wins by, not WHETHER it does (owner's ruling, 2026-09-19).
            A RESULT: the two arms are 11.55x apart on the MEDIAN per-round ratio,
            clearing the 1.87x it has to beat (the larger of: per-round swing 1.87x,
            run-to-run scatter NOT MEASURED on this host). Decided by measure_util.hpp's
            difference-against-spread rule, in FACTORS because a percentage of it
            depends on which arm is the denominator; range separation is not what
            decided it.
            That clears the WITHIN-RUN half of the rule only -- nobody has measured
            this host's run-to-run scatter, and the rule wants the larger of the two.
ROW,stereo_binary,752x480,0.681882,0.802918,1.202688,0.063277,0.063978,0.084557,0.056428,0.086599,0.105312,1,15,0.082607,0,15,0,11.547504,1.866296,6.104e-05
   host-enqueue probe (no sync, wall clock per call):
     cv::cuda::StereoBM                           0.6723 ms enqueue vs  0.8029 ms event  -> DISPATCH-BOUND: the event bracket is timing the API call
     bincv denseDisparityBinary                   0.0117 ms enqueue vs  0.0640 ms event  -> kernel-bound: the host feeds the device faster than it drains
ENQ,stereo_binary,752x480,0.672330,0.802918,0.011725,0.063978
   single-call GPU time (device drained either side -- separates the
   kernel from the API for a dispatch-bound arm):
     cv::cuda::StereoBM                           0.6226 ms solo vs  0.8029 ms batched
     bincv denseDisparityBinary                   0.0645 ms solo vs  0.0640 ms batched
SOLO,stereo_binary,752x480,0.622592,0.802918,0.064512,0.063978

   THE SAME cv::cuda::StereoBM ON THE DEFAULT STREAM: 0.7299 ms
   against 0.8029 ms on an explicit stream -- a 0.91x difference that
   is the API's three null-stream cudaDeviceSynchronize calls, not
   the kernel. The explicit-stream number is the bar, because the
   bar is the BEST existing option and a pipeline uses streams.
SYNC,stereobm_default_stream,752x480,0.729907,0.802918

---------------------------------------------------------------
 7b. MEMORY -- THE THREE WORKING SETS, ONE REGION, ONE METER,
     ONE REPLICA COUNT, THIS PROCESS
---------------------------------------------------------------
 Meter 2 (cudaMemGetInfo delta) on all three, 256 replicas each,
 every set held until its delta is read. Region: 752x480, 64
 disparities, 9x9 support -- the same region section 7 timed.

   one meter unit = 2.00 MB = 8.0 KB/frame at 256 replicas
   binCV BINARY entry                       112.00 MB / 256 =    448.0 KB/frame  (  56 units, rounding 1.79%)  2 bit planes + map
     CONVERGENCE, on the smallest of the three: the same set reads 448.0 KB/frame
     at 64 replicas against 448.0 KB/frame at 256 -- 1.0000x. It has stopped moving, so the count is high enough.
   binCV CENSUS entry                      1126.00 MB / 256 =   4504.0 KB/frame  ( 563 units, rounding 0.18%)  2 wide + 2 descriptors + map
   cv::cuda::StereoBM(64,9) synthetic       768.00 MB / 256 =   3072.0 KB/frame  ( 384 units, rounding 0.26%)  UPPER reading
   [meter 1, binCV context only, never a cross-library numerator] binary
   entry allocation sum = 442.5 KB. Meter 1 and meter 2 do not divide.
   CONTENT DEPENDENCE: NOT CHECKED -- no real sequence blob was pointed at
   BINCV_CUDA_ROLE_FRAMES, so only the synthetic reading exists and it is
   quoted as such.
   BINARY entry vs StereoBM: 6.857x -- binCV SMALLER by 6.857x (448.0 KB against 3072.0 KB).
   CENSUS entry vs StereoBM: 0.682x -- StereoBM SMALLER by 1.466x (4504.0 KB against 3072.0 KB).
   Both ratios are LOWER BOUNDS on binCV's side and UPPER readings on
   StereoBM's, for the reason stated above: GpuMat may pool and pads its
   pitch; binCV has nothing between the op and cudaMalloc.
MEM,stereo_binary_vs_stereobm,752x480,117440512,805306368,2097152,256,256
MEM,stereo_census_vs_stereobm,752x480,1180696576,805306368,2097152,256,256
MEM3,stereo_one_region,752x480,117440512,1180696576,805306368,0,2097152,256

=====================================================================
 8. THE DEFAULT-STREAM SURCHARGE -- why every row above runs on an
    EXPLICIT stream, measured rather than asserted
=====================================================================
 OpenCV's CUDA modules call cudaDeviceSynchronize() after a launch
 WHEN AND ONLY WHEN the stream is the null stream. It is not one
 function: the guard

     if (stream == 0) cudaSafeCall( cudaDeviceSynchronize() );

 appears in cudev's grid transform (which backs cudaarithm's
 threshold, abs and max), in cudafilters' morphology, linear and
 median filters, in cudawarping's resize and pyrDown, and three
 times in cudastereo's StereoBM.

 CONSEQUENCE FOR A BENCHMARK. On the default stream an OpenCV arm
 cannot pipeline across a batch of enqueues while binCV's arm can,
 so an event bracket over N calls measures N serialized round trips
 on one side and N pipelined launches on the other. That is not a
 kernel-to-kernel comparison, and the difference is not small.

 WHICH NUMBER IS THE BAR. The explicit-stream one. CLAUDE.md says the
 bar is the BEST existing option, not the worst; a resident pipeline
 uses streams, and OpenCV supports them on every call measured here.
 Quoting the default-stream number would be measuring against a
 fallback nobody would use. The default-stream figure is reported
 beside it as what a naive caller pays, and labelled as that.

 call                                              default   explicit    ratio
 cv::cuda::threshold (cudaarithm / cudev)         0.0385 ms   0.0062 ms    6.22x  (ranges DISJOINT)
STREAMCOST,cv::cuda::threshold (cudaarithm / cudev),0.037285,0.038490,0.078950,0.005427,0.006190,0.007874,1
 cv::cuda erode 3x3 (cudafilters)                 0.1146 ms   0.0814 ms    1.41x  (ranges OVERLAP)
STREAMCOST,cv::cuda erode 3x3 (cudafilters),0.106336,0.114634,0.144989,0.078966,0.081355,0.248307,0
 cv::cuda::resize INTER_AREA 0.5 (cudawarping)    0.0418 ms   0.0064 ms    6.54x  (ranges DISJOINT)
STREAMCOST,cv::cuda::resize INTER_AREA 0.5 (cudawarping),0.038093,0.041830,0.076237,0.005571,0.006398,0.007842,1
 cv::cuda::pyrDown (cudawarping)                  0.0403 ms   0.0077 ms    5.25x  (ranges DISJOINT)
STREAMCOST,cv::cuda::pyrDown (cudawarping),0.039270,0.040302,0.076237,0.006912,0.007678,0.008294,1
 cv::cuda median 3x3 (cudafilters) -- a 6 ms kernel   5.7222 ms   5.6605 ms    1.01x  (ranges OVERLAP)
STREAMCOST,cv::cuda median 3x3 (cudafilters) -- a 6 ms kernel,5.694144,5.722215,5.828762,5.618989,5.660518,5.702554,0
 CONTROL: binCV cuda::threshold (no such guard anywhere)   0.0069 ms   0.0125 ms    0.55x  (ranges OVERLAP)
STREAMCOST,CONTROL: binCV cuda::threshold (no such guard anywhere),0.005325,0.006861,0.018283,0.005171,0.012493,0.024269,0
 CONTROL: binCV cuda::erode 3x3 (no such guard anywhere)   0.0085 ms   0.0117 ms    0.73x  (ranges OVERLAP)
STREAMCOST,CONTROL: binCV cuda::erode 3x3 (no such guard anywhere),0.007578,0.008536,0.010691,0.008806,0.011725,0.012800,0

 HOW TO READ THIS TABLE, and the last row is what makes it
 readable. binCV has NO null-stream guard anywhere, so its row is
 the control: whatever ratio IT shows is the legacy default stream's
 own per-launch tax, which every arm on that stream pays -- the
 legacy stream implicitly synchronizes with every other blocking
 stream in the process, and one exists here. Only the EXCESS over
 the control is attributable to OpenCV's cudaDeviceSynchronize.

 AND THE SIZE OF THE EFFECT DEPENDS ON THE KERNEL, which is the
 conclusion that actually matters for this report: a synchronize
 costs roughly one launch latency, so it is most of the measurement
 for an op sitting near the launch floor and almost none of it for
 an op that runs for a millisecond. Expect threshold, resize and
 median to move a lot and StereoBM to barely move at all -- and
 check that against the rows above rather than taking it on trust.

=====================================================================
 ROUND 2 -- the pipeline role bars. INPUT, stated once for all of
 them: binCV's own sensor stage output at 752x480 -- medianWide<3>
 then edgeThreshold(17) -- 82.67% of pixels set. OpenCV reads the
 identical bits as a CV_8U {0,255} picture.
 FRAME SOURCE: synthetic smoothed noise (NOT representative content)
=====================================================================
FRAMESRC,synthetic smoothed noise (NOT representative content),82.6695

=====================================================================
 9. FAST -- binCV cuda::detectFastAsync vs cv::cuda::FastFeatureDetector
=====================================================================
 THE AUTHOR'S OWN RULE, not restated more kindly: required >= 1.00x
 kernel-resident, both sides one explicit stream, with the corner-set
 agreement gate passing first. The '>= 2.00x target' the design
 carried was deleted by its own author as underived; what ratio ships
 the claim UNQUALIFIED remains an open owner question, and nothing
 here fills it in.
 The capped arm is carried beside the shipped one because the family
 located its shortfall in the single-block raster sort rather than in
 the ring algebra, and a serial pass has to be able to check that.

 CORNER-SET AGREEMENT GATE (runs before any timing): binCV 32768 (found 34143, capacity 32768, *** TRUNCATED ***), OpenCV 32768 keypoints -- *** SETS DIFFER -- ratios below are NOT like-for-like ***
GATE,fast_corner_sets,752x480,32768,32768,0

 FAST corners, binary frame vs CV_8U picture  [752x480]
 cv::cuda::FastFeatureDetector (nms off)          0.120 ms  spread   63%  [kernel]  (launch floor 5% of it)
 bincv::cuda::detectFastAsync                     0.021 ms  spread   26%  [kernel]  (launch floor 29% of it)
   ratio binCV/OpenCV, interleaved rounds: median 0.171x <- QUOTE THIS  (binCV  5.85x FASTER)
                                           geomean 0.163x   per-round range 0.109-0.198x (15 rounds)
   sign test over those paired rounds: 0 favour A, 15 favour B, 0 tied -- two-sided p = 6.1e-05
   separation (a FACT, not the verdict): the two arms' sample ranges are DISJOINT
   verdict: DIRECTION ESTABLISHED, and A RESULT
            ARM B is faster in 15 of 15 paired rounds -- NO ROUND CROSSED 1.00x, so the
            direction is established by the rounds themselves (two-sided sign-test
            p = 6.1e-05). Magnitude 5.05x to 9.17x, median 5.85x: the spread bounds
            HOW MUCH it wins by, not WHETHER it does (owner's ruling, 2026-09-19).
            A RESULT: the two arms are 5.85x apart on the MEDIAN per-round ratio,
            clearing the 1.82x it has to beat (the larger of: per-round swing 1.82x,
            run-to-run scatter NOT MEASURED on this host). Decided by measure_util.hpp's
            difference-against-spread rule, in FACTORS because a percentage of it
            depends on which arm is the denominator; range separation is not what
            decided it.
            That clears the WITHIN-RUN half of the rule only -- nobody has measured
            this host's run-to-run scatter, and the rule wants the larger of the two.
   RULE: required <= 1.000x (binCV at or faster than parity) -> MET
ROW,fast,752x480,0.116016,0.120230,0.191382,0.018330,0.020787,0.023654,0.108999,0.170899,0.198166,1,15,0.162767,0,15,0,5.851412,1.818062,6.104e-05
   host-enqueue probe (no sync, wall clock per call):
     cv::cuda::FastFeatureDetector                0.1245 ms enqueue vs  0.1202 ms event  -> DISPATCH-BOUND: the event bracket is timing the API call
     bincv::cuda::detectFastAsync                 0.0124 ms enqueue vs  0.0208 ms event  -> MIXED: host dispatch is a large share of the bracket
ENQ,fast,752x480,0.124544,0.120230,0.012351,0.020787

 FAST, binCV CAPPED at 512 stored -- the DETECTOR without most of
 the sort. An UPPER BOUND on detection alone, so the conclusion is
 safe in the direction it is used  [752x480]
 cv::cuda::FastFeatureDetector (nms off)          0.125 ms  spread   78%  [kernel]  (launch floor 5% of it)
 bincv::cuda::detectFastAsync, capacity 512       0.018 ms  spread  399%  [kernel]  (launch floor 34% of it)
   ratio binCV/OpenCV, interleaved rounds: median 0.151x <- QUOTE THIS  (binCV  6.64x FASTER)
                                           geomean 0.163x   per-round range 0.103-0.417x (15 rounds)
   sign test over those paired rounds: 0 favour A, 15 favour B, 0 tied -- two-sided p = 6.1e-05
   separation (a FACT, not the verdict): the two arms' sample ranges are DISJOINT
   verdict: DIRECTION ESTABLISHED, and A RESULT
            ARM B is faster in 15 of 15 paired rounds -- NO ROUND CROSSED 1.00x, so the
            direction is established by the rounds themselves (two-sided sign-test
            p = 6.1e-05). Magnitude 2.40x to 9.69x, median 6.64x: the spread bounds
            HOW MUCH it wins by, not WHETHER it does (owner's ruling, 2026-09-19).
            A RESULT: the two arms are 6.64x apart on the MEDIAN per-round ratio,
            clearing the 4.04x it has to beat (the larger of: per-round swing 4.04x,
            run-to-run scatter NOT MEASURED on this host). Decided by measure_util.hpp's
            difference-against-spread rule, in FACTORS because a percentage of it
            depends on which arm is the denominator; range separation is not what
            decided it.
            That clears the WITHIN-RUN half of the rule only -- nobody has measured
            this host's run-to-run scatter, and the rule wants the larger of the two.
ROW,fast_capped512,752x480,0.113792,0.125133,0.210976,0.015974,0.018022,0.087962,0.103215,0.150709,0.416927,1,15,0.162980,0,15,0,6.635294,4.039388,6.104e-05

 FAST working set, capacity 32768 (record 12 B, scratch 380 B)  [752x480]  -- METER 2 on BOTH sides (cudaMemGetInfo delta),
 each side over enough independent working sets that the meter's
 2.00 MB unit resolves, then divided by its own count.
   [meter 2] cv::cuda      192.00 MB over  256 sets =     768.0 KB/frame  (96 units)
   [meter 2] binCV         108.00 MB over  256 sets =     432.0 KB/frame  (54 units)
   [meter 2] ROUNDING: one 2.00 MB unit is 8.0 KB/frame at 256 sets (1.85% of binCV's
             figure) and 8.0 KB/frame at 256 sets (1.04% of OpenCV's).
   ratio OpenCV/binCV = 1.778x  -- binCV is SMALLER by 1.778x.
   The OpenCV side is an UPPER BOUND: GpuMat pads its pitch, and any
   filter buffer or NPP scratch held past the call is inside this
   delta. binCV's side is cudaMalloc with nothing in between.
MEM,fast,752x480,113246208,201326592,2097152,256,256

=====================================================================
 10. goodFeaturesToTrack -- binCV device-resident selection vs
     cv::cuda::createGoodFeaturesToTrackDetector (cudaimgproc)
=====================================================================
 WALL CLOCK ON BOTH SIDES, and the reason is on OpenCV's side: at
 minDistance >= 1 its detect() DOWNLOADS the sorted candidate list,
 runs the spacing filter on the HOST and uploads the survivors
 (cudaimgproc/src/gftt.cpp). A CUDA-event clock would exclude that
 pass and flatter OpenCV. binCV's selection never leaves the device.
 THE SPEED BAR FOR THIS OP WAS NOT WRITABLE -- its author escalated
 it rather than deriving a number from a host CPU ratio, and this
 binary does not invent one either. The ratio is reported; the
 verdict is the owner's.

 goodFeaturesToTrack -- WALL CLOCK both sides, OpenCV's host
 round trip INSIDE its arm because a caller pays it  [752x480 WALL]
 cv::cuda gftt (downloads, spaces on host, uploads)     3.372 ms  spread  155%  [kernel]  (launch floor 0% of it)
 bincv::cuda::goodFeaturesToTrackAsync (never leaves device)     0.473 ms  spread   38%  [kernel]  (launch floor 1% of it)
   ratio binCV/OpenCV, interleaved rounds: median 0.139x <- QUOTE THIS  (binCV  7.17x FASTER)
                                           geomean 0.125x   per-round range 0.057-0.160x (15 rounds)
   sign test over those paired rounds: 0 favour A, 15 favour B, 0 tied -- two-sided p = 6.1e-05
   separation (a FACT, not the verdict): the two arms' sample ranges are DISJOINT
   verdict: DIRECTION ESTABLISHED, and A RESULT
            ARM B is faster in 15 of 15 paired rounds -- NO ROUND CROSSED 1.00x, so the
            direction is established by the rounds themselves (two-sided sign-test
            p = 6.1e-05). Magnitude 6.26x to 17.55x, median 7.17x: the spread bounds
            HOW MUCH it wins by, not WHETHER it does (owner's ruling, 2026-09-19).
            A RESULT: the two arms are 7.17x apart on the MEDIAN per-round ratio,
            clearing the 2.80x it has to beat (the larger of: per-round swing 2.80x,
            run-to-run scatter NOT MEASURED on this host). Decided by measure_util.hpp's
            difference-against-spread rule, in FACTORS because a percentage of it
            depends on which arm is the denominator; range separation is not what
            decided it.
            That clears the WITHIN-RUN half of the rule only -- nobody has measured
            this host's run-to-run scatter, and the rule wants the larger of the two.
ROW,gftt_wall,752x480,3.191405,3.371861,8.426411,0.359211,0.472727,0.538803,0.056994,0.139373,0.159629,1,15,0.125046,0,15,0,7.174986,2.800816,6.104e-05
   corners: binCV 200 (ranked 32768, truncated 1, pool overflow 0) vs OpenCV 200.
   NOT A GATE and not an equality: the two run different spacing
   rules over different responses. It is here so the ratio above is
   read against a known workload.
GATE,gftt_counts,752x480,200,200,0

 goodFeaturesToTrack working set (FUSED arm: no frame-sized
 float map exists at all on binCV's side)  [752x480]  -- METER 2 on BOTH sides (cudaMemGetInfo delta),
 each side over enough independent working sets that the meter's
 2.00 MB unit resolves, then divided by its own count.
   [meter 2] cv::cuda      160.00 MB over   16 sets =   10240.0 KB/frame  (80 units)
   [meter 2] binCV          30.00 MB over   16 sets =    1920.0 KB/frame  (15 units)
   [meter 2] ROUNDING: one 2.00 MB unit is 128.0 KB/frame at 16 sets (6.67% of binCV's
             figure) and 128.0 KB/frame at 16 sets (1.25% of OpenCV's).
   ratio OpenCV/binCV = 5.333x  -- binCV is SMALLER by 5.333x.
   The OpenCV side is an UPPER BOUND: GpuMat pads its pitch, and any
   filter buffer or NPP scratch held past the call is inside this
   delta. binCV's side is cudaMalloc with nothing in between.
MEM,gftt,752x480,31457280,167772160,2097152,16,16

=====================================================================
 11. CORNER RESPONSE -- binCV cuda::cornerMinEigenValAsync vs
     cv::cuda::createMinEigenValCorner AND createHarrisCorner
=====================================================================
 TWO DENOMINATORS, AND THEY ARE NOT INTERCHANGEABLE. binCV's op
 computes the MINIMUM EIGENVALUE of the gradient covariance, so
 createMinEigenValCorner is the like-for-like counterpart and is the
 bar. createHarrisCorner computes a DIFFERENT response (det - k*tr^2)
 over the same covariance and is timed beside it as context -- the
 task named it, and the honest thing is to run it and say plainly
 that it answers a different question, not to quietly substitute it
 for the one that matches.
 BOTH OpenCV arms read the CV_8U picture and internally run a Sobel;
 binCV reads four TERNARY BIT PLANES that already exist in the
 pipeline. That is a role comparison, not an equality, and the
 asymmetry is stated rather than folded into the ratio.

 min-eigenvalue response map, blockSize 3 -- THE BAR  [752x480]
 cv::cuda::createMinEigenValCorner                0.052 ms  spread   96%  [kernel]  (launch floor 12% of it)
 bincv::cuda::cornerMinEigenValAsync              0.020 ms  spread   86%  [kernel]  (launch floor 30% of it)
   ratio binCV/OpenCV, interleaved rounds: median 0.385x <- QUOTE THIS  (binCV  2.60x FASTER)
                                           geomean 0.381x   per-round range 0.224-0.542x (15 rounds)
   sign test over those paired rounds: 0 favour A, 15 favour B, 0 tied -- two-sided p = 6.1e-05
   separation (a FACT, not the verdict): the two arms' sample ranges are DISJOINT
   verdict: DIRECTION ESTABLISHED, and A RESULT
            ARM B is faster in 15 of 15 paired rounds -- NO ROUND CROSSED 1.00x, so the
            direction is established by the rounds themselves (two-sided sign-test
            p = 6.1e-05). Magnitude 1.84x to 4.47x, median 2.60x: the spread bounds
            HOW MUCH it wins by, not WHETHER it does (owner's ruling, 2026-09-19).
            A RESULT: the two arms are 2.60x apart on the MEDIAN per-round ratio,
            clearing the 2.42x it has to beat (the larger of: per-round swing 2.42x,
            run-to-run scatter NOT MEASURED on this host). Decided by measure_util.hpp's
            difference-against-spread rule, in FACTORS because a percentage of it
            depends on which arm is the denominator; range separation is not what
            decided it.
            That clears the WITHIN-RUN half of the rule only -- nobody has measured
            this host's run-to-run scatter, and the rule wants the larger of the two.
ROW,cornerresp_mineigen,752x480,0.051507,0.051917,0.101171,0.019808,0.020114,0.037178,0.223610,0.384995,0.542122,1,15,0.381477,0,15,0,2.597436,2.424412,6.104e-05
   host-enqueue probe (no sync, wall clock per call):
     cv::cuda minEigenVal                         0.0335 ms enqueue vs  0.0519 ms event  -> MIXED: host dispatch is a large share of the bracket
     bincv::cuda::cornerMinEigenValAsync          0.0051 ms enqueue vs  0.0201 ms event  -> kernel-bound: the host feeds the device faster than it drains
ENQ,cornerresp_mineigen,752x480,0.033528,0.051917,0.005119,0.020114

 createHarrisCorner beside it -- CONTEXT, a DIFFERENT response
 function over the same covariance, not binCV's counterpart  [752x480]
 cv::cuda::createHarrisCorner (k = 0.04)          0.051 ms  spread   74%  [kernel]  (launch floor 12% of it)
 bincv::cuda::cornerMinEigenValAsync              0.020 ms  spread   29%  [kernel]  (launch floor 30% of it)
   ratio binCV/OpenCV, interleaved rounds: median 0.391x <- QUOTE THIS  (binCV  2.56x FASTER)
                                           geomean 0.370x   per-round range 0.265-0.450x (15 rounds)
   sign test over those paired rounds: 0 favour A, 15 favour B, 0 tied -- two-sided p = 6.1e-05
   separation (a FACT, not the verdict): the two arms' sample ranges are DISJOINT
   verdict: DIRECTION ESTABLISHED, and A RESULT
            ARM B is faster in 15 of 15 paired rounds -- NO ROUND CROSSED 1.00x, so the
            direction is established by the rounds themselves (two-sided sign-test
            p = 6.1e-05). Magnitude 2.22x to 3.78x, median 2.56x: the spread bounds
            HOW MUCH it wins by, not WHETHER it does (owner's ruling, 2026-09-19).
            A RESULT: the two arms are 2.56x apart on the MEDIAN per-round ratio,
            clearing the 1.70x it has to beat (the larger of: per-round swing 1.70x,
            run-to-run scatter NOT MEASURED on this host). Decided by measure_util.hpp's
            difference-against-spread rule, in FACTORS because a percentage of it
            depends on which arm is the denominator; range separation is not what
            decided it.
            That clears the WITHIN-RUN half of the rule only -- nobody has measured
            this host's run-to-run scatter, and the rule wants the larger of the two.
ROW,cornerresp_harris_context,752x480,0.050781,0.051302,0.088885,0.019866,0.020122,0.025702,0.264628,0.391129,0.450151,1,15,0.369957,0,15,0,2.556701,1.701073,6.104e-05

 corner response working set (four bit planes + one float map
 vs one byte picture + OpenCV's Sobel intermediates + one map)  [752x480]  -- METER 2 on BOTH sides (cudaMemGetInfo delta),
 each side over enough independent working sets that the meter's
 2.00 MB unit resolves, then divided by its own count.
   [meter 2] cv::cuda      160.00 MB over   16 sets =   10240.0 KB/frame  (80 units)
   [meter 2] binCV          32.00 MB over   16 sets =    2048.0 KB/frame  (16 units)
   [meter 2] ROUNDING: one 2.00 MB unit is 128.0 KB/frame at 16 sets (6.25% of binCV's
             figure) and 128.0 KB/frame at 16 sets (1.25% of OpenCV's).
   ratio OpenCV/binCV = 5.000x  -- binCV is SMALLER by 5.000x.
   The OpenCV side is an UPPER BOUND: GpuMat pads its pitch, and any
   filter buffer or NPP scratch held past the call is inside this
   delta. binCV's side is cudaMalloc with nothing in between.
MEM,cornerresp,752x480,33554432,167772160,2097152,16,16

=====================================================================
 12. DESCRIBE -- binCV cuda::computeBriefSteered vs
     cv::cuda::ORB::computeAsync on PROVIDED keypoints
=====================================================================
 computeAsync IS accepted in OpenCV 4.5.4 on provided keypoints, so a
 stage-isolated GPU denominator exists and no differential is needed.
 SUPERSET vs SUBSET, stated at the number: computeAsync also builds
 ORB's level-0 pyramid entry and can blur. nlevels = 1 and
 blurForDescriptor = false pin that superset as small as the API
 allows; it is not zero, and the ratio is an upper bound on binCV's
 advantage for that reason.
 Both sides sample the SAME 256 pairs -- cv::ORB's learned table,
 which binCV reaches by pointer out of ops/orbPattern.hpp.

 cv::cuda::Feature2DAsync::computeAsync on provided keypoints: ACCEPTED
   1000 keypoints in, 1000x32 CV_8U descriptors out.

 256-bit steered BRIEF on provided keypoints  [752x480, N=1000]
 cv::cuda::ORB::computeAsync (nlevels 1, blur off)     0.080 ms  spread   59%  [kernel]  (launch floor 8% of it)
 bincv::cuda::computeBriefSteered                 0.010 ms  spread   52%  [kernel]  AT THE LAUNCH FLOOR
   ratio binCV/OpenCV, interleaved rounds: median 0.122x <- QUOTE THIS  (binCV  8.19x FASTER)
                                           geomean 0.116x   per-round range 0.075-0.167x (15 rounds)
   sign test over those paired rounds: 0 favour A, 15 favour B, 0 tied -- two-sided p = 6.1e-05
   separation (a FACT, not the verdict): the two arms' sample ranges are DISJOINT
   verdict: DIRECTION ESTABLISHED, and A RESULT
            ARM B is faster in 15 of 15 paired rounds -- NO ROUND CROSSED 1.00x, so the
            direction is established by the rounds themselves (two-sided sign-test
            p = 6.1e-05). Magnitude 5.98x to 13.30x, median 8.19x: the spread bounds
            HOW MUCH it wins by, not WHETHER it does (owner's ruling, 2026-09-19).
            A RESULT: the two arms are 8.19x apart on the MEDIAN per-round ratio,
            clearing the 2.23x it has to beat (the larger of: per-round swing 2.23x,
            run-to-run scatter NOT MEASURED on this host). Decided by measure_util.hpp's
            difference-against-spread rule, in FACTORS because a percentage of it
            depends on which arm is the denominator; range separation is not what
            decided it.
            That clears the WITHIN-RUN half of the rule only -- nobody has measured
            this host's run-to-run scatter, and the rule wants the larger of the two.
ROW,describe,752x480_n1000,0.072550,0.080296,0.120064,0.008363,0.009745,0.013436,0.075187,0.122082,0.167328,1,15,0.116364,0,15,0,8.191190,2.225498,6.104e-05
   host-enqueue probe (no sync, wall clock per call):
     cv::cuda::ORB::computeAsync                  0.0398 ms enqueue vs  0.0803 ms event  -> MIXED: host dispatch is a large share of the bracket
     bincv::cuda::computeBriefSteered             0.0055 ms enqueue vs  0.0097 ms event  -> MIXED: host dispatch is a large share of the bracket
ENQ,describe,752x480_n1000,0.039755,0.080296,0.005523,0.009745

 ORIENTATION: **OUTSTANDING** (ruling R2). cv::cuda::ORB runs
 IC_Angle inside its own keypoint pass and exposes no entry point
 that orients PROVIDED keypoints, so no cv::cuda denominator exists
 at any API level. No CPU number is put in its place.

 describe working set, N = 1000 -- keypoints, angles, keep
 bytes and descriptors on binCV's side; a cv::cuda::ORB
 DETECTOR's whole state on OpenCV's, which is a superset  [752x480, N=1000]  -- METER 2 on BOTH sides (cudaMemGetInfo delta),
 each side over enough independent working sets that the meter's
 2.00 MB unit resolves, then divided by its own count.
   [meter 2] cv::cuda       32.00 MB over   16 sets =    2048.0 KB/frame  (16 units)
   [meter 2] binCV          22.00 MB over  512 sets =      44.0 KB/frame  (11 units)
   [meter 2] ROUNDING: one 2.00 MB unit is 4.0 KB/frame at 512 sets (9.09% of binCV's
             figure) and 128.0 KB/frame at 16 sets (6.25% of OpenCV's).
   ratio OpenCV/binCV = 46.545x  -- binCV is SMALLER by 46.545x.
   The OpenCV side is an UPPER BOUND: GpuMat pads its pitch, and any
   filter buffer or NPP scratch held past the call is inside this
   delta. binCV's side is cudaMalloc with nothing in between.
MEM,describe,752x480_n1000,23068672,33554432,2097152,512,16

=====================================================================
 13. DESCRIPTOR MATCHING -- binCV cuda::matchDescriptors vs
     cv::cuda::DescriptorMatcher::createBFMatcher(NORM_HAMMING)
=====================================================================
 ROLE: 'nearest neighbour over binary descriptors with Lowe's ratio
 test, for a whole query set, on device'. A binCV device matcher
 EXISTS as of this round (cuda/sparseMatch.hpp), so the row this
 file used to print -- 'no binCV device counterpart' -- is retired.

 WHAT THE TIMED REGION IS, AND WHY IT FAVOURS OpenCV. binCV's arm
 is ONE launch that produces the ratio-tested result. OpenCV's arm
 is knnMatchAsync(k=2) ALONE -- the ratio test that would turn its
 two distances into the same answer is NOT in the bracket, and
 neither is knnMatchConvert. So the OpenCV arm is timed doing
 strictly LESS work than binCV's, and every ratio below is an
 UPPER BOUND on OpenCV's standing. That is deliberate: a bar the
 challenger cannot be accused of shaving is worth more than a bar
 that is exactly fair, when the challenger wins anyway.

 TWO OpenCV ARMS, because the bar is the BEST existing option.
 cv::cuda instantiates matchHamming_gpu at <unsigned char> and at
 <int>, and cv::cuda::ORB emits CV_8U. Both are run over the SAME
 descriptor bytes, reinterpreted, so the two arms differ only in
 the type the kernel was instantiated at.

 CONTENT. Pseudorandom descriptor words. Neither kernel has a
 data-dependent early-out -- both evaluate every (query, train)
 pair -- so the cost is content-independent and a real descriptor
 set would move neither arm. What content DOES decide is accuracy,
 which this row does not measure and does not claim.

 descriptor match, 256-bit, ratio 0.8 -- OpenCV arm is CV_8U  [470x470 (pipeline scale -- DOES NOT DECIDE)]
 cv::cuda BFMatcher knnMatchAsync(k=2), CV_8U     0.045 ms  spread   65%  [kernel]  (launch floor 13% of it)
 bincv::cuda::matchDescriptors (ratio test INCLUDED)     0.009 ms  spread   14%  [kernel]  AT THE LAUNCH FLOOR
   ratio binCV/OpenCV, interleaved rounds: median 0.197x <- QUOTE THIS  (binCV  5.09x FASTER)
                                           geomean 0.188x   per-round range 0.123-0.216x (15 rounds)
   sign test over those paired rounds: 0 favour A, 15 favour B, 0 tied -- two-sided p = 6.1e-05
   separation (a FACT, not the verdict): the two arms' sample ranges are DISJOINT
   verdict: DIRECTION ESTABLISHED, and A RESULT
            ARM B is faster in 15 of 15 paired rounds -- NO ROUND CROSSED 1.00x, so the
            direction is established by the rounds themselves (two-sided sign-test
            p = 6.1e-05). Magnitude 4.64x to 8.12x, median 5.09x: the spread bounds
            HOW MUCH it wins by, not WHETHER it does (owner's ruling, 2026-09-19).
            A RESULT: the two arms are 5.09x apart on the MEDIAN per-round ratio,
            clearing the 1.75x it has to beat (the larger of: per-round swing 1.75x,
            run-to-run scatter NOT MEASURED on this host). Decided by measure_util.hpp's
            difference-against-spread rule, in FACTORS because a percentage of it
            depends on which arm is the denominator; range separation is not what
            decided it.
            That clears the WITHIN-RUN half of the rule only -- nobody has measured
            this host's run-to-run scatter, and the rule wants the larger of the two.
ROW,matcher_u8,470x470 (pipeline scale -- DOES NOT DECIDE),0.045302,0.045363,0.074957,0.008602,0.009099,0.009882,0.123117,0.196610,0.215730,1,15,0.187860,0,15,0,5.086207,1.752244,6.104e-05

 the same, OpenCV arm instantiated at CV_32S  [470x470 (pipeline scale -- DOES NOT DECIDE)]
 cv::cuda BFMatcher knnMatchAsync(k=2), CV_32S     0.044 ms  spread   59%  [kernel]  (launch floor 14% of it)
 bincv::cuda::matchDescriptors (ratio test INCLUDED)     0.010 ms  spread  201%  [kernel]  AT THE LAUNCH FLOOR
   ratio binCV/OpenCV, interleaved rounds: median 0.226x <- QUOTE THIS  (binCV  4.42x FASTER)
                                           geomean 0.245x   per-round range 0.144-0.675x (15 rounds)
   sign test over those paired rounds: 0 favour A, 15 favour B, 0 tied -- two-sided p = 6.1e-05
   separation (a FACT, not the verdict): the two arms' sample ranges are DISJOINT
   verdict: DIRECTION ESTABLISHED
            ARM B is faster in 15 of 15 paired rounds -- NO ROUND CROSSED 1.00x, so the
            direction is established by the rounds themselves (two-sided sign-test
            p = 6.1e-05). Magnitude 1.48x to 6.95x, median 4.42x: the spread bounds
            HOW MUCH it wins by, not WHETHER it does (owner's ruling, 2026-09-19).
            NULL on the magnitude: the two arms are 4.42x apart on the MEDIAN per-round ratio,
            short of the 4.69x it has to beat (the larger of: per-round swing 4.69x,
            run-to-run scatter NOT MEASURED on this host). Decided by measure_util.hpp's
            difference-against-spread rule, in FACTORS because a percentage of it
            depends on which arm is the denominator; range separation is not what
            decided it.
ROW,matcher_s32,470x470 (pipeline scale -- DOES NOT DECIDE),0.044171,0.044390,0.070144,0.009267,0.010342,0.030054,0.143796,0.226428,0.674713,1,15,0.245499,0,15,0,4.416423,4.692164,6.104e-05

 descriptor match, 256-bit, ratio 0.8 -- OpenCV arm is CV_8U  [5000x5000 (map scale -- the deciding row)]
 cv::cuda BFMatcher knnMatchAsync(k=2), CV_8U     2.039 ms  spread   11%  [kernel]  (launch floor 0% of it)
 bincv::cuda::matchDescriptors (ratio test INCLUDED)     0.210 ms  spread   57%  [kernel]  (launch floor 3% of it)
   ratio binCV/OpenCV, interleaved rounds: median 0.103x <- QUOTE THIS  (binCV  9.67x FASTER)
                                           geomean 0.106x   per-round range 0.096-0.162x (15 rounds)
   sign test over those paired rounds: 0 favour A, 15 favour B, 0 tied -- two-sided p = 6.1e-05
   separation (a FACT, not the verdict): the two arms' sample ranges are DISJOINT
   verdict: DIRECTION ESTABLISHED, and A RESULT
            ARM B is faster in 15 of 15 paired rounds -- NO ROUND CROSSED 1.00x, so the
            direction is established by the rounds themselves (two-sided sign-test
            p = 6.1e-05). Magnitude 6.19x to 10.44x, median 9.67x: the spread bounds
            HOW MUCH it wins by, not WHETHER it does (owner's ruling, 2026-09-19).
            A RESULT: the two arms are 9.67x apart on the MEDIAN per-round ratio,
            clearing the 1.69x it has to beat (the larger of: per-round swing 1.69x,
            run-to-run scatter NOT MEASURED on this host). Decided by measure_util.hpp's
            difference-against-spread rule, in FACTORS because a percentage of it
            depends on which arm is the denominator; range separation is not what
            decided it.
            That clears the WITHIN-RUN half of the rule only -- nobody has measured
            this host's run-to-run scatter, and the rule wants the larger of the two.
ROW,matcher_u8,5000x5000 (map scale -- the deciding row),1.957670,2.039194,2.182918,0.209050,0.209882,0.329728,0.095766,0.103445,0.161598,1,15,0.105621,0,15,0,9.666992,1.687423,6.104e-05

 the same, OpenCV arm instantiated at CV_32S  [5000x5000 (map scale -- the deciding row)]
 cv::cuda BFMatcher knnMatchAsync(k=2), CV_32S     1.992 ms  spread   10%  [kernel]  (launch floor 0% of it)
 bincv::cuda::matchDescriptors (ratio test INCLUDED)     0.210 ms  spread   57%  [kernel]  (launch floor 3% of it)
   ratio binCV/OpenCV, interleaved rounds: median 0.106x <- QUOTE THIS  (binCV  9.40x FASTER)
                                           geomean 0.107x   per-round range 0.098-0.165x (15 rounds)
   sign test over those paired rounds: 0 favour A, 15 favour B, 0 tied -- two-sided p = 6.1e-05
   separation (a FACT, not the verdict): the two arms' sample ranges are DISJOINT
   verdict: DIRECTION ESTABLISHED, and A RESULT
            ARM B is faster in 15 of 15 paired rounds -- NO ROUND CROSSED 1.00x, so the
            direction is established by the rounds themselves (two-sided sign-test
            p = 6.1e-05). Magnitude 6.04x to 10.19x, median 9.40x: the spread bounds
            HOW MUCH it wins by, not WHETHER it does (owner's ruling, 2026-09-19).
            A RESULT: the two arms are 9.40x apart on the MEDIAN per-round ratio,
            clearing the 1.69x it has to beat (the larger of: per-round swing 1.69x,
            run-to-run scatter NOT MEASURED on this host). Decided by measure_util.hpp's
            difference-against-spread rule, in FACTORS because a percentage of it
            depends on which arm is the denominator; range separation is not what
            decided it.
            That clears the WITHIN-RUN half of the rule only -- nobody has measured
            this host's run-to-run scatter, and the rule wants the larger of the two.
ROW,matcher_s32,5000x5000 (map scale -- the deciding row),1.943917,1.992499,2.135859,0.209267,0.209715,0.329728,0.098170,0.106422,0.165485,1,15,0.107391,0,15,0,9.396542,1.685699,6.104e-05

 descriptor matching working set (query + train + result)  [5000x5000]  -- METER 2 on BOTH sides (cudaMemGetInfo delta),
 each side over enough independent working sets that the meter's
 2.00 MB unit resolves, then divided by its own count.
   [meter 2] cv::cuda      384.00 MB over   48 sets =    8192.0 KB/frame  (192 units)
   [meter 2] binCV          46.00 MB over  128 sets =     368.0 KB/frame  (23 units)
   [meter 2] ROUNDING: one 2.00 MB unit is 16.0 KB/frame at 128 sets (4.35% of binCV's
             figure) and 42.7 KB/frame at 48 sets (0.52% of OpenCV's).
   ratio OpenCV/binCV = 22.261x  -- binCV is SMALLER by 22.261x.
   The OpenCV side is an UPPER BOUND: GpuMat pads its pitch, and any
   filter buffer or NPP scratch held past the call is inside this
   delta. binCV's side is cudaMalloc with nothing in between.
MEM,matcher,5000x5000,48234496,402653184,2097152,128,48
   A 256-bit descriptor is a 32-BYTE ROW and GpuMat pitches a
   row to a 512-byte multiple. That pitch is most of this
   reading, and it is a property of the container rather than
   of the matcher -- said here so the number is not read as a
   claim about the kernel.

=====================================================================
 15. CENSUS DENSE DISPARITY -- binCV's census entry vs
     cv::cuda::StereoBM, RE-TAKEN after the matcher changed
=====================================================================
 ROLE: 'a dense disparity map from a rectified wide-input pair,
 resident on device'. Section 7 runs the BINARY path, which is
 where this library's structural claim lives. This section runs the
 CENSUS path, which is the entry a wide-input caller meets first and
 where binCV has NO structural advantage -- census EXPANDS data,
 8 bits per pixel in and 24 out, and the layout that makes it fast
 is the conventional one-word-per-pixel descriptor.

 WHY RE-TAKEN. The packed census matcher was replaced this round by
 a warp-cooperative separable box arm, and the shipped report's
 census rows predate it. Three rows are printed: the matcher alone,
 the whole entry (two transforms plus the match, which is what a
 caller pays), and the arm's own off-switch ratio inside THIS
 protocol so the family's 2.4-2.5x is reproduced or contradicted
 here rather than quoted from another process.
 Both sides on one explicit stream: StereoBM calls
 cudaDeviceSynchronize() on the null stream in each of its three
 kernels.

 census MATCHER only, 64 disparities, 9x9, K=24  [752x480]
 cv::cuda::StereoBM(64, 9)                        0.770 ms  spread   41%  [kernel]  (launch floor 1% of it)
 bincv denseDisparityCensusPacked (warp-box arm)     0.394 ms  spread   26%  [kernel]  (launch floor 2% of it)
   ratio binCV/OpenCV, interleaved rounds: median 0.511x <- QUOTE THIS  (binCV  1.96x FASTER)
                                           geomean 0.502x   per-round range 0.394-0.622x (15 rounds)
   sign test over those paired rounds: 0 favour A, 15 favour B, 0 tied -- two-sided p = 6.1e-05
   separation (a FACT, not the verdict): the two arms' sample ranges are DISJOINT
   verdict: DIRECTION ESTABLISHED, and A RESULT
            ARM B is faster in 15 of 15 paired rounds -- NO ROUND CROSSED 1.00x, so the
            direction is established by the rounds themselves (two-sided sign-test
            p = 6.1e-05). Magnitude 1.61x to 2.54x, median 1.96x: the spread bounds
            HOW MUCH it wins by, not WHETHER it does (owner's ruling, 2026-09-19).
            A RESULT: the two arms are 1.96x apart on the MEDIAN per-round ratio,
            clearing the 1.58x it has to beat (the larger of: per-round swing 1.58x,
            run-to-run scatter NOT MEASURED on this host). Decided by measure_util.hpp's
            difference-against-spread rule, in FACTORS because a percentage of it
            depends on which arm is the denominator; range separation is not what
            decided it.
            That clears the WITHIN-RUN half of the rule only -- nobody has measured
            this host's run-to-run scatter, and the rule wants the larger of the two.
ROW,census_match,752x480,0.668979,0.770458,0.986214,0.359629,0.394240,0.461619,0.393625,0.510515,0.621926,1,15,0.502234,0,15,0,1.958807,1.579997,6.104e-05

 census ENTRY: two transforms + the match -- what a caller pays  [752x480]
 cv::cuda::StereoBM(64, 9)                        0.725 ms  spread   22%  [kernel]  (launch floor 1% of it)
 bincv censusTransformPacked x2 + denseDisparityCensusPacked     0.479 ms  spread   18%  [kernel]  (launch floor 1% of it)
   ratio binCV/OpenCV, interleaved rounds: median 0.656x <- QUOTE THIS  (binCV  1.53x FASTER)
                                           geomean 0.649x   per-round range 0.530-0.749x (15 rounds)
   sign test over those paired rounds: 0 favour A, 15 favour B, 0 tied -- two-sided p = 6.1e-05
   separation (a FACT, not the verdict): the two arms' sample ranges are DISJOINT
   verdict: DIRECTION ESTABLISHED, and A RESULT
            ARM B is faster in 15 of 15 paired rounds -- NO ROUND CROSSED 1.00x, so the
            direction is established by the rounds themselves (two-sided sign-test
            p = 6.1e-05). Magnitude 1.33x to 1.89x, median 1.53x: the spread bounds
            HOW MUCH it wins by, not WHETHER it does (owner's ruling, 2026-09-19).
            A RESULT: the two arms are 1.53x apart on the MEDIAN per-round ratio,
            clearing the 1.41x it has to beat (the larger of: per-round swing 1.41x,
            run-to-run scatter NOT MEASURED on this host). Decided by measure_util.hpp's
            difference-against-spread rule, in FACTORS because a percentage of it
            depends on which arm is the denominator; range separation is not what
            decided it.
            That clears the WITHIN-RUN half of the rule only -- nobody has measured
            this host's run-to-run scatter, and the rule wants the larger of the two.
ROW,census_entry,752x480,0.685546,0.725094,0.846643,0.443187,0.478925,0.531354,0.530116,0.655589,0.749212,1,15,0.648621,0,15,0,1.525346,1.413298,6.104e-05

 OFF-SWITCH, binCV to binCV: the shipped packed matcher against
 the warp-box arm that replaced it.
 reference arm (densePackedBoxEnabled = false)     0.955 ms  spread    6%  [kernel]  (launch floor 1% of it)
 warp-box arm (densePackedBoxEnabled = true)      0.367 ms  spread   26%  [kernel]  (launch floor 2% of it)
   ratio box/reference: median 0.386x <- QUOTE THIS  (box  2.59x faster)  geomean 0.406x  range 0.364-0.487x
   sign test over those paired rounds: 0 favour A, 15 favour B, 0 tied -- two-sided p = 6.1e-05
   separation (a FACT, not the verdict): the two arms' sample ranges are DISJOINT
   verdict: DIRECTION ESTABLISHED, and A RESULT
            ARM B is faster in 15 of 15 paired rounds -- NO ROUND CROSSED 1.00x, so the
            direction is established by the rounds themselves (two-sided sign-test
            p = 6.1e-05). Magnitude 2.05x to 2.75x, median 2.59x: the spread bounds
            HOW MUCH it wins by, not WHETHER it does (owner's ruling, 2026-09-19).
            A RESULT: the two arms are 2.59x apart on the MEDIAN per-round ratio,
            clearing the 1.34x it has to beat (the larger of: per-round swing 1.34x,
            run-to-run scatter NOT MEASURED on this host). Decided by measure_util.hpp's
            difference-against-spread rule, in FACTORS because a percentage of it
            depends on which arm is the denominator; range separation is not what
            decided it.
            That clears the WITHIN-RUN half of the rule only -- nobody has measured
            this host's run-to-run scatter, and the rule wants the larger of the two.
ROW,census_offswitch,752x480,0.931123,0.955187,0.990822,0.359834,0.367411,0.454646,0.363890,0.386129,0.487473,1,15,0.406060,0,15,0,2.589808,1.339617,6.104e-05

 census entry working set (two wide frames + two descriptor images + map) vs StereoBM's  [752x480]  -- METER 2 on BOTH sides (cudaMemGetInfo delta),
 each side over enough independent working sets that the meter's
 2.00 MB unit resolves, then divided by its own count.
   [meter 2] cv::cuda      192.00 MB over   64 sets =    3072.0 KB/frame  (96 units)
   [meter 2] binCV         282.00 MB over   64 sets =    4512.0 KB/frame  (141 units)
   [meter 2] ROUNDING: one 2.00 MB unit is 32.0 KB/frame at 64 sets (0.71% of binCV's
             figure) and 32.0 KB/frame at 64 sets (1.04% of OpenCV's).
   ratio OpenCV/binCV = 0.681x  -- OpenCV is SMALLER by 1.469x.
   The OpenCV side is an UPPER BOUND: GpuMat pads its pitch, and any
   filter buffer or NPP scratch held past the call is inside this
   delta. binCV's side is cudaMalloc with nothing in between.
MEM,census_entry,752x480,295698432,201326592,2097152,64,64
   SCOPE, and it is not a footnote: the census path is where binCV
   has no structural advantage. Whatever this row says, the
   library's claim lives in section 7's binary path.

=====================================================================
 14 and 16 -- SKIPPED: NO REAL SEQUENCE
=====================================================================
 Both the Lucas-Kanade role row and the sequence-level number are
 decided by corner density, and a synthetic frame is a different
 workload -- measured elsewhere in this project as a verdict that
 INVERTED between synthetic and real content. So neither is run
 on makeFrame's smoothed noise and neither is substituted.
 Point BINCV_CUDA_ROLE_FRAMES at a 752x480 8-bit BSQ1 blob with
 at least two frames (scripts/make_sequence_blob.py --mode 8bit).
SKIP,lk,no real sequence blob
SKIP,sequence,no real sequence blob

=====================================================================
 17. OUTSTANDING (ruling R2) -- round 2's ops with NO cv::cuda
     counterpart at any API level
=====================================================================
 Each of these ships on correctness, memory and the HOST comparison,
 with its SPEED verdict recorded OUTSTANDING. No substitute bar is
 invented and no CPU number is quoted as a GPU one.

 gradientCovarianceAsync / gradientCovarianceBatchAsync
     Neither cv::cuda nor cv:: computes a 2x2 gradient covariance at
     any API level. cornerHarris and createMinEigenValCorner compute
     a dense float RESPONSE THROUGH one -- that is the bar for a
     composed corner op, which section 11 runs, and it is not a bar
     for the covariance itself.

 cornerSubPixAsync
     No cv::cuda counterpart in any module. Decided instead by its
     own round-trip inequality, which its author reports it MISSES.

 goodFeaturesToTrack's DEVICE-RESIDENT SPACING
     Section 10 times the whole op against OpenCV's. The residency
     itself -- a greedy min-distance filter that never leaves the
     device -- has no counterpart to be timed against, because
     OpenCV's runs on the host by construction.

 keypointsFromCorners
     Tier 3. OpenCV does not have the problem: its detectors already
     hand back float2, so there is nothing to convert and nothing to
     compare.

 keypointOrientation (all three arms)
     cv::cuda::ORB runs IC_Angle inside its keypoint pass and exposes
     no entry point that orients provided keypoints. Section 12 says
     so at the number.

 derivativeX / derivativeY / derivativeXY over TERNARY planes
     Section 11's inputs. cv::cuda::createDerivFilter is the nearest
     denominator and the derivcov family times it; both arms sit ON
     the launch floor there, so that ratio is a lower bound on the
     gap and says nothing about binCV's kernel.

 ROUND 3'S ADDITIONS TO THIS LIST.

 stereoDescriptorMatch / stereoRefineDisparity /
 stereoMatchRectified
     Sparse rectified stereo by descriptor match and a one-bit
     window refinement. cv::cuda ships dense block matchers
     (StereoBM, StereoBeliefPropagation, StereoConstantSpaceBP)
     and no SPARSE stereo at any API level -- a dense map for
     500 keypoints is a different operation, not a slower
     spelling of this one. Priced instead against binCV's OWN
     device dense path, which is a binCV-to-binCV bar and lives
     in cuda_sparse_benchmark. SPEED VERDICT: OUTSTANDING.

 calcOpticalFlowBlockMatch
     Pyramidal tracking by integer Hamming block matching. The
     nearest cv::cuda call is SparsePyrLKOpticalFlow, which solves
     a different equation -- and it is already section 14's bar
     for the op that DOES solve the same one. Quoting it twice
     would make one denominator answer two questions. SPEED
     VERDICT: OUTSTANDING; the role row that exists is the
     sparse family's own, stated as a role comparison there.

 matchDescriptorsGated
     Section 13 prices the UNGATED matcher, which is the one with
     a counterpart. The gate changes the ADMITTED SET, and
     cv::cuda::DescriptorMatcher has no mask that reproduces it,
     so the gated form has no bar. SPEED VERDICT: OUTSTANDING.

 the RANSAC geometry stage
     NOT an outstanding row and must not be filed as one. OpenCV
     has no cv::cuda essential-matrix estimator, but it DOES ship
     a GPU RANSAC (cv::cuda::solvePnPRansac, cudalegacy) whose
     shape is the finding: it keeps the solver on the host and
     moves only scoring. binCV's own measurement came out the
     same way and the stage stays on the host. There is nothing
     here to ship and therefore nothing to leave outstanding.
OUTSTANDING,covariance
OUTSTANDING,cornerSubPixAsync
OUTSTANDING,gftt_device_spacing
OUTSTANDING,keypointsFromCorners
OUTSTANDING,keypointOrientation
OUTSTANDING,stereoDescriptorMatch
OUTSTANDING,stereoRefineDisparity
OUTSTANDING,stereoMatchRectified
OUTSTANDING,calcOpticalFlowBlockMatch
OUTSTANDING,matchDescriptorsGated

=====================================================================
 END. One run is NOT a number on this host: aggregate the ROW lines
 across at least seven independent processes before quoting anything.
=====================================================================
### run 6
=======================================================================
 CUDA ROLE COMPARISONS -- every cv::cuda bar, one process, one protocol
=======================================================================
 device: NVIDIA GeForce RTX 3070 Ti (sm_86, 48 SMs, 608 GB/s peak)
 OpenCV 4.5.4
 frames: 752x480 (the reference geometry, where every written bar was
 set) and 1920x1080 (carried because several of these ops sit ON the
 launch floor at the reference size, where a ratio between two arms is
 a ratio between two launches).

 ORIENTATION: every ratio below is binCV / OpenCV. Under 1.000x is
 binCV ahead. Arm A is OpenCV, arm B is binCV, in every pair.

 LAUNCH FLOOR (empty kernel, same protocol)      0.0058 ms  spread  141%  [kernel]
   Every kernel-resident number below sits on top of this. An arm within
   a few multiples of it is reporting launch overhead, not its own work,
   and a RATIO between two such arms is reporting almost none of either.
   The spread is part of the answer, not a blemish on it: under WSL2 a
   launch costs what it costs plus whatever the host was doing.
FLOOR,0.005006,0.005775,0.013149

 Driver meter step, measured in this run: 2.00 MB. Every memory
 reading below is taken over 256 working sets for that reason.

=====================================================================
 1. THRESHOLD -- binCV cuda::threshold vs cv::cuda::threshold
=====================================================================
 ROLE: 'turn a wide frame into a per-pixel above/below map on device'.
 Both sides are ONE launch. They differ in what they emit: OpenCV
 writes one BYTE per pixel (CV_8UC1, THRESH_BINARY), binCV writes one
 BIT. That difference is the whole point of the library and it is
 stated at the number rather than folded into it -- the outputs are
 not the same array, so this is a role comparison, not an equality.

 threshold, uint8 -> above/below map  [752x480]
 cv::cuda::threshold -> CV_8U                     0.007 ms  spread  220%  [kernel]  AT THE LAUNCH FLOOR
 bincv::cuda::threshold -> bits                   0.007 ms  spread    6%  [kernel]  AT THE LAUNCH FLOOR
   ratio binCV/OpenCV, interleaved rounds: median 0.989x <- QUOTE THIS  (binCV  1.01x FASTER)
                                           geomean 0.854x   per-round range 0.314-1.029x (15 rounds)
   sign test over those paired rounds: 4 favour A, 11 favour B, 0 tied -- two-sided p = 0.118
   separation (a FACT, not the verdict): the two arms' sample ranges OVERLAP
   verdict: NULL RESULT, which is a result
            NULL on the magnitude: the two arms are 1.01x apart on the MEDIAN per-round ratio,
            short of the 3.27x it has to beat (the larger of: per-round swing 3.27x,
            run-to-run scatter NOT MEASURED on this host). Decided by measure_util.hpp's
            difference-against-spread rule, in FACTORS because a percentage of it
            depends on which arm is the denominator; range separation is not what
            decided it.
ROW,threshold,752x480,0.006912,0.007210,0.022742,0.006894,0.007115,0.007301,0.314338,0.989271,1.028704,0,15,0.854207,4,11,0,1.010845,3.272604,0.1185
   host-enqueue probe (no sync, wall clock per call):
     cv::cuda::threshold                          0.0037 ms enqueue vs  0.0072 ms event  -> MIXED: host dispatch is a large share of the bracket
     bincv::cuda::threshold                       0.0040 ms enqueue vs  0.0071 ms event  -> MIXED: host dispatch is a large share of the bracket
ENQ,threshold,752x480,0.003683,0.007210,0.004044,0.007115

 threshold, uint8 -> above/below map  [1920x1080]
 cv::cuda::threshold -> CV_8U                     0.011 ms  spread  212%  [kernel]  AT THE LAUNCH FLOOR
 bincv::cuda::threshold -> bits                   0.011 ms  spread  171%  [kernel]  AT THE LAUNCH FLOOR
   ratio binCV/OpenCV, interleaved rounds: median 1.010x <- QUOTE THIS  (binCV  0.99x SLOWER)
                                           geomean 0.984x   per-round range 0.394-2.234x (15 rounds)
   sign test over those paired rounds: 9 favour A, 6 favour B, 0 tied -- two-sided p = 0.607
   separation (a FACT, not the verdict): the two arms' sample ranges OVERLAP
   verdict: NULL RESULT, which is a result
            NULL on the magnitude: the two arms are 1.01x apart on the MEDIAN per-round ratio,
            short of the 5.66x it has to beat (the larger of: per-round swing 5.66x,
            run-to-run scatter NOT MEASURED on this host). Decided by measure_util.hpp's
            difference-against-spread rule, in FACTORS because a percentage of it
            depends on which arm is the denominator; range separation is not what
            decided it.
ROW,threshold,1920x1080,0.010190,0.011269,0.034088,0.010518,0.011486,0.030211,0.394331,1.009915,2.233668,0,15,0.983675,9,6,0,1.009915,5.664451,0.6072
   host-enqueue probe (no sync, wall clock per call):
     cv::cuda::threshold                          0.0038 ms enqueue vs  0.0113 ms event  -> kernel-bound: the host feeds the device faster than it drains
     bincv::cuda::threshold                       0.0234 ms enqueue vs  0.0115 ms event  -> DISPATCH-BOUND: the event bracket is timing the API call
ENQ,threshold,1920x1080,0.003767,0.011269,0.023409,0.011486

 threshold, uint8 -> above/below map  [3840x2160]
 cv::cuda::threshold -> CV_8U                     0.036 ms  spread   73%  [kernel]  (launch floor 16% of it)
 bincv::cuda::threshold -> bits                   0.025 ms  spread   25%  [kernel]  (launch floor 23% of it)
   ratio binCV/OpenCV, interleaved rounds: median 0.696x <- QUOTE THIS  (binCV  1.44x FASTER)
                                           geomean 0.671x   per-round range 0.419-0.754x (15 rounds)
   sign test over those paired rounds: 0 favour A, 15 favour B, 0 tied -- two-sided p = 6.1e-05
   separation (a FACT, not the verdict): the two arms' sample ranges are DISJOINT
   verdict: DIRECTION ESTABLISHED
            ARM B is faster in 15 of 15 paired rounds -- NO ROUND CROSSED 1.00x, so the
            direction is established by the rounds themselves (two-sided sign-test
            p = 6.1e-05). Magnitude 1.33x to 2.38x, median 1.44x: the spread bounds
            HOW MUCH it wins by, not WHETHER it does (owner's ruling, 2026-09-19).
            NULL on the magnitude: the two arms are 1.44x apart on the MEDIAN per-round ratio,
            short of the 1.80x it has to beat (the larger of: per-round swing 1.80x,
            run-to-run scatter NOT MEASURED on this host). Decided by measure_util.hpp's
            difference-against-spread rule, in FACTORS because a percentage of it
            depends on which arm is the denominator; range separation is not what
            decided it.
ROW,threshold,3840x2160,0.035690,0.036363,0.062130,0.025013,0.025299,0.031306,0.419304,0.696425,0.753578,1,15,0.671363,0,15,0,1.435906,1.797211,6.104e-05
   host-enqueue probe (no sync, wall clock per call):
     cv::cuda::threshold                          0.0040 ms enqueue vs  0.0364 ms event  -> kernel-bound: the host feeds the device faster than it drains
     bincv::cuda::threshold                       0.0042 ms enqueue vs  0.0253 ms event  -> kernel-bound: the host feeds the device faster than it drains
ENQ,threshold,3840x2160,0.004032,0.036363,0.004203,0.025299

 threshold working set (src + dst)  [752x480]  -- METER 2 on BOTH sides (cudaMemGetInfo delta),
 each side over enough independent working sets that the meter's
 2.00 MB unit resolves, then divided by its own count.
   [meter 2] cv::cuda      256.00 MB over  256 sets =    1024.0 KB/frame  (128 units)
   [meter 2] binCV         104.00 MB over  256 sets =     416.0 KB/frame  (52 units)
   [meter 2] ROUNDING: one 2.00 MB unit is 8.0 KB/frame at 256 sets (1.92% of binCV's
             figure) and 8.0 KB/frame at 256 sets (0.78% of OpenCV's).
   ratio OpenCV/binCV = 2.462x  -- binCV is SMALLER by 2.462x.
   The OpenCV side is an UPPER BOUND: GpuMat pads its pitch, and any
   filter buffer or NPP scratch held past the call is inside this
   delta. binCV's side is cudaMalloc with nothing in between.
MEM,threshold,752x480,109051904,268435456,2097152,256,256

=====================================================================
 2. MORPHOLOGY -- binCV cuda::erode / morphologyEx vs
    cv::cuda::createMorphologyFilter (cudafilters, NPP-backed)
=====================================================================
 ROLE: 'erode / open a binary-valued image on device'. OpenCV's
 operand is CV_8UC1 with values 0 and 255; binCV's is one bit per
 pixel. Same operation, same element, same border, different
 representation -- which is the comparison this library exists to
 make. The filter object is built ONCE outside the timed region on
 both sides, as a caller would; only apply() is timed.
 BORDER: cv::cuda's morphology filter is BORDER_CONSTANT only, so
 binCV runs BORDER_CONSTANT here too -- the four border types binCV
 makes word-parallel have no counterpart on this side to be timed
 against, and are priced in cuda_window_benchmark instead.

 erode, rect 3x3  [752x480]
 cv::cuda morphology filter -> CV_8U              0.095 ms  spread   68%  [kernel]  (launch floor 6% of it)
 bincv::cuda -> bits                              0.009 ms  spread   37%  [kernel]  AT THE LAUNCH FLOOR
   ratio binCV/OpenCV, interleaved rounds: median 0.093x <- QUOTE THIS  (binCV 10.77x FASTER)
                                           geomean 0.088x   per-round range 0.064-0.111x (15 rounds)
   sign test over those paired rounds: 0 favour A, 15 favour B, 0 tied -- two-sided p = 6.1e-05
   separation (a FACT, not the verdict): the two arms' sample ranges are DISJOINT
   verdict: DIRECTION ESTABLISHED, and A RESULT
            ARM B is faster in 15 of 15 paired rounds -- NO ROUND CROSSED 1.00x, so the
            direction is established by the rounds themselves (two-sided sign-test
            p = 6.1e-05). Magnitude 8.99x to 15.65x, median 10.77x: the spread bounds
            HOW MUCH it wins by, not WHETHER it does (owner's ruling, 2026-09-19).
            A RESULT: the two arms are 10.77x apart on the MEDIAN per-round ratio,
            clearing the 1.74x it has to beat (the larger of: per-round swing 1.74x,
            run-to-run scatter NOT MEASURED on this host). Decided by measure_util.hpp's
            difference-against-spread rule, in FACTORS because a percentage of it
            depends on which arm is the denominator; range separation is not what
            decided it.
            That clears the WITHIN-RUN half of the rule only -- nobody has measured
            this host's run-to-run scatter, and the rule wants the larger of the two.
ROW,morph_erode_rect3,752x480,0.084200,0.095350,0.148747,0.007386,0.008974,0.010680,0.063886,0.092855,0.111207,1,15,0.088418,0,15,0,10.769499,1.740716,6.104e-05
   host-enqueue probe (no sync, wall clock per call):
     cv::cuda morphology filter                   0.0955 ms enqueue vs  0.0954 ms event  -> DISPATCH-BOUND: the event bracket is timing the API call
     bincv::cuda                                  0.0064 ms enqueue vs  0.0090 ms event  -> MIXED: host dispatch is a large share of the bracket
ENQ,morph_erode_rect3,752x480,0.095483,0.095350,0.006376,0.008974
   single-call GPU time (device drained either side -- separates the
   kernel from the API for a dispatch-bound arm):
     cv::cuda morphology filter                   0.0798 ms solo vs  0.0954 ms batched
     bincv::cuda                                  0.0059 ms solo vs  0.0090 ms batched
SOLO,morph_erode_rect3,752x480,0.079808,0.095350,0.005856,0.008974

 morphologyEx OPEN, rect 3x3  [752x480]
 cv::cuda morphology filter -> CV_8U              0.207 ms  spread   23%  [kernel]  (launch floor 3% of it)
 bincv::cuda -> bits                              0.017 ms  spread  155%  [kernel]  (launch floor 33% of it)
   ratio binCV/OpenCV, interleaved rounds: median 0.085x <- QUOTE THIS  (binCV 11.81x FASTER)
                                           geomean 0.090x   per-round range 0.073-0.212x (15 rounds)
   sign test over those paired rounds: 0 favour A, 15 favour B, 0 tied -- two-sided p = 6.1e-05
   separation (a FACT, not the verdict): the two arms' sample ranges are DISJOINT
   verdict: DIRECTION ESTABLISHED, and A RESULT
            ARM B is faster in 15 of 15 paired rounds -- NO ROUND CROSSED 1.00x, so the
            direction is established by the rounds themselves (two-sided sign-test
            p = 6.1e-05). Magnitude 4.73x to 13.61x, median 11.81x: the spread bounds
            HOW MUCH it wins by, not WHETHER it does (owner's ruling, 2026-09-19).
            A RESULT: the two arms are 11.81x apart on the MEDIAN per-round ratio,
            clearing the 2.88x it has to beat (the larger of: per-round swing 2.88x,
            run-to-run scatter NOT MEASURED on this host). Decided by measure_util.hpp's
            difference-against-spread rule, in FACTORS because a percentage of it
            depends on which arm is the denominator; range separation is not what
            decided it.
            That clears the WITHIN-RUN half of the rule only -- nobody has measured
            this host's run-to-run scatter, and the rule wants the larger of the two.
ROW,morph_open_rect3,752x480,0.178654,0.207370,0.226622,0.015240,0.017498,0.042275,0.073492,0.084696,0.211586,1,15,0.090176,0,15,0,11.806981,2.879034,6.104e-05
   host-enqueue probe (no sync, wall clock per call):
     cv::cuda morphology filter                   0.1973 ms enqueue vs  0.2074 ms event  -> DISPATCH-BOUND: the event bracket is timing the API call
     bincv::cuda                                  0.0104 ms enqueue vs  0.0175 ms event  -> MIXED: host dispatch is a large share of the bracket
ENQ,morph_open_rect3,752x480,0.197314,0.207370,0.010398,0.017498
   single-call GPU time (device drained either side -- separates the
   kernel from the API for a dispatch-bound arm):
     cv::cuda morphology filter                   0.1642 ms solo vs  0.2074 ms batched
     bincv::cuda                                  0.0092 ms solo vs  0.0175 ms batched
SOLO,morph_open_rect3,752x480,0.164160,0.207370,0.009216,0.017498

 erode, ellipse 5x5  [752x480]
 cv::cuda morphology filter -> CV_8U              0.173 ms  spread  104%  [kernel]  (launch floor 3% of it)
 bincv::cuda -> bits                              0.014 ms  spread  242%  [kernel]  (launch floor 42% of it)
   ratio binCV/OpenCV, interleaved rounds: median 0.079x <- QUOTE THIS  (binCV 12.66x FASTER)
                                           geomean 0.084x   per-round range 0.042-0.226x (15 rounds)
   sign test over those paired rounds: 0 favour A, 15 favour B, 0 tied -- two-sided p = 6.1e-05
   separation (a FACT, not the verdict): the two arms' sample ranges are DISJOINT
   verdict: DIRECTION ESTABLISHED, and A RESULT
            ARM B is faster in 15 of 15 paired rounds -- NO ROUND CROSSED 1.00x, so the
            direction is established by the rounds themselves (two-sided sign-test
            p = 6.1e-05). Magnitude 4.43x to 23.88x, median 12.66x: the spread bounds
            HOW MUCH it wins by, not WHETHER it does (owner's ruling, 2026-09-19).
            A RESULT: the two arms are 12.66x apart on the MEDIAN per-round ratio,
            clearing the 5.39x it has to beat (the larger of: per-round swing 5.39x,
            run-to-run scatter NOT MEASURED on this host). Decided by measure_util.hpp's
            difference-against-spread rule, in FACTORS because a percentage of it
            depends on which arm is the denominator; range separation is not what
            decided it.
            That clears the WITHIN-RUN half of the rule only -- nobody has measured
            this host's run-to-run scatter, and the rule wants the larger of the two.
ROW,morph_erode_ell5,752x480,0.141237,0.173237,0.321226,0.010800,0.013786,0.044221,0.041880,0.078990,0.225528,1,15,0.083697,0,15,0,12.659835,5.385151,6.104e-05
   host-enqueue probe (no sync, wall clock per call):
     cv::cuda morphology filter                   0.1811 ms enqueue vs  0.1732 ms event  -> DISPATCH-BOUND: the event bracket is timing the API call
     bincv::cuda                                  0.0078 ms enqueue vs  0.0138 ms event  -> MIXED: host dispatch is a large share of the bracket
ENQ,morph_erode_ell5,752x480,0.181133,0.173237,0.007829,0.013786
   single-call GPU time (device drained either side -- separates the
   kernel from the API for a dispatch-bound arm):
     cv::cuda morphology filter                   0.1915 ms solo vs  0.1732 ms batched
     bincv::cuda                                  0.0113 ms solo vs  0.0138 ms batched
SOLO,morph_erode_ell5,752x480,0.191456,0.173237,0.011264,0.013786

 erode, rect 3x3  [1920x1080]
 cv::cuda morphology filter -> CV_8U              0.142 ms  spread   81%  [kernel]  (launch floor 4% of it)
 bincv::cuda -> bits                              0.011 ms  spread  188%  [kernel]  AT THE LAUNCH FLOOR
   ratio binCV/OpenCV, interleaved rounds: median 0.085x <- QUOTE THIS  (binCV 11.75x FASTER)
                                           geomean 0.084x   per-round range 0.040-0.206x (15 rounds)
   sign test over those paired rounds: 0 favour A, 15 favour B, 0 tied -- two-sided p = 6.1e-05
   separation (a FACT, not the verdict): the two arms' sample ranges are DISJOINT
   verdict: DIRECTION ESTABLISHED, and A RESULT
            ARM B is faster in 15 of 15 paired rounds -- NO ROUND CROSSED 1.00x, so the
            direction is established by the rounds themselves (two-sided sign-test
            p = 6.1e-05). Magnitude 4.86x to 24.74x, median 11.75x: the spread bounds
            HOW MUCH it wins by, not WHETHER it does (owner's ruling, 2026-09-19).
            A RESULT: the two arms are 11.75x apart on the MEDIAN per-round ratio,
            clearing the 5.09x it has to beat (the larger of: per-round swing 5.09x,
            run-to-run scatter NOT MEASURED on this host). Decided by measure_util.hpp's
            difference-against-spread rule, in FACTORS because a percentage of it
            depends on which arm is the denominator; range separation is not what
            decided it.
            That clears the WITHIN-RUN half of the rule only -- nobody has measured
            this host's run-to-run scatter, and the rule wants the larger of the two.
ROW,morph_erode_rect3,1920x1080,0.113298,0.141896,0.227942,0.009214,0.011114,0.030138,0.040424,0.085134,0.205595,1,15,0.084424,0,15,0,11.746213,5.085933,6.104e-05
   host-enqueue probe (no sync, wall clock per call):
     cv::cuda morphology filter                   0.1147 ms enqueue vs  0.1419 ms event  -> DISPATCH-BOUND: the event bracket is timing the API call
     bincv::cuda                                  0.0243 ms enqueue vs  0.0111 ms event  -> DISPATCH-BOUND: the event bracket is timing the API call
ENQ,morph_erode_rect3,1920x1080,0.114670,0.141896,0.024263,0.011114
   single-call GPU time (device drained either side -- separates the
   kernel from the API for a dispatch-bound arm):
     cv::cuda morphology filter                   0.1310 ms solo vs  0.1419 ms batched
     bincv::cuda                                  0.0082 ms solo vs  0.0111 ms batched
SOLO,morph_erode_rect3,1920x1080,0.131008,0.141896,0.008192,0.011114

 morphologyEx OPEN, rect 3x3  [1920x1080]
 cv::cuda morphology filter -> CV_8U              0.264 ms  spread   38%  [kernel]  (launch floor 2% of it)
 bincv::cuda -> bits                              0.018 ms  spread  177%  [kernel]  (launch floor 31% of it)
   ratio binCV/OpenCV, interleaved rounds: median 0.073x <- QUOTE THIS  (binCV 13.74x FASTER)
                                           geomean 0.075x   per-round range 0.059-0.171x (15 rounds)
   sign test over those paired rounds: 0 favour A, 15 favour B, 0 tied -- two-sided p = 6.1e-05
   separation (a FACT, not the verdict): the two arms' sample ranges are DISJOINT
   verdict: DIRECTION ESTABLISHED, and A RESULT
            ARM B is faster in 15 of 15 paired rounds -- NO ROUND CROSSED 1.00x, so the
            direction is established by the rounds themselves (two-sided sign-test
            p = 6.1e-05). Magnitude 5.84x to 17.00x, median 13.74x: the spread bounds
            HOW MUCH it wins by, not WHETHER it does (owner's ruling, 2026-09-19).
            A RESULT: the two arms are 13.74x apart on the MEDIAN per-round ratio,
            clearing the 2.91x it has to beat (the larger of: per-round swing 2.91x,
            run-to-run scatter NOT MEASURED on this host). Decided by measure_util.hpp's
            difference-against-spread rule, in FACTORS because a percentage of it
            depends on which arm is the denominator; range separation is not what
            decided it.
            That clears the WITHIN-RUN half of the rule only -- nobody has measured
            this host's run-to-run scatter, and the rule wants the larger of the two.
ROW,morph_open_rect3,1920x1080,0.223675,0.264304,0.324138,0.016502,0.018389,0.049104,0.058810,0.072795,0.171325,1,15,0.074663,0,15,0,13.737298,2.913219,6.104e-05
   host-enqueue probe (no sync, wall clock per call):
     cv::cuda morphology filter                   0.2698 ms enqueue vs  0.2643 ms event  -> DISPATCH-BOUND: the event bracket is timing the API call
     bincv::cuda                                  0.0100 ms enqueue vs  0.0184 ms event  -> MIXED: host dispatch is a large share of the bracket
ENQ,morph_open_rect3,1920x1080,0.269825,0.264304,0.009961,0.018389
   single-call GPU time (device drained either side -- separates the
   kernel from the API for a dispatch-bound arm):
     cv::cuda morphology filter                   0.2169 ms solo vs  0.2643 ms batched
     bincv::cuda                                  0.0123 ms solo vs  0.0184 ms batched
SOLO,morph_open_rect3,1920x1080,0.216896,0.264304,0.012288,0.018389

 erode, ellipse 5x5  [1920x1080]
 cv::cuda morphology filter -> CV_8U              0.309 ms  spread   15%  [kernel]  (launch floor 2% of it)
 bincv::cuda -> bits                              0.013 ms  spread   32%  [kernel]  (launch floor 44% of it)
   ratio binCV/OpenCV, interleaved rounds: median 0.044x <- QUOTE THIS  (binCV 22.78x FASTER)
                                           geomean 0.045x   per-round range 0.040-0.056x (15 rounds)
   sign test over those paired rounds: 0 favour A, 15 favour B, 0 tied -- two-sided p = 6.1e-05
   separation (a FACT, not the verdict): the two arms' sample ranges are DISJOINT
   verdict: DIRECTION ESTABLISHED, and A RESULT
            ARM B is faster in 15 of 15 paired rounds -- NO ROUND CROSSED 1.00x, so the
            direction is established by the rounds themselves (two-sided sign-test
            p = 6.1e-05). Magnitude 17.96x to 25.20x, median 22.78x: the spread bounds
            HOW MUCH it wins by, not WHETHER it does (owner's ruling, 2026-09-19).
            A RESULT: the two arms are 22.78x apart on the MEDIAN per-round ratio,
            clearing the 1.40x it has to beat (the larger of: per-round swing 1.40x,
            run-to-run scatter NOT MEASURED on this host). Decided by measure_util.hpp's
            difference-against-spread rule, in FACTORS because a percentage of it
            depends on which arm is the denominator; range separation is not what
            decided it.
            That clears the WITHIN-RUN half of the rule only -- nobody has measured
            this host's run-to-run scatter, and the rule wants the larger of the two.
ROW,morph_erode_ell5,1920x1080,0.282458,0.308738,0.328218,0.012715,0.013090,0.016918,0.039676,0.043903,0.055669,1,15,0.045182,0,15,0,22.777539,1.403078,6.104e-05
   host-enqueue probe (no sync, wall clock per call):
     cv::cuda morphology filter                   0.3106 ms enqueue vs  0.3087 ms event  -> DISPATCH-BOUND: the event bracket is timing the API call
     bincv::cuda                                  0.0051 ms enqueue vs  0.0131 ms event  -> kernel-bound: the host feeds the device faster than it drains
ENQ,morph_erode_ell5,1920x1080,0.310628,0.308738,0.005061,0.013090
   single-call GPU time (device drained either side -- separates the
   kernel from the API for a dispatch-bound arm):
     cv::cuda morphology filter                   0.3421 ms solo vs  0.3087 ms batched
     bincv::cuda                                  0.0123 ms solo vs  0.0131 ms batched
SOLO,morph_erode_ell5,1920x1080,0.342080,0.308738,0.012288,0.013090

 erode working set (src + dst + any filter buffer)  [752x480]  -- METER 2 on BOTH sides (cudaMemGetInfo delta),
 each side over enough independent working sets that the meter's
 2.00 MB unit resolves, then divided by its own count.
   [meter 2] cv::cuda      384.00 MB over  256 sets =    1536.0 KB/frame  (192 units)
   [meter 2] binCV          24.00 MB over  256 sets =      96.0 KB/frame  (12 units)
   [meter 2] ROUNDING: one 2.00 MB unit is 8.0 KB/frame at 256 sets (8.33% of binCV's
             figure) and 8.0 KB/frame at 256 sets (0.52% of OpenCV's).
   ratio OpenCV/binCV = 16.000x  -- binCV is SMALLER by 16.000x.
   The OpenCV side is an UPPER BOUND: GpuMat pads its pitch, and any
   filter buffer or NPP scratch held past the call is inside this
   delta. binCV's side is cudaMalloc with nothing in between.
MEM,morph_erode_rect3,752x480,25165824,402653184,2097152,256,256

=====================================================================
 3. MEDIAN (WIDE) -- binCV cuda::medianWide vs
    cv::cuda::createMedianFilter(CV_8UC1, ksize)
=====================================================================
 ROLE ONLY, and the asymmetry is stated first because it is large:
 cv::cuda::createMedianFilter is a 3x3 (or 5x5) SQUARE median with a
 replicated border. binCV's kMedianReferenceL is a 3-sample L and
 kMedianReferencePlus is a 5-sample plus, both with a ZERO border.
 These produce DIFFERENT IMAGES. Neither is an oracle for the other
 and no correctness claim is made across this row -- binCV's
 correctness is closed against its own host twin by the test suite.
 What this prices is the ROLE: 'median-filter a resident 8-bit frame
 on the device'. Part of binCV's advantage here is that its operation
 is CHEAPER (3 or 5 samples against 9), which is the algorithm's win
 and NOT the representation's -- medianWide has no packed advantage
 and its own header says so. The K=9 row below is the closest
 sample-count match to a 3x3 square and is the fairest single row.
 MEMORY IS PARITY BY CONSTRUCTION: one byte per pixel in, one out,
 on both sides. Any difference in the meter is GpuMat's pitch
 padding, not a representation win, and it is labelled as such.

 median, 9 samples each (the sample-count match), BOTH on an explicit stream  [752x480]
 cv::cuda median 3x3 square                       5.619 ms  spread    3%  [kernel]  (launch floor 0% of it)
 bincv::cuda medianWide K=9                       0.016 ms  spread   85%  [kernel]  (launch floor 36% of it)
   ratio binCV/OpenCV, interleaved rounds: median 0.003x <- QUOTE THIS  (binCV 350.72x FASTER)
                                           geomean 0.003x   per-round range 0.003-0.005x (15 rounds)
   sign test over those paired rounds: 0 favour A, 15 favour B, 0 tied -- two-sided p = 6.1e-05
   separation (a FACT, not the verdict): the two arms' sample ranges are DISJOINT
   verdict: DIRECTION ESTABLISHED, and A RESULT
            ARM B is faster in 15 of 15 paired rounds -- NO ROUND CROSSED 1.00x, so the
            direction is established by the rounds themselves (two-sided sign-test
            p = 6.1e-05). Magnitude 200.22x to 399.61x, median 350.72x: the spread bounds
            HOW MUCH it wins by, not WHETHER it does (owner's ruling, 2026-09-19).
            A RESULT: the two arms are 350.72x apart on the MEDIAN per-round ratio,
            clearing the 2.00x it has to beat (the larger of: per-round swing 2.00x,
            run-to-run scatter NOT MEASURED on this host). Decided by measure_util.hpp's
            difference-against-spread rule, in FACTORS because a percentage of it
            depends on which arm is the denominator; range separation is not what
            decided it.
            That clears the WITHIN-RUN half of the rule only -- nobody has measured
            this host's run-to-run scatter, and the rule wants the larger of the two.
ROW,median_k9,752x480,5.567283,5.619098,5.728870,0.014336,0.016179,0.028058,0.002502,0.002851,0.004995,1,15,0.003161,0,15,0,350.722035,1.995886,6.104e-05
   host-enqueue probe (no sync, wall clock per call):
     cv::cuda median 3x3                          0.0265 ms enqueue vs  5.6191 ms event  -> kernel-bound: the host feeds the device faster than it drains
     bincv::cuda medianWide K=9                   0.0098 ms enqueue vs  0.0162 ms event  -> MIXED: host dispatch is a large share of the bracket
ENQ,median_k9,752x480,0.026500,5.619098,0.009756,0.016179

 median, OpenCV 9 samples vs binCV 3 (the shipped L)  [752x480]
 cv::cuda median 3x3 square                       5.640 ms  spread    3%  [kernel]  (launch floor 0% of it)
 bincv::cuda medianWide K=3 L                     0.010 ms  spread  284%  [kernel]  AT THE LAUNCH FLOOR
   ratio binCV/OpenCV, interleaved rounds: median 0.002x <- QUOTE THIS  (binCV 571.50x FASTER)
                                           geomean 0.002x   per-round range 0.001-0.006x (15 rounds)
   sign test over those paired rounds: 0 favour A, 15 favour B, 0 tied -- two-sided p = 6.1e-05
   separation (a FACT, not the verdict): the two arms' sample ranges are DISJOINT
   verdict: DIRECTION ESTABLISHED, and A RESULT
            ARM B is faster in 15 of 15 paired rounds -- NO ROUND CROSSED 1.00x, so the
            direction is established by the rounds themselves (two-sided sign-test
            p = 6.1e-05). Magnitude 169.09x to 1116.40x, median 571.50x: the spread bounds
            HOW MUCH it wins by, not WHETHER it does (owner's ruling, 2026-09-19).
            A RESULT: the two arms are 571.50x apart on the MEDIAN per-round ratio,
            clearing the 6.60x it has to beat (the larger of: per-round swing 6.60x,
            run-to-run scatter NOT MEASURED on this host). Decided by measure_util.hpp's
            difference-against-spread rule, in FACTORS because a percentage of it
            depends on which arm is the denominator; range separation is not what
            decided it.
            That clears the WITHIN-RUN half of the rule only -- nobody has measured
            this host's run-to-run scatter, and the rule wants the larger of the two.
ROW,median_k3L,752x480,5.561139,5.640377,5.738291,0.005120,0.009830,0.033037,0.000896,0.001750,0.005914,1,15,0.001814,0,15,0,571.499985,6.602503,6.104e-05

 median, OpenCV 9 samples vs binCV 5 (the plus)  [752x480]
 cv::cuda median 3x3 square                       5.672 ms  spread    3%  [kernel]  (launch floor 0% of it)
 bincv::cuda medianWide K=5 plus                  0.016 ms  spread  342%  [kernel]  (launch floor 37% of it)
   ratio binCV/OpenCV, interleaved rounds: median 0.003x <- QUOTE THIS  (binCV 365.38x FASTER)
                                           geomean 0.002x   per-round range 0.001-0.011x (15 rounds)
   sign test over those paired rounds: 0 favour A, 15 favour B, 0 tied -- two-sided p = 6.1e-05
   separation (a FACT, not the verdict): the two arms' sample ranges are DISJOINT
   verdict: DIRECTION ESTABLISHED, and A RESULT
            ARM B is faster in 15 of 15 paired rounds -- NO ROUND CROSSED 1.00x, so the
            direction is established by the rounds themselves (two-sided sign-test
            p = 6.1e-05). Magnitude 93.14x to 758.73x, median 365.38x: the spread bounds
            HOW MUCH it wins by, not WHETHER it does (owner's ruling, 2026-09-19).
            A RESULT: the two arms are 365.38x apart on the MEDIAN per-round ratio,
            clearing the 8.15x it has to beat (the larger of: per-round swing 8.15x,
            run-to-run scatter NOT MEASURED on this host). Decided by measure_util.hpp's
            difference-against-spread rule, in FACTORS because a percentage of it
            depends on which arm is the denominator; range separation is not what
            decided it.
            That clears the WITHIN-RUN half of the rule only -- nobody has measured
            this host's run-to-run scatter, and the rule wants the larger of the two.
ROW,median_k5plus,752x480,5.566240,5.671718,5.749350,0.007578,0.015565,0.060826,0.001318,0.002737,0.010736,1,15,0.002459,0,15,0,365.384974,8.145997,6.104e-05

   THE DEFAULT-STREAM SURCHARGE, cv::cuda median, 752x480:
     apply() on the DEFAULT stream     5.7078 ms/call (wall, includes its internal cudaDeviceSynchronize)
     apply() on an EXPLICIT stream     0.0264 ms/call (wall, enqueue only)
   The difference is the API's, not the kernel's, and the rows above avoid it
   by running BOTH sides on an explicit stream.
SYNC,median_default_stream,752x480,5.707846,0.026388

 median, 9 samples each (the sample-count match), BOTH on an explicit stream  [1920x1080]
 cv::cuda median 3x3 square                      31.269 ms  spread    2%  [kernel]  (launch floor 0% of it)
 bincv::cuda medianWide K=9                       0.053 ms  spread   37%  [kernel]  (launch floor 11% of it)
   ratio binCV/OpenCV, interleaved rounds: median 0.002x <- QUOTE THIS  (binCV 587.03x FASTER)
                                           geomean 0.002x   per-round range 0.001-0.002x (15 rounds)
   sign test over those paired rounds: 0 favour A, 15 favour B, 0 tied -- two-sided p = 6.1e-05
   separation (a FACT, not the verdict): the two arms' sample ranges are DISJOINT
   verdict: DIRECTION ESTABLISHED, and A RESULT
            ARM B is faster in 15 of 15 paired rounds -- NO ROUND CROSSED 1.00x, so the
            direction is established by the rounds themselves (two-sided sign-test
            p = 6.1e-05). Magnitude 493.45x to 711.17x, median 587.03x: the spread bounds
            HOW MUCH it wins by, not WHETHER it does (owner's ruling, 2026-09-19).
            A RESULT: the two arms are 587.03x apart on the MEDIAN per-round ratio,
            clearing the 1.44x it has to beat (the larger of: per-round swing 1.44x,
            run-to-run scatter NOT MEASURED on this host). Decided by measure_util.hpp's
            difference-against-spread rule, in FACTORS because a percentage of it
            depends on which arm is the denominator; range separation is not what
            decided it.
            That clears the WITHIN-RUN half of the rule only -- nobody has measured
            this host's run-to-run scatter, and the rule wants the larger of the two.
ROW,median_k9,1920x1080,31.017371,31.269479,31.498444,0.044237,0.052998,0.063834,0.001406,0.001703,0.002027,1,15,0.001655,0,15,0,587.030669,1.441234,6.104e-05
   host-enqueue probe (no sync, wall clock per call):
     cv::cuda median 3x3                          0.0430 ms enqueue vs 31.2695 ms event  -> kernel-bound: the host feeds the device faster than it drains
     bincv::cuda medianWide K=9                   0.0041 ms enqueue vs  0.0530 ms event  -> kernel-bound: the host feeds the device faster than it drains
ENQ,median_k9,1920x1080,0.042954,31.269479,0.004086,0.052998

 median, OpenCV 9 samples vs binCV 3 (the shipped L)  [1920x1080]
 cv::cuda median 3x3 square                      31.206 ms  spread    2%  [kernel]  (launch floor 0% of it)
 bincv::cuda medianWide K=3 L                     0.013 ms  spread  233%  [kernel]  (launch floor 45% of it)
   ratio binCV/OpenCV, interleaved rounds: median 0.000x <- QUOTE THIS  (binCV 2422.30x FASTER)
                                           geomean 0.001x   per-round range 0.000-0.001x (15 rounds)
   sign test over those paired rounds: 0 favour A, 15 favour B, 0 tied -- two-sided p = 6.1e-05
   separation (a FACT, not the verdict): the two arms' sample ranges are DISJOINT
   verdict: DIRECTION ESTABLISHED, and A RESULT
            ARM B is faster in 15 of 15 paired rounds -- NO ROUND CROSSED 1.00x, so the
            direction is established by the rounds themselves (two-sided sign-test
            p = 6.1e-05). Magnitude 740.93x to 2636.69x, median 2422.30x: the spread bounds
            HOW MUCH it wins by, not WHETHER it does (owner's ruling, 2026-09-19).
            A RESULT: the two arms are 2422.30x apart on the MEDIAN per-round ratio,
            clearing the 3.56x it has to beat (the larger of: per-round swing 3.56x,
            run-to-run scatter NOT MEASURED on this host). Decided by measure_util.hpp's
            difference-against-spread rule, in FACTORS because a percentage of it
            depends on which arm is the denominator; range separation is not what
            decided it.
            That clears the WITHIN-RUN half of the rule only -- nobody has measured
            this host's run-to-run scatter, and the rule wants the larger of the two.
ROW,median_k3L,1920x1080,31.033957,31.205786,31.629492,0.011878,0.012902,0.041984,0.000379,0.000413,0.001350,1,15,0.000578,0,15,0,2422.301561,3.558620,6.104e-05

 median, OpenCV 9 samples vs binCV 5 (the plus)  [1920x1080]
 cv::cuda median 3x3 square                      31.186 ms  spread    2%  [kernel]  (launch floor 0% of it)
 bincv::cuda medianWide K=5 plus                  0.030 ms  spread   88%  [kernel]  (launch floor 19% of it)
   ratio binCV/OpenCV, interleaved rounds: median 0.001x <- QUOTE THIS  (binCV 1036.12x FASTER)
                                           geomean 0.001x   per-round range 0.001-0.002x (15 rounds)
   sign test over those paired rounds: 0 favour A, 15 favour B, 0 tied -- two-sided p = 6.1e-05
   separation (a FACT, not the verdict): the two arms' sample ranges are DISJOINT
   verdict: DIRECTION ESTABLISHED, and A RESULT
            ARM B is faster in 15 of 15 paired rounds -- NO ROUND CROSSED 1.00x, so the
            direction is established by the rounds themselves (two-sided sign-test
            p = 6.1e-05). Magnitude 652.58x to 1473.70x, median 1036.12x: the spread bounds
            HOW MUCH it wins by, not WHETHER it does (owner's ruling, 2026-09-19).
            A RESULT: the two arms are 1036.12x apart on the MEDIAN per-round ratio,
            clearing the 2.26x it has to beat (the larger of: per-round swing 2.26x,
            run-to-run scatter NOT MEASURED on this host). Decided by measure_util.hpp's
            difference-against-spread rule, in FACTORS because a percentage of it
            depends on which arm is the denominator; range separation is not what
            decided it.
            That clears the WITHIN-RUN half of the rule only -- nobody has measured
            this host's run-to-run scatter, and the rule wants the larger of the two.
ROW,median_k5plus,1920x1080,31.037268,31.186328,31.691162,0.021299,0.030099,0.047718,0.000679,0.000965,0.001532,1,15,0.000898,0,15,0,1036.118132,2.258254,6.104e-05

 denoiseMedian3 against ITS OWN WRITTEN BAR -- binCV's byte
 medianWide<L> with its fast arm on. Identical operation,
 identical border, one launch each; the only variable is the
 representation. This is the implementer's stated bar and the
 cv::cuda rows above are NOT it. Climbed as a LADDER because the
 written rule decides this gate at the first size clear of the
 launch floor, and names every size below it as deciding nothing.

 denoiseMedian3 (bits) vs medianWide<L> (bytes)  [752x480]
 bincv::cuda medianWide K=3 L, bytes              0.009 ms  spread  136%  [kernel]  AT THE LAUNCH FLOOR
 bincv::cuda denoiseMedian3                       0.008 ms  spread  201%  [kernel]  AT THE LAUNCH FLOOR
   ratio binCV/OpenCV, interleaved rounds: median 0.795x <- QUOTE THIS  (binCV  1.26x FASTER)
                                           geomean 0.785x   per-round range 0.304-1.805x (15 rounds)
   sign test over those paired rounds: 4 favour A, 11 favour B, 0 tied -- two-sided p = 0.118
   separation (a FACT, not the verdict): the two arms' sample ranges OVERLAP
   verdict: NULL RESULT, which is a result
            NULL on the magnitude: the two arms are 1.26x apart on the MEDIAN per-round ratio,
            short of the 5.94x it has to beat (the larger of: per-round swing 5.94x,
            run-to-run scatter NOT MEASURED on this host). Decided by measure_util.hpp's
            difference-against-spread rule, in FACTORS because a percentage of it
            depends on which arm is the denominator; range separation is not what
            decided it.
ROW,denoise3_vs_bytebar,752x480,0.006963,0.009114,0.019354,0.005837,0.007974,0.021901,0.303902,0.795021,1.804852,0,15,0.785143,4,11,0,1.257828,5.938926,0.1185

 denoiseMedian3 (bits) vs medianWide<L> (bytes)  [1920x1080]
 bincv::cuda medianWide K=3 L, bytes              0.012 ms  spread  188%  [kernel]  (launch floor 48% of it)
 bincv::cuda denoiseMedian3                       0.006 ms  spread  164%  [kernel]  AT THE LAUNCH FLOOR
   ratio binCV/OpenCV, interleaved rounds: median 0.530x <- QUOTE THIS  (binCV  1.89x FASTER)
                                           geomean 0.522x   per-round range 0.126-1.260x (15 rounds)
   sign test over those paired rounds: 2 favour A, 13 favour B, 0 tied -- two-sided p = 0.00739
   separation (a FACT, not the verdict): the two arms' sample ranges OVERLAP
   verdict: NULL RESULT, which is a result
            NULL on the magnitude: the two arms are 1.89x apart on the MEDIAN per-round ratio,
            short of the 9.99x it has to beat (the larger of: per-round swing 9.99x,
            run-to-run scatter NOT MEASURED on this host). Decided by measure_util.hpp's
            difference-against-spread rule, in FACTORS because a percentage of it
            depends on which arm is the denominator; range separation is not what
            decided it.
ROW,denoise3_vs_bytebar,1920x1080,0.011674,0.011930,0.034099,0.004301,0.006451,0.014899,0.126126,0.530238,1.260422,0,15,0.522489,2,13,0,1.885946,9.993349,0.007385

 denoiseMedian3 (bits) vs medianWide<L> (bytes)  [4096x2160]
 bincv::cuda medianWide K=3 L, bytes              0.039 ms  spread   78%  [kernel]  (launch floor 15% of it)
 bincv::cuda denoiseMedian3                       0.007 ms  spread   52%  [kernel]  AT THE LAUNCH FLOOR
   ratio binCV/OpenCV, interleaved rounds: median 0.182x <- QUOTE THIS  (binCV  5.50x FASTER)
                                           geomean 0.178x   per-round range 0.104-0.263x (15 rounds)
   sign test over those paired rounds: 0 favour A, 15 favour B, 0 tied -- two-sided p = 6.1e-05
   separation (a FACT, not the verdict): the two arms' sample ranges are DISJOINT
   verdict: DIRECTION ESTABLISHED, and A RESULT
            ARM B is faster in 15 of 15 paired rounds -- NO ROUND CROSSED 1.00x, so the
            direction is established by the rounds themselves (two-sided sign-test
            p = 6.1e-05). Magnitude 3.80x to 9.57x, median 5.50x: the spread bounds
            HOW MUCH it wins by, not WHETHER it does (owner's ruling, 2026-09-19).
            A RESULT: the two arms are 5.50x apart on the MEDIAN per-round ratio,
            clearing the 2.52x it has to beat (the larger of: per-round swing 2.52x,
            run-to-run scatter NOT MEASURED on this host). Decided by measure_util.hpp's
            difference-against-spread rule, in FACTORS because a percentage of it
            depends on which arm is the denominator; range separation is not what
            decided it.
            That clears the WITHIN-RUN half of the rule only -- nobody has measured
            this host's run-to-run scatter, and the rule wants the larger of the two.
ROW,denoise3_vs_bytebar,4096x2160,0.038706,0.038861,0.069120,0.006496,0.007219,0.010240,0.104444,0.181893,0.263158,1,15,0.177893,0,15,0,5.497733,2.519597,6.104e-05
   cv::cuda::createMedianFilter's scratch is NOT incidental: its
   own filtering.cpp sizes the histograms at cols*256*partitions
   and cols*8*partitions CV_32S, which at 752 columns and its
   default 128 partitions is ~98 MB of device scratch for ONE
   752x480 frame. binCV's medianWide allocates ZERO scratch --
   no heap in kernels is a project rule, so the caller's two
   images are the whole working set.

 medianWide working set (wide src + wide dst + filter buffer)  [752x480]  -- METER 2 on BOTH sides (cudaMemGetInfo delta),
 each side over enough independent working sets that the meter's
 2.00 MB unit resolves, then divided by its own count.
   [meter 2] cv::cuda      792.00 MB over    8 sets =  101376.0 KB/frame  (396 units)
   [meter 2] binCV         206.00 MB over  256 sets =     824.0 KB/frame  (103 units)
   [meter 2] ROUNDING: one 2.00 MB unit is 8.0 KB/frame at 256 sets (0.97% of binCV's
             figure) and 256.0 KB/frame at 8 sets (0.25% of OpenCV's).
   ratio OpenCV/binCV = 123.029x  -- binCV is SMALLER by 123.029x.
   The OpenCV side is an UPPER BOUND: GpuMat pads its pitch, and any
   filter buffer or NPP scratch held past the call is inside this
   delta. binCV's side is cudaMalloc with nothing in between.
   NOTE: medianWide claims NO footprint advantage -- it is one
   byte per pixel on both sides. Any ratio here is GpuMat's pitch
   padding plus whatever cv::cuda::createMedianFilter holds for
   its histogram scratch, and it is NOT evidence for 1-bit
   packing. denoiseMedian3 is where this family's footprint
   result lives, and its bar is the binCV byte arm above.
MEM,median_k3L,752x480,216006656,830472192,2097152,256,8

 denoiseMedian3 (bits) vs medianWide<L> (bytes) working set  [752x480]  -- METER 2 on BOTH sides (cudaMemGetInfo delta),
 each side over enough independent working sets that the meter's
 2.00 MB unit resolves, then divided by its own count.
   [meter 2] cv::cuda      206.00 MB over  256 sets =     824.0 KB/frame  (103 units)
   [meter 2] binCV          24.00 MB over  256 sets =      96.0 KB/frame  (12 units)
   [meter 2] ROUNDING: one 2.00 MB unit is 8.0 KB/frame at 256 sets (8.33% of binCV's
             figure) and 8.0 KB/frame at 256 sets (0.97% of OpenCV's).
   ratio OpenCV/binCV = 8.583x  -- binCV is SMALLER by 8.583x.
   The OpenCV side is an UPPER BOUND: GpuMat pads its pitch, and any
   filter buffer or NPP scratch held past the call is inside this
   delta. binCV's side is cudaMalloc with nothing in between.
   Both sides of THAT pair are binCV, so the label 'OpenCV' on
   the first line reads 'binCV byte arm' here. Same meter, same
   replica count, and it is the representation's own ratio.
MEM,denoise3_vs_bytebar,752x480,25165824,216006656,2097152,256,256

=====================================================================
 4. PYRAMID -- binCV cuda::buildPyramidBox vs 3x cv::cuda::resize
    (INTER_AREA, 0.5) and 3x cv::cuda::pyrDown (cudawarping)
=====================================================================
 ROLE: 'build a three-rung half-resolution ladder on device'.
 cv::cuda::resize at INTER_AREA and scale 0.5 is the SAME FILTER as
 binCV's box -- a 2x2 average -- so that is the like-for-like arm.
 cv::cuda::pyrDown is a Gaussian 5x5 and is a DIFFERENT operation;
 it is carried because it is what a caller reaches for, and it is
 labelled as a different filter rather than quoted as the bar.
 binCV's ladder is N-BIT per rung (1,3,4,5) -- OpenCV has no N-bit
 image type, so the output arrays are not the same thing and this
 is a role comparison.
 ODD WIDTHS ARE NOT COMPARABLE: at width 753, resize's dsize is 376
 where pyrDownWidth(753) is 377. 752 is even at every rung, which is
 why the ladder is taken there.

 3-rung ladder, SAME FILTER (2x2 box / INTER_AREA 0.5)  [752x480]
 3x cv::cuda::resize INTER_AREA -> CV_8U          0.019 ms  spread   41%  [kernel]  (launch floor 30% of it)
 bincv::cuda buildPyramidBox -> N-bit             0.020 ms  spread  149%  [kernel]  (launch floor 28% of it)
   ratio binCV/OpenCV, interleaved rounds: median 0.972x <- QUOTE THIS  (binCV  1.03x FASTER)
                                           geomean 1.065x   per-round range 0.745-2.129x (15 rounds)
   sign test over those paired rounds: 7 favour A, 8 favour B, 0 tied -- two-sided p = 1
   separation (a FACT, not the verdict): the two arms' sample ranges OVERLAP
   verdict: NULL RESULT, which is a result
            NULL on the magnitude: the two arms are 1.03x apart on the MEDIAN per-round ratio,
            short of the 2.86x it has to beat (the larger of: per-round swing 2.86x,
            run-to-run scatter NOT MEASURED on this host). Decided by measure_util.hpp's
            difference-against-spread rule, in FACTORS because a percentage of it
            depends on which arm is the denominator; range separation is not what
            decided it.
ROW,pyramid_vs_resize,752x480,0.017402,0.019354,0.025293,0.015053,0.020269,0.045341,0.744939,0.972094,2.128756,0,15,1.065089,7,8,0,1.028707,2.857623,1
   host-enqueue probe (no sync, wall clock per call):
     3x cv::cuda::resize                          0.0147 ms enqueue vs  0.0194 ms event  -> MIXED: host dispatch is a large share of the bracket
     bincv::cuda buildPyramidBox                  0.0149 ms enqueue vs  0.0203 ms event  -> MIXED: host dispatch is a large share of the bracket
ENQ,pyramid_vs_resize,752x480,0.014727,0.019354,0.014895,0.020269

 3-rung ladder, DIFFERENT FILTER (Gaussian 5x5) -- reference only  [752x480]
 3x cv::cuda::pyrDown -> CV_8U                    0.020 ms  spread  105%  [kernel]  (launch floor 29% of it)
 bincv::cuda buildPyramidBox -> N-bit             0.019 ms  spread   74%  [kernel]  (launch floor 30% of it)
   ratio binCV/OpenCV, interleaved rounds: median 0.936x <- QUOTE THIS  (binCV  1.07x FASTER)
                                           geomean 0.945x   per-round range 0.484-1.456x (15 rounds)
   sign test over those paired rounds: 6 favour A, 9 favour B, 0 tied -- two-sided p = 0.607
   separation (a FACT, not the verdict): the two arms' sample ranges OVERLAP
   verdict: NULL RESULT, which is a result
            NULL on the magnitude: the two arms are 1.07x apart on the MEDIAN per-round ratio,
            short of the 3.01x it has to beat (the larger of: per-round swing 3.01x,
            run-to-run scatter NOT MEASURED on this host). Decided by measure_util.hpp's
            difference-against-spread rule, in FACTORS because a percentage of it
            depends on which arm is the denominator; range separation is not what
            decided it.
ROW,pyramid_vs_pyrdown,752x480,0.018134,0.019866,0.038906,0.016381,0.018944,0.030410,0.483879,0.935537,1.455729,0,15,0.944858,6,9,0,1.068905,3.008458,0.6072

 4-level ladder, all rungs resident  [752x480]  -- METER 2 on BOTH sides (cudaMemGetInfo delta),
 each side over enough independent working sets that the meter's
 2.00 MB unit resolves, then divided by its own count.
   [meter 2] cv::cuda      172.00 MB over  256 sets =     688.0 KB/frame  (86 units)
   [meter 2] binCV          24.00 MB over  256 sets =      96.0 KB/frame  (12 units)
   [meter 2] ROUNDING: one 2.00 MB unit is 8.0 KB/frame at 256 sets (8.33% of binCV's
             figure) and 8.0 KB/frame at 256 sets (1.16% of OpenCV's).
   ratio OpenCV/binCV = 7.167x  -- binCV is SMALLER by 7.167x.
   The OpenCV side is an UPPER BOUND: GpuMat pads its pitch, and any
   filter buffer or NPP scratch held past the call is inside this
   delta. binCV's side is cudaMalloc with nothing in between.
MEM,pyramid,752x480,25165824,180355072,2097152,256,256

=====================================================================
 5. EDGE THRESHOLD -- binCV cuda::edgeThreshold vs the composed
    cv::cuda spelling (createDerivFilter x2 + abs + add + threshold)
=====================================================================
 ROLE: 'central-difference gradient magnitude, thresholded, on
 device'. There is no single cv::cuda call for it, so the bar is the
 composed spelling a caller would actually write. createDerivFilter
 at ksize=1 with normalize=false gives getDerivKernels' exact
 [-1,0,1] -- the same computation -- and defaults to
 BORDER_REFLECT_101, which is binCV's border here.
 createLinearFilter cannot be used: it asserts dst depth == src
 depth, and a signed derivative of CV_8U needs CV_16S.
 The chain is separable, so it is SEVERAL launches against binCV's
 one, and the launch count is derived from the API's structure --
 no profiler runs on this host to count them directly.

 edge map, |dx| max |dy| >= 17  [752x480]
 composed cv::cuda chain -> CV_16S                0.058 ms  spread  120%  [kernel]  (launch floor 10% of it)
 bincv::cuda edgeThreshold -> bits                0.008 ms  spread   37%  [kernel]  AT THE LAUNCH FLOOR
   ratio binCV/OpenCV, interleaved rounds: median 0.134x <- QUOTE THIS  (binCV  7.47x FASTER)
                                           geomean 0.126x   per-round range 0.062-0.169x (15 rounds)
   sign test over those paired rounds: 0 favour A, 15 favour B, 0 tied -- two-sided p = 6.1e-05
   separation (a FACT, not the verdict): the two arms' sample ranges are DISJOINT
   verdict: DIRECTION ESTABLISHED, and A RESULT
            ARM B is faster in 15 of 15 paired rounds -- NO ROUND CROSSED 1.00x, so the
            direction is established by the rounds themselves (two-sided sign-test
            p = 6.1e-05). Magnitude 5.93x to 16.16x, median 7.47x: the spread bounds
            HOW MUCH it wins by, not WHETHER it does (owner's ruling, 2026-09-19).
            A RESULT: the two arms are 7.47x apart on the MEDIAN per-round ratio,
            clearing the 2.73x it has to beat (the larger of: per-round swing 2.73x,
            run-to-run scatter NOT MEASURED on this host). Decided by measure_util.hpp's
            difference-against-spread rule, in FACTORS because a percentage of it
            depends on which arm is the denominator; range separation is not what
            decided it.
            That clears the WITHIN-RUN half of the rule only -- nobody has measured
            this host's run-to-run scatter, and the rule wants the larger of the two.
ROW,edge,752x480,0.053862,0.058368,0.124077,0.006912,0.007578,0.009728,0.061897,0.133816,0.168739,1,15,0.125918,0,15,0,7.472973,2.726117,6.104e-05
   host-enqueue probe (no sync, wall clock per call):
     composed cv::cuda chain                      0.0416 ms enqueue vs  0.0584 ms event  -> MIXED: host dispatch is a large share of the bracket
     bincv::cuda edgeThreshold                    0.0049 ms enqueue vs  0.0076 ms event  -> MIXED: host dispatch is a large share of the bracket
ENQ,edge,752x480,0.041605,0.058368,0.004899,0.007578

 edge map, |dx| max |dy| >= 17  [1920x1080]
 composed cv::cuda chain -> CV_16S                0.180 ms  spread   42%  [kernel]  (launch floor 3% of it)
 bincv::cuda edgeThreshold -> bits                0.016 ms  spread  121%  [kernel]  (launch floor 35% of it)
   ratio binCV/OpenCV, interleaved rounds: median 0.091x <- QUOTE THIS  (binCV 11.00x FASTER)
                                           geomean 0.095x   per-round range 0.069-0.169x (15 rounds)
   sign test over those paired rounds: 0 favour A, 15 favour B, 0 tied -- two-sided p = 6.1e-05
   separation (a FACT, not the verdict): the two arms' sample ranges are DISJOINT
   verdict: DIRECTION ESTABLISHED, and A RESULT
            ARM B is faster in 15 of 15 paired rounds -- NO ROUND CROSSED 1.00x, so the
            direction is established by the rounds themselves (two-sided sign-test
            p = 6.1e-05). Magnitude 5.90x to 14.42x, median 11.00x: the spread bounds
            HOW MUCH it wins by, not WHETHER it does (owner's ruling, 2026-09-19).
            A RESULT: the two arms are 11.00x apart on the MEDIAN per-round ratio,
            clearing the 2.44x it has to beat (the larger of: per-round swing 2.44x,
            run-to-run scatter NOT MEASURED on this host). Decided by measure_util.hpp's
            difference-against-spread rule, in FACTORS because a percentage of it
            depends on which arm is the denominator; range separation is not what
            decided it.
            That clears the WITHIN-RUN half of the rule only -- nobody has measured
            this host's run-to-run scatter, and the rule wants the larger of the two.
ROW,edge,1920x1080,0.178483,0.179917,0.253440,0.016128,0.016333,0.035888,0.069353,0.090935,0.169398,1,15,0.094596,0,15,0,10.996865,2.442559,6.104e-05
   host-enqueue probe (no sync, wall clock per call):
     composed cv::cuda chain                      0.0409 ms enqueue vs  0.1799 ms event  -> kernel-bound: the host feeds the device faster than it drains
     bincv::cuda edgeThreshold                    0.0059 ms enqueue vs  0.0163 ms event  -> kernel-bound: the host feeds the device faster than it drains
ENQ,edge,1920x1080,0.040866,0.179917,0.005863,0.016333

 edge working set (every intermediate the chain needs)  [752x480]  -- METER 2 on BOTH sides (cudaMemGetInfo delta),
 each side over enough independent working sets that the meter's
 2.00 MB unit resolves, then divided by its own count.
   [meter 2] cv::cuda      640.00 MB over   64 sets =   10240.0 KB/frame  (320 units)
   [meter 2] binCV         104.00 MB over  256 sets =     416.0 KB/frame  (52 units)
   [meter 2] ROUNDING: one 2.00 MB unit is 8.0 KB/frame at 256 sets (1.92% of binCV's
             figure) and 32.0 KB/frame at 64 sets (0.31% of OpenCV's).
   ratio OpenCV/binCV = 24.615x  -- binCV is SMALLER by 24.615x.
   The OpenCV side is an UPPER BOUND: GpuMat pads its pitch, and any
   filter buffer or NPP scratch held past the call is inside this
   delta. binCV's side is cudaMalloc with nothing in between.
MEM,edge,752x480,109051904,671088640,2097152,256,64

=====================================================================
 6. NO BAR EXISTS -- verdict OUTSTANDING (owner ruling R2)
=====================================================================
 These ops have NO cv::cuda counterpart at any API level. Under R2
 they ship on correctness + memory + the host comparison, with the
 GPU speed verdict recorded explicitly as OUTSTANDING against the
 resident pipeline that will later price them. No substitute bar is
 invented here and no CPU number is quoted as a GPU bar.

   cuda::binarize     N-plane bit-sliced source -> bits. OpenCV has
                      no N-bit image type on host or device, so there
                      is nothing to compare the input side against.
                      SPEED VERDICT: OUTSTANDING.
   cuda::shift        integer translation of a packed bit plane. The
                      byte side's actual alternative is a pitched DMA
                      (cudaMemcpy2D), not a kernel -- timed below as
                      a reference, not as a bar, because binCV's one
                      funnel-shift instruction is being compared
                      against ZERO instructions on a copy engine.
                      SPEED VERDICT: OUTSTANDING.
   cuda::pyrDownBox   the N-bit rung itself (the LADDER has a role
                      bar above; the per-rung N-bit requantize does
                      not). SPEED VERDICT: OUTSTANDING.

 shift, REFERENCE ONLY (not a bar -- a DMA against a kernel):
 cudaMemcpy2DAsync ROI, bytes (copy engine)       0.011 ms  spread   97%  [kernel]  AT THE LAUNCH FLOOR
 bincv::cuda::shift dx=8, bits (one kernel)       0.011 ms  spread   47%  [kernel]  AT THE LAUNCH FLOOR
   ratio binCV/DMA: 0.994x   range 0.424-1.859x   OVERLAP
ROW,shift_vs_dma,752x480,0.005205,0.010650,0.015565,0.006605,0.010997,0.011827,0.424342,0.994279,1.859207,0,15,0.979742,6,8,1,1.005754,4.381387,0.7905

=====================================================================
 7. DENSE DISPARITY -- binCV binary path vs cv::cuda::StereoBM
=====================================================================
 ROLE: 'a dense disparity map from a rectified pair, resident on
 device'. StereoBM matches SAD over prefiltered bytes; binCV matches
 Hamming over packed binary. Different maps -- correctness is settled
 against the host library by the test suite, not here.
 RE-TAKEN HERE because this backend's shipped report quotes this
 comparison from a DEFAULT-STREAM measurement, and StereoBM calls
 cudaDeviceSynchronize() on the null stream in each of its three
 kernels (cudastereo/src/cuda/stereobm.cu). Both sides now run on
 one explicit stream, where neither synchronizes.

 dense disparity, 64 disparities, 9x9 support  [752x480]
 cv::cuda::StereoBM(64, 9)                        0.703 ms  spread    6%  [kernel]  (launch floor 1% of it)
 bincv::cuda denseDisparityBinary                 0.064 ms  spread   13%  [kernel]  (launch floor 9% of it)
   ratio binCV/OpenCV, interleaved rounds: median 0.094x <- QUOTE THIS  (binCV 10.59x FASTER)
                                           geomean 0.094x   per-round range 0.089-0.100x (15 rounds)
   sign test over those paired rounds: 0 favour A, 15 favour B, 0 tied -- two-sided p = 6.1e-05
   separation (a FACT, not the verdict): the two arms' sample ranges are DISJOINT
   verdict: DIRECTION ESTABLISHED, and A RESULT
            ARM B is faster in 15 of 15 paired rounds -- NO ROUND CROSSED 1.00x, so the
            direction is established by the rounds themselves (two-sided sign-test
            p = 6.1e-05). Magnitude 9.99x to 11.26x, median 10.59x: the spread bounds
            HOW MUCH it wins by, not WHETHER it does (owner's ruling, 2026-09-19).
            A RESULT: the two arms are 10.59x apart on the MEDIAN per-round ratio,
            clearing the 1.13x it has to beat (the larger of: per-round swing 1.13x,
            run-to-run scatter NOT MEASURED on this host). Decided by measure_util.hpp's
            difference-against-spread rule, in FACTORS because a percentage of it
            depends on which arm is the denominator; range separation is not what
            decided it.
            That clears the WITHIN-RUN half of the rule only -- nobody has measured
            this host's run-to-run scatter, and the rule wants the larger of the two.
ROW,stereo_binary,752x480,0.675005,0.702566,0.717312,0.063296,0.064307,0.071549,0.088785,0.094385,0.100132,1,15,0.093813,0,15,0,10.594943,1.127806,6.104e-05
   host-enqueue probe (no sync, wall clock per call):
     cv::cuda::StereoBM                           0.6508 ms enqueue vs  0.7026 ms event  -> DISPATCH-BOUND: the event bracket is timing the API call
     bincv denseDisparityBinary                   0.0132 ms enqueue vs  0.0643 ms event  -> kernel-bound: the host feeds the device faster than it drains
ENQ,stereo_binary,752x480,0.650825,0.702566,0.013200,0.064307
   single-call GPU time (device drained either side -- separates the
   kernel from the API for a dispatch-bound arm):
     cv::cuda::StereoBM                           0.6369 ms solo vs  0.7026 ms batched
     bincv denseDisparityBinary                   0.0645 ms solo vs  0.0643 ms batched
SOLO,stereo_binary,752x480,0.636928,0.702566,0.064512,0.064307

   THE SAME cv::cuda::StereoBM ON THE DEFAULT STREAM: 0.7300 ms
   against 0.7026 ms on an explicit stream -- a 1.04x difference that
   is the API's three null-stream cudaDeviceSynchronize calls, not
   the kernel. The explicit-stream number is the bar, because the
   bar is the BEST existing option and a pipeline uses streams.
SYNC,stereobm_default_stream,752x480,0.729978,0.702566

---------------------------------------------------------------
 7b. MEMORY -- THE THREE WORKING SETS, ONE REGION, ONE METER,
     ONE REPLICA COUNT, THIS PROCESS
---------------------------------------------------------------
 Meter 2 (cudaMemGetInfo delta) on all three, 256 replicas each,
 every set held until its delta is read. Region: 752x480, 64
 disparities, 9x9 support -- the same region section 7 timed.

   one meter unit = 2.00 MB = 8.0 KB/frame at 256 replicas
   binCV BINARY entry                       112.00 MB / 256 =    448.0 KB/frame  (  56 units, rounding 1.79%)  2 bit planes + map
     CONVERGENCE, on the smallest of the three: the same set reads 448.0 KB/frame
     at 64 replicas against 448.0 KB/frame at 256 -- 1.0000x. It has stopped moving, so the count is high enough.
   binCV CENSUS entry                      1126.00 MB / 256 =   4504.0 KB/frame  ( 563 units, rounding 0.18%)  2 wide + 2 descriptors + map
   cv::cuda::StereoBM(64,9) synthetic       768.00 MB / 256 =   3072.0 KB/frame  ( 384 units, rounding 0.26%)  UPPER reading
   [meter 1, binCV context only, never a cross-library numerator] binary
   entry allocation sum = 442.5 KB. Meter 1 and meter 2 do not divide.
   CONTENT DEPENDENCE: NOT CHECKED -- no real sequence blob was pointed at
   BINCV_CUDA_ROLE_FRAMES, so only the synthetic reading exists and it is
   quoted as such.
   BINARY entry vs StereoBM: 6.857x -- binCV SMALLER by 6.857x (448.0 KB against 3072.0 KB).
   CENSUS entry vs StereoBM: 0.682x -- StereoBM SMALLER by 1.466x (4504.0 KB against 3072.0 KB).
   Both ratios are LOWER BOUNDS on binCV's side and UPPER readings on
   StereoBM's, for the reason stated above: GpuMat may pool and pads its
   pitch; binCV has nothing between the op and cudaMalloc.
MEM,stereo_binary_vs_stereobm,752x480,117440512,805306368,2097152,256,256
MEM,stereo_census_vs_stereobm,752x480,1180696576,805306368,2097152,256,256
MEM3,stereo_one_region,752x480,117440512,1180696576,805306368,0,2097152,256

=====================================================================
 8. THE DEFAULT-STREAM SURCHARGE -- why every row above runs on an
    EXPLICIT stream, measured rather than asserted
=====================================================================
 OpenCV's CUDA modules call cudaDeviceSynchronize() after a launch
 WHEN AND ONLY WHEN the stream is the null stream. It is not one
 function: the guard

     if (stream == 0) cudaSafeCall( cudaDeviceSynchronize() );

 appears in cudev's grid transform (which backs cudaarithm's
 threshold, abs and max), in cudafilters' morphology, linear and
 median filters, in cudawarping's resize and pyrDown, and three
 times in cudastereo's StereoBM.

 CONSEQUENCE FOR A BENCHMARK. On the default stream an OpenCV arm
 cannot pipeline across a batch of enqueues while binCV's arm can,
 so an event bracket over N calls measures N serialized round trips
 on one side and N pipelined launches on the other. That is not a
 kernel-to-kernel comparison, and the difference is not small.

 WHICH NUMBER IS THE BAR. The explicit-stream one. CLAUDE.md says the
 bar is the BEST existing option, not the worst; a resident pipeline
 uses streams, and OpenCV supports them on every call measured here.
 Quoting the default-stream number would be measuring against a
 fallback nobody would use. The default-stream figure is reported
 beside it as what a naive caller pays, and labelled as that.

 call                                              default   explicit    ratio
 cv::cuda::threshold (cudaarithm / cudev)         0.0561 ms   0.0093 ms    6.02x  (ranges OVERLAP)
STREAMCOST,cv::cuda::threshold (cudaarithm / cudev),0.051307,0.056101,0.193126,0.006747,0.009325,0.099379,0
 cv::cuda erode 3x3 (cudafilters)                 0.1757 ms   0.1275 ms    1.38x  (ranges OVERLAP)
STREAMCOST,cv::cuda erode 3x3 (cudafilters),0.125901,0.175683,0.213402,0.102298,0.127539,0.290510,0
 cv::cuda::resize INTER_AREA 0.5 (cudawarping)    0.0593 ms   0.0068 ms    8.77x  (ranges DISJOINT)
STREAMCOST,cv::cuda::resize INTER_AREA 0.5 (cudawarping),0.038912,0.059290,0.174606,0.006384,0.006758,0.012493,1
 cv::cuda::pyrDown (cudawarping)                  0.0477 ms   0.0093 ms    5.12x  (ranges DISJOINT)
STREAMCOST,cv::cuda::pyrDown (cudawarping),0.041403,0.047674,0.138598,0.007219,0.009318,0.018534,1
 cv::cuda median 3x3 (cudafilters) -- a 6 ms kernel   5.7215 ms   5.6602 ms    1.01x  (ranges OVERLAP)
STREAMCOST,cv::cuda median 3x3 (cudafilters) -- a 6 ms kernel,5.704907,5.721453,5.753190,5.640739,5.660160,5.723648,0
 CONTROL: binCV cuda::threshold (no such guard anywhere)   0.0065 ms   0.0067 ms    0.97x  (ranges OVERLAP)
STREAMCOST,CONTROL: binCV cuda::threshold (no such guard anywhere),0.004710,0.006542,0.009677,0.005478,0.006725,0.014490,0
 CONTROL: binCV cuda::erode 3x3 (no such guard anywhere)   0.0061 ms   0.0063 ms    0.97x  (ranges OVERLAP)
STREAMCOST,CONTROL: binCV cuda::erode 3x3 (no such guard anywhere),0.005682,0.006094,0.015718,0.005730,0.006298,0.007475,0

 HOW TO READ THIS TABLE, and the last row is what makes it
 readable. binCV has NO null-stream guard anywhere, so its row is
 the control: whatever ratio IT shows is the legacy default stream's
 own per-launch tax, which every arm on that stream pays -- the
 legacy stream implicitly synchronizes with every other blocking
 stream in the process, and one exists here. Only the EXCESS over
 the control is attributable to OpenCV's cudaDeviceSynchronize.

 AND THE SIZE OF THE EFFECT DEPENDS ON THE KERNEL, which is the
 conclusion that actually matters for this report: a synchronize
 costs roughly one launch latency, so it is most of the measurement
 for an op sitting near the launch floor and almost none of it for
 an op that runs for a millisecond. Expect threshold, resize and
 median to move a lot and StereoBM to barely move at all -- and
 check that against the rows above rather than taking it on trust.

=====================================================================
 ROUND 2 -- the pipeline role bars. INPUT, stated once for all of
 them: binCV's own sensor stage output at 752x480 -- medianWide<3>
 then edgeThreshold(17) -- 82.67% of pixels set. OpenCV reads the
 identical bits as a CV_8U {0,255} picture.
 FRAME SOURCE: synthetic smoothed noise (NOT representative content)
=====================================================================
FRAMESRC,synthetic smoothed noise (NOT representative content),82.6695

=====================================================================
 9. FAST -- binCV cuda::detectFastAsync vs cv::cuda::FastFeatureDetector
=====================================================================
 THE AUTHOR'S OWN RULE, not restated more kindly: required >= 1.00x
 kernel-resident, both sides one explicit stream, with the corner-set
 agreement gate passing first. The '>= 2.00x target' the design
 carried was deleted by its own author as underived; what ratio ships
 the claim UNQUALIFIED remains an open owner question, and nothing
 here fills it in.
 The capped arm is carried beside the shipped one because the family
 located its shortfall in the single-block raster sort rather than in
 the ring algebra, and a serial pass has to be able to check that.

 CORNER-SET AGREEMENT GATE (runs before any timing): binCV 32768 (found 34143, capacity 32768, *** TRUNCATED ***), OpenCV 32768 keypoints -- *** SETS DIFFER -- ratios below are NOT like-for-like ***
GATE,fast_corner_sets,752x480,32768,32768,0

 FAST corners, binary frame vs CV_8U picture  [752x480]
 cv::cuda::FastFeatureDetector (nms off)          0.122 ms  spread   67%  [kernel]  (launch floor 5% of it)
 bincv::cuda::detectFastAsync                     0.028 ms  spread  262%  [kernel]  (launch floor 21% of it)
   ratio binCV/OpenCV, interleaved rounds: median 0.173x <- QUOTE THIS  (binCV  5.77x FASTER)
                                           geomean 0.222x   per-round range 0.110-0.541x (15 rounds)
   sign test over those paired rounds: 0 favour A, 15 favour B, 0 tied -- two-sided p = 6.1e-05
   separation (a FACT, not the verdict): the two arms' sample ranges are DISJOINT
   verdict: DIRECTION ESTABLISHED, and A RESULT
            ARM B is faster in 15 of 15 paired rounds -- NO ROUND CROSSED 1.00x, so the
            direction is established by the rounds themselves (two-sided sign-test
            p = 6.1e-05). Magnitude 1.85x to 9.05x, median 5.77x: the spread bounds
            HOW MUCH it wins by, not WHETHER it does (owner's ruling, 2026-09-19).
            A RESULT: the two arms are 5.77x apart on the MEDIAN per-round ratio,
            clearing the 4.89x it has to beat (the larger of: per-round swing 4.89x,
            run-to-run scatter NOT MEASURED on this host). Decided by measure_util.hpp's
            difference-against-spread rule, in FACTORS because a percentage of it
            depends on which arm is the denominator; range separation is not what
            decided it.
            That clears the WITHIN-RUN half of the rule only -- nobody has measured
            this host's run-to-run scatter, and the rule wants the larger of the two.
   RULE: required <= 1.000x (binCV at or faster than parity) -> MET
ROW,fast,752x480,0.116736,0.122064,0.199066,0.019866,0.027824,0.092877,0.110493,0.173435,0.540722,1,15,0.221831,0,15,0,5.765854,4.893701,6.104e-05
   host-enqueue probe (no sync, wall clock per call):
     cv::cuda::FastFeatureDetector                0.1223 ms enqueue vs  0.1221 ms event  -> DISPATCH-BOUND: the event bracket is timing the API call
     bincv::cuda::detectFastAsync                 0.0124 ms enqueue vs  0.0278 ms event  -> MIXED: host dispatch is a large share of the bracket
ENQ,fast,752x480,0.122269,0.122064,0.012391,0.027824

 FAST, binCV CAPPED at 512 stored -- the DETECTOR without most of
 the sort. An UPPER BOUND on detection alone, so the conclusion is
 safe in the direction it is used  [752x480]
 cv::cuda::FastFeatureDetector (nms off)          0.120 ms  spread   66%  [kernel]  (launch floor 5% of it)
 bincv::cuda::detectFastAsync, capacity 512       0.021 ms  spread   81%  [kernel]  (launch floor 28% of it)
   ratio binCV/OpenCV, interleaved rounds: median 0.157x <- QUOTE THIS  (binCV  6.36x FASTER)
                                           geomean 0.167x   per-round range 0.104-0.287x (15 rounds)
   sign test over those paired rounds: 0 favour A, 15 favour B, 0 tied -- two-sided p = 6.1e-05
   separation (a FACT, not the verdict): the two arms' sample ranges are DISJOINT
   verdict: DIRECTION ESTABLISHED, and A RESULT
            ARM B is faster in 15 of 15 paired rounds -- NO ROUND CROSSED 1.00x, so the
            direction is established by the rounds themselves (two-sided sign-test
            p = 6.1e-05). Magnitude 3.49x to 9.61x, median 6.36x: the spread bounds
            HOW MUCH it wins by, not WHETHER it does (owner's ruling, 2026-09-19).
            A RESULT: the two arms are 6.36x apart on the MEDIAN per-round ratio,
            clearing the 2.76x it has to beat (the larger of: per-round swing 2.76x,
            run-to-run scatter NOT MEASURED on this host). Decided by measure_util.hpp's
            difference-against-spread rule, in FACTORS because a percentage of it
            depends on which arm is the denominator; range separation is not what
            decided it.
            That clears the WITHIN-RUN half of the rule only -- nobody has measured
            this host's run-to-run scatter, and the rule wants the larger of the two.
ROW,fast_capped512,752x480,0.117622,0.120310,0.197558,0.017482,0.020557,0.034090,0.104054,0.157271,0.286741,1,15,0.167081,0,15,0,6.358449,2.755686,6.104e-05

 FAST working set, capacity 32768 (record 12 B, scratch 380 B)  [752x480]  -- METER 2 on BOTH sides (cudaMemGetInfo delta),
 each side over enough independent working sets that the meter's
 2.00 MB unit resolves, then divided by its own count.
   [meter 2] cv::cuda      192.00 MB over  256 sets =     768.0 KB/frame  (96 units)
   [meter 2] binCV         108.00 MB over  256 sets =     432.0 KB/frame  (54 units)
   [meter 2] ROUNDING: one 2.00 MB unit is 8.0 KB/frame at 256 sets (1.85% of binCV's
             figure) and 8.0 KB/frame at 256 sets (1.04% of OpenCV's).
   ratio OpenCV/binCV = 1.778x  -- binCV is SMALLER by 1.778x.
   The OpenCV side is an UPPER BOUND: GpuMat pads its pitch, and any
   filter buffer or NPP scratch held past the call is inside this
   delta. binCV's side is cudaMalloc with nothing in between.
MEM,fast,752x480,113246208,201326592,2097152,256,256

=====================================================================
 10. goodFeaturesToTrack -- binCV device-resident selection vs
     cv::cuda::createGoodFeaturesToTrackDetector (cudaimgproc)
=====================================================================
 WALL CLOCK ON BOTH SIDES, and the reason is on OpenCV's side: at
 minDistance >= 1 its detect() DOWNLOADS the sorted candidate list,
 runs the spacing filter on the HOST and uploads the survivors
 (cudaimgproc/src/gftt.cpp). A CUDA-event clock would exclude that
 pass and flatter OpenCV. binCV's selection never leaves the device.
 THE SPEED BAR FOR THIS OP WAS NOT WRITABLE -- its author escalated
 it rather than deriving a number from a host CPU ratio, and this
 binary does not invent one either. The ratio is reported; the
 verdict is the owner's.

 goodFeaturesToTrack -- WALL CLOCK both sides, OpenCV's host
 round trip INSIDE its arm because a caller pays it  [752x480 WALL]
 cv::cuda gftt (downloads, spaces on host, uploads)     3.424 ms  spread  286%  [kernel]  (launch floor 0% of it)
 bincv::cuda::goodFeaturesToTrackAsync (never leaves device)     0.391 ms  spread   50%  [kernel]  (launch floor 1% of it)
   ratio binCV/OpenCV, interleaved rounds: median 0.113x <- QUOTE THIS  (binCV  8.86x FASTER)
                                           geomean 0.094x   per-round range 0.030-0.165x (15 rounds)
   sign test over those paired rounds: 0 favour A, 15 favour B, 0 tied -- two-sided p = 6.1e-05
   separation (a FACT, not the verdict): the two arms' sample ranges are DISJOINT
   verdict: DIRECTION ESTABLISHED, and A RESULT
            ARM B is faster in 15 of 15 paired rounds -- NO ROUND CROSSED 1.00x, so the
            direction is established by the rounds themselves (two-sided sign-test
            p = 6.1e-05). Magnitude 6.06x to 33.12x, median 8.86x: the spread bounds
            HOW MUCH it wins by, not WHETHER it does (owner's ruling, 2026-09-19).
            A RESULT: the two arms are 8.86x apart on the MEDIAN per-round ratio,
            clearing the 5.46x it has to beat (the larger of: per-round swing 5.46x,
            run-to-run scatter NOT MEASURED on this host). Decided by measure_util.hpp's
            difference-against-spread rule, in FACTORS because a percentage of it
            depends on which arm is the denominator; range separation is not what
            decided it.
            That clears the WITHIN-RUN half of the rule only -- nobody has measured
            this host's run-to-run scatter, and the rule wants the larger of the two.
ROW,gftt_wall,752x480,3.150921,3.423938,12.933380,0.362317,0.390531,0.557017,0.030195,0.112813,0.164976,1,15,0.093668,0,15,0,8.864215,5.463695,6.104e-05
   corners: binCV 200 (ranked 32768, truncated 1, pool overflow 0) vs OpenCV 200.
   NOT A GATE and not an equality: the two run different spacing
   rules over different responses. It is here so the ratio above is
   read against a known workload.
GATE,gftt_counts,752x480,200,200,0

 goodFeaturesToTrack working set (FUSED arm: no frame-sized
 float map exists at all on binCV's side)  [752x480]  -- METER 2 on BOTH sides (cudaMemGetInfo delta),
 each side over enough independent working sets that the meter's
 2.00 MB unit resolves, then divided by its own count.
   [meter 2] cv::cuda      160.00 MB over   16 sets =   10240.0 KB/frame  (80 units)
   [meter 2] binCV          30.00 MB over   16 sets =    1920.0 KB/frame  (15 units)
   [meter 2] ROUNDING: one 2.00 MB unit is 128.0 KB/frame at 16 sets (6.67% of binCV's
             figure) and 128.0 KB/frame at 16 sets (1.25% of OpenCV's).
   ratio OpenCV/binCV = 5.333x  -- binCV is SMALLER by 5.333x.
   The OpenCV side is an UPPER BOUND: GpuMat pads its pitch, and any
   filter buffer or NPP scratch held past the call is inside this
   delta. binCV's side is cudaMalloc with nothing in between.
MEM,gftt,752x480,31457280,167772160,2097152,16,16

=====================================================================
 11. CORNER RESPONSE -- binCV cuda::cornerMinEigenValAsync vs
     cv::cuda::createMinEigenValCorner AND createHarrisCorner
=====================================================================
 TWO DENOMINATORS, AND THEY ARE NOT INTERCHANGEABLE. binCV's op
 computes the MINIMUM EIGENVALUE of the gradient covariance, so
 createMinEigenValCorner is the like-for-like counterpart and is the
 bar. createHarrisCorner computes a DIFFERENT response (det - k*tr^2)
 over the same covariance and is timed beside it as context -- the
 task named it, and the honest thing is to run it and say plainly
 that it answers a different question, not to quietly substitute it
 for the one that matches.
 BOTH OpenCV arms read the CV_8U picture and internally run a Sobel;
 binCV reads four TERNARY BIT PLANES that already exist in the
 pipeline. That is a role comparison, not an equality, and the
 asymmetry is stated rather than folded into the ratio.

 min-eigenvalue response map, blockSize 3 -- THE BAR  [752x480]
 cv::cuda::createMinEigenValCorner                0.052 ms  spread   65%  [kernel]  (launch floor 11% of it)
 bincv::cuda::cornerMinEigenValAsync              0.020 ms  spread   25%  [kernel]  (launch floor 29% of it)
   ratio binCV/OpenCV, interleaved rounds: median 0.385x <- QUOTE THIS  (binCV  2.60x FASTER)
                                           geomean 0.367x   per-round range 0.235-0.466x (15 rounds)
   sign test over those paired rounds: 0 favour A, 15 favour B, 0 tied -- two-sided p = 6.1e-05
   separation (a FACT, not the verdict): the two arms' sample ranges are DISJOINT
   verdict: DIRECTION ESTABLISHED, and A RESULT
            ARM B is faster in 15 of 15 paired rounds -- NO ROUND CROSSED 1.00x, so the
            direction is established by the rounds themselves (two-sided sign-test
            p = 6.1e-05). Magnitude 2.14x to 4.26x, median 2.60x: the spread bounds
            HOW MUCH it wins by, not WHETHER it does (owner's ruling, 2026-09-19).
            A RESULT: the two arms are 2.60x apart on the MEDIAN per-round ratio,
            clearing the 1.99x it has to beat (the larger of: per-round swing 1.99x,
            run-to-run scatter NOT MEASURED on this host). Decided by measure_util.hpp's
            difference-against-spread rule, in FACTORS because a percentage of it
            depends on which arm is the denominator; range separation is not what
            decided it.
            That clears the WITHIN-RUN half of the rule only -- nobody has measured
            this host's run-to-run scatter, and the rule wants the larger of the two.
ROW,cornerresp_mineigen,752x480,0.051302,0.052122,0.085299,0.019814,0.020158,0.024883,0.234694,0.385075,0.466411,1,15,0.367421,0,15,0,2.596899,1.987315,6.104e-05
   host-enqueue probe (no sync, wall clock per call):
     cv::cuda minEigenVal                         0.0257 ms enqueue vs  0.0521 ms event  -> MIXED: host dispatch is a large share of the bracket
     bincv::cuda::cornerMinEigenValAsync          0.0050 ms enqueue vs  0.0202 ms event  -> kernel-bound: the host feeds the device faster than it drains
ENQ,cornerresp_mineigen,752x480,0.025746,0.052122,0.005002,0.020158

 createHarrisCorner beside it -- CONTEXT, a DIFFERENT response
 function over the same covariance, not binCV's counterpart  [752x480]
 cv::cuda::createHarrisCorner (k = 0.04)          0.051 ms  spread   56%  [kernel]  (launch floor 11% of it)
 bincv::cuda::cornerMinEigenValAsync              0.020 ms  spread   17%  [kernel]  (launch floor 29% of it)
   ratio binCV/OpenCV, interleaved rounds: median 0.391x <- QUOTE THIS  (binCV  2.56x FASTER)
                                           geomean 0.359x   per-round range 0.254-0.437x (15 rounds)
   sign test over those paired rounds: 0 favour A, 15 favour B, 0 tied -- two-sided p = 6.1e-05
   separation (a FACT, not the verdict): the two arms' sample ranges are DISJOINT
   verdict: DIRECTION ESTABLISHED, and A RESULT
            ARM B is faster in 15 of 15 paired rounds -- NO ROUND CROSSED 1.00x, so the
            direction is established by the rounds themselves (two-sided sign-test
            p = 6.1e-05). Magnitude 2.29x to 3.94x, median 2.56x: the spread bounds
            HOW MUCH it wins by, not WHETHER it does (owner's ruling, 2026-09-19).
            A RESULT: the two arms are 2.56x apart on the MEDIAN per-round ratio,
            clearing the 1.72x it has to beat (the larger of: per-round swing 1.72x,
            run-to-run scatter NOT MEASURED on this host). Decided by measure_util.hpp's
            difference-against-spread rule, in FACTORS because a percentage of it
            depends on which arm is the denominator; range separation is not what
            decided it.
            That clears the WITHIN-RUN half of the rule only -- nobody has measured
            this host's run-to-run scatter, and the rule wants the larger of the two.
ROW,cornerresp_harris_context,752x480,0.050584,0.051245,0.079309,0.019858,0.019968,0.023194,0.253712,0.390688,0.437259,1,15,0.358967,0,15,0,2.559590,1.723445,6.104e-05

 corner response working set (four bit planes + one float map
 vs one byte picture + OpenCV's Sobel intermediates + one map)  [752x480]  -- METER 2 on BOTH sides (cudaMemGetInfo delta),
 each side over enough independent working sets that the meter's
 2.00 MB unit resolves, then divided by its own count.
   [meter 2] cv::cuda      160.00 MB over   16 sets =   10240.0 KB/frame  (80 units)
   [meter 2] binCV          32.00 MB over   16 sets =    2048.0 KB/frame  (16 units)
   [meter 2] ROUNDING: one 2.00 MB unit is 128.0 KB/frame at 16 sets (6.25% of binCV's
             figure) and 128.0 KB/frame at 16 sets (1.25% of OpenCV's).
   ratio OpenCV/binCV = 5.000x  -- binCV is SMALLER by 5.000x.
   The OpenCV side is an UPPER BOUND: GpuMat pads its pitch, and any
   filter buffer or NPP scratch held past the call is inside this
   delta. binCV's side is cudaMalloc with nothing in between.
MEM,cornerresp,752x480,33554432,167772160,2097152,16,16

=====================================================================
 12. DESCRIBE -- binCV cuda::computeBriefSteered vs
     cv::cuda::ORB::computeAsync on PROVIDED keypoints
=====================================================================
 computeAsync IS accepted in OpenCV 4.5.4 on provided keypoints, so a
 stage-isolated GPU denominator exists and no differential is needed.
 SUPERSET vs SUBSET, stated at the number: computeAsync also builds
 ORB's level-0 pyramid entry and can blur. nlevels = 1 and
 blurForDescriptor = false pin that superset as small as the API
 allows; it is not zero, and the ratio is an upper bound on binCV's
 advantage for that reason.
 Both sides sample the SAME 256 pairs -- cv::ORB's learned table,
 which binCV reaches by pointer out of ops/orbPattern.hpp.

 cv::cuda::Feature2DAsync::computeAsync on provided keypoints: ACCEPTED
   1000 keypoints in, 1000x32 CV_8U descriptors out.

 256-bit steered BRIEF on provided keypoints  [752x480, N=1000]
 cv::cuda::ORB::computeAsync (nlevels 1, blur off)     0.080 ms  spread   33%  [kernel]  (launch floor 7% of it)
 bincv::cuda::computeBriefSteered                 0.009 ms  spread  116%  [kernel]  AT THE LAUNCH FLOOR
   ratio binCV/OpenCV, interleaved rounds: median 0.110x <- QUOTE THIS  (binCV  9.10x FASTER)
                                           geomean 0.115x   per-round range 0.091-0.243x (15 rounds)
   sign test over those paired rounds: 0 favour A, 15 favour B, 0 tied -- two-sided p = 6.1e-05
   separation (a FACT, not the verdict): the two arms' sample ranges are DISJOINT
   verdict: DIRECTION ESTABLISHED, and A RESULT
            ARM B is faster in 15 of 15 paired rounds -- NO ROUND CROSSED 1.00x, so the
            direction is established by the rounds themselves (two-sided sign-test
            p = 6.1e-05). Magnitude 4.12x to 10.96x, median 9.10x: the spread bounds
            HOW MUCH it wins by, not WHETHER it does (owner's ruling, 2026-09-19).
            A RESULT: the two arms are 9.10x apart on the MEDIAN per-round ratio,
            clearing the 2.66x it has to beat (the larger of: per-round swing 2.66x,
            run-to-run scatter NOT MEASURED on this host). Decided by measure_util.hpp's
            difference-against-spread rule, in FACTORS because a percentage of it
            depends on which arm is the denominator; range separation is not what
            decided it.
            That clears the WITHIN-RUN half of the rule only -- nobody has measured
            this host's run-to-run scatter, and the rule wants the larger of the two.
ROW,describe,752x480_n1000,0.074394,0.080179,0.100915,0.008397,0.009062,0.018927,0.091226,0.109834,0.242882,1,15,0.114903,0,15,0,9.104652,2.662416,6.104e-05
   host-enqueue probe (no sync, wall clock per call):
     cv::cuda::ORB::computeAsync                  0.0393 ms enqueue vs  0.0802 ms event  -> MIXED: host dispatch is a large share of the bracket
     bincv::cuda::computeBriefSteered             0.0051 ms enqueue vs  0.0091 ms event  -> MIXED: host dispatch is a large share of the bracket
ENQ,describe,752x480_n1000,0.039293,0.080179,0.005066,0.009062

 ORIENTATION: **OUTSTANDING** (ruling R2). cv::cuda::ORB runs
 IC_Angle inside its own keypoint pass and exposes no entry point
 that orients PROVIDED keypoints, so no cv::cuda denominator exists
 at any API level. No CPU number is put in its place.

 describe working set, N = 1000 -- keypoints, angles, keep
 bytes and descriptors on binCV's side; a cv::cuda::ORB
 DETECTOR's whole state on OpenCV's, which is a superset  [752x480, N=1000]  -- METER 2 on BOTH sides (cudaMemGetInfo delta),
 each side over enough independent working sets that the meter's
 2.00 MB unit resolves, then divided by its own count.
   [meter 2] cv::cuda       32.00 MB over   16 sets =    2048.0 KB/frame  (16 units)
   [meter 2] binCV          22.00 MB over  512 sets =      44.0 KB/frame  (11 units)
   [meter 2] ROUNDING: one 2.00 MB unit is 4.0 KB/frame at 512 sets (9.09% of binCV's
             figure) and 128.0 KB/frame at 16 sets (6.25% of OpenCV's).
   ratio OpenCV/binCV = 46.545x  -- binCV is SMALLER by 46.545x.
   The OpenCV side is an UPPER BOUND: GpuMat pads its pitch, and any
   filter buffer or NPP scratch held past the call is inside this
   delta. binCV's side is cudaMalloc with nothing in between.
MEM,describe,752x480_n1000,23068672,33554432,2097152,512,16

=====================================================================
 13. DESCRIPTOR MATCHING -- binCV cuda::matchDescriptors vs
     cv::cuda::DescriptorMatcher::createBFMatcher(NORM_HAMMING)
=====================================================================
 ROLE: 'nearest neighbour over binary descriptors with Lowe's ratio
 test, for a whole query set, on device'. A binCV device matcher
 EXISTS as of this round (cuda/sparseMatch.hpp), so the row this
 file used to print -- 'no binCV device counterpart' -- is retired.

 WHAT THE TIMED REGION IS, AND WHY IT FAVOURS OpenCV. binCV's arm
 is ONE launch that produces the ratio-tested result. OpenCV's arm
 is knnMatchAsync(k=2) ALONE -- the ratio test that would turn its
 two distances into the same answer is NOT in the bracket, and
 neither is knnMatchConvert. So the OpenCV arm is timed doing
 strictly LESS work than binCV's, and every ratio below is an
 UPPER BOUND on OpenCV's standing. That is deliberate: a bar the
 challenger cannot be accused of shaving is worth more than a bar
 that is exactly fair, when the challenger wins anyway.

 TWO OpenCV ARMS, because the bar is the BEST existing option.
 cv::cuda instantiates matchHamming_gpu at <unsigned char> and at
 <int>, and cv::cuda::ORB emits CV_8U. Both are run over the SAME
 descriptor bytes, reinterpreted, so the two arms differ only in
 the type the kernel was instantiated at.

 CONTENT. Pseudorandom descriptor words. Neither kernel has a
 data-dependent early-out -- both evaluate every (query, train)
 pair -- so the cost is content-independent and a real descriptor
 set would move neither arm. What content DOES decide is accuracy,
 which this row does not measure and does not claim.

 descriptor match, 256-bit, ratio 0.8 -- OpenCV arm is CV_8U  [470x470 (pipeline scale -- DOES NOT DECIDE)]
 cv::cuda BFMatcher knnMatchAsync(k=2), CV_8U     0.045 ms  spread   46%  [kernel]  (launch floor 13% of it)
 bincv::cuda::matchDescriptors (ratio test INCLUDED)     0.010 ms  spread  272%  [kernel]  AT THE LAUNCH FLOOR
   ratio binCV/OpenCV, interleaved rounds: median 0.213x <- QUOTE THIS  (binCV  4.70x FASTER)
                                           geomean 0.263x   per-round range 0.143-0.655x (15 rounds)
   sign test over those paired rounds: 0 favour A, 15 favour B, 0 tied -- two-sided p = 6.1e-05
   separation (a FACT, not the verdict): the two arms' sample ranges are DISJOINT
   verdict: DIRECTION ESTABLISHED, and A RESULT
            ARM B is faster in 15 of 15 paired rounds -- NO ROUND CROSSED 1.00x, so the
            direction is established by the rounds themselves (two-sided sign-test
            p = 6.1e-05). Magnitude 1.53x to 7.01x, median 4.70x: the spread bounds
            HOW MUCH it wins by, not WHETHER it does (owner's ruling, 2026-09-19).
            A RESULT: the two arms are 4.70x apart on the MEDIAN per-round ratio,
            clearing the 4.60x it has to beat (the larger of: per-round swing 4.60x,
            run-to-run scatter NOT MEASURED on this host). Decided by measure_util.hpp's
            difference-against-spread rule, in FACTORS because a percentage of it
            depends on which arm is the denominator; range separation is not what
            decided it.
            That clears the WITHIN-RUN half of the rule only -- nobody has measured
            this host's run-to-run scatter, and the rule wants the larger of the two.
ROW,matcher_u8,470x470 (pipeline scale -- DOES NOT DECIDE),0.045299,0.045466,0.065997,0.008704,0.009677,0.035072,0.142617,0.212838,0.655405,1,15,0.262698,0,15,0,4.698413,4.595549,6.104e-05

 the same, OpenCV arm instantiated at CV_32S  [470x470 (pipeline scale -- DOES NOT DECIDE)]
 cv::cuda BFMatcher knnMatchAsync(k=2), CV_32S     0.044 ms  spread   54%  [kernel]  (launch floor 13% of it)
 bincv::cuda::matchDescriptors (ratio test INCLUDED)     0.009 ms  spread   25%  [kernel]  AT THE LAUNCH FLOOR
   ratio binCV/OpenCV, interleaved rounds: median 0.200x <- QUOTE THIS  (binCV  5.00x FASTER)
                                           geomean 0.187x   per-round range 0.129-0.218x (15 rounds)
   sign test over those paired rounds: 0 favour A, 15 favour B, 0 tied -- two-sided p = 6.1e-05
   separation (a FACT, not the verdict): the two arms' sample ranges are DISJOINT
   verdict: DIRECTION ESTABLISHED, and A RESULT
            ARM B is faster in 15 of 15 paired rounds -- NO ROUND CROSSED 1.00x, so the
            direction is established by the rounds themselves (two-sided sign-test
            p = 6.1e-05). Magnitude 4.58x to 7.77x, median 5.00x: the spread bounds
            HOW MUCH it wins by, not WHETHER it does (owner's ruling, 2026-09-19).
            A RESULT: the two arms are 5.00x apart on the MEDIAN per-round ratio,
            clearing the 1.70x it has to beat (the larger of: per-round swing 1.70x,
            run-to-run scatter NOT MEASURED on this host). Decided by measure_util.hpp's
            difference-against-spread rule, in FACTORS because a percentage of it
            depends on which arm is the denominator; range separation is not what
            decided it.
            That clears the WITHIN-RUN half of the rule only -- nobody has measured
            this host's run-to-run scatter, and the rule wants the larger of the two.
ROW,matcher_s32,470x470 (pipeline scale -- DOES NOT DECIDE),0.044184,0.044390,0.068301,0.008192,0.008957,0.010454,0.128637,0.200000,0.218245,1,15,0.186722,0,15,0,5.000000,1.696594,6.104e-05

 descriptor match, 256-bit, ratio 0.8 -- OpenCV arm is CV_8U  [5000x5000 (map scale -- the deciding row)]
 cv::cuda BFMatcher knnMatchAsync(k=2), CV_8U     2.026 ms  spread    8%  [kernel]  (launch floor 0% of it)
 bincv::cuda::matchDescriptors (ratio test INCLUDED)     0.211 ms  spread   54%  [kernel]  (launch floor 3% of it)
   ratio binCV/OpenCV, interleaved rounds: median 0.104x <- QUOTE THIS  (binCV  9.60x FASTER)
                                           geomean 0.112x   per-round range 0.098-0.163x (15 rounds)
   sign test over those paired rounds: 0 favour A, 15 favour B, 0 tied -- two-sided p = 6.1e-05
   separation (a FACT, not the verdict): the two arms' sample ranges are DISJOINT
   verdict: DIRECTION ESTABLISHED, and A RESULT
            ARM B is faster in 15 of 15 paired rounds -- NO ROUND CROSSED 1.00x, so the
            direction is established by the rounds themselves (two-sided sign-test
            p = 6.1e-05). Magnitude 6.12x to 10.22x, median 9.60x: the spread bounds
            HOW MUCH it wins by, not WHETHER it does (owner's ruling, 2026-09-19).
            A RESULT: the two arms are 9.60x apart on the MEDIAN per-round ratio,
            clearing the 1.67x it has to beat (the larger of: per-round swing 1.67x,
            run-to-run scatter NOT MEASURED on this host). Decided by measure_util.hpp's
            difference-against-spread rule, in FACTORS because a percentage of it
            depends on which arm is the denominator; range separation is not what
            decided it.
            That clears the WITHIN-RUN half of the rule only -- nobody has measured
            this host's run-to-run scatter, and the rule wants the larger of the two.
ROW,matcher_u8,5000x5000 (map scale -- the deciding row),1.972794,2.025875,2.139130,0.209274,0.210944,0.322765,0.097831,0.104125,0.163452,1,15,0.112424,0,15,0,9.603853,1.670751,6.104e-05

 the same, OpenCV arm instantiated at CV_32S  [5000x5000 (map scale -- the deciding row)]
 cv::cuda BFMatcher knnMatchAsync(k=2), CV_32S     2.014 ms  spread   12%  [kernel]  (launch floor 0% of it)
 bincv::cuda::matchDescriptors (ratio test INCLUDED)     0.211 ms  spread   32%  [kernel]  (launch floor 3% of it)
   ratio binCV/OpenCV, interleaved rounds: median 0.107x <- QUOTE THIS  (binCV  9.33x FASTER)
                                           geomean 0.110x   per-round range 0.096-0.135x (15 rounds)
   sign test over those paired rounds: 0 favour A, 15 favour B, 0 tied -- two-sided p = 6.1e-05
   separation (a FACT, not the verdict): the two arms' sample ranges are DISJOINT
   verdict: DIRECTION ESTABLISHED, and A RESULT
            ARM B is faster in 15 of 15 paired rounds -- NO ROUND CROSSED 1.00x, so the
            direction is established by the rounds themselves (two-sided sign-test
            p = 6.1e-05). Magnitude 7.39x to 10.38x, median 9.33x: the spread bounds
            HOW MUCH it wins by, not WHETHER it does (owner's ruling, 2026-09-19).
            A RESULT: the two arms are 9.33x apart on the MEDIAN per-round ratio,
            clearing the 1.40x it has to beat (the larger of: per-round swing 1.40x,
            run-to-run scatter NOT MEASURED on this host). Decided by measure_util.hpp's
            difference-against-spread rule, in FACTORS because a percentage of it
            depends on which arm is the denominator; range separation is not what
            decided it.
            That clears the WITHIN-RUN half of the rule only -- nobody has measured
            this host's run-to-run scatter, and the rule wants the larger of the two.
ROW,matcher_s32,5000x5000 (map scale -- the deciding row),1.935360,2.013798,2.181120,0.208691,0.210534,0.277094,0.096338,0.107166,0.135319,1,15,0.109623,0,15,0,9.331342,1.404623,6.104e-05

 descriptor matching working set (query + train + result)  [5000x5000]  -- METER 2 on BOTH sides (cudaMemGetInfo delta),
 each side over enough independent working sets that the meter's
 2.00 MB unit resolves, then divided by its own count.
   [meter 2] cv::cuda      384.00 MB over   48 sets =    8192.0 KB/frame  (192 units)
   [meter 2] binCV          46.00 MB over  128 sets =     368.0 KB/frame  (23 units)
   [meter 2] ROUNDING: one 2.00 MB unit is 16.0 KB/frame at 128 sets (4.35% of binCV's
             figure) and 42.7 KB/frame at 48 sets (0.52% of OpenCV's).
   ratio OpenCV/binCV = 22.261x  -- binCV is SMALLER by 22.261x.
   The OpenCV side is an UPPER BOUND: GpuMat pads its pitch, and any
   filter buffer or NPP scratch held past the call is inside this
   delta. binCV's side is cudaMalloc with nothing in between.
MEM,matcher,5000x5000,48234496,402653184,2097152,128,48
   A 256-bit descriptor is a 32-BYTE ROW and GpuMat pitches a
   row to a 512-byte multiple. That pitch is most of this
   reading, and it is a property of the container rather than
   of the matcher -- said here so the number is not read as a
   claim about the kernel.

=====================================================================
 15. CENSUS DENSE DISPARITY -- binCV's census entry vs
     cv::cuda::StereoBM, RE-TAKEN after the matcher changed
=====================================================================
 ROLE: 'a dense disparity map from a rectified wide-input pair,
 resident on device'. Section 7 runs the BINARY path, which is
 where this library's structural claim lives. This section runs the
 CENSUS path, which is the entry a wide-input caller meets first and
 where binCV has NO structural advantage -- census EXPANDS data,
 8 bits per pixel in and 24 out, and the layout that makes it fast
 is the conventional one-word-per-pixel descriptor.

 WHY RE-TAKEN. The packed census matcher was replaced this round by
 a warp-cooperative separable box arm, and the shipped report's
 census rows predate it. Three rows are printed: the matcher alone,
 the whole entry (two transforms plus the match, which is what a
 caller pays), and the arm's own off-switch ratio inside THIS
 protocol so the family's 2.4-2.5x is reproduced or contradicted
 here rather than quoted from another process.
 Both sides on one explicit stream: StereoBM calls
 cudaDeviceSynchronize() on the null stream in each of its three
 kernels.

 census MATCHER only, 64 disparities, 9x9, K=24  [752x480]
 cv::cuda::StereoBM(64, 9)                        0.718 ms  spread   17%  [kernel]  (launch floor 1% of it)
 bincv denseDisparityCensusPacked (warp-box arm)     0.398 ms  spread   19%  [kernel]  (launch floor 1% of it)
   ratio binCV/OpenCV, interleaved rounds: median 0.530x <- QUOTE THIS  (binCV  1.89x FASTER)
                                           geomean 0.552x   per-round range 0.487-0.681x (15 rounds)
   sign test over those paired rounds: 0 favour A, 15 favour B, 0 tied -- two-sided p = 6.1e-05
   separation (a FACT, not the verdict): the two arms' sample ranges are DISJOINT
   verdict: DIRECTION ESTABLISHED, and A RESULT
            ARM B is faster in 15 of 15 paired rounds -- NO ROUND CROSSED 1.00x, so the
            direction is established by the rounds themselves (two-sided sign-test
            p = 6.1e-05). Magnitude 1.47x to 2.06x, median 1.89x: the spread bounds
            HOW MUCH it wins by, not WHETHER it does (owner's ruling, 2026-09-19).
            A RESULT: the two arms are 1.89x apart on the MEDIAN per-round ratio,
            clearing the 1.40x it has to beat (the larger of: per-round swing 1.40x,
            run-to-run scatter NOT MEASURED on this host). Decided by measure_util.hpp's
            difference-against-spread rule, in FACTORS because a percentage of it
            depends on which arm is the denominator; range separation is not what
            decided it.
            That clears the WITHIN-RUN half of the rule only -- nobody has measured
            this host's run-to-run scatter, and the rule wants the larger of the two.
ROW,census_match,752x480,0.631706,0.717926,0.756736,0.359520,0.397613,0.435507,0.486531,0.530341,0.680807,1,15,0.552228,0,15,0,1.885578,1.399307,6.104e-05

 census ENTRY: two transforms + the match -- what a caller pays  [752x480]
 cv::cuda::StereoBM(64, 9)                        0.691 ms  spread   16%  [kernel]  (launch floor 1% of it)
 bincv censusTransformPacked x2 + denseDisparityCensusPacked     0.483 ms  spread   16%  [kernel]  (launch floor 1% of it)
   ratio binCV/OpenCV, interleaved rounds: median 0.703x <- QUOTE THIS  (binCV  1.42x FASTER)
                                           geomean 0.690x   per-round range 0.593-0.791x (15 rounds)
   sign test over those paired rounds: 0 favour A, 15 favour B, 0 tied -- two-sided p = 6.1e-05
   separation (a FACT, not the verdict): the two arms' sample ranges are DISJOINT
   verdict: DIRECTION ESTABLISHED, and A RESULT
            ARM B is faster in 15 of 15 paired rounds -- NO ROUND CROSSED 1.00x, so the
            direction is established by the rounds themselves (two-sided sign-test
            p = 6.1e-05). Magnitude 1.26x to 1.69x, median 1.42x: the spread bounds
            HOW MUCH it wins by, not WHETHER it does (owner's ruling, 2026-09-19).
            A RESULT: the two arms are 1.42x apart on the MEDIAN per-round ratio,
            clearing the 1.33x it has to beat (the larger of: per-round swing 1.33x,
            run-to-run scatter NOT MEASURED on this host). Decided by measure_util.hpp's
            difference-against-spread rule, in FACTORS because a percentage of it
            depends on which arm is the denominator; range separation is not what
            decided it.
            That clears the WITHIN-RUN half of the rule only -- nobody has measured
            this host's run-to-run scatter, and the rule wants the larger of the two.
ROW,census_entry,752x480,0.637542,0.690688,0.749040,0.443699,0.483328,0.518758,0.593271,0.703225,0.790957,1,15,0.689897,0,15,0,1.422021,1.333213,6.104e-05

 OFF-SWITCH, binCV to binCV: the shipped packed matcher against
 the warp-box arm that replaced it.
 reference arm (densePackedBoxEnabled = false)     0.954 ms  spread    8%  [kernel]  (launch floor 1% of it)
 warp-box arm (densePackedBoxEnabled = true)      0.393 ms  spread   18%  [kernel]  (launch floor 1% of it)
   ratio box/reference: median 0.412x <- QUOTE THIS  (box  2.43x faster)  geomean 0.405x  range 0.361-0.459x
   sign test over those paired rounds: 0 favour A, 15 favour B, 0 tied -- two-sided p = 6.1e-05
   separation (a FACT, not the verdict): the two arms' sample ranges are DISJOINT
   verdict: DIRECTION ESTABLISHED, and A RESULT
            ARM B is faster in 15 of 15 paired rounds -- NO ROUND CROSSED 1.00x, so the
            direction is established by the rounds themselves (two-sided sign-test
            p = 6.1e-05). Magnitude 2.18x to 2.77x, median 2.43x: the spread bounds
            HOW MUCH it wins by, not WHETHER it does (owner's ruling, 2026-09-19).
            A RESULT: the two arms are 2.43x apart on the MEDIAN per-round ratio,
            clearing the 1.27x it has to beat (the larger of: per-round swing 1.27x,
            run-to-run scatter NOT MEASURED on this host). Decided by measure_util.hpp's
            difference-against-spread rule, in FACTORS because a percentage of it
            depends on which arm is the denominator; range separation is not what
            decided it.
            That clears the WITHIN-RUN half of the rule only -- nobody has measured
            this host's run-to-run scatter, and the rule wants the larger of the two.
ROW,census_offswitch,752x480,0.925286,0.953958,0.997069,0.359936,0.393216,0.428934,0.361405,0.411664,0.459495,1,15,0.404590,0,15,0,2.429167,1.271414,6.104e-05

 census entry working set (two wide frames + two descriptor images + map) vs StereoBM's  [752x480]  -- METER 2 on BOTH sides (cudaMemGetInfo delta),
 each side over enough independent working sets that the meter's
 2.00 MB unit resolves, then divided by its own count.
   [meter 2] cv::cuda      192.00 MB over   64 sets =    3072.0 KB/frame  (96 units)
   [meter 2] binCV         282.00 MB over   64 sets =    4512.0 KB/frame  (141 units)
   [meter 2] ROUNDING: one 2.00 MB unit is 32.0 KB/frame at 64 sets (0.71% of binCV's
             figure) and 32.0 KB/frame at 64 sets (1.04% of OpenCV's).
   ratio OpenCV/binCV = 0.681x  -- OpenCV is SMALLER by 1.469x.
   The OpenCV side is an UPPER BOUND: GpuMat pads its pitch, and any
   filter buffer or NPP scratch held past the call is inside this
   delta. binCV's side is cudaMalloc with nothing in between.
MEM,census_entry,752x480,295698432,201326592,2097152,64,64
   SCOPE, and it is not a footnote: the census path is where binCV
   has no structural advantage. Whatever this row says, the
   library's claim lives in section 7's binary path.

=====================================================================
 14 and 16 -- SKIPPED: NO REAL SEQUENCE
=====================================================================
 Both the Lucas-Kanade role row and the sequence-level number are
 decided by corner density, and a synthetic frame is a different
 workload -- measured elsewhere in this project as a verdict that
 INVERTED between synthetic and real content. So neither is run
 on makeFrame's smoothed noise and neither is substituted.
 Point BINCV_CUDA_ROLE_FRAMES at a 752x480 8-bit BSQ1 blob with
 at least two frames (scripts/make_sequence_blob.py --mode 8bit).
SKIP,lk,no real sequence blob
SKIP,sequence,no real sequence blob

=====================================================================
 17. OUTSTANDING (ruling R2) -- round 2's ops with NO cv::cuda
     counterpart at any API level
=====================================================================
 Each of these ships on correctness, memory and the HOST comparison,
 with its SPEED verdict recorded OUTSTANDING. No substitute bar is
 invented and no CPU number is quoted as a GPU one.

 gradientCovarianceAsync / gradientCovarianceBatchAsync
     Neither cv::cuda nor cv:: computes a 2x2 gradient covariance at
     any API level. cornerHarris and createMinEigenValCorner compute
     a dense float RESPONSE THROUGH one -- that is the bar for a
     composed corner op, which section 11 runs, and it is not a bar
     for the covariance itself.

 cornerSubPixAsync
     No cv::cuda counterpart in any module. Decided instead by its
     own round-trip inequality, which its author reports it MISSES.

 goodFeaturesToTrack's DEVICE-RESIDENT SPACING
     Section 10 times the whole op against OpenCV's. The residency
     itself -- a greedy min-distance filter that never leaves the
     device -- has no counterpart to be timed against, because
     OpenCV's runs on the host by construction.

 keypointsFromCorners
     Tier 3. OpenCV does not have the problem: its detectors already
     hand back float2, so there is nothing to convert and nothing to
     compare.

 keypointOrientation (all three arms)
     cv::cuda::ORB runs IC_Angle inside its keypoint pass and exposes
     no entry point that orients provided keypoints. Section 12 says
     so at the number.

 derivativeX / derivativeY / derivativeXY over TERNARY planes
     Section 11's inputs. cv::cuda::createDerivFilter is the nearest
     denominator and the derivcov family times it; both arms sit ON
     the launch floor there, so that ratio is a lower bound on the
     gap and says nothing about binCV's kernel.

 ROUND 3'S ADDITIONS TO THIS LIST.

 stereoDescriptorMatch / stereoRefineDisparity /
 stereoMatchRectified
     Sparse rectified stereo by descriptor match and a one-bit
     window refinement. cv::cuda ships dense block matchers
     (StereoBM, StereoBeliefPropagation, StereoConstantSpaceBP)
     and no SPARSE stereo at any API level -- a dense map for
     500 keypoints is a different operation, not a slower
     spelling of this one. Priced instead against binCV's OWN
     device dense path, which is a binCV-to-binCV bar and lives
     in cuda_sparse_benchmark. SPEED VERDICT: OUTSTANDING.

 calcOpticalFlowBlockMatch
     Pyramidal tracking by integer Hamming block matching. The
     nearest cv::cuda call is SparsePyrLKOpticalFlow, which solves
     a different equation -- and it is already section 14's bar
     for the op that DOES solve the same one. Quoting it twice
     would make one denominator answer two questions. SPEED
     VERDICT: OUTSTANDING; the role row that exists is the
     sparse family's own, stated as a role comparison there.

 matchDescriptorsGated
     Section 13 prices the UNGATED matcher, which is the one with
     a counterpart. The gate changes the ADMITTED SET, and
     cv::cuda::DescriptorMatcher has no mask that reproduces it,
     so the gated form has no bar. SPEED VERDICT: OUTSTANDING.

 the RANSAC geometry stage
     NOT an outstanding row and must not be filed as one. OpenCV
     has no cv::cuda essential-matrix estimator, but it DOES ship
     a GPU RANSAC (cv::cuda::solvePnPRansac, cudalegacy) whose
     shape is the finding: it keeps the solver on the host and
     moves only scoring. binCV's own measurement came out the
     same way and the stage stays on the host. There is nothing
     here to ship and therefore nothing to leave outstanding.
OUTSTANDING,covariance
OUTSTANDING,cornerSubPixAsync
OUTSTANDING,gftt_device_spacing
OUTSTANDING,keypointsFromCorners
OUTSTANDING,keypointOrientation
OUTSTANDING,stereoDescriptorMatch
OUTSTANDING,stereoRefineDisparity
OUTSTANDING,stereoMatchRectified
OUTSTANDING,calcOpticalFlowBlockMatch
OUTSTANDING,matchDescriptorsGated

=====================================================================
 END. One run is NOT a number on this host: aggregate the ROW lines
 across at least seven independent processes before quoting anything.
=====================================================================
### run 7
=======================================================================
 CUDA ROLE COMPARISONS -- every cv::cuda bar, one process, one protocol
=======================================================================
 device: NVIDIA GeForce RTX 3070 Ti (sm_86, 48 SMs, 608 GB/s peak)
 OpenCV 4.5.4
 frames: 752x480 (the reference geometry, where every written bar was
 set) and 1920x1080 (carried because several of these ops sit ON the
 launch floor at the reference size, where a ratio between two arms is
 a ratio between two launches).

 ORIENTATION: every ratio below is binCV / OpenCV. Under 1.000x is
 binCV ahead. Arm A is OpenCV, arm B is binCV, in every pair.

 LAUNCH FLOOR (empty kernel, same protocol)      0.0062 ms  spread   87%  [kernel]
   Every kernel-resident number below sits on top of this. An arm within
   a few multiples of it is reporting launch overhead, not its own work,
   and a RATIO between two such arms is reporting almost none of either.
   The spread is part of the answer, not a blemish on it: under WSL2 a
   launch costs what it costs plus whatever the host was doing.
FLOOR,0.004997,0.006225,0.010435

 Driver meter step, measured in this run: 2.00 MB. Every memory
 reading below is taken over 256 working sets for that reason.

=====================================================================
 1. THRESHOLD -- binCV cuda::threshold vs cv::cuda::threshold
=====================================================================
 ROLE: 'turn a wide frame into a per-pixel above/below map on device'.
 Both sides are ONE launch. They differ in what they emit: OpenCV
 writes one BYTE per pixel (CV_8UC1, THRESH_BINARY), binCV writes one
 BIT. That difference is the whole point of the library and it is
 stated at the number rather than folded into it -- the outputs are
 not the same array, so this is a role comparison, not an equality.

 threshold, uint8 -> above/below map  [752x480]
 cv::cuda::threshold -> CV_8U                     0.009 ms  spread  189%  [kernel]  AT THE LAUNCH FLOOR
 bincv::cuda::threshold -> bits                   0.008 ms  spread  129%  [kernel]  AT THE LAUNCH FLOOR
   ratio binCV/OpenCV, interleaved rounds: median 0.993x <- QUOTE THIS  (binCV  1.01x FASTER)
                                           geomean 0.997x   per-round range 0.713-1.722x (15 rounds)
   sign test over those paired rounds: 6 favour A, 9 favour B, 0 tied -- two-sided p = 0.607
   separation (a FACT, not the verdict): the two arms' sample ranges OVERLAP
   verdict: NULL RESULT, which is a result
            NULL on the magnitude: the two arms are 1.01x apart on the MEDIAN per-round ratio,
            short of the 2.41x it has to beat (the larger of: per-round swing 2.41x,
            run-to-run scatter NOT MEASURED on this host). Decided by measure_util.hpp's
            difference-against-spread rule, in FACTORS because a percentage of it
            depends on which arm is the denominator; range separation is not what
            decided it.
ROW,threshold,752x480,0.007170,0.008586,0.023382,0.007328,0.007902,0.017531,0.713110,0.992863,1.721714,0,15,0.996768,6,9,0,1.007188,2.414373,0.6072
   host-enqueue probe (no sync, wall clock per call):
     cv::cuda::threshold                          0.0074 ms enqueue vs  0.0086 ms event  -> DISPATCH-BOUND: the event bracket is timing the API call
     bincv::cuda::threshold                       0.0053 ms enqueue vs  0.0079 ms event  -> MIXED: host dispatch is a large share of the bracket
ENQ,threshold,752x480,0.007416,0.008586,0.005339,0.007902

 threshold, uint8 -> above/below map  [1920x1080]
 cv::cuda::threshold -> CV_8U                     0.011 ms  spread   53%  [kernel]  AT THE LAUNCH FLOOR
 bincv::cuda::threshold -> bits                   0.012 ms  spread   17%  [kernel]  AT THE LAUNCH FLOOR
   ratio binCV/OpenCV, interleaved rounds: median 1.018x <- QUOTE THIS  (binCV  0.98x SLOWER)
                                           geomean 1.014x   per-round range 0.721-1.111x (15 rounds)
   sign test over those paired rounds: 12 favour A, 3 favour B, 0 tied -- two-sided p = 0.0352
   separation (a FACT, not the verdict): the two arms' sample ranges OVERLAP
   verdict: NULL RESULT, which is a result
            NULL on the magnitude: the two arms are 1.02x apart on the MEDIAN per-round ratio,
            short of the 1.54x it has to beat (the larger of: per-round swing 1.54x,
            run-to-run scatter NOT MEASURED on this host). Decided by measure_util.hpp's
            difference-against-spread rule, in FACTORS because a percentage of it
            depends on which arm is the denominator; range separation is not what
            decided it.
ROW,threshold,1920x1080,0.010938,0.011165,0.016901,0.010984,0.011710,0.012966,0.721386,1.017930,1.110688,0,15,1.013999,12,3,0,1.017930,1.539658,0.03516
   host-enqueue probe (no sync, wall clock per call):
     cv::cuda::threshold                          0.0060 ms enqueue vs  0.0112 ms event  -> MIXED: host dispatch is a large share of the bracket
     bincv::cuda::threshold                       0.0046 ms enqueue vs  0.0117 ms event  -> kernel-bound: the host feeds the device faster than it drains
ENQ,threshold,1920x1080,0.005982,0.011165,0.004569,0.011710

 threshold, uint8 -> above/below map  [3840x2160]
 cv::cuda::threshold -> CV_8U                     0.036 ms  spread   49%  [kernel]  (launch floor 17% of it)
 bincv::cuda::threshold -> bits                   0.025 ms  spread   90%  [kernel]  (launch floor 25% of it)
   ratio binCV/OpenCV, interleaved rounds: median 0.697x <- QUOTE THIS  (binCV  1.44x FASTER)
                                           geomean 0.744x   per-round range 0.631-1.144x (15 rounds)
   sign test over those paired rounds: 1 favour A, 14 favour B, 0 tied -- two-sided p = 0.000977
   separation (a FACT, not the verdict): the two arms' sample ranges OVERLAP
   verdict: NULL RESULT, which is a result
            NULL on the magnitude: the two arms are 1.44x apart on the MEDIAN per-round ratio,
            short of the 1.81x it has to beat (the larger of: per-round swing 1.81x,
            run-to-run scatter NOT MEASURED on this host). Decided by measure_util.hpp's
            difference-against-spread rule, in FACTORS because a percentage of it
            depends on which arm is the denominator; range separation is not what
            decided it.
ROW,threshold,3840x2160,0.035942,0.036314,0.053570,0.024971,0.025344,0.047757,0.631074,0.696804,1.143682,0,15,0.744151,1,14,0,1.435124,1.812277,0.0009766
   host-enqueue probe (no sync, wall clock per call):
     cv::cuda::threshold                          0.0053 ms enqueue vs  0.0363 ms event  -> kernel-bound: the host feeds the device faster than it drains
     bincv::cuda::threshold                       0.0051 ms enqueue vs  0.0253 ms event  -> kernel-bound: the host feeds the device faster than it drains
ENQ,threshold,3840x2160,0.005314,0.036314,0.005147,0.025344

 threshold working set (src + dst)  [752x480]  -- METER 2 on BOTH sides (cudaMemGetInfo delta),
 each side over enough independent working sets that the meter's
 2.00 MB unit resolves, then divided by its own count.
   [meter 2] cv::cuda      256.00 MB over  256 sets =    1024.0 KB/frame  (128 units)
   [meter 2] binCV         104.00 MB over  256 sets =     416.0 KB/frame  (52 units)
   [meter 2] ROUNDING: one 2.00 MB unit is 8.0 KB/frame at 256 sets (1.92% of binCV's
             figure) and 8.0 KB/frame at 256 sets (0.78% of OpenCV's).
   ratio OpenCV/binCV = 2.462x  -- binCV is SMALLER by 2.462x.
   The OpenCV side is an UPPER BOUND: GpuMat pads its pitch, and any
   filter buffer or NPP scratch held past the call is inside this
   delta. binCV's side is cudaMalloc with nothing in between.
MEM,threshold,752x480,109051904,268435456,2097152,256,256

=====================================================================
 2. MORPHOLOGY -- binCV cuda::erode / morphologyEx vs
    cv::cuda::createMorphologyFilter (cudafilters, NPP-backed)
=====================================================================
 ROLE: 'erode / open a binary-valued image on device'. OpenCV's
 operand is CV_8UC1 with values 0 and 255; binCV's is one bit per
 pixel. Same operation, same element, same border, different
 representation -- which is the comparison this library exists to
 make. The filter object is built ONCE outside the timed region on
 both sides, as a caller would; only apply() is timed.
 BORDER: cv::cuda's morphology filter is BORDER_CONSTANT only, so
 binCV runs BORDER_CONSTANT here too -- the four border types binCV
 makes word-parallel have no counterpart on this side to be timed
 against, and are priced in cuda_window_benchmark instead.

 erode, rect 3x3  [752x480]
 cv::cuda morphology filter -> CV_8U              0.088 ms  spread   41%  [kernel]  (launch floor 7% of it)
 bincv::cuda -> bits                              0.008 ms  spread   22%  [kernel]  AT THE LAUNCH FLOOR
   ratio binCV/OpenCV, interleaved rounds: median 0.086x <- QUOTE THIS  (binCV 11.57x FASTER)
                                           geomean 0.084x   per-round range 0.066-0.104x (15 rounds)
   sign test over those paired rounds: 0 favour A, 15 favour B, 0 tied -- two-sided p = 6.1e-05
   separation (a FACT, not the verdict): the two arms' sample ranges are DISJOINT
   verdict: DIRECTION ESTABLISHED, and A RESULT
            ARM B is faster in 15 of 15 paired rounds -- NO ROUND CROSSED 1.00x, so the
            direction is established by the rounds themselves (two-sided sign-test
            p = 6.1e-05). Magnitude 9.57x to 15.15x, median 11.57x: the spread bounds
            HOW MUCH it wins by, not WHETHER it does (owner's ruling, 2026-09-19).
            A RESULT: the two arms are 11.57x apart on the MEDIAN per-round ratio,
            clearing the 1.58x it has to beat (the larger of: per-round swing 1.58x,
            run-to-run scatter NOT MEASURED on this host). Decided by measure_util.hpp's
            difference-against-spread rule, in FACTORS because a percentage of it
            depends on which arm is the denominator; range separation is not what
            decided it.
            That clears the WITHIN-RUN half of the rule only -- nobody has measured
            this host's run-to-run scatter, and the rule wants the larger of the two.
ROW,morph_erode_rect3,752x480,0.082077,0.087843,0.118426,0.007109,0.007685,0.008778,0.065985,0.086416,0.104488,1,15,0.084080,0,15,0,11.571911,1.583503,6.104e-05
   host-enqueue probe (no sync, wall clock per call):
     cv::cuda morphology filter                   0.0905 ms enqueue vs  0.0878 ms event  -> DISPATCH-BOUND: the event bracket is timing the API call
     bincv::cuda                                  0.0058 ms enqueue vs  0.0077 ms event  -> MIXED: host dispatch is a large share of the bracket
ENQ,morph_erode_rect3,752x480,0.090472,0.087843,0.005760,0.007685
   single-call GPU time (device drained either side -- separates the
   kernel from the API for a dispatch-bound arm):
     cv::cuda morphology filter                   0.0788 ms solo vs  0.0878 ms batched
     bincv::cuda                                  0.0051 ms solo vs  0.0077 ms batched
SOLO,morph_erode_rect3,752x480,0.078752,0.087843,0.005120,0.007685

 morphologyEx OPEN, rect 3x3  [752x480]
 cv::cuda morphology filter -> CV_8U              0.198 ms  spread   62%  [kernel]  (launch floor 3% of it)
 bincv::cuda -> bits                              0.016 ms  spread  284%  [kernel]  (launch floor 40% of it)
   ratio binCV/OpenCV, interleaved rounds: median 0.082x <- QUOTE THIS  (binCV 12.23x FASTER)
                                           geomean 0.104x   per-round range 0.055-0.254x (15 rounds)
   sign test over those paired rounds: 0 favour A, 15 favour B, 0 tied -- two-sided p = 6.1e-05
   separation (a FACT, not the verdict): the two arms' sample ranges are DISJOINT
   verdict: DIRECTION ESTABLISHED, and A RESULT
            ARM B is faster in 15 of 15 paired rounds -- NO ROUND CROSSED 1.00x, so the
            direction is established by the rounds themselves (two-sided sign-test
            p = 6.1e-05). Magnitude 3.94x to 18.21x, median 12.23x: the spread bounds
            HOW MUCH it wins by, not WHETHER it does (owner's ruling, 2026-09-19).
            A RESULT: the two arms are 12.23x apart on the MEDIAN per-round ratio,
            clearing the 4.63x it has to beat (the larger of: per-round swing 4.63x,
            run-to-run scatter NOT MEASURED on this host). Decided by measure_util.hpp's
            difference-against-spread rule, in FACTORS because a percentage of it
            depends on which arm is the denominator; range separation is not what
            decided it.
            That clears the WITHIN-RUN half of the rule only -- nobody has measured
            this host's run-to-run scatter, and the rule wants the larger of the two.
ROW,morph_open_rect3,752x480,0.158733,0.198019,0.280670,0.012771,0.015731,0.057512,0.054927,0.081776,0.254046,1,15,0.104308,0,15,0,12.228539,4.625194,6.104e-05
   host-enqueue probe (no sync, wall clock per call):
     cv::cuda morphology filter                   0.1821 ms enqueue vs  0.1980 ms event  -> DISPATCH-BOUND: the event bracket is timing the API call
     bincv::cuda                                  0.0085 ms enqueue vs  0.0157 ms event  -> MIXED: host dispatch is a large share of the bracket
ENQ,morph_open_rect3,752x480,0.182054,0.198019,0.008543,0.015731
   single-call GPU time (device drained either side -- separates the
   kernel from the API for a dispatch-bound arm):
     cv::cuda morphology filter                   0.1597 ms solo vs  0.1980 ms batched
     bincv::cuda                                  0.0092 ms solo vs  0.0157 ms batched
SOLO,morph_open_rect3,752x480,0.159744,0.198019,0.009216,0.015731

 erode, ellipse 5x5  [752x480]
 cv::cuda morphology filter -> CV_8U              0.135 ms  spread   35%  [kernel]  (launch floor 5% of it)
 bincv::cuda -> bits                              0.010 ms  spread   48%  [kernel]  AT THE LAUNCH FLOOR
   ratio binCV/OpenCV, interleaved rounds: median 0.074x <- QUOTE THIS  (binCV 13.53x FASTER)
                                           geomean 0.075x   per-round range 0.056-0.116x (15 rounds)
   sign test over those paired rounds: 0 favour A, 15 favour B, 0 tied -- two-sided p = 6.1e-05
   separation (a FACT, not the verdict): the two arms' sample ranges are DISJOINT
   verdict: DIRECTION ESTABLISHED, and A RESULT
            ARM B is faster in 15 of 15 paired rounds -- NO ROUND CROSSED 1.00x, so the
            direction is established by the rounds themselves (two-sided sign-test
            p = 6.1e-05). Magnitude 8.63x to 17.72x, median 13.53x: the spread bounds
            HOW MUCH it wins by, not WHETHER it does (owner's ruling, 2026-09-19).
            A RESULT: the two arms are 13.53x apart on the MEDIAN per-round ratio,
            clearing the 2.05x it has to beat (the larger of: per-round swing 2.05x,
            run-to-run scatter NOT MEASURED on this host). Decided by measure_util.hpp's
            difference-against-spread rule, in FACTORS because a percentage of it
            depends on which arm is the denominator; range separation is not what
            decided it.
            That clears the WITHIN-RUN half of the rule only -- nobody has measured
            this host's run-to-run scatter, and the rule wants the larger of the two.
ROW,morph_erode_ell5,752x480,0.119901,0.135458,0.167518,0.009282,0.009962,0.014050,0.056438,0.073934,0.115898,1,15,0.074928,0,15,0,13.525647,2.053543,6.104e-05
   host-enqueue probe (no sync, wall clock per call):
     cv::cuda morphology filter                   0.1280 ms enqueue vs  0.1355 ms event  -> DISPATCH-BOUND: the event bracket is timing the API call
     bincv::cuda                                  0.0042 ms enqueue vs  0.0100 ms event  -> MIXED: host dispatch is a large share of the bracket
ENQ,morph_erode_ell5,752x480,0.128031,0.135458,0.004219,0.009962
   single-call GPU time (device drained either side -- separates the
   kernel from the API for a dispatch-bound arm):
     cv::cuda morphology filter                   0.1783 ms solo vs  0.1355 ms batched
     bincv::cuda                                  0.0655 ms solo vs  0.0100 ms batched
SOLO,morph_erode_ell5,752x480,0.178272,0.135458,0.065536,0.009962

 erode, rect 3x3  [1920x1080]
 cv::cuda morphology filter -> CV_8U              0.150 ms  spread   72%  [kernel]  (launch floor 4% of it)
 bincv::cuda -> bits                              0.012 ms  spread  120%  [kernel]  AT THE LAUNCH FLOOR
   ratio binCV/OpenCV, interleaved rounds: median 0.081x <- QUOTE THIS  (binCV 12.39x FASTER)
                                           geomean 0.083x   per-round range 0.052-0.148x (15 rounds)
   sign test over those paired rounds: 0 favour A, 15 favour B, 0 tied -- two-sided p = 6.1e-05
   separation (a FACT, not the verdict): the two arms' sample ranges are DISJOINT
   verdict: DIRECTION ESTABLISHED, and A RESULT
            ARM B is faster in 15 of 15 paired rounds -- NO ROUND CROSSED 1.00x, so the
            direction is established by the rounds themselves (two-sided sign-test
            p = 6.1e-05). Magnitude 6.75x to 19.08x, median 12.39x: the spread bounds
            HOW MUCH it wins by, not WHETHER it does (owner's ruling, 2026-09-19).
            A RESULT: the two arms are 12.39x apart on the MEDIAN per-round ratio,
            clearing the 2.83x it has to beat (the larger of: per-round swing 2.83x,
            run-to-run scatter NOT MEASURED on this host). Decided by measure_util.hpp's
            difference-against-spread rule, in FACTORS because a percentage of it
            depends on which arm is the denominator; range separation is not what
            decided it.
            That clears the WITHIN-RUN half of the rule only -- nobody has measured
            this host's run-to-run scatter, and the rule wants the larger of the two.
ROW,morph_erode_rect3,1920x1080,0.115253,0.150482,0.224213,0.010122,0.011765,0.024264,0.052409,0.080680,0.148222,1,15,0.083400,0,15,0,12.394703,2.828184,6.104e-05
   host-enqueue probe (no sync, wall clock per call):
     cv::cuda morphology filter                   0.1161 ms enqueue vs  0.1505 ms event  -> MIXED: host dispatch is a large share of the bracket
     bincv::cuda                                  0.0041 ms enqueue vs  0.0118 ms event  -> kernel-bound: the host feeds the device faster than it drains
ENQ,morph_erode_rect3,1920x1080,0.116086,0.150482,0.004108,0.011765
   single-call GPU time (device drained either side -- separates the
   kernel from the API for a dispatch-bound arm):
     cv::cuda morphology filter                   0.1722 ms solo vs  0.1505 ms batched
     bincv::cuda                                  0.0071 ms solo vs  0.0118 ms batched
SOLO,morph_erode_rect3,1920x1080,0.172224,0.150482,0.007136,0.011765

 morphologyEx OPEN, rect 3x3  [1920x1080]
 cv::cuda morphology filter -> CV_8U              0.259 ms  spread   27%  [kernel]  (launch floor 2% of it)
 bincv::cuda -> bits                              0.017 ms  spread   29%  [kernel]  (launch floor 36% of it)
   ratio binCV/OpenCV, interleaved rounds: median 0.068x <- QUOTE THIS  (binCV 14.74x FASTER)
                                           geomean 0.069x   per-round range 0.057-0.091x (15 rounds)
   sign test over those paired rounds: 0 favour A, 15 favour B, 0 tied -- two-sided p = 6.1e-05
   separation (a FACT, not the verdict): the two arms' sample ranges are DISJOINT
   verdict: DIRECTION ESTABLISHED, and A RESULT
            ARM B is faster in 15 of 15 paired rounds -- NO ROUND CROSSED 1.00x, so the
            direction is established by the rounds themselves (two-sided sign-test
            p = 6.1e-05). Magnitude 10.97x to 17.45x, median 14.74x: the spread bounds
            HOW MUCH it wins by, not WHETHER it does (owner's ruling, 2026-09-19).
            A RESULT: the two arms are 14.74x apart on the MEDIAN per-round ratio,
            clearing the 1.59x it has to beat (the larger of: per-round swing 1.59x,
            run-to-run scatter NOT MEASURED on this host). Decided by measure_util.hpp's
            difference-against-spread rule, in FACTORS because a percentage of it
            depends on which arm is the denominator; range separation is not what
            decided it.
            That clears the WITHIN-RUN half of the rule only -- nobody has measured
            this host's run-to-run scatter, and the rule wants the larger of the two.
ROW,morph_open_rect3,1920x1080,0.227098,0.258914,0.297866,0.015859,0.017296,0.020803,0.057320,0.067849,0.091186,1,15,0.069198,0,15,0,14.738698,1.590836,6.104e-05
   host-enqueue probe (no sync, wall clock per call):
     cv::cuda morphology filter                   0.2630 ms enqueue vs  0.2589 ms event  -> DISPATCH-BOUND: the event bracket is timing the API call
     bincv::cuda                                  0.0082 ms enqueue vs  0.0173 ms event  -> MIXED: host dispatch is a large share of the bracket
ENQ,morph_open_rect3,1920x1080,0.262955,0.258914,0.008214,0.017296
   single-call GPU time (device drained either side -- separates the
   kernel from the API for a dispatch-bound arm):
     cv::cuda morphology filter                   0.2189 ms solo vs  0.2589 ms batched
     bincv::cuda                                  0.0133 ms solo vs  0.0173 ms batched
SOLO,morph_open_rect3,1920x1080,0.218880,0.258914,0.013312,0.017296

 erode, ellipse 5x5  [1920x1080]
 cv::cuda morphology filter -> CV_8U              0.312 ms  spread   15%  [kernel]  (launch floor 2% of it)
 bincv::cuda -> bits                              0.013 ms  spread   42%  [kernel]  (launch floor 48% of it)
   ratio binCV/OpenCV, interleaved rounds: median 0.043x <- QUOTE THIS  (binCV 23.43x FASTER)
                                           geomean 0.044x   per-round range 0.039-0.060x (15 rounds)
   sign test over those paired rounds: 0 favour A, 15 favour B, 0 tied -- two-sided p = 6.1e-05
   separation (a FACT, not the verdict): the two arms' sample ranges are DISJOINT
   verdict: DIRECTION ESTABLISHED, and A RESULT
            ARM B is faster in 15 of 15 paired rounds -- NO ROUND CROSSED 1.00x, so the
            direction is established by the rounds themselves (two-sided sign-test
            p = 6.1e-05). Magnitude 16.69x to 25.40x, median 23.43x: the spread bounds
            HOW MUCH it wins by, not WHETHER it does (owner's ruling, 2026-09-19).
            A RESULT: the two arms are 23.43x apart on the MEDIAN per-round ratio,
            clearing the 1.52x it has to beat (the larger of: per-round swing 1.52x,
            run-to-run scatter NOT MEASURED on this host). Decided by measure_util.hpp's
            difference-against-spread rule, in FACTORS because a percentage of it
            depends on which arm is the denominator; range separation is not what
            decided it.
            That clears the WITHIN-RUN half of the rule only -- nobody has measured
            this host's run-to-run scatter, and the rule wants the larger of the two.
ROW,morph_erode_ell5,1920x1080,0.281870,0.312027,0.330165,0.012603,0.013024,0.018098,0.039363,0.042689,0.059932,1,15,0.044154,0,15,0,23.425464,1.522546,6.104e-05
   host-enqueue probe (no sync, wall clock per call):
     cv::cuda morphology filter                   0.3050 ms enqueue vs  0.3120 ms event  -> DISPATCH-BOUND: the event bracket is timing the API call
     bincv::cuda                                  0.0044 ms enqueue vs  0.0130 ms event  -> kernel-bound: the host feeds the device faster than it drains
ENQ,morph_erode_ell5,1920x1080,0.305019,0.312027,0.004448,0.013024
   single-call GPU time (device drained either side -- separates the
   kernel from the API for a dispatch-bound arm):
     cv::cuda morphology filter                   0.2857 ms solo vs  0.3120 ms batched
     bincv::cuda                                  0.0122 ms solo vs  0.0130 ms batched
SOLO,morph_erode_ell5,1920x1080,0.285696,0.312027,0.012160,0.013024

 erode working set (src + dst + any filter buffer)  [752x480]  -- METER 2 on BOTH sides (cudaMemGetInfo delta),
 each side over enough independent working sets that the meter's
 2.00 MB unit resolves, then divided by its own count.
   [meter 2] cv::cuda      384.00 MB over  256 sets =    1536.0 KB/frame  (192 units)
   [meter 2] binCV          24.00 MB over  256 sets =      96.0 KB/frame  (12 units)
   [meter 2] ROUNDING: one 2.00 MB unit is 8.0 KB/frame at 256 sets (8.33% of binCV's
             figure) and 8.0 KB/frame at 256 sets (0.52% of OpenCV's).
   ratio OpenCV/binCV = 16.000x  -- binCV is SMALLER by 16.000x.
   The OpenCV side is an UPPER BOUND: GpuMat pads its pitch, and any
   filter buffer or NPP scratch held past the call is inside this
   delta. binCV's side is cudaMalloc with nothing in between.
MEM,morph_erode_rect3,752x480,25165824,402653184,2097152,256,256

=====================================================================
 3. MEDIAN (WIDE) -- binCV cuda::medianWide vs
    cv::cuda::createMedianFilter(CV_8UC1, ksize)
=====================================================================
 ROLE ONLY, and the asymmetry is stated first because it is large:
 cv::cuda::createMedianFilter is a 3x3 (or 5x5) SQUARE median with a
 replicated border. binCV's kMedianReferenceL is a 3-sample L and
 kMedianReferencePlus is a 5-sample plus, both with a ZERO border.
 These produce DIFFERENT IMAGES. Neither is an oracle for the other
 and no correctness claim is made across this row -- binCV's
 correctness is closed against its own host twin by the test suite.
 What this prices is the ROLE: 'median-filter a resident 8-bit frame
 on the device'. Part of binCV's advantage here is that its operation
 is CHEAPER (3 or 5 samples against 9), which is the algorithm's win
 and NOT the representation's -- medianWide has no packed advantage
 and its own header says so. The K=9 row below is the closest
 sample-count match to a 3x3 square and is the fairest single row.
 MEMORY IS PARITY BY CONSTRUCTION: one byte per pixel in, one out,
 on both sides. Any difference in the meter is GpuMat's pitch
 padding, not a representation win, and it is labelled as such.

 median, 9 samples each (the sample-count match), BOTH on an explicit stream  [752x480]
 cv::cuda median 3x3 square                       5.721 ms  spread    5%  [kernel]  (launch floor 0% of it)
 bincv::cuda medianWide K=9                       0.023 ms  spread  261%  [kernel]  (launch floor 27% of it)
   ratio binCV/OpenCV, interleaved rounds: median 0.004x <- QUOTE THIS  (binCV 247.38x FASTER)
                                           geomean 0.005x   per-round range 0.003-0.013x (15 rounds)
   sign test over those paired rounds: 0 favour A, 15 favour B, 0 tied -- two-sided p = 6.1e-05
   separation (a FACT, not the verdict): the two arms' sample ranges are DISJOINT
   verdict: DIRECTION ESTABLISHED, and A RESULT
            ARM B is faster in 15 of 15 paired rounds -- NO ROUND CROSSED 1.00x, so the
            direction is established by the rounds themselves (two-sided sign-test
            p = 6.1e-05). Magnitude 77.18x to 389.82x, median 247.38x: the spread bounds
            HOW MUCH it wins by, not WHETHER it does (owner's ruling, 2026-09-19).
            A RESULT: the two arms are 247.38x apart on the MEDIAN per-round ratio,
            clearing the 5.05x it has to beat (the larger of: per-round swing 5.05x,
            run-to-run scatter NOT MEASURED on this host). Decided by measure_util.hpp's
            difference-against-spread rule, in FACTORS because a percentage of it
            depends on which arm is the denominator; range separation is not what
            decided it.
            That clears the WITHIN-RUN half of the rule only -- nobody has measured
            this host's run-to-run scatter, and the rule wants the larger of the two.
ROW,median_k9,752x480,5.566055,5.721498,5.846016,0.014278,0.022893,0.074125,0.002565,0.004042,0.012956,1,15,0.004874,0,15,0,247.379225,5.050539,6.104e-05
   host-enqueue probe (no sync, wall clock per call):
     cv::cuda median 3x3                          0.0284 ms enqueue vs  5.7215 ms event  -> kernel-bound: the host feeds the device faster than it drains
     bincv::cuda medianWide K=9                   0.0047 ms enqueue vs  0.0229 ms event  -> kernel-bound: the host feeds the device faster than it drains
ENQ,median_k9,752x480,0.028376,5.721498,0.004680,0.022893

 median, OpenCV 9 samples vs binCV 3 (the shipped L)  [752x480]
 cv::cuda median 3x3 square                       5.676 ms  spread    4%  [kernel]  (launch floor 0% of it)
 bincv::cuda medianWide K=3 L                     0.014 ms  spread  448%  [kernel]  (launch floor 44% of it)
   ratio binCV/OpenCV, interleaved rounds: median 0.002x <- QUOTE THIS  (binCV 405.29x FASTER)
                                           geomean 0.002x   per-round range 0.001-0.012x (15 rounds)
   sign test over those paired rounds: 0 favour A, 15 favour B, 0 tied -- two-sided p = 6.1e-05
   separation (a FACT, not the verdict): the two arms' sample ranges are DISJOINT
   verdict: DIRECTION ESTABLISHED, and A RESULT
            ARM B is faster in 15 of 15 paired rounds -- NO ROUND CROSSED 1.00x, so the
            direction is established by the rounds themselves (two-sided sign-test
            p = 6.1e-05). Magnitude 82.47x to 1116.72x, median 405.29x: the spread bounds
            HOW MUCH it wins by, not WHETHER it does (owner's ruling, 2026-09-19).
            A RESULT: the two arms are 405.29x apart on the MEDIAN per-round ratio,
            clearing the 13.54x it has to beat (the larger of: per-round swing 13.54x,
            run-to-run scatter NOT MEASURED on this host). Decided by measure_util.hpp's
            difference-against-spread rule, in FACTORS because a percentage of it
            depends on which arm is the denominator; range separation is not what
            decided it.
            That clears the WITHIN-RUN half of the rule only -- nobody has measured
            this host's run-to-run scatter, and the rule wants the larger of the two.
ROW,median_k3L,752x480,5.564825,5.676442,5.770240,0.005120,0.014131,0.068403,0.000895,0.002467,0.012126,1,15,0.002495,0,15,0,405.285768,13.541176,6.104e-05

 median, OpenCV 9 samples vs binCV 5 (the plus)  [752x480]
 cv::cuda median 3x3 square                       5.650 ms  spread    4%  [kernel]  (launch floor 0% of it)
 bincv::cuda medianWide K=5 plus                  0.013 ms  spread  119%  [kernel]  (launch floor 48% of it)
   ratio binCV/OpenCV, interleaved rounds: median 0.002x <- QUOTE THIS  (binCV 429.48x FASTER)
                                           geomean 0.002x   per-round range 0.001-0.004x (15 rounds)
   sign test over those paired rounds: 0 favour A, 15 favour B, 0 tied -- two-sided p = 6.1e-05
   separation (a FACT, not the verdict): the two arms' sample ranges are DISJOINT
   verdict: DIRECTION ESTABLISHED, and A RESULT
            ARM B is faster in 15 of 15 paired rounds -- NO ROUND CROSSED 1.00x, so the
            direction is established by the rounds themselves (two-sided sign-test
            p = 6.1e-05). Magnitude 242.94x to 747.49x, median 429.48x: the spread bounds
            HOW MUCH it wins by, not WHETHER it does (owner's ruling, 2026-09-19).
            A RESULT: the two arms are 429.48x apart on the MEDIAN per-round ratio,
            clearing the 3.08x it has to beat (the larger of: per-round swing 3.08x,
            run-to-run scatter NOT MEASURED on this host). Decided by measure_util.hpp's
            difference-against-spread rule, in FACTORS because a percentage of it
            depends on which arm is the denominator; range separation is not what
            decided it.
            That clears the WITHIN-RUN half of the rule only -- nobody has measured
            this host's run-to-run scatter, and the rule wants the larger of the two.
ROW,median_k5plus,752x480,5.570349,5.649818,5.822669,0.007558,0.013062,0.023142,0.001338,0.002328,0.004116,1,15,0.002219,0,15,0,429.480652,3.076894,6.104e-05

   THE DEFAULT-STREAM SURCHARGE, cv::cuda median, 752x480:
     apply() on the DEFAULT stream     5.6958 ms/call (wall, includes its internal cudaDeviceSynchronize)
     apply() on an EXPLICIT stream     0.0379 ms/call (wall, enqueue only)
   The difference is the API's, not the kernel's, and the rows above avoid it
   by running BOTH sides on an explicit stream.
SYNC,median_default_stream,752x480,5.695811,0.037894

 median, 9 samples each (the sample-count match), BOTH on an explicit stream  [1920x1080]
 cv::cuda median 3x3 square                      31.238 ms  spread    1%  [kernel]  (launch floor 0% of it)
 bincv::cuda medianWide K=9                       0.053 ms  spread   30%  [kernel]  (launch floor 12% of it)
   ratio binCV/OpenCV, interleaved rounds: median 0.002x <- QUOTE THIS  (binCV 593.33x FASTER)
                                           geomean 0.002x   per-round range 0.001-0.002x (15 rounds)
   sign test over those paired rounds: 0 favour A, 15 favour B, 0 tied -- two-sided p = 6.1e-05
   separation (a FACT, not the verdict): the two arms' sample ranges are DISJOINT
   verdict: DIRECTION ESTABLISHED, and A RESULT
            ARM B is faster in 15 of 15 paired rounds -- NO ROUND CROSSED 1.00x, so the
            direction is established by the rounds themselves (two-sided sign-test
            p = 6.1e-05). Magnitude 523.85x to 711.97x, median 593.33x: the spread bounds
            HOW MUCH it wins by, not WHETHER it does (owner's ruling, 2026-09-19).
            A RESULT: the two arms are 593.33x apart on the MEDIAN per-round ratio,
            clearing the 1.36x it has to beat (the larger of: per-round swing 1.36x,
            run-to-run scatter NOT MEASURED on this host). Decided by measure_util.hpp's
            difference-against-spread rule, in FACTORS because a percentage of it
            depends on which arm is the denominator; range separation is not what
            decided it.
            That clears the WITHIN-RUN half of the rule only -- nobody has measured
            this host's run-to-run scatter, and the rule wants the larger of the two.
ROW,median_k9,1920x1080,31.094168,31.237531,31.528903,0.043827,0.052634,0.059597,0.001405,0.001685,0.001909,1,15,0.001616,0,15,0,593.330710,1.359100,6.104e-05
   host-enqueue probe (no sync, wall clock per call):
     cv::cuda median 3x3                          0.0325 ms enqueue vs 31.2375 ms event  -> kernel-bound: the host feeds the device faster than it drains
     bincv::cuda medianWide K=9                   0.0051 ms enqueue vs  0.0526 ms event  -> kernel-bound: the host feeds the device faster than it drains
ENQ,median_k9,1920x1080,0.032522,31.237531,0.005086,0.052634

 median, OpenCV 9 samples vs binCV 3 (the shipped L)  [1920x1080]
 cv::cuda median 3x3 square                      31.328 ms  spread    2%  [kernel]  (launch floor 0% of it)
 bincv::cuda medianWide K=3 L                     0.023 ms  spread  159%  [kernel]  (launch floor 27% of it)
   ratio binCV/OpenCV, interleaved rounds: median 0.001x <- QUOTE THIS  (binCV 1378.61x FASTER)
                                           geomean 0.001x   per-round range 0.000-0.002x (15 rounds)
   sign test over those paired rounds: 0 favour A, 15 favour B, 0 tied -- two-sided p = 6.1e-05
   separation (a FACT, not the verdict): the two arms' sample ranges are DISJOINT
   verdict: DIRECTION ESTABLISHED, and A RESULT
            ARM B is faster in 15 of 15 paired rounds -- NO ROUND CROSSED 1.00x, so the
            direction is established by the rounds themselves (two-sided sign-test
            p = 6.1e-05). Magnitude 653.79x to 2684.59x, median 1378.61x: the spread bounds
            HOW MUCH it wins by, not WHETHER it does (owner's ruling, 2026-09-19).
            A RESULT: the two arms are 1378.61x apart on the MEDIAN per-round ratio,
            clearing the 4.11x it has to beat (the larger of: per-round swing 4.11x,
            run-to-run scatter NOT MEASURED on this host). Decided by measure_util.hpp's
            difference-against-spread rule, in FACTORS because a percentage of it
            depends on which arm is the denominator; range separation is not what
            decided it.
            That clears the WITHIN-RUN half of the rule only -- nobody has measured
            this host's run-to-run scatter, and the rule wants the larger of the two.
ROW,median_k3L,1920x1080,31.076724,31.328256,31.693823,0.011674,0.022726,0.047718,0.000372,0.000725,0.001530,1,15,0.000696,0,15,0,1378.612216,4.106226,6.104e-05

 median, OpenCV 9 samples vs binCV 5 (the plus)  [1920x1080]
 cv::cuda median 3x3 square                      31.324 ms  spread    1%  [kernel]  (launch floor 0% of it)
 bincv::cuda medianWide K=5 plus                  0.031 ms  spread  171%  [kernel]  (launch floor 20% of it)
   ratio binCV/OpenCV, interleaved rounds: median 0.001x <- QUOTE THIS  (binCV 1006.04x FASTER)
                                           geomean 0.001x   per-round range 0.001-0.002x (15 rounds)
   sign test over those paired rounds: 0 favour A, 15 favour B, 0 tied -- two-sided p = 6.1e-05
   separation (a FACT, not the verdict): the two arms' sample ranges are DISJOINT
   verdict: DIRECTION ESTABLISHED, and A RESULT
            ARM B is faster in 15 of 15 paired rounds -- NO ROUND CROSSED 1.00x, so the
            direction is established by the rounds themselves (two-sided sign-test
            p = 6.1e-05). Magnitude 419.95x to 1481.91x, median 1006.04x: the spread bounds
            HOW MUCH it wins by, not WHETHER it does (owner's ruling, 2026-09-19).
            A RESULT: the two arms are 1006.04x apart on the MEDIAN per-round ratio,
            clearing the 3.53x it has to beat (the larger of: per-round swing 3.53x,
            run-to-run scatter NOT MEASURED on this host). Decided by measure_util.hpp's
            difference-against-spread rule, in FACTORS because a percentage of it
            depends on which arm is the denominator; range separation is not what
            decided it.
            That clears the WITHIN-RUN half of the rule only -- nobody has measured
            this host's run-to-run scatter, and the rule wants the larger of the two.
ROW,median_k5plus,1920x1080,31.173230,31.323752,31.468750,0.021235,0.031130,0.074547,0.000675,0.000994,0.002381,1,15,0.000946,0,15,0,1006.039492,3.528807,6.104e-05

 denoiseMedian3 against ITS OWN WRITTEN BAR -- binCV's byte
 medianWide<L> with its fast arm on. Identical operation,
 identical border, one launch each; the only variable is the
 representation. This is the implementer's stated bar and the
 cv::cuda rows above are NOT it. Climbed as a LADDER because the
 written rule decides this gate at the first size clear of the
 launch floor, and names every size below it as deciding nothing.

 denoiseMedian3 (bits) vs medianWide<L> (bytes)  [752x480]
 bincv::cuda medianWide K=3 L, bytes              0.007 ms  spread  126%  [kernel]  AT THE LAUNCH FLOOR
 bincv::cuda denoiseMedian3                       0.006 ms  spread   36%  [kernel]  AT THE LAUNCH FLOOR
   ratio binCV/OpenCV, interleaved rounds: median 0.857x <- QUOTE THIS  (binCV  1.17x FASTER)
                                           geomean 0.818x   per-round range 0.468-1.076x (15 rounds)
   sign test over those paired rounds: 4 favour A, 11 favour B, 0 tied -- two-sided p = 0.118
   separation (a FACT, not the verdict): the two arms' sample ranges OVERLAP
   verdict: NULL RESULT, which is a result
            NULL on the magnitude: the two arms are 1.17x apart on the MEDIAN per-round ratio,
            short of the 2.30x it has to beat (the larger of: per-round swing 2.30x,
            run-to-run scatter NOT MEASURED on this host). Decided by measure_util.hpp's
            difference-against-spread rule, in FACTORS because a percentage of it
            depends on which arm is the denominator; range separation is not what
            decided it.
ROW,denoise3_vs_bytebar,752x480,0.006349,0.006912,0.015091,0.005274,0.006496,0.007619,0.468193,0.857143,1.076336,0,15,0.817658,4,11,0,1.166667,2.298913,0.1185

 denoiseMedian3 (bits) vs medianWide<L> (bytes)  [1920x1080]
 bincv::cuda medianWide K=3 L, bytes              0.012 ms  spread  164%  [kernel]  AT THE LAUNCH FLOOR
 bincv::cuda denoiseMedian3                       0.006 ms  spread  405%  [kernel]  AT THE LAUNCH FLOOR
   ratio binCV/OpenCV, interleaved rounds: median 0.533x <- QUOTE THIS  (binCV  1.88x FASTER)
                                           geomean 0.582x   per-round range 0.416-1.368x (15 rounds)
   sign test over those paired rounds: 1 favour A, 14 favour B, 0 tied -- two-sided p = 0.000977
   separation (a FACT, not the verdict): the two arms' sample ranges OVERLAP
   verdict: NULL RESULT, which is a result
            NULL on the magnitude: the two arms are 1.88x apart on the MEDIAN per-round ratio,
            short of the 3.29x it has to beat (the larger of: per-round swing 3.29x,
            run-to-run scatter NOT MEASURED on this host). Decided by measure_util.hpp's
            difference-against-spread rule, in FACTORS because a percentage of it
            depends on which arm is the denominator; range separation is not what
            decided it.
ROW,denoise3_vs_bytebar,1920x1080,0.011710,0.011878,0.031181,0.004915,0.006440,0.030976,0.415584,0.532751,1.367965,0,15,0.581617,1,14,0,1.877049,3.291666,0.0009766

 denoiseMedian3 (bits) vs medianWide<L> (bytes)  [4096x2160]
 bincv::cuda medianWide K=3 L, bytes              0.040 ms  spread   88%  [kernel]  (launch floor 15% of it)
 bincv::cuda denoiseMedian3                       0.012 ms  spread  183%  [kernel]  AT THE LAUNCH FLOOR
   ratio binCV/OpenCV, interleaved rounds: median 0.232x <- QUOTE THIS  (binCV  4.31x FASTER)
                                           geomean 0.317x   per-round range 0.100-0.738x (15 rounds)
   sign test over those paired rounds: 0 favour A, 15 favour B, 0 tied -- two-sided p = 6.1e-05
   separation (a FACT, not the verdict): the two arms' sample ranges are DISJOINT
   verdict: DIRECTION ESTABLISHED
            ARM B is faster in 15 of 15 paired rounds -- NO ROUND CROSSED 1.00x, so the
            direction is established by the rounds themselves (two-sided sign-test
            p = 6.1e-05). Magnitude 1.36x to 10.03x, median 4.31x: the spread bounds
            HOW MUCH it wins by, not WHETHER it does (owner's ruling, 2026-09-19).
            NULL on the magnitude: the two arms are 4.31x apart on the MEDIAN per-round ratio,
            short of the 7.40x it has to beat (the larger of: per-round swing 7.40x,
            run-to-run scatter NOT MEASURED on this host). Decided by measure_util.hpp's
            difference-against-spread rule, in FACTORS because a percentage of it
            depends on which arm is the denominator; range separation is not what
            decided it.
ROW,denoise3_vs_bytebar,4096x2160,0.038605,0.040182,0.073824,0.006451,0.012134,0.028669,0.099675,0.232054,0.737840,1,15,0.316847,0,15,0,4.309341,7.402465,6.104e-05
   cv::cuda::createMedianFilter's scratch is NOT incidental: its
   own filtering.cpp sizes the histograms at cols*256*partitions
   and cols*8*partitions CV_32S, which at 752 columns and its
   default 128 partitions is ~98 MB of device scratch for ONE
   752x480 frame. binCV's medianWide allocates ZERO scratch --
   no heap in kernels is a project rule, so the caller's two
   images are the whole working set.

 medianWide working set (wide src + wide dst + filter buffer)  [752x480]  -- METER 2 on BOTH sides (cudaMemGetInfo delta),
 each side over enough independent working sets that the meter's
 2.00 MB unit resolves, then divided by its own count.
   [meter 2] cv::cuda      792.00 MB over    8 sets =  101376.0 KB/frame  (396 units)
   [meter 2] binCV         206.00 MB over  256 sets =     824.0 KB/frame  (103 units)
   [meter 2] ROUNDING: one 2.00 MB unit is 8.0 KB/frame at 256 sets (0.97% of binCV's
             figure) and 256.0 KB/frame at 8 sets (0.25% of OpenCV's).
   ratio OpenCV/binCV = 123.029x  -- binCV is SMALLER by 123.029x.
   The OpenCV side is an UPPER BOUND: GpuMat pads its pitch, and any
   filter buffer or NPP scratch held past the call is inside this
   delta. binCV's side is cudaMalloc with nothing in between.
   NOTE: medianWide claims NO footprint advantage -- it is one
   byte per pixel on both sides. Any ratio here is GpuMat's pitch
   padding plus whatever cv::cuda::createMedianFilter holds for
   its histogram scratch, and it is NOT evidence for 1-bit
   packing. denoiseMedian3 is where this family's footprint
   result lives, and its bar is the binCV byte arm above.
MEM,median_k3L,752x480,216006656,830472192,2097152,256,8

 denoiseMedian3 (bits) vs medianWide<L> (bytes) working set  [752x480]  -- METER 2 on BOTH sides (cudaMemGetInfo delta),
 each side over enough independent working sets that the meter's
 2.00 MB unit resolves, then divided by its own count.
   [meter 2] cv::cuda      206.00 MB over  256 sets =     824.0 KB/frame  (103 units)
   [meter 2] binCV          24.00 MB over  256 sets =      96.0 KB/frame  (12 units)
   [meter 2] ROUNDING: one 2.00 MB unit is 8.0 KB/frame at 256 sets (8.33% of binCV's
             figure) and 8.0 KB/frame at 256 sets (0.97% of OpenCV's).
   ratio OpenCV/binCV = 8.583x  -- binCV is SMALLER by 8.583x.
   The OpenCV side is an UPPER BOUND: GpuMat pads its pitch, and any
   filter buffer or NPP scratch held past the call is inside this
   delta. binCV's side is cudaMalloc with nothing in between.
   Both sides of THAT pair are binCV, so the label 'OpenCV' on
   the first line reads 'binCV byte arm' here. Same meter, same
   replica count, and it is the representation's own ratio.
MEM,denoise3_vs_bytebar,752x480,25165824,216006656,2097152,256,256

=====================================================================
 4. PYRAMID -- binCV cuda::buildPyramidBox vs 3x cv::cuda::resize
    (INTER_AREA, 0.5) and 3x cv::cuda::pyrDown (cudawarping)
=====================================================================
 ROLE: 'build a three-rung half-resolution ladder on device'.
 cv::cuda::resize at INTER_AREA and scale 0.5 is the SAME FILTER as
 binCV's box -- a 2x2 average -- so that is the like-for-like arm.
 cv::cuda::pyrDown is a Gaussian 5x5 and is a DIFFERENT operation;
 it is carried because it is what a caller reaches for, and it is
 labelled as a different filter rather than quoted as the bar.
 binCV's ladder is N-BIT per rung (1,3,4,5) -- OpenCV has no N-bit
 image type, so the output arrays are not the same thing and this
 is a role comparison.
 ODD WIDTHS ARE NOT COMPARABLE: at width 753, resize's dsize is 376
 where pyrDownWidth(753) is 377. 752 is even at every rung, which is
 why the ladder is taken there.

 3-rung ladder, SAME FILTER (2x2 box / INTER_AREA 0.5)  [752x480]
 3x cv::cuda::resize INTER_AREA -> CV_8U          0.017 ms  spread  291%  [kernel]  (launch floor 36% of it)
 bincv::cuda buildPyramidBox -> N-bit             0.019 ms  spread  262%  [kernel]  (launch floor 33% of it)
   ratio binCV/OpenCV, interleaved rounds: median 1.008x <- QUOTE THIS  (binCV  0.99x SLOWER)
                                           geomean 1.005x   per-round range 0.588-1.499x (15 rounds)
   sign test over those paired rounds: 8 favour A, 7 favour B, 0 tied -- two-sided p = 1
   separation (a FACT, not the verdict): the two arms' sample ranges OVERLAP
   verdict: NULL RESULT, which is a result
            NULL on the magnitude: the two arms are 1.01x apart on the MEDIAN per-round ratio,
            short of the 2.55x it has to beat (the larger of: per-round swing 2.55x,
            run-to-run scatter NOT MEASURED on this host). Decided by measure_util.hpp's
            difference-against-spread rule, in FACTORS because a percentage of it
            depends on which arm is the denominator; range separation is not what
            decided it.
ROW,pyramid_vs_resize,752x480,0.015155,0.017488,0.066029,0.016896,0.018637,0.065712,0.587630,1.007685,1.499343,0,15,1.005363,8,7,0,1.007685,2.551509,1
   host-enqueue probe (no sync, wall clock per call):
     3x cv::cuda::resize                          0.0185 ms enqueue vs  0.0175 ms event  -> DISPATCH-BOUND: the event bracket is timing the API call
     bincv::cuda buildPyramidBox                  0.0127 ms enqueue vs  0.0186 ms event  -> MIXED: host dispatch is a large share of the bracket
ENQ,pyramid_vs_resize,752x480,0.018462,0.017488,0.012661,0.018637

 3-rung ladder, DIFFERENT FILTER (Gaussian 5x5) -- reference only  [752x480]
 3x cv::cuda::pyrDown -> CV_8U                    0.021 ms  spread  316%  [kernel]  (launch floor 30% of it)
 bincv::cuda buildPyramidBox -> N-bit             0.019 ms  spread  164%  [kernel]  (launch floor 33% of it)
   ratio binCV/OpenCV, interleaved rounds: median 0.865x <- QUOTE THIS  (binCV  1.16x FASTER)
                                           geomean 0.804x   per-round range 0.188-1.258x (15 rounds)
   sign test over those paired rounds: 2 favour A, 13 favour B, 0 tied -- two-sided p = 0.00739
   separation (a FACT, not the verdict): the two arms' sample ranges OVERLAP
   verdict: NULL RESULT, which is a result
            NULL on the magnitude: the two arms are 1.16x apart on the MEDIAN per-round ratio,
            short of the 6.68x it has to beat (the larger of: per-round swing 6.68x,
            run-to-run scatter NOT MEASURED on this host). Decided by measure_util.hpp's
            difference-against-spread rule, in FACTORS because a percentage of it
            depends on which arm is the denominator; range separation is not what
            decided it.
ROW,pyramid_vs_pyrdown,752x480,0.018022,0.021030,0.084374,0.015872,0.018611,0.046384,0.188114,0.865270,1.257525,0,15,0.804127,2,13,0,1.155708,6.684912,0.007385

 4-level ladder, all rungs resident  [752x480]  -- METER 2 on BOTH sides (cudaMemGetInfo delta),
 each side over enough independent working sets that the meter's
 2.00 MB unit resolves, then divided by its own count.
   [meter 2] cv::cuda      172.00 MB over  256 sets =     688.0 KB/frame  (86 units)
   [meter 2] binCV          24.00 MB over  256 sets =      96.0 KB/frame  (12 units)
   [meter 2] ROUNDING: one 2.00 MB unit is 8.0 KB/frame at 256 sets (8.33% of binCV's
             figure) and 8.0 KB/frame at 256 sets (1.16% of OpenCV's).
   ratio OpenCV/binCV = 7.167x  -- binCV is SMALLER by 7.167x.
   The OpenCV side is an UPPER BOUND: GpuMat pads its pitch, and any
   filter buffer or NPP scratch held past the call is inside this
   delta. binCV's side is cudaMalloc with nothing in between.
MEM,pyramid,752x480,25165824,180355072,2097152,256,256

=====================================================================
 5. EDGE THRESHOLD -- binCV cuda::edgeThreshold vs the composed
    cv::cuda spelling (createDerivFilter x2 + abs + add + threshold)
=====================================================================
 ROLE: 'central-difference gradient magnitude, thresholded, on
 device'. There is no single cv::cuda call for it, so the bar is the
 composed spelling a caller would actually write. createDerivFilter
 at ksize=1 with normalize=false gives getDerivKernels' exact
 [-1,0,1] -- the same computation -- and defaults to
 BORDER_REFLECT_101, which is binCV's border here.
 createLinearFilter cannot be used: it asserts dst depth == src
 depth, and a signed derivative of CV_8U needs CV_16S.
 The chain is separable, so it is SEVERAL launches against binCV's
 one, and the launch count is derived from the API's structure --
 no profiler runs on this host to count them directly.

 edge map, |dx| max |dy| >= 17  [752x480]
 composed cv::cuda chain -> CV_16S                0.060 ms  spread   80%  [kernel]  (launch floor 10% of it)
 bincv::cuda edgeThreshold -> bits                0.009 ms  spread  135%  [kernel]  AT THE LAUNCH FLOOR
   ratio binCV/OpenCV, interleaved rounds: median 0.137x <- QUOTE THIS  (binCV  7.32x FASTER)
                                           geomean 0.145x   per-round range 0.103-0.313x (15 rounds)
   sign test over those paired rounds: 0 favour A, 15 favour B, 0 tied -- two-sided p = 6.1e-05
   separation (a FACT, not the verdict): the two arms' sample ranges are DISJOINT
   verdict: DIRECTION ESTABLISHED, and A RESULT
            ARM B is faster in 15 of 15 paired rounds -- NO ROUND CROSSED 1.00x, so the
            direction is established by the rounds themselves (two-sided sign-test
            p = 6.1e-05). Magnitude 3.20x to 9.72x, median 7.32x: the spread bounds
            HOW MUCH it wins by, not WHETHER it does (owner's ruling, 2026-09-19).
            A RESULT: the two arms are 7.32x apart on the MEDIAN per-round ratio,
            clearing the 3.04x it has to beat (the larger of: per-round swing 3.04x,
            run-to-run scatter NOT MEASURED on this host). Decided by measure_util.hpp's
            difference-against-spread rule, in FACTORS because a percentage of it
            depends on which arm is the denominator; range separation is not what
            decided it.
            That clears the WITHIN-RUN half of the rule only -- nobody has measured
            this host's run-to-run scatter, and the rule wants the larger of the two.
ROW,edge,752x480,0.052429,0.060109,0.100525,0.006698,0.008602,0.018274,0.102884,0.136535,0.312831,1,15,0.145255,0,15,0,7.324138,3.040612,6.104e-05
   host-enqueue probe (no sync, wall clock per call):
     composed cv::cuda chain                      0.0343 ms enqueue vs  0.0601 ms event  -> MIXED: host dispatch is a large share of the bracket
     bincv::cuda edgeThreshold                    0.0043 ms enqueue vs  0.0086 ms event  -> MIXED: host dispatch is a large share of the bracket
ENQ,edge,752x480,0.034254,0.060109,0.004260,0.008602

 edge map, |dx| max |dy| >= 17  [1920x1080]
 composed cv::cuda chain -> CV_16S                0.180 ms  spread   40%  [kernel]  (launch floor 3% of it)
 bincv::cuda edgeThreshold -> bits                0.016 ms  spread   22%  [kernel]  (launch floor 38% of it)
   ratio binCV/OpenCV, interleaved rounds: median 0.090x <- QUOTE THIS  (binCV 11.13x FASTER)
                                           geomean 0.088x   per-round range 0.065-0.110x (15 rounds)
   sign test over those paired rounds: 0 favour A, 15 favour B, 0 tied -- two-sided p = 6.1e-05
   separation (a FACT, not the verdict): the two arms' sample ranges are DISJOINT
   verdict: DIRECTION ESTABLISHED, and A RESULT
            ARM B is faster in 15 of 15 paired rounds -- NO ROUND CROSSED 1.00x, so the
            direction is established by the rounds themselves (two-sided sign-test
            p = 6.1e-05). Magnitude 9.12x to 15.43x, median 11.13x: the spread bounds
            HOW MUCH it wins by, not WHETHER it does (owner's ruling, 2026-09-19).
            A RESULT: the two arms are 11.13x apart on the MEDIAN per-round ratio,
            clearing the 1.69x it has to beat (the larger of: per-round swing 1.69x,
            run-to-run scatter NOT MEASURED on this host). Decided by measure_util.hpp's
            difference-against-spread rule, in FACTORS because a percentage of it
            depends on which arm is the denominator; range separation is not what
            decided it.
            That clears the WITHIN-RUN half of the rule only -- nobody has measured
            this host's run-to-run scatter, and the rule wants the larger of the two.
ROW,edge,1920x1080,0.178586,0.179610,0.249651,0.016077,0.016323,0.019661,0.064807,0.089846,0.109652,1,15,0.088483,0,15,0,11.130158,1.691966,6.104e-05
   host-enqueue probe (no sync, wall clock per call):
     composed cv::cuda chain                      0.0366 ms enqueue vs  0.1796 ms event  -> kernel-bound: the host feeds the device faster than it drains
     bincv::cuda edgeThreshold                    0.0044 ms enqueue vs  0.0163 ms event  -> kernel-bound: the host feeds the device faster than it drains
ENQ,edge,1920x1080,0.036570,0.179610,0.004381,0.016323

 edge working set (every intermediate the chain needs)  [752x480]  -- METER 2 on BOTH sides (cudaMemGetInfo delta),
 each side over enough independent working sets that the meter's
 2.00 MB unit resolves, then divided by its own count.
   [meter 2] cv::cuda      640.00 MB over   64 sets =   10240.0 KB/frame  (320 units)
   [meter 2] binCV         104.00 MB over  256 sets =     416.0 KB/frame  (52 units)
   [meter 2] ROUNDING: one 2.00 MB unit is 8.0 KB/frame at 256 sets (1.92% of binCV's
             figure) and 32.0 KB/frame at 64 sets (0.31% of OpenCV's).
   ratio OpenCV/binCV = 24.615x  -- binCV is SMALLER by 24.615x.
   The OpenCV side is an UPPER BOUND: GpuMat pads its pitch, and any
   filter buffer or NPP scratch held past the call is inside this
   delta. binCV's side is cudaMalloc with nothing in between.
MEM,edge,752x480,109051904,671088640,2097152,256,64

=====================================================================
 6. NO BAR EXISTS -- verdict OUTSTANDING (owner ruling R2)
=====================================================================
 These ops have NO cv::cuda counterpart at any API level. Under R2
 they ship on correctness + memory + the host comparison, with the
 GPU speed verdict recorded explicitly as OUTSTANDING against the
 resident pipeline that will later price them. No substitute bar is
 invented here and no CPU number is quoted as a GPU bar.

   cuda::binarize     N-plane bit-sliced source -> bits. OpenCV has
                      no N-bit image type on host or device, so there
                      is nothing to compare the input side against.
                      SPEED VERDICT: OUTSTANDING.
   cuda::shift        integer translation of a packed bit plane. The
                      byte side's actual alternative is a pitched DMA
                      (cudaMemcpy2D), not a kernel -- timed below as
                      a reference, not as a bar, because binCV's one
                      funnel-shift instruction is being compared
                      against ZERO instructions on a copy engine.
                      SPEED VERDICT: OUTSTANDING.
   cuda::pyrDownBox   the N-bit rung itself (the LADDER has a role
                      bar above; the per-rung N-bit requantize does
                      not). SPEED VERDICT: OUTSTANDING.

 shift, REFERENCE ONLY (not a bar -- a DMA against a kernel):
 cudaMemcpy2DAsync ROI, bytes (copy engine)       0.010 ms  spread   69%  [kernel]  AT THE LAUNCH FLOOR
 bincv::cuda::shift dx=8, bits (one kernel)       0.008 ms  spread  126%  [kernel]  AT THE LAUNCH FLOOR
   ratio binCV/DMA: 0.833x   range 0.509-1.416x   OVERLAP
ROW,shift_vs_dma,752x480,0.007731,0.010075,0.014643,0.005786,0.008141,0.016077,0.508579,0.833413,1.415730,0,15,0.853208,4,11,0,1.199886,2.783695,0.1185

=====================================================================
 7. DENSE DISPARITY -- binCV binary path vs cv::cuda::StereoBM
=====================================================================
 ROLE: 'a dense disparity map from a rectified pair, resident on
 device'. StereoBM matches SAD over prefiltered bytes; binCV matches
 Hamming over packed binary. Different maps -- correctness is settled
 against the host library by the test suite, not here.
 RE-TAKEN HERE because this backend's shipped report quotes this
 comparison from a DEFAULT-STREAM measurement, and StereoBM calls
 cudaDeviceSynchronize() on the null stream in each of its three
 kernels (cudastereo/src/cuda/stereobm.cu). Both sides now run on
 one explicit stream, where neither synchronizes.

 dense disparity, 64 disparities, 9x9 support  [752x480]
 cv::cuda::StereoBM(64, 9)                        0.699 ms  spread   46%  [kernel]  (launch floor 1% of it)
 bincv::cuda denseDisparityBinary                 0.064 ms  spread  110%  [kernel]  (launch floor 10% of it)
   ratio binCV/OpenCV, interleaved rounds: median 0.091x <- QUOTE THIS  (binCV 10.94x FASTER)
                                           geomean 0.097x   per-round range 0.066-0.182x (15 rounds)
   sign test over those paired rounds: 0 favour A, 15 favour B, 0 tied -- two-sided p = 6.1e-05
   separation (a FACT, not the verdict): the two arms' sample ranges are DISJOINT
   verdict: DIRECTION ESTABLISHED, and A RESULT
            ARM B is faster in 15 of 15 paired rounds -- NO ROUND CROSSED 1.00x, so the
            direction is established by the rounds themselves (two-sided sign-test
            p = 6.1e-05). Magnitude 5.51x to 15.09x, median 10.94x: the spread bounds
            HOW MUCH it wins by, not WHETHER it does (owner's ruling, 2026-09-19).
            A RESULT: the two arms are 10.94x apart on the MEDIAN per-round ratio,
            clearing the 2.74x it has to beat (the larger of: per-round swing 2.74x,
            run-to-run scatter NOT MEASURED on this host). Decided by measure_util.hpp's
            difference-against-spread rule, in FACTORS because a percentage of it
            depends on which arm is the denominator; range separation is not what
            decided it.
            That clears the WITHIN-RUN half of the rule only -- nobody has measured
            this host's run-to-run scatter, and the rule wants the larger of the two.
ROW,stereo_binary,752x480,0.635392,0.699286,0.959782,0.063181,0.063862,0.133632,0.066255,0.091375,0.181592,1,15,0.097154,0,15,0,10.943861,2.740811,6.104e-05
   host-enqueue probe (no sync, wall clock per call):
     cv::cuda::StereoBM                           0.6582 ms enqueue vs  0.6993 ms event  -> DISPATCH-BOUND: the event bracket is timing the API call
     bincv denseDisparityBinary                   0.0094 ms enqueue vs  0.0639 ms event  -> kernel-bound: the host feeds the device faster than it drains
ENQ,stereo_binary,752x480,0.658173,0.699286,0.009400,0.063862
   single-call GPU time (device drained either side -- separates the
   kernel from the API for a dispatch-bound arm):
     cv::cuda::StereoBM                           0.6307 ms solo vs  0.6993 ms batched
     bincv denseDisparityBinary                   0.0645 ms solo vs  0.0639 ms batched
SOLO,stereo_binary,752x480,0.630688,0.699286,0.064512,0.063862

   THE SAME cv::cuda::StereoBM ON THE DEFAULT STREAM: 0.7146 ms
   against 0.6993 ms on an explicit stream -- a 1.02x difference that
   is the API's three null-stream cudaDeviceSynchronize calls, not
   the kernel. The explicit-stream number is the bar, because the
   bar is the BEST existing option and a pipeline uses streams.
SYNC,stereobm_default_stream,752x480,0.714560,0.699286

---------------------------------------------------------------
 7b. MEMORY -- THE THREE WORKING SETS, ONE REGION, ONE METER,
     ONE REPLICA COUNT, THIS PROCESS
---------------------------------------------------------------
 Meter 2 (cudaMemGetInfo delta) on all three, 256 replicas each,
 every set held until its delta is read. Region: 752x480, 64
 disparities, 9x9 support -- the same region section 7 timed.

   one meter unit = 2.00 MB = 8.0 KB/frame at 256 replicas
   binCV BINARY entry                       112.00 MB / 256 =    448.0 KB/frame  (  56 units, rounding 1.79%)  2 bit planes + map
     CONVERGENCE, on the smallest of the three: the same set reads 448.0 KB/frame
     at 64 replicas against 448.0 KB/frame at 256 -- 1.0000x. It has stopped moving, so the count is high enough.
   binCV CENSUS entry                      1126.00 MB / 256 =   4504.0 KB/frame  ( 563 units, rounding 0.18%)  2 wide + 2 descriptors + map
   cv::cuda::StereoBM(64,9) synthetic       768.00 MB / 256 =   3072.0 KB/frame  ( 384 units, rounding 0.26%)  UPPER reading
   [meter 1, binCV context only, never a cross-library numerator] binary
   entry allocation sum = 442.5 KB. Meter 1 and meter 2 do not divide.
   CONTENT DEPENDENCE: NOT CHECKED -- no real sequence blob was pointed at
   BINCV_CUDA_ROLE_FRAMES, so only the synthetic reading exists and it is
   quoted as such.
   BINARY entry vs StereoBM: 6.857x -- binCV SMALLER by 6.857x (448.0 KB against 3072.0 KB).
   CENSUS entry vs StereoBM: 0.682x -- StereoBM SMALLER by 1.466x (4504.0 KB against 3072.0 KB).
   Both ratios are LOWER BOUNDS on binCV's side and UPPER readings on
   StereoBM's, for the reason stated above: GpuMat may pool and pads its
   pitch; binCV has nothing between the op and cudaMalloc.
MEM,stereo_binary_vs_stereobm,752x480,117440512,805306368,2097152,256,256
MEM,stereo_census_vs_stereobm,752x480,1180696576,805306368,2097152,256,256
MEM3,stereo_one_region,752x480,117440512,1180696576,805306368,0,2097152,256

=====================================================================
 8. THE DEFAULT-STREAM SURCHARGE -- why every row above runs on an
    EXPLICIT stream, measured rather than asserted
=====================================================================
 OpenCV's CUDA modules call cudaDeviceSynchronize() after a launch
 WHEN AND ONLY WHEN the stream is the null stream. It is not one
 function: the guard

     if (stream == 0) cudaSafeCall( cudaDeviceSynchronize() );

 appears in cudev's grid transform (which backs cudaarithm's
 threshold, abs and max), in cudafilters' morphology, linear and
 median filters, in cudawarping's resize and pyrDown, and three
 times in cudastereo's StereoBM.

 CONSEQUENCE FOR A BENCHMARK. On the default stream an OpenCV arm
 cannot pipeline across a batch of enqueues while binCV's arm can,
 so an event bracket over N calls measures N serialized round trips
 on one side and N pipelined launches on the other. That is not a
 kernel-to-kernel comparison, and the difference is not small.

 WHICH NUMBER IS THE BAR. The explicit-stream one. CLAUDE.md says the
 bar is the BEST existing option, not the worst; a resident pipeline
 uses streams, and OpenCV supports them on every call measured here.
 Quoting the default-stream number would be measuring against a
 fallback nobody would use. The default-stream figure is reported
 beside it as what a naive caller pays, and labelled as that.

 call                                              default   explicit    ratio
 cv::cuda::threshold (cudaarithm / cudev)         0.0377 ms   0.0066 ms    5.75x  (ranges DISJOINT)
STREAMCOST,cv::cuda::threshold (cudaarithm / cudev),0.037274,0.037688,0.075827,0.005419,0.006554,0.007630,1
 cv::cuda erode 3x3 (cudafilters)                 0.1111 ms   0.0819 ms    1.36x  (ranges OVERLAP)
STREAMCOST,cv::cuda erode 3x3 (cudafilters),0.108237,0.111067,0.160358,0.080853,0.081856,0.136294,0
 cv::cuda::resize INTER_AREA 0.5 (cudawarping)    0.0382 ms   0.0063 ms    6.02x  (ranges DISJOINT)
STREAMCOST,cv::cuda::resize INTER_AREA 0.5 (cudawarping),0.037990,0.038243,0.068403,0.005274,0.006349,0.015611,1
 cv::cuda::pyrDown (cudawarping)                  0.0502 ms   0.0077 ms    6.50x  (ranges DISJOINT)
STREAMCOST,cv::cuda::pyrDown (cudawarping),0.038621,0.050227,0.209973,0.006758,0.007730,0.016896,1
 cv::cuda median 3x3 (cudafilters) -- a 6 ms kernel   5.7388 ms   5.6472 ms    1.02x  (ranges OVERLAP)
STREAMCOST,cv::cuda median 3x3 (cudafilters) -- a 6 ms kernel,5.686426,5.738752,5.881190,5.622989,5.647155,5.733427,0
 CONTROL: binCV cuda::threshold (no such guard anywhere)   0.0065 ms   0.0066 ms    1.00x  (ranges OVERLAP)
STREAMCOST,CONTROL: binCV cuda::threshold (no such guard anywhere),0.004710,0.006547,0.015718,0.004710,0.006554,0.007774,0
 CONTROL: binCV cuda::erode 3x3 (no such guard anywhere)   0.0059 ms   0.0060 ms    0.98x  (ranges OVERLAP)
STREAMCOST,CONTROL: binCV cuda::erode 3x3 (no such guard anywhere),0.004862,0.005872,0.015923,0.005674,0.005990,0.006570,0

 HOW TO READ THIS TABLE, and the last row is what makes it
 readable. binCV has NO null-stream guard anywhere, so its row is
 the control: whatever ratio IT shows is the legacy default stream's
 own per-launch tax, which every arm on that stream pays -- the
 legacy stream implicitly synchronizes with every other blocking
 stream in the process, and one exists here. Only the EXCESS over
 the control is attributable to OpenCV's cudaDeviceSynchronize.

 AND THE SIZE OF THE EFFECT DEPENDS ON THE KERNEL, which is the
 conclusion that actually matters for this report: a synchronize
 costs roughly one launch latency, so it is most of the measurement
 for an op sitting near the launch floor and almost none of it for
 an op that runs for a millisecond. Expect threshold, resize and
 median to move a lot and StereoBM to barely move at all -- and
 check that against the rows above rather than taking it on trust.

=====================================================================
 ROUND 2 -- the pipeline role bars. INPUT, stated once for all of
 them: binCV's own sensor stage output at 752x480 -- medianWide<3>
 then edgeThreshold(17) -- 82.67% of pixels set. OpenCV reads the
 identical bits as a CV_8U {0,255} picture.
 FRAME SOURCE: synthetic smoothed noise (NOT representative content)
=====================================================================
FRAMESRC,synthetic smoothed noise (NOT representative content),82.6695

=====================================================================
 9. FAST -- binCV cuda::detectFastAsync vs cv::cuda::FastFeatureDetector
=====================================================================
 THE AUTHOR'S OWN RULE, not restated more kindly: required >= 1.00x
 kernel-resident, both sides one explicit stream, with the corner-set
 agreement gate passing first. The '>= 2.00x target' the design
 carried was deleted by its own author as underived; what ratio ships
 the claim UNQUALIFIED remains an open owner question, and nothing
 here fills it in.
 The capped arm is carried beside the shipped one because the family
 located its shortfall in the single-block raster sort rather than in
 the ring algebra, and a serial pass has to be able to check that.

 CORNER-SET AGREEMENT GATE (runs before any timing): binCV 32768 (found 34143, capacity 32768, *** TRUNCATED ***), OpenCV 32768 keypoints -- *** SETS DIFFER -- ratios below are NOT like-for-like ***
GATE,fast_corner_sets,752x480,32768,32768,0

 FAST corners, binary frame vs CV_8U picture  [752x480]
 cv::cuda::FastFeatureDetector (nms off)          0.120 ms  spread   76%  [kernel]  (launch floor 5% of it)
 bincv::cuda::detectFastAsync                     0.020 ms  spread  333%  [kernel]  (launch floor 31% of it)
   ratio binCV/OpenCV, interleaved rounds: median 0.170x <- QUOTE THIS  (binCV  5.89x FASTER)
                                           geomean 0.196x   per-round range 0.107-0.615x (15 rounds)
   sign test over those paired rounds: 0 favour A, 15 favour B, 0 tied -- two-sided p = 6.1e-05
   separation (a FACT, not the verdict): the two arms' sample ranges are DISJOINT
   verdict: DIRECTION ESTABLISHED, and A RESULT
            ARM B is faster in 15 of 15 paired rounds -- NO ROUND CROSSED 1.00x, so the
            direction is established by the rounds themselves (two-sided sign-test
            p = 6.1e-05). Magnitude 1.63x to 9.35x, median 5.89x: the spread bounds
            HOW MUCH it wins by, not WHETHER it does (owner's ruling, 2026-09-19).
            A RESULT: the two arms are 5.89x apart on the MEDIAN per-round ratio,
            clearing the 5.75x it has to beat (the larger of: per-round swing 5.75x,
            run-to-run scatter NOT MEASURED on this host). Decided by measure_util.hpp's
            difference-against-spread rule, in FACTORS because a percentage of it
            depends on which arm is the denominator; range separation is not what
            decided it.
            That clears the WITHIN-RUN half of the rule only -- nobody has measured
            this host's run-to-run scatter, and the rule wants the larger of the two.
   RULE: required <= 1.000x (binCV at or faster than parity) -> MET
ROW,fast,752x480,0.110163,0.119798,0.201523,0.017920,0.020173,0.085094,0.106897,0.169725,0.614711,1,15,0.195538,0,15,0,5.891879,5.750519,6.104e-05
   host-enqueue probe (no sync, wall clock per call):
     cv::cuda::FastFeatureDetector                0.1232 ms enqueue vs  0.1198 ms event  -> DISPATCH-BOUND: the event bracket is timing the API call
     bincv::cuda::detectFastAsync                 0.0111 ms enqueue vs  0.0202 ms event  -> MIXED: host dispatch is a large share of the bracket
ENQ,fast,752x480,0.123228,0.119798,0.011106,0.020173

 FAST, binCV CAPPED at 512 stored -- the DETECTOR without most of
 the sort. An UPPER BOUND on detection alone, so the conclusion is
 safe in the direction it is used  [752x480]
 cv::cuda::FastFeatureDetector (nms off)          0.123 ms  spread   65%  [kernel]  (launch floor 5% of it)
 bincv::cuda::detectFastAsync, capacity 512       0.020 ms  spread   97%  [kernel]  (launch floor 31% of it)
   ratio binCV/OpenCV, interleaved rounds: median 0.165x <- QUOTE THIS  (binCV  6.07x FASTER)
                                           geomean 0.170x   per-round range 0.106-0.301x (15 rounds)
   sign test over those paired rounds: 0 favour A, 15 favour B, 0 tied -- two-sided p = 6.1e-05
   separation (a FACT, not the verdict): the two arms' sample ranges are DISJOINT
   verdict: DIRECTION ESTABLISHED, and A RESULT
            ARM B is faster in 15 of 15 paired rounds -- NO ROUND CROSSED 1.00x, so the
            direction is established by the rounds themselves (two-sided sign-test
            p = 6.1e-05). Magnitude 3.32x to 9.40x, median 6.07x: the spread bounds
            HOW MUCH it wins by, not WHETHER it does (owner's ruling, 2026-09-19).
            A RESULT: the two arms are 6.07x apart on the MEDIAN per-round ratio,
            clearing the 2.83x it has to beat (the larger of: per-round swing 2.83x,
            run-to-run scatter NOT MEASURED on this host). Decided by measure_util.hpp's
            difference-against-spread rule, in FACTORS because a percentage of it
            depends on which arm is the denominator; range separation is not what
            decided it.
            That clears the WITHIN-RUN half of the rule only -- nobody has measured
            this host's run-to-run scatter, and the rule wants the larger of the two.
ROW,fast_capped512,752x480,0.115011,0.123392,0.195789,0.017408,0.020355,0.037178,0.106336,0.164613,0.301297,1,15,0.170073,0,15,0,6.074867,2.833441,6.104e-05

 FAST working set, capacity 32768 (record 12 B, scratch 380 B)  [752x480]  -- METER 2 on BOTH sides (cudaMemGetInfo delta),
 each side over enough independent working sets that the meter's
 2.00 MB unit resolves, then divided by its own count.
   [meter 2] cv::cuda      192.00 MB over  256 sets =     768.0 KB/frame  (96 units)
   [meter 2] binCV         108.00 MB over  256 sets =     432.0 KB/frame  (54 units)
   [meter 2] ROUNDING: one 2.00 MB unit is 8.0 KB/frame at 256 sets (1.85% of binCV's
             figure) and 8.0 KB/frame at 256 sets (1.04% of OpenCV's).
   ratio OpenCV/binCV = 1.778x  -- binCV is SMALLER by 1.778x.
   The OpenCV side is an UPPER BOUND: GpuMat pads its pitch, and any
   filter buffer or NPP scratch held past the call is inside this
   delta. binCV's side is cudaMalloc with nothing in between.
MEM,fast,752x480,113246208,201326592,2097152,256,256

=====================================================================
 10. goodFeaturesToTrack -- binCV device-resident selection vs
     cv::cuda::createGoodFeaturesToTrackDetector (cudaimgproc)
=====================================================================
 WALL CLOCK ON BOTH SIDES, and the reason is on OpenCV's side: at
 minDistance >= 1 its detect() DOWNLOADS the sorted candidate list,
 runs the spacing filter on the HOST and uploads the survivors
 (cudaimgproc/src/gftt.cpp). A CUDA-event clock would exclude that
 pass and flatter OpenCV. binCV's selection never leaves the device.
 THE SPEED BAR FOR THIS OP WAS NOT WRITABLE -- its author escalated
 it rather than deriving a number from a host CPU ratio, and this
 binary does not invent one either. The ratio is reported; the
 verdict is the owner's.

 goodFeaturesToTrack -- WALL CLOCK both sides, OpenCV's host
 round trip INSIDE its arm because a caller pays it  [752x480 WALL]
 cv::cuda gftt (downloads, spaces on host, uploads)     3.403 ms  spread   23%  [kernel]  (launch floor 0% of it)
 bincv::cuda::goodFeaturesToTrackAsync (never leaves device)     0.374 ms  spread   61%  [kernel]  (launch floor 2% of it)
   ratio binCV/OpenCV, interleaved rounds: median 0.114x <- QUOTE THIS  (binCV  8.76x FASTER)
                                           geomean 0.126x   per-round range 0.099-0.172x (15 rounds)
   sign test over those paired rounds: 0 favour A, 15 favour B, 0 tied -- two-sided p = 6.1e-05
   separation (a FACT, not the verdict): the two arms' sample ranges are DISJOINT
   verdict: DIRECTION ESTABLISHED, and A RESULT
            ARM B is faster in 15 of 15 paired rounds -- NO ROUND CROSSED 1.00x, so the
            direction is established by the rounds themselves (two-sided sign-test
            p = 6.1e-05). Magnitude 5.81x to 10.12x, median 8.76x: the spread bounds
            HOW MUCH it wins by, not WHETHER it does (owner's ruling, 2026-09-19).
            A RESULT: the two arms are 8.76x apart on the MEDIAN per-round ratio,
            clearing the 1.74x it has to beat (the larger of: per-round swing 1.74x,
            run-to-run scatter NOT MEASURED on this host). Decided by measure_util.hpp's
            difference-against-spread rule, in FACTORS because a percentage of it
            depends on which arm is the denominator; range separation is not what
            decided it.
            That clears the WITHIN-RUN half of the rule only -- nobody has measured
            this host's run-to-run scatter, and the rule wants the larger of the two.
ROW,gftt_wall,752x480,3.147838,3.402890,3.922315,0.353597,0.374341,0.582169,0.098773,0.114218,0.172223,1,15,0.125511,0,15,0,8.755188,1.743615,6.104e-05
   corners: binCV 200 (ranked 32768, truncated 1, pool overflow 0) vs OpenCV 200.
   NOT A GATE and not an equality: the two run different spacing
   rules over different responses. It is here so the ratio above is
   read against a known workload.
GATE,gftt_counts,752x480,200,200,0

 goodFeaturesToTrack working set (FUSED arm: no frame-sized
 float map exists at all on binCV's side)  [752x480]  -- METER 2 on BOTH sides (cudaMemGetInfo delta),
 each side over enough independent working sets that the meter's
 2.00 MB unit resolves, then divided by its own count.
   [meter 2] cv::cuda      160.00 MB over   16 sets =   10240.0 KB/frame  (80 units)
   [meter 2] binCV          30.00 MB over   16 sets =    1920.0 KB/frame  (15 units)
   [meter 2] ROUNDING: one 2.00 MB unit is 128.0 KB/frame at 16 sets (6.67% of binCV's
             figure) and 128.0 KB/frame at 16 sets (1.25% of OpenCV's).
   ratio OpenCV/binCV = 5.333x  -- binCV is SMALLER by 5.333x.
   The OpenCV side is an UPPER BOUND: GpuMat pads its pitch, and any
   filter buffer or NPP scratch held past the call is inside this
   delta. binCV's side is cudaMalloc with nothing in between.
MEM,gftt,752x480,31457280,167772160,2097152,16,16

=====================================================================
 11. CORNER RESPONSE -- binCV cuda::cornerMinEigenValAsync vs
     cv::cuda::createMinEigenValCorner AND createHarrisCorner
=====================================================================
 TWO DENOMINATORS, AND THEY ARE NOT INTERCHANGEABLE. binCV's op
 computes the MINIMUM EIGENVALUE of the gradient covariance, so
 createMinEigenValCorner is the like-for-like counterpart and is the
 bar. createHarrisCorner computes a DIFFERENT response (det - k*tr^2)
 over the same covariance and is timed beside it as context -- the
 task named it, and the honest thing is to run it and say plainly
 that it answers a different question, not to quietly substitute it
 for the one that matches.
 BOTH OpenCV arms read the CV_8U picture and internally run a Sobel;
 binCV reads four TERNARY BIT PLANES that already exist in the
 pipeline. That is a role comparison, not an equality, and the
 asymmetry is stated rather than folded into the ratio.

 min-eigenvalue response map, blockSize 3 -- THE BAR  [752x480]
 cv::cuda::createMinEigenValCorner                0.052 ms  spread   57%  [kernel]  (launch floor 12% of it)
 bincv::cuda::cornerMinEigenValAsync              0.020 ms  spread    1%  [kernel]  (launch floor 31% of it)
   ratio binCV/OpenCV, interleaved rounds: median 0.381x <- QUOTE THIS  (binCV  2.62x FASTER)
                                           geomean 0.360x   per-round range 0.247-0.389x (15 rounds)
   sign test over those paired rounds: 0 favour A, 15 favour B, 0 tied -- two-sided p = 6.1e-05
   separation (a FACT, not the verdict): the two arms' sample ranges are DISJOINT
   verdict: DIRECTION ESTABLISHED, and A RESULT
            ARM B is faster in 15 of 15 paired rounds -- NO ROUND CROSSED 1.00x, so the
            direction is established by the rounds themselves (two-sided sign-test
            p = 6.1e-05). Magnitude 2.57x to 4.06x, median 2.62x: the spread bounds
            HOW MUCH it wins by, not WHETHER it does (owner's ruling, 2026-09-19).
            A RESULT: the two arms are 2.62x apart on the MEDIAN per-round ratio,
            clearing the 1.58x it has to beat (the larger of: per-round swing 1.58x,
            run-to-run scatter NOT MEASURED on this host). Decided by measure_util.hpp's
            difference-against-spread rule, in FACTORS because a percentage of it
            depends on which arm is the denominator; range separation is not what
            decided it.
            That clears the WITHIN-RUN half of the rule only -- nobody has measured
            this host's run-to-run scatter, and the rule wants the larger of the two.
ROW,cornerresp_mineigen,752x480,0.051651,0.052429,0.081613,0.019917,0.020070,0.020122,0.246550,0.381323,0.388954,1,15,0.359611,0,15,0,2.622449,1.577590,6.104e-05
   host-enqueue probe (no sync, wall clock per call):
     cv::cuda minEigenVal                         0.0270 ms enqueue vs  0.0524 ms event  -> MIXED: host dispatch is a large share of the bracket
     bincv::cuda::cornerMinEigenValAsync          0.0078 ms enqueue vs  0.0201 ms event  -> kernel-bound: the host feeds the device faster than it drains
ENQ,cornerresp_mineigen,752x480,0.027016,0.052429,0.007837,0.020070

 createHarrisCorner beside it -- CONTEXT, a DIFFERENT response
 function over the same covariance, not binCV's counterpart  [752x480]
 cv::cuda::createHarrisCorner (k = 0.04)          0.051 ms  spread  120%  [kernel]  (launch floor 12% of it)
 bincv::cuda::cornerMinEigenValAsync              0.020 ms  spread   36%  [kernel]  (launch floor 31% of it)
   ratio binCV/OpenCV, interleaved rounds: median 0.391x <- QUOTE THIS  (binCV  2.56x FASTER)
                                           geomean 0.375x   per-round range 0.243-0.400x (15 rounds)
   sign test over those paired rounds: 0 favour A, 15 favour B, 0 tied -- two-sided p = 6.1e-05
   separation (a FACT, not the verdict): the two arms' sample ranges are DISJOINT
   verdict: DIRECTION ESTABLISHED, and A RESULT
            ARM B is faster in 15 of 15 paired rounds -- NO ROUND CROSSED 1.00x, so the
            direction is established by the rounds themselves (two-sided sign-test
            p = 6.1e-05). Magnitude 2.50x to 4.12x, median 2.56x: the spread bounds
            HOW MUCH it wins by, not WHETHER it does (owner's ruling, 2026-09-19).
            A RESULT: the two arms are 2.56x apart on the MEDIAN per-round ratio,
            clearing the 1.65x it has to beat (the larger of: per-round swing 1.65x,
            run-to-run scatter NOT MEASURED on this host). Decided by measure_util.hpp's
            difference-against-spread rule, in FACTORS because a percentage of it
            depends on which arm is the denominator; range separation is not what
            decided it.
            That clears the WITHIN-RUN half of the rule only -- nobody has measured
            this host's run-to-run scatter, and the rule wants the larger of the two.
ROW,cornerresp_harris_context,752x480,0.050474,0.051093,0.111718,0.019866,0.020061,0.027128,0.242825,0.390787,0.399670,1,15,0.374748,0,15,0,2.558939,1.645921,6.104e-05

 corner response working set (four bit planes + one float map
 vs one byte picture + OpenCV's Sobel intermediates + one map)  [752x480]  -- METER 2 on BOTH sides (cudaMemGetInfo delta),
 each side over enough independent working sets that the meter's
 2.00 MB unit resolves, then divided by its own count.
   [meter 2] cv::cuda      160.00 MB over   16 sets =   10240.0 KB/frame  (80 units)
   [meter 2] binCV          32.00 MB over   16 sets =    2048.0 KB/frame  (16 units)
   [meter 2] ROUNDING: one 2.00 MB unit is 128.0 KB/frame at 16 sets (6.25% of binCV's
             figure) and 128.0 KB/frame at 16 sets (1.25% of OpenCV's).
   ratio OpenCV/binCV = 5.000x  -- binCV is SMALLER by 5.000x.
   The OpenCV side is an UPPER BOUND: GpuMat pads its pitch, and any
   filter buffer or NPP scratch held past the call is inside this
   delta. binCV's side is cudaMalloc with nothing in between.
MEM,cornerresp,752x480,33554432,167772160,2097152,16,16

=====================================================================
 12. DESCRIBE -- binCV cuda::computeBriefSteered vs
     cv::cuda::ORB::computeAsync on PROVIDED keypoints
=====================================================================
 computeAsync IS accepted in OpenCV 4.5.4 on provided keypoints, so a
 stage-isolated GPU denominator exists and no differential is needed.
 SUPERSET vs SUBSET, stated at the number: computeAsync also builds
 ORB's level-0 pyramid entry and can blur. nlevels = 1 and
 blurForDescriptor = false pin that superset as small as the API
 allows; it is not zero, and the ratio is an upper bound on binCV's
 advantage for that reason.
 Both sides sample the SAME 256 pairs -- cv::ORB's learned table,
 which binCV reaches by pointer out of ops/orbPattern.hpp.

 cv::cuda::Feature2DAsync::computeAsync on provided keypoints: ACCEPTED
   1000 keypoints in, 1000x32 CV_8U descriptors out.

 256-bit steered BRIEF on provided keypoints  [752x480, N=1000]
 cv::cuda::ORB::computeAsync (nlevels 1, blur off)     0.108 ms  spread  297%  [kernel]  (launch floor 6% of it)
 bincv::cuda::computeBriefSteered                 0.009 ms  spread  466%  [kernel]  AT THE LAUNCH FLOOR
   ratio binCV/OpenCV, interleaved rounds: median 0.113x <- QUOTE THIS  (binCV  8.82x FASTER)
                                           geomean 0.107x   per-round range 0.069-0.185x (15 rounds)
   sign test over those paired rounds: 0 favour A, 15 favour B, 0 tied -- two-sided p = 6.1e-05
   separation (a FACT, not the verdict): the two arms' sample ranges are DISJOINT
   verdict: DIRECTION ESTABLISHED, and A RESULT
            ARM B is faster in 15 of 15 paired rounds -- NO ROUND CROSSED 1.00x, so the
            direction is established by the rounds themselves (two-sided sign-test
            p = 6.1e-05). Magnitude 5.41x to 14.48x, median 8.82x: the spread bounds
            HOW MUCH it wins by, not WHETHER it does (owner's ruling, 2026-09-19).
            A RESULT: the two arms are 8.82x apart on the MEDIAN per-round ratio,
            clearing the 2.68x it has to beat (the larger of: per-round swing 2.68x,
            run-to-run scatter NOT MEASURED on this host). Decided by measure_util.hpp's
            difference-against-spread rule, in FACTORS because a percentage of it
            depends on which arm is the denominator; range separation is not what
            decided it.
            That clears the WITHIN-RUN half of the rule only -- nobody has measured
            this host's run-to-run scatter, and the rule wants the larger of the two.
ROW,describe,752x480_n1000,0.079355,0.107827,0.399877,0.008118,0.009148,0.050706,0.069060,0.113378,0.184957,1,15,0.107092,0,15,0,8.820089,2.678201,6.104e-05
   host-enqueue probe (no sync, wall clock per call):
     cv::cuda::ORB::computeAsync                  0.0378 ms enqueue vs  0.1078 ms event  -> kernel-bound: the host feeds the device faster than it drains
     bincv::cuda::computeBriefSteered             0.0049 ms enqueue vs  0.0091 ms event  -> MIXED: host dispatch is a large share of the bracket
ENQ,describe,752x480_n1000,0.037787,0.107827,0.004873,0.009148

 ORIENTATION: **OUTSTANDING** (ruling R2). cv::cuda::ORB runs
 IC_Angle inside its own keypoint pass and exposes no entry point
 that orients PROVIDED keypoints, so no cv::cuda denominator exists
 at any API level. No CPU number is put in its place.

 describe working set, N = 1000 -- keypoints, angles, keep
 bytes and descriptors on binCV's side; a cv::cuda::ORB
 DETECTOR's whole state on OpenCV's, which is a superset  [752x480, N=1000]  -- METER 2 on BOTH sides (cudaMemGetInfo delta),
 each side over enough independent working sets that the meter's
 2.00 MB unit resolves, then divided by its own count.
   [meter 2] cv::cuda       32.00 MB over   16 sets =    2048.0 KB/frame  (16 units)
   [meter 2] binCV          22.00 MB over  512 sets =      44.0 KB/frame  (11 units)
   [meter 2] ROUNDING: one 2.00 MB unit is 4.0 KB/frame at 512 sets (9.09% of binCV's
             figure) and 128.0 KB/frame at 16 sets (6.25% of OpenCV's).
   ratio OpenCV/binCV = 46.545x  -- binCV is SMALLER by 46.545x.
   The OpenCV side is an UPPER BOUND: GpuMat pads its pitch, and any
   filter buffer or NPP scratch held past the call is inside this
   delta. binCV's side is cudaMalloc with nothing in between.
MEM,describe,752x480_n1000,23068672,33554432,2097152,512,16

=====================================================================
 13. DESCRIPTOR MATCHING -- binCV cuda::matchDescriptors vs
     cv::cuda::DescriptorMatcher::createBFMatcher(NORM_HAMMING)
=====================================================================
 ROLE: 'nearest neighbour over binary descriptors with Lowe's ratio
 test, for a whole query set, on device'. A binCV device matcher
 EXISTS as of this round (cuda/sparseMatch.hpp), so the row this
 file used to print -- 'no binCV device counterpart' -- is retired.

 WHAT THE TIMED REGION IS, AND WHY IT FAVOURS OpenCV. binCV's arm
 is ONE launch that produces the ratio-tested result. OpenCV's arm
 is knnMatchAsync(k=2) ALONE -- the ratio test that would turn its
 two distances into the same answer is NOT in the bracket, and
 neither is knnMatchConvert. So the OpenCV arm is timed doing
 strictly LESS work than binCV's, and every ratio below is an
 UPPER BOUND on OpenCV's standing. That is deliberate: a bar the
 challenger cannot be accused of shaving is worth more than a bar
 that is exactly fair, when the challenger wins anyway.

 TWO OpenCV ARMS, because the bar is the BEST existing option.
 cv::cuda instantiates matchHamming_gpu at <unsigned char> and at
 <int>, and cv::cuda::ORB emits CV_8U. Both are run over the SAME
 descriptor bytes, reinterpreted, so the two arms differ only in
 the type the kernel was instantiated at.

 CONTENT. Pseudorandom descriptor words. Neither kernel has a
 data-dependent early-out -- both evaluate every (query, train)
 pair -- so the cost is content-independent and a real descriptor
 set would move neither arm. What content DOES decide is accuracy,
 which this row does not measure and does not claim.

 descriptor match, 256-bit, ratio 0.8 -- OpenCV arm is CV_8U  [470x470 (pipeline scale -- DOES NOT DECIDE)]
 cv::cuda BFMatcher knnMatchAsync(k=2), CV_8U     0.046 ms  spread   55%  [kernel]  (launch floor 14% of it)
 bincv::cuda::matchDescriptors (ratio test INCLUDED)     0.010 ms  spread  251%  [kernel]  AT THE LAUNCH FLOOR
   ratio binCV/OpenCV, interleaved rounds: median 0.215x <- QUOTE THIS  (binCV  4.66x FASTER)
                                           geomean 0.232x   per-round range 0.145-0.587x (15 rounds)
   sign test over those paired rounds: 0 favour A, 15 favour B, 0 tied -- two-sided p = 6.1e-05
   separation (a FACT, not the verdict): the two arms' sample ranges are DISJOINT
   verdict: DIRECTION ESTABLISHED, and A RESULT
            ARM B is faster in 15 of 15 paired rounds -- NO ROUND CROSSED 1.00x, so the
            direction is established by the rounds themselves (two-sided sign-test
            p = 6.1e-05). Magnitude 1.70x to 6.92x, median 4.66x: the spread bounds
            HOW MUCH it wins by, not WHETHER it does (owner's ruling, 2026-09-19).
            A RESULT: the two arms are 4.66x apart on the MEDIAN per-round ratio,
            clearing the 4.06x it has to beat (the larger of: per-round swing 4.06x,
            run-to-run scatter NOT MEASURED on this host). Decided by measure_util.hpp's
            difference-against-spread rule, in FACTORS because a percentage of it
            depends on which arm is the denominator; range separation is not what
            decided it.
            That clears the WITHIN-RUN half of the rule only -- nobody has measured
            this host's run-to-run scatter, and the rule wants the larger of the two.
ROW,matcher_u8,470x470 (pipeline scale -- DOES NOT DECIDE),0.045414,0.045619,0.070443,0.008485,0.009872,0.033229,0.144525,0.214713,0.586799,1,15,0.231806,0,15,0,4.657375,4.060194,6.104e-05

 the same, OpenCV arm instantiated at CV_32S  [470x470 (pipeline scale -- DOES NOT DECIDE)]
 cv::cuda BFMatcher knnMatchAsync(k=2), CV_32S     0.044 ms  spread   61%  [kernel]  (launch floor 14% of it)
 bincv::cuda::matchDescriptors (ratio test INCLUDED)     0.010 ms  spread   99%  [kernel]  AT THE LAUNCH FLOOR
   ratio binCV/OpenCV, interleaved rounds: median 0.226x <- QUOTE THIS  (binCV  4.42x FASTER)
                                           geomean 0.234x   per-round range 0.162-0.333x (15 rounds)
   sign test over those paired rounds: 0 favour A, 15 favour B, 0 tied -- two-sided p = 6.1e-05
   separation (a FACT, not the verdict): the two arms' sample ranges are DISJOINT
   verdict: DIRECTION ESTABLISHED, and A RESULT
            ARM B is faster in 15 of 15 paired rounds -- NO ROUND CROSSED 1.00x, so the
            direction is established by the rounds themselves (two-sided sign-test
            p = 6.1e-05). Magnitude 3.00x to 6.19x, median 4.42x: the spread bounds
            HOW MUCH it wins by, not WHETHER it does (owner's ruling, 2026-09-19).
            A RESULT: the two arms are 4.42x apart on the MEDIAN per-round ratio,
            clearing the 2.06x it has to beat (the larger of: per-round swing 2.06x,
            run-to-run scatter NOT MEASURED on this host). Decided by measure_util.hpp's
            difference-against-spread rule, in FACTORS because a percentage of it
            depends on which arm is the denominator; range separation is not what
            decided it.
            That clears the WITHIN-RUN half of the rule only -- nobody has measured
            this host's run-to-run scatter, and the rule wants the larger of the two.
ROW,matcher_s32,470x470 (pipeline scale -- DOES NOT DECIDE),0.044237,0.044442,0.071264,0.008397,0.010336,0.018637,0.161585,0.226067,0.333333,1,15,0.233993,0,15,0,4.423470,2.062896,6.104e-05

 descriptor match, 256-bit, ratio 0.8 -- OpenCV arm is CV_8U  [5000x5000 (map scale -- the deciding row)]
 cv::cuda BFMatcher knnMatchAsync(k=2), CV_8U     2.026 ms  spread    8%  [kernel]  (launch floor 0% of it)
 bincv::cuda::matchDescriptors (ratio test INCLUDED)     0.211 ms  spread   31%  [kernel]  (launch floor 3% of it)
   ratio binCV/OpenCV, interleaved rounds: median 0.104x <- QUOTE THIS  (binCV  9.59x FASTER)
                                           geomean 0.109x   per-round range 0.099-0.139x (15 rounds)
   sign test over those paired rounds: 0 favour A, 15 favour B, 0 tied -- two-sided p = 6.1e-05
   separation (a FACT, not the verdict): the two arms' sample ranges are DISJOINT
   verdict: DIRECTION ESTABLISHED, and A RESULT
            ARM B is faster in 15 of 15 paired rounds -- NO ROUND CROSSED 1.00x, so the
            direction is established by the rounds themselves (two-sided sign-test
            p = 6.1e-05). Magnitude 7.21x to 10.14x, median 9.59x: the spread bounds
            HOW MUCH it wins by, not WHETHER it does (owner's ruling, 2026-09-19).
            A RESULT: the two arms are 9.59x apart on the MEDIAN per-round ratio,
            clearing the 1.41x it has to beat (the larger of: per-round swing 1.41x,
            run-to-run scatter NOT MEASURED on this host). Decided by measure_util.hpp's
            difference-against-spread rule, in FACTORS because a percentage of it
            depends on which arm is the denominator; range separation is not what
            decided it.
            That clears the WITHIN-RUN half of the rule only -- nobody has measured
            this host's run-to-run scatter, and the rule wants the larger of the two.
ROW,matcher_u8,5000x5000 (map scale -- the deciding row),1.968346,2.025882,2.124595,0.209101,0.210502,0.273818,0.098612,0.104226,0.138784,1,15,0.108946,0,15,0,9.594568,1.407374,6.104e-05

 the same, OpenCV arm instantiated at CV_32S  [5000x5000 (map scale -- the deciding row)]
 cv::cuda BFMatcher knnMatchAsync(k=2), CV_32S     2.006 ms  spread   11%  [kernel]  (launch floor 0% of it)
 bincv::cuda::matchDescriptors (ratio test INCLUDED)     0.210 ms  spread   35%  [kernel]  (launch floor 3% of it)
   ratio binCV/OpenCV, interleaved rounds: median 0.105x <- QUOTE THIS  (binCV  9.51x FASTER)
                                           geomean 0.109x   per-round range 0.097-0.144x (15 rounds)
   sign test over those paired rounds: 0 favour A, 15 favour B, 0 tied -- two-sided p = 6.1e-05
   separation (a FACT, not the verdict): the two arms' sample ranges are DISJOINT
   verdict: DIRECTION ESTABLISHED, and A RESULT
            ARM B is faster in 15 of 15 paired rounds -- NO ROUND CROSSED 1.00x, so the
            direction is established by the rounds themselves (two-sided sign-test
            p = 6.1e-05). Magnitude 6.95x to 10.35x, median 9.51x: the spread bounds
            HOW MUCH it wins by, not WHETHER it does (owner's ruling, 2026-09-19).
            A RESULT: the two arms are 9.51x apart on the MEDIAN per-round ratio,
            clearing the 1.49x it has to beat (the larger of: per-round swing 1.49x,
            run-to-run scatter NOT MEASURED on this host). Decided by measure_util.hpp's
            difference-against-spread rule, in FACTORS because a percentage of it
            depends on which arm is the denominator; range separation is not what
            decided it.
            That clears the WITHIN-RUN half of the rule only -- nobody has measured
            this host's run-to-run scatter, and the rule wants the larger of the two.
ROW,matcher_s32,5000x5000 (map scale -- the deciding row),1.938227,2.006426,2.168019,0.208896,0.209510,0.283194,0.096631,0.105114,0.143889,1,15,0.108795,0,15,0,9.513440,1.489057,6.104e-05

 descriptor matching working set (query + train + result)  [5000x5000]  -- METER 2 on BOTH sides (cudaMemGetInfo delta),
 each side over enough independent working sets that the meter's
 2.00 MB unit resolves, then divided by its own count.
   [meter 2] cv::cuda      384.00 MB over   48 sets =    8192.0 KB/frame  (192 units)
   [meter 2] binCV          46.00 MB over  128 sets =     368.0 KB/frame  (23 units)
   [meter 2] ROUNDING: one 2.00 MB unit is 16.0 KB/frame at 128 sets (4.35% of binCV's
             figure) and 42.7 KB/frame at 48 sets (0.52% of OpenCV's).
   ratio OpenCV/binCV = 22.261x  -- binCV is SMALLER by 22.261x.
   The OpenCV side is an UPPER BOUND: GpuMat pads its pitch, and any
   filter buffer or NPP scratch held past the call is inside this
   delta. binCV's side is cudaMalloc with nothing in between.
MEM,matcher,5000x5000,48234496,402653184,2097152,128,48
   A 256-bit descriptor is a 32-BYTE ROW and GpuMat pitches a
   row to a 512-byte multiple. That pitch is most of this
   reading, and it is a property of the container rather than
   of the matcher -- said here so the number is not read as a
   claim about the kernel.

=====================================================================
 15. CENSUS DENSE DISPARITY -- binCV's census entry vs
     cv::cuda::StereoBM, RE-TAKEN after the matcher changed
=====================================================================
 ROLE: 'a dense disparity map from a rectified wide-input pair,
 resident on device'. Section 7 runs the BINARY path, which is
 where this library's structural claim lives. This section runs the
 CENSUS path, which is the entry a wide-input caller meets first and
 where binCV has NO structural advantage -- census EXPANDS data,
 8 bits per pixel in and 24 out, and the layout that makes it fast
 is the conventional one-word-per-pixel descriptor.

 WHY RE-TAKEN. The packed census matcher was replaced this round by
 a warp-cooperative separable box arm, and the shipped report's
 census rows predate it. Three rows are printed: the matcher alone,
 the whole entry (two transforms plus the match, which is what a
 caller pays), and the arm's own off-switch ratio inside THIS
 protocol so the family's 2.4-2.5x is reproduced or contradicted
 here rather than quoted from another process.
 Both sides on one explicit stream: StereoBM calls
 cudaDeviceSynchronize() on the null stream in each of its three
 kernels.

 census MATCHER only, 64 disparities, 9x9, K=24  [752x480]
 cv::cuda::StereoBM(64, 9)                        0.746 ms  spread   57%  [kernel]  (launch floor 1% of it)
 bincv denseDisparityCensusPacked (warp-box arm)     0.397 ms  spread   26%  [kernel]  (launch floor 2% of it)
   ratio binCV/OpenCV, interleaved rounds: median 0.521x <- QUOTE THIS  (binCV  1.92x FASTER)
                                           geomean 0.515x   per-round range 0.381-0.683x (15 rounds)
   sign test over those paired rounds: 0 favour A, 15 favour B, 0 tied -- two-sided p = 6.1e-05
   separation (a FACT, not the verdict): the two arms' sample ranges are DISJOINT
   verdict: DIRECTION ESTABLISHED, and A RESULT
            ARM B is faster in 15 of 15 paired rounds -- NO ROUND CROSSED 1.00x, so the
            direction is established by the rounds themselves (two-sided sign-test
            p = 6.1e-05). Magnitude 1.46x to 2.63x, median 1.92x: the spread bounds
            HOW MUCH it wins by, not WHETHER it does (owner's ruling, 2026-09-19).
            A RESULT: the two arms are 1.92x apart on the MEDIAN per-round ratio,
            clearing the 1.79x it has to beat (the larger of: per-round swing 1.79x,
            run-to-run scatter NOT MEASURED on this host). Decided by measure_util.hpp's
            difference-against-spread rule, in FACTORS because a percentage of it
            depends on which arm is the denominator; range separation is not what
            decided it.
            That clears the WITHIN-RUN half of the rule only -- nobody has measured
            this host's run-to-run scatter, and the rule wants the larger of the two.
ROW,census_match,752x480,0.634061,0.745549,1.056154,0.359603,0.396586,0.463872,0.380648,0.520570,0.683140,1,15,0.514981,0,15,0,1.920971,1.794677,6.104e-05

 census ENTRY: two transforms + the match -- what a caller pays  [752x480]
 cv::cuda::StereoBM(64, 9)                        0.710 ms  spread   10%  [kernel]  (launch floor 1% of it)
 bincv censusTransformPacked x2 + denseDisparityCensusPacked     0.444 ms  spread   21%  [kernel]  (launch floor 1% of it)
   ratio binCV/OpenCV, interleaved rounds: median 0.647x <- QUOTE THIS  (binCV  1.54x FASTER)
                                           geomean 0.668x   per-round range 0.598-0.755x (15 rounds)
   sign test over those paired rounds: 0 favour A, 15 favour B, 0 tied -- two-sided p = 6.1e-05
   separation (a FACT, not the verdict): the two arms' sample ranges are DISJOINT
   verdict: DIRECTION ESTABLISHED, and A RESULT
            ARM B is faster in 15 of 15 paired rounds -- NO ROUND CROSSED 1.00x, so the
            direction is established by the rounds themselves (two-sided sign-test
            p = 6.1e-05). Magnitude 1.32x to 1.67x, median 1.54x: the spread bounds
            HOW MUCH it wins by, not WHETHER it does (owner's ruling, 2026-09-19).
            A RESULT: the two arms are 1.54x apart on the MEDIAN per-round ratio,
            clearing the 1.26x it has to beat (the larger of: per-round swing 1.26x,
            run-to-run scatter NOT MEASURED on this host). Decided by measure_util.hpp's
            difference-against-spread rule, in FACTORS because a percentage of it
            depends on which arm is the denominator; range separation is not what
            decided it.
            That clears the WITHIN-RUN half of the rule only -- nobody has measured
            this host's run-to-run scatter, and the rule wants the larger of the two.
ROW,census_entry,752x480,0.673382,0.710144,0.743219,0.443392,0.444109,0.534938,0.597548,0.647282,0.755170,1,15,0.667504,0,15,0,1.544922,1.263783,6.104e-05

 OFF-SWITCH, binCV to binCV: the shipped packed matcher against
 the warp-box arm that replaced it.
 reference arm (densePackedBoxEnabled = false)     0.956 ms  spread   10%  [kernel]  (launch floor 1% of it)
 warp-box arm (densePackedBoxEnabled = true)      0.364 ms  spread   19%  [kernel]  (launch floor 2% of it)
   ratio box/reference: median 0.388x <- QUOTE THIS  (box  2.58x faster)  geomean 0.398x  range 0.355-0.458x
   sign test over those paired rounds: 0 favour A, 15 favour B, 0 tied -- two-sided p = 6.1e-05
   separation (a FACT, not the verdict): the two arms' sample ranges are DISJOINT
   verdict: DIRECTION ESTABLISHED, and A RESULT
            ARM B is faster in 15 of 15 paired rounds -- NO ROUND CROSSED 1.00x, so the
            direction is established by the rounds themselves (two-sided sign-test
            p = 6.1e-05). Magnitude 2.18x to 2.82x, median 2.58x: the spread bounds
            HOW MUCH it wins by, not WHETHER it does (owner's ruling, 2026-09-19).
            A RESULT: the two arms are 2.58x apart on the MEDIAN per-round ratio,
            clearing the 1.29x it has to beat (the larger of: per-round swing 1.29x,
            run-to-run scatter NOT MEASURED on this host). Decided by measure_util.hpp's
            difference-against-spread rule, in FACTORS because a percentage of it
            depends on which arm is the denominator; range separation is not what
            decided it.
            That clears the WITHIN-RUN half of the rule only -- nobody has measured
            this host's run-to-run scatter, and the rule wants the larger of the two.
ROW,census_offswitch,752x480,0.924058,0.956109,1.016915,0.359936,0.363907,0.428339,0.354654,0.387523,0.458234,1,15,0.397574,0,15,0,2.580489,1.292060,6.104e-05

 census entry working set (two wide frames + two descriptor images + map) vs StereoBM's  [752x480]  -- METER 2 on BOTH sides (cudaMemGetInfo delta),
 each side over enough independent working sets that the meter's
 2.00 MB unit resolves, then divided by its own count.
   [meter 2] cv::cuda      192.00 MB over   64 sets =    3072.0 KB/frame  (96 units)
   [meter 2] binCV         282.00 MB over   64 sets =    4512.0 KB/frame  (141 units)
   [meter 2] ROUNDING: one 2.00 MB unit is 32.0 KB/frame at 64 sets (0.71% of binCV's
             figure) and 32.0 KB/frame at 64 sets (1.04% of OpenCV's).
   ratio OpenCV/binCV = 0.681x  -- OpenCV is SMALLER by 1.469x.
   The OpenCV side is an UPPER BOUND: GpuMat pads its pitch, and any
   filter buffer or NPP scratch held past the call is inside this
   delta. binCV's side is cudaMalloc with nothing in between.
MEM,census_entry,752x480,295698432,201326592,2097152,64,64
   SCOPE, and it is not a footnote: the census path is where binCV
   has no structural advantage. Whatever this row says, the
   library's claim lives in section 7's binary path.

=====================================================================
 14 and 16 -- SKIPPED: NO REAL SEQUENCE
=====================================================================
 Both the Lucas-Kanade role row and the sequence-level number are
 decided by corner density, and a synthetic frame is a different
 workload -- measured elsewhere in this project as a verdict that
 INVERTED between synthetic and real content. So neither is run
 on makeFrame's smoothed noise and neither is substituted.
 Point BINCV_CUDA_ROLE_FRAMES at a 752x480 8-bit BSQ1 blob with
 at least two frames (scripts/make_sequence_blob.py --mode 8bit).
SKIP,lk,no real sequence blob
SKIP,sequence,no real sequence blob

=====================================================================
 17. OUTSTANDING (ruling R2) -- round 2's ops with NO cv::cuda
     counterpart at any API level
=====================================================================
 Each of these ships on correctness, memory and the HOST comparison,
 with its SPEED verdict recorded OUTSTANDING. No substitute bar is
 invented and no CPU number is quoted as a GPU one.

 gradientCovarianceAsync / gradientCovarianceBatchAsync
     Neither cv::cuda nor cv:: computes a 2x2 gradient covariance at
     any API level. cornerHarris and createMinEigenValCorner compute
     a dense float RESPONSE THROUGH one -- that is the bar for a
     composed corner op, which section 11 runs, and it is not a bar
     for the covariance itself.

 cornerSubPixAsync
     No cv::cuda counterpart in any module. Decided instead by its
     own round-trip inequality, which its author reports it MISSES.

 goodFeaturesToTrack's DEVICE-RESIDENT SPACING
     Section 10 times the whole op against OpenCV's. The residency
     itself -- a greedy min-distance filter that never leaves the
     device -- has no counterpart to be timed against, because
     OpenCV's runs on the host by construction.

 keypointsFromCorners
     Tier 3. OpenCV does not have the problem: its detectors already
     hand back float2, so there is nothing to convert and nothing to
     compare.

 keypointOrientation (all three arms)
     cv::cuda::ORB runs IC_Angle inside its keypoint pass and exposes
     no entry point that orients provided keypoints. Section 12 says
     so at the number.

 derivativeX / derivativeY / derivativeXY over TERNARY planes
     Section 11's inputs. cv::cuda::createDerivFilter is the nearest
     denominator and the derivcov family times it; both arms sit ON
     the launch floor there, so that ratio is a lower bound on the
     gap and says nothing about binCV's kernel.

 ROUND 3'S ADDITIONS TO THIS LIST.

 stereoDescriptorMatch / stereoRefineDisparity /
 stereoMatchRectified
     Sparse rectified stereo by descriptor match and a one-bit
     window refinement. cv::cuda ships dense block matchers
     (StereoBM, StereoBeliefPropagation, StereoConstantSpaceBP)
     and no SPARSE stereo at any API level -- a dense map for
     500 keypoints is a different operation, not a slower
     spelling of this one. Priced instead against binCV's OWN
     device dense path, which is a binCV-to-binCV bar and lives
     in cuda_sparse_benchmark. SPEED VERDICT: OUTSTANDING.

 calcOpticalFlowBlockMatch
     Pyramidal tracking by integer Hamming block matching. The
     nearest cv::cuda call is SparsePyrLKOpticalFlow, which solves
     a different equation -- and it is already section 14's bar
     for the op that DOES solve the same one. Quoting it twice
     would make one denominator answer two questions. SPEED
     VERDICT: OUTSTANDING; the role row that exists is the
     sparse family's own, stated as a role comparison there.

 matchDescriptorsGated
     Section 13 prices the UNGATED matcher, which is the one with
     a counterpart. The gate changes the ADMITTED SET, and
     cv::cuda::DescriptorMatcher has no mask that reproduces it,
     so the gated form has no bar. SPEED VERDICT: OUTSTANDING.

 the RANSAC geometry stage
     NOT an outstanding row and must not be filed as one. OpenCV
     has no cv::cuda essential-matrix estimator, but it DOES ship
     a GPU RANSAC (cv::cuda::solvePnPRansac, cudalegacy) whose
     shape is the finding: it keeps the solver on the host and
     moves only scoring. binCV's own measurement came out the
     same way and the stage stays on the host. There is nothing
     here to ship and therefore nothing to leave outstanding.
OUTSTANDING,covariance
OUTSTANDING,cornerSubPixAsync
OUTSTANDING,gftt_device_spacing
OUTSTANDING,keypointsFromCorners
OUTSTANDING,keypointOrientation
OUTSTANDING,stereoDescriptorMatch
OUTSTANDING,stereoRefineDisparity
OUTSTANDING,stereoMatchRectified
OUTSTANDING,calcOpticalFlowBlockMatch
OUTSTANDING,matchDescriptorsGated

=====================================================================
 END. One run is NOT a number on this host: aggregate the ROW lines
 across at least seven independent processes before quoting anything.
=====================================================================

# loadavg at end: 1.15 1.22 1.35 1/366 21248
# gpu clock after: sm 1965 MHz, mem 9501 MHz, pstate P0
# gpu throttle after: 0x0000000000000000
# gpu temp after: 52 C
# profiler at end: none running
# date:     2026-09-23T16:55:24-07:00
# done
