# launch sweep -- 7 separate processes of one CUDA benchmark
# benchmark: /home/ryanhou28/bigscratch/role-retake/backends/cuda/benchmark/cuda_sparse_benchmark 
# launches: 7
# arch:     x86_64
# host:     AMD Ryzen 5 5600X 6-Core Processor
# kernel:   5.15.167.4-microsoft-standard-WSL2
# compiler: g++ (Ubuntu 11.4.0-1ubuntu1~22.04) 11.4.0
# commit:   a608102
# device:   NVIDIA GeForce RTX 3070 Ti (compute 8.6, 8192 MiB)
# driver:   560.94, exposing CUDA 12.6
# nvcc:     /usr/local/cuda-11.1/bin/nvcc (release 11.1)
# cuda arch: unset
# nvcc ccbin: g++-9
# build type: Release
# build dir: /home/ryanhou28/bigscratch/role-retake
# opencv for role arms: /home/ryanhou28/bigscratch/opencv-cuda/install
# profiler: none running -- ncu, nsys, nvprof all absent at start
# compute apps at start: none
# gpu clock lock: not locked -- this host exposes no application clocks
# gpu clock before: sm 1860 MHz, mem 9501 MHz, pstate P0
# gpu throttle before: 0x0000000000000001
# gpu temp before: 49 C
# governor: none (this host exposes no cpufreq)
# pinning:  taskset -c 2
# sleep between launches: 0s
# date:     2026-09-24T01:25:07-07:00
# loadavg at start: 0.67 0.26 0.19 8/433 23717
# NO launch is discarded -- the first pays for context creation and any
# JIT, which is part of what a caller pays and part of what varies.

### run 1
===========================================================================
 SPARSE STEREO, BLOCK MATCHING AND DESCRIPTOR MATCHING -- device arms
===========================================================================
 device: NVIDIA GeForce RTX 3070 Ti (sm_86, 48 SMs, 608 GB/s peak)
 OpenCV 4.5.4 -- cv::cuda role arms COMPILED IN
===========================================================================
 THE DECISION RULE, WRITTEN BEFORE ANY OF THE NUMBERS BELOW WERE TAKEN
===========================================================================
 Per case, because there is no project-wide bar and inventing one is
 forbidden. Where a threshold is a judgement nobody has made it is a
 STOP AND ASK and is left empty rather than filled in.

 THE ONE MAGNITUDE EVERY CASE SHARES, and where it comes from: a difference
 smaller than the larger of the two arms' printed sample RANGES is not a
 difference. That is derived from the measurement's own noise rather than
 chosen -- every pair below goes through timeKernelPaired, which brackets
 both arms inside every round and alternates their order, and prints whether
 the two ranges are disjoint.

 METRICS: (1) kernel-resident median with its spread, both sides of every
 pair on ONE EXPLICIT STREAM; (2) device working set -- allocation sum for
 binCV against binCV, cudaMemGetInfo delta over 32 replicas for anything
 crossing to OpenCV; (3) accuracy, PUBLISHED but not decided on for the two
 ops whose output differs from their bar. Code size and portability decide
 nothing here.

 CASE A -- the brute-force matcher against cv::cuda's BFMatcher.
   Arms: binCV's tiled matcher; knnMatchAsync(k=2) on CV_8U descriptors (what
   cv::cuda::ORB emits, and the path whose HammingDist::reduceIter issues one
   __popc per BYTE -- 32 per 256-bit descriptor); and knnMatchAsync on CV_32S
   over the IDENTICAL bytes, where matchHamming_gpu<int> issues eight. The
   CV_32S arm is the BAR, because the bar is the best existing option, not
   the worst; CV_8U is reported beside it as what the default path costs.
   TIMED REGION: knnMatchAsync plus a committed device-side ratio kernel on
   the same stream. knnMatchConvert is a HOST download and is OUTSIDE the
   event window on every arm -- timing it would compare binCV's resident
   kernel against an OpenCV round trip.
   DECIDES AT 5000 x 5000. The pipeline point 470 x 470 is reported and does
   NOT decide, because both arms are predicted to sit on the launch floor
   there -- which is why the floor is printed next to every arm.
   SHIPS as the recommended device arm if, at map scale, binCV is not slower
   than the CV_32S arm by more than the larger printed range AND its working
   set is not larger. Otherwise it does not ship as a recommendation: the two
   working sets are the same arrays, so no memory-side argument is available
   in either direction.
   PREDICTION: binCV ~= CV_32S within the spread; ~4x ahead of CV_8U; memory
   a wash.

 CASE B -- is the gate still the right answer on device? (issue #61's own
 question). Four arms on identical inputs: device brute force, device gated,
 host brute force, host gated. TWO-SIDED:
   * SPEED: the gate's speed rationale survives only if the device gated arm
     beats the device brute-force arm by more than both printed ranges at the
     pipeline point. PREDICTION: it does not -- the whole match there is a
     launch's worth of work.
   * MEMORY: arithmetic, not a measurement. The gated arm carries two
     position arrays (and two octave arrays) the ungated one does not. Under
     'memory wins' that counts AGAINST the gate on device, and this rule says
     so before the numbers arrive.
   * ACCURACY: untouched by the device and not re-measured here. The device
     computes the same admitted set bit for bit; the suite pins it.
   EXPECTED FINDING, pre-registered: on device the gate is an ACCURACY
   feature and not a speed feature. If the measurement contradicts this it is
   reported as a finding, not smoothed.
   WHAT IT COVERS: a kernel-resident microbenchmark. The number that would
   decide ADOPTION is the match stage's share of an end-to-end pipeline; no
   committed report records it and no resident device pipeline calls these
   kernels. That is a deferral, not a number to invent.

 CASE C -- sparse stereo. cv::cuda has NO sparse stereo API (cudastereo's
 four entries are all dense), so ruling R2 would make the speed verdict
 OUTSTANDING -- but a stronger bar exists and is used instead, because the
 bar is the best existing option a caller actually has: binCV's own device
 denseDisparityBinary on the same frame, then index the map at the keypoints,
 recorded in docs/reports/cuda.md at 0.39 ms and 442 KB.
   SHIPS as the recommended keypoint-shaped stereo path if coarse + refine
   together are below 0.39 ms AND the working set is below 442 KB. Both are
   recorded measurements from this repo, not judgements. If sparse is not
   faster, that is the finding and the recommendation becomes 'run the dense
   kernel and index it'.
   ACCURACY published beside the number and not decided on: the sub-pixel
   residual against a pair of KNOWN disparity.

 CASE D -- block matching against cv::cuda::SparsePyrLKOpticalFlow. ROLE
 ONLY: route (b)'s algorithm on bytes against route (a)'s on bits, and
 correctness is settled against the HOST binCV kernel, never against OpenCV.
   (i) FOOTPRINT, derived and falsifiable, with no threshold to choose: two
       binary pyramids are exactly 1/8 the bytes of two 8-bit ones, and the
       points, the status bytes and the scratch are added to give a COMPUTED
       ratio. The condition is that the MEASURED cudaMemGetInfo ratio
       reproduces the computed one within the meter's own measured step. If
       it does not, the footprint claim does not rest on the format and that
       is the finding. (A '4x' bar was proposed for this case and is DELETED:
       8x is derived from bits per byte, the word 'half' came from nobody.)
   (ii) SPEED: not slower by more than the larger printed range.
   (iii) ACCURACY: reported, never decided on here -- the magnitude is a
       judgement nobody has made. Case D produces numbers and a
       recommendation, not a ship.

 CASE E -- the fast-arm gate check, with the excluding input NAMED per op, so
 the ~1.00x control is runnable rather than asserted:
   * the matchers and the coarse stereo stage: a descriptor wider than
     impl::kMatchTileMaxWords words, which the shared-memory staging refuses;
   * stereo refinement and block matching: a window impl::windowSpanFits
     rejects.
 Anything other than ~1.00x there means the switch is not switching.

 STOP AND ASK -- thresholds nobody has set, left empty on purpose:
   1. CASE D's accuracy floor: how much tracking yield may route (a) give up
      against cv::cuda LK and still be worth recommending? Case D is
      ship-blocked on it.
   2. CASE C's sub-pixel residual floor: the residual is published; what
      residual would make the sparse arm not worth running is unset.
   3. CASE A's fallback: if binCV lands slower than the CV_32S arm, does the
      op ship for residency's sake with the gap documented, or is 'cv::cuda's
      matcher is the better option for a caller who already has OpenCV' the
      honest answer? The census entry was rescued by a memory argument; this
      one has none.
===========================================================================

 LAUNCH FLOOR (empty kernel, same protocol)      0.0071 ms  spread  165%  [kernel]
   Every kernel-resident number below sits on top of this. An arm within
   a few multiples of it is reporting launch overhead, not its own work,
   and a RATIO between two such arms is reporting almost none of either.
   The spread is part of the answer, not a blemish on it: under WSL2 a
   launch costs what it costs plus whatever the host was doing.

 Driver meter step, measured in this run: 2.00 MB. Every CROSS-LIBRARY
 memory reading below is taken over 32 working sets for that reason;
 binCV-against-binCV figures use the allocation sum instead.

 FRAMES: synthetic (no frame directory given)
   *** SYNTHETIC. Corner density and the spatial distribution of
   *** keypoints drive CASE B's admitted fraction, and a synthetic
   *** frame answers a different question. Pass a EuRoC frame
   *** directory as argv[1] for the numbers that decide.
 FAST thresholds used to reach the two counts: 40 / 40 at 470, 40 / 40 at 5000

---------------------------------------------------------------------------
 CASE A -- descriptor matching. binCV's two arms first, then the bar.
 ORIENTATION: every paired ratio below is B/A. Arm A is the arm being
 compared against (the reference arm, or OpenCV); arm B is the one being
 priced. Under 1.00x means B is ahead.
---------------------------------------------------------------------------

 TILE WIDTH SWEEP (queries a block owns; the train set streams once
 for all of them). MEASURED, not inherited -- and measured at BOTH
 scales, because a wider tile trades blocks for reuse and the two
 points can disagree about which way that goes.
   at 470 x 470:
 binCV tiled, tile = 1                            0.013 ms  spread   80%  [kernel]  AT THE LAUNCH FLOOR
 binCV tiled, tile = 4                            0.010 ms  spread  195%  [kernel]  AT THE LAUNCH FLOOR
 binCV tiled, tile = 8                            0.011 ms  spread  123%  [kernel]  AT THE LAUNCH FLOOR
   at 5000 x 5000:
 binCV tiled, tile = 1                            0.846 ms  spread   32%  [kernel]  (launch floor 1% of it)
 binCV tiled, tile = 4                            0.262 ms  spread   83%  [kernel]  (launch floor 3% of it)
 binCV tiled, tile = 8                            0.211 ms  spread   72%  [kernel]  (launch floor 3% of it)
   The shipped default is tile = 8, and the lines above are why.

 THE OFF-SWITCH RATIO, both arms in this binary on the same inputs.
 reference arm (thread per query), 470x470        0.202 ms  spread   28%  [kernel]
 tiled arm, 470x470                               0.011 ms  spread   32%  [kernel]
   ratio B/A, per-round paired:  median  0.06x <- QUOTE THIS   geomean  0.06x   range 0.04-0.07x  (15 rounds)
   sign test over those paired rounds: 0 favour A, 15 favour B, 0 tied -- two-sided p = 6.1e-05
   separation (a FACT, not the verdict): the two arms' sample ranges are DISJOINT
PAIRED||reference arm (thread per query), 470x470|tiled arm, 470x470|0.159590|0.201882|0.216525|0.008653|0.010752|0.012134|0.039962|0.055345|0.072260|0.055236|15|0|15|0|18.068376|1.808210|6.104e-05|1|0|1|13.838915|25.023667
   verdict: DIRECTION ESTABLISHED, and A RESULT
            ARM B is faster in 15 of 15 paired rounds -- NO ROUND CROSSED 1.00x, so the
            direction is established by the rounds themselves (two-sided sign-test
            p = 6.1e-05). Magnitude 13.84x to 25.02x, median 18.07x: the spread bounds
            HOW MUCH it wins by, not WHETHER it does (owner's ruling, 2026-09-19).
            A RESULT: the two arms are 18.07x apart on the MEDIAN per-round ratio,
            clearing the 1.81x it has to beat (the larger of: per-round swing 1.81x,
            run-to-run scatter NOT MEASURED on this host). Decided by measure_util.hpp's
            difference-against-spread rule, in FACTORS because a percentage of it
            depends on which arm is the denominator; range separation is not what
            decided it.
            That clears the WITHIN-RUN half of the rule only -- nobody has measured
            this host's run-to-run scatter, and the rule wants the larger of the two.
 reference arm (thread per query), 5000x5000      2.065 ms  spread   12%  [kernel]
 tiled arm, 5000x5000                             0.213 ms  spread   82%  [kernel]
   ratio B/A, per-round paired:  median  0.10x <- QUOTE THIS   geomean  0.12x   range 0.10-0.19x  (15 rounds)
   sign test over those paired rounds: 0 favour A, 15 favour B, 0 tied -- two-sided p = 6.1e-05
   separation (a FACT, not the verdict): the two arms' sample ranges are DISJOINT
PAIRED||reference arm (thread per query), 5000x5000|tiled arm, 5000x5000|1.965739|2.065067|2.205355|0.209237|0.212992|0.383659|0.096270|0.104465|0.188717|0.118804|15|0|15|0|9.572594|1.960293|6.104e-05|1|0|1|5.298933|10.387460
   verdict: DIRECTION ESTABLISHED, and A RESULT
            ARM B is faster in 15 of 15 paired rounds -- NO ROUND CROSSED 1.00x, so the
            direction is established by the rounds themselves (two-sided sign-test
            p = 6.1e-05). Magnitude 5.30x to 10.39x, median 9.57x: the spread bounds
            HOW MUCH it wins by, not WHETHER it does (owner's ruling, 2026-09-19).
            A RESULT: the two arms are 9.57x apart on the MEDIAN per-round ratio,
            clearing the 1.96x it has to beat (the larger of: per-round swing 1.96x,
            run-to-run scatter NOT MEASURED on this host). Decided by measure_util.hpp's
            difference-against-spread rule, in FACTORS because a percentage of it
            depends on which arm is the denominator; range separation is not what
            decided it.
            That clears the WITHIN-RUN half of the rule only -- nobody has measured
            this host's run-to-run scatter, and the rule wants the larger of the two.

 CASE E -- the matcher's gate-excluded control: a 544-bit descriptor,
 which the shared-memory staging refuses. Both switch positions run the
 reference kernel, so this MUST read ~1.00x.
 switch OFF, 544-bit descriptor                   0.355 ms  spread   14%  [kernel]
 switch ON, 544-bit descriptor                    0.358 ms  spread   18%  [kernel]
   ratio B/A, per-round paired:  median  1.00x <- QUOTE THIS   geomean  1.00x   range 0.87-1.18x  (15 rounds)
   sign test over those paired rounds: 8 favour A, 7 favour B, 0 tied -- two-sided p = 1
   separation (a FACT, not the verdict): the two arms' sample ranges OVERLAP
PAIRED||switch OFF, 544-bit descriptor|switch ON, 544-bit descriptor|0.345549|0.354867|0.396646|0.342784|0.357837|0.408576|0.869255|1.001366|1.178208|1.004137|15|8|7|0|1.001366|1.355423|1|0|0|0|0.000000|0.000000
   verdict: ~1.00x as required -- the switch selects nothing here, which is what the gate promises

 THE ROLE BAR: cv::cuda::DescriptorMatcher::createBFMatcher(NORM_HAMMING),
 knnMatchAsync(k = 2) + the committed device ratio pass, both on gStream.

  470 x 470 descriptors, 256-bit:
 cv::cuda BFMatcher, CV_8U + ratio pass           0.048 ms  spread   91%  [kernel]
 binCV matchDescriptors                           0.010 ms  spread   68%  [kernel]
   ratio B/A, per-round paired:  median  0.19x <- QUOTE THIS   geomean  0.19x   range 0.11-0.31x  (15 rounds)
   sign test over those paired rounds: 0 favour A, 15 favour B, 0 tied -- two-sided p = 6.1e-05
   separation (a FACT, not the verdict): the two arms' sample ranges are DISJOINT
PAIRED||cv::cuda BFMatcher, CV_8U + ratio pass|binCV matchDescriptors|0.047411|0.048179|0.091494|0.009149|0.009877|0.015821|0.111360|0.194627|0.314024|0.189266|15|0|15|0|5.138044|2.819907|6.104e-05|1|0|1|3.184466|8.979899
   verdict: DIRECTION ESTABLISHED, and A RESULT
            ARM B is faster in 15 of 15 paired rounds -- NO ROUND CROSSED 1.00x, so the
            direction is established by the rounds themselves (two-sided sign-test
            p = 6.1e-05). Magnitude 3.18x to 8.98x, median 5.14x: the spread bounds
            HOW MUCH it wins by, not WHETHER it does (owner's ruling, 2026-09-19).
            A RESULT: the two arms are 5.14x apart on the MEDIAN per-round ratio,
            clearing the 2.82x it has to beat (the larger of: per-round swing 2.82x,
            run-to-run scatter NOT MEASURED on this host). Decided by measure_util.hpp's
            difference-against-spread rule, in FACTORS because a percentage of it
            depends on which arm is the denominator; range separation is not what
            decided it.
            That clears the WITHIN-RUN half of the rule only -- nobody has measured
            this host's run-to-run scatter, and the rule wants the larger of the two.
 cv::cuda BFMatcher, CV_32S + ratio pass          0.047 ms  spread   98%  [kernel]
 binCV matchDescriptors                           0.011 ms  spread   91%  [kernel]
   ratio B/A, per-round paired:  median  0.20x <- QUOTE THIS   geomean  0.20x   range 0.14-0.28x  (15 rounds)
   sign test over those paired rounds: 0 favour A, 15 favour B, 0 tied -- two-sided p = 6.1e-05
   separation (a FACT, not the verdict): the two arms' sample ranges are DISJOINT
PAIRED||cv::cuda BFMatcher, CV_32S + ratio pass|binCV matchDescriptors|0.046592|0.046957|0.092621|0.008958|0.010957|0.018944|0.138680|0.204533|0.275506|0.196549|15|0|15|0|4.889189|1.986636|6.104e-05|1|0|1|3.629685|7.210863
   verdict: DIRECTION ESTABLISHED, and A RESULT
            ARM B is faster in 15 of 15 paired rounds -- NO ROUND CROSSED 1.00x, so the
            direction is established by the rounds themselves (two-sided sign-test
            p = 6.1e-05). Magnitude 3.63x to 7.21x, median 4.89x: the spread bounds
            HOW MUCH it wins by, not WHETHER it does (owner's ruling, 2026-09-19).
            A RESULT: the two arms are 4.89x apart on the MEDIAN per-round ratio,
            clearing the 1.99x it has to beat (the larger of: per-round swing 1.99x,
            run-to-run scatter NOT MEASURED on this host). Decided by measure_util.hpp's
            difference-against-spread rule, in FACTORS because a percentage of it
            depends on which arm is the denominator; range separation is not what
            decided it.
            That clears the WITHIN-RUN half of the rule only -- nobody has measured
            this host's run-to-run scatter, and the rule wants the larger of the two.
   CV_8U / CV_32S on OpenCV's own side: 1.03x -- the instruction
   ratio the byte-wise HammingDist costs a caller who hands it
   what cv::cuda::ORB produces.

  5000 x 5000 descriptors, 256-bit:
 cv::cuda BFMatcher, CV_8U + ratio pass           2.208 ms  spread   18%  [kernel]
 binCV matchDescriptors                           0.213 ms  spread   77%  [kernel]
   ratio B/A, per-round paired:  median  0.10x <- QUOTE THIS   geomean  0.11x   range 0.08-0.17x  (15 rounds)
   sign test over those paired rounds: 0 favour A, 15 favour B, 0 tied -- two-sided p = 6.1e-05
   separation (a FACT, not the verdict): the two arms' sample ranges are DISJOINT
PAIRED||cv::cuda BFMatcher, CV_8U + ratio pass|binCV matchDescriptors|2.134016|2.207744|2.529963|0.209909|0.213333|0.374784|0.083248|0.097380|0.169759|0.107518|15|0|15|0|10.269044|2.039204|6.104e-05|1|0|1|5.890710|12.012358
   verdict: DIRECTION ESTABLISHED, and A RESULT
            ARM B is faster in 15 of 15 paired rounds -- NO ROUND CROSSED 1.00x, so the
            direction is established by the rounds themselves (two-sided sign-test
            p = 6.1e-05). Magnitude 5.89x to 12.01x, median 10.27x: the spread bounds
            HOW MUCH it wins by, not WHETHER it does (owner's ruling, 2026-09-19).
            A RESULT: the two arms are 10.27x apart on the MEDIAN per-round ratio,
            clearing the 2.04x it has to beat (the larger of: per-round swing 2.04x,
            run-to-run scatter NOT MEASURED on this host). Decided by measure_util.hpp's
            difference-against-spread rule, in FACTORS because a percentage of it
            depends on which arm is the denominator; range separation is not what
            decided it.
            That clears the WITHIN-RUN half of the rule only -- nobody has measured
            this host's run-to-run scatter, and the rule wants the larger of the two.
 cv::cuda BFMatcher, CV_32S + ratio pass          2.180 ms  spread   26%  [kernel]
 binCV matchDescriptors                           0.211 ms  spread  122%  [kernel]
   ratio B/A, per-round paired:  median  0.10x <- QUOTE THIS   geomean  0.11x   range 0.08-0.21x  (15 rounds)
   sign test over those paired rounds: 0 favour A, 15 favour B, 0 tied -- two-sided p = 6.1e-05
   separation (a FACT, not the verdict): the two arms' sample ranges are DISJOINT
PAIRED||cv::cuda BFMatcher, CV_32S + ratio pass|binCV matchDescriptors|2.095787|2.180437|2.665813|0.208555|0.210517|0.465163|0.083327|0.099470|0.213368|0.106761|15|0|15|0|10.053303|2.560621|6.104e-05|1|0|1|4.686739|12.000960
   verdict: DIRECTION ESTABLISHED, and A RESULT
            ARM B is faster in 15 of 15 paired rounds -- NO ROUND CROSSED 1.00x, so the
            direction is established by the rounds themselves (two-sided sign-test
            p = 6.1e-05). Magnitude 4.69x to 12.00x, median 10.05x: the spread bounds
            HOW MUCH it wins by, not WHETHER it does (owner's ruling, 2026-09-19).
            A RESULT: the two arms are 10.05x apart on the MEDIAN per-round ratio,
            clearing the 2.56x it has to beat (the larger of: per-round swing 2.56x,
            run-to-run scatter NOT MEASURED on this host). Decided by measure_util.hpp's
            difference-against-spread rule, in FACTORS because a percentage of it
            depends on which arm is the denominator; range separation is not what
            decided it.
            That clears the WITHIN-RUN half of the rule only -- nobody has measured
            this host's run-to-run scatter, and the rule wants the larger of the two.
   CV_8U / CV_32S on OpenCV's own side: 1.01x -- the instruction
   ratio the byte-wise HammingDist costs a caller who hands it
   what cv::cuda::ORB produces.

 MEMORY, CASE A, meter 2 on BOTH sides, 256 replicas of the 470 x 470
 working set -- an order more than elsewhere, because one set is ~37 KB
 and 32 of them would not clear one 2 MB driver unit.
   [meter 2: cudaMemGetInfo] binCV ungated, per working set        0.03 MB
   [meter 2: its own STEP  ] this driver reserves in 2.00 MB units,
                             measured right here by allocating one byte at a
                             time until the reading moved.
                             This working set fits inside ONE unit, so the
                             reading above is the meter's RESOLUTION and not
                             a footprint: the identical arrays read 0.00 MB
                             or 2.00 MB depending only on how much of the
                             current unit the previous allocation left over.
                             Meter 1 is what measures this working set.
                             Never divide one meter by the other.
   [meter 2: cudaMemGetInfo] cv::cuda BFMatcher, per working set      0.50 MB
   [meter 2: its own STEP  ] this driver reserves in 2.00 MB units,
                             measured right here by allocating one byte at a
                             time until the reading moved.
                             This working set fits inside ONE unit, so the
                             reading above is the meter's RESOLUTION and not
                             a footprint: the identical arrays read 0.00 MB
                             or 2.00 MB depending only on how much of the
                             current unit the previous allocation left over.
                             Meter 1 is what measures this working set.
                             Never divide one meter by the other.
   OpenCV's reading is an UPPER bound: GpuMat may pool, and the
   metered scope includes one knnMatchAsync so the match buffer it
   creates is counted -- as binCV's record array is.
   THE GAP IS THE ROW PITCH, and that part is arithmetic rather than
   allocator behaviour: a 256-bit descriptor is a 32-BYTE ROW, and
   GpuMat pitches a row to a 512-byte multiple, so OpenCV's two
   descriptor matrices carry ~16x their own data. A packed device
   array does not. The design this family came from computed both
   sides UNPITCHED and predicted a wash; the measurement says
   otherwise, and the prediction is what was wrong.
   [meter 1: allocation sum ] binCV descriptors + records (meter 1)      36.7 KB
---------------------------------------------------------------------------
 CASE B -- is the gate still the right answer on device?
---------------------------------------------------------------------------

 Admitted fraction at window 48 px, octave band 1, on these
 keypoints: 1.45% of 220900 candidate pairs. That is the only work the
 gate can save, and it is the number the speed side of this case is
 a test of.
 device brute force, 470x470                      0.012 ms  spread  168%  [kernel]
 device GATED (48 px, octave band 1)              0.014 ms  spread  187%  [kernel]
   ratio B/A, per-round paired:  median  1.18x <- QUOTE THIS   geomean  1.21x   range 0.81-2.47x  (15 rounds)
   sign test over those paired rounds: 11 favour A, 4 favour B, 0 tied -- two-sided p = 0.118
   separation (a FACT, not the verdict): the two arms' sample ranges OVERLAP
PAIRED||device brute force, 470x470|device GATED (48 px, octave band 1)|0.009421|0.012288|0.030106|0.011725|0.013722|0.037374|0.807947|1.178674|2.470000|1.205745|15|11|4|0|1.178674|3.057131|0.1185|0|0|0|0.000000|0.000000
   verdict: NULL RESULT, which is a result
            NULL on the magnitude: the two arms are 1.18x apart on the MEDIAN per-round ratio,
            short of the 3.06x it has to beat (the larger of: per-round swing 3.06x,
            run-to-run scatter NOT MEASURED on this host). Decided by measure_util.hpp's
            difference-against-spread rule, in FACTORS because a percentage of it
            depends on which arm is the denominator; range separation is not what
            decided it.

 The same two on the HOST, same inputs, same ratio:
 host brute force                                 0.548 ms  spread   30%  [host clock]
 host GATED (48 px, octave band 1)                0.572 ms  spread   30%  [host clock]
   host gated / host brute: 1.04x. The host numbers are INDICATIVE:
   this x86 host is not timing-grade under WSL2 and the spread says so.
   They are here because the gate exists to save work a CPU pays for,
   and that is the comparison the device one has to be read against.

 MEMORY, arithmetic and not a measurement: the gated arm carries
   queryXY + trainXY = 7520 B and the two octave arrays = 3760 B that the
   ungated arm does not. Under 'memory wins' that counts against the
   gate on device.
---------------------------------------------------------------------------
 CASE C -- sparse rectified stereo, against binCV's own dense device
 path (0.39 ms / 442 KB, docs/reports/cuda.md). No cv::cuda sparse
 stereo API exists to compare against.
---------------------------------------------------------------------------

 reference arm -- coarse descriptor search        0.063 ms  spread   60%  [kernel]
 fast arm      -- coarse descriptor search        0.010 ms  spread  587%  [kernel]
   ratio B/A, per-round paired:  median  0.14x <- QUOTE THIS   geomean  0.19x   range 0.10-1.09x  (15 rounds)
   sign test over those paired rounds: 1 favour A, 14 favour B, 0 tied -- two-sided p = 0.000977
   separation (a FACT, not the verdict): the two arms' sample ranges OVERLAP
PAIRED||reference arm -- coarse descriptor search|fast arm      -- coarse descriptor search|0.062003|0.062509|0.099328|0.006963|0.010445|0.068293|0.099931|0.139691|1.092531|0.192318|15|1|14|0|7.158672|10.932897|0.0009766|0|0|0|0.000000|0.000000
   verdict: NULL RESULT, which is a result
            NULL on the magnitude: the two arms are 7.16x apart on the MEDIAN per-round ratio,
            short of the 10.93x it has to beat (the larger of: per-round swing 10.93x,
            run-to-run scatter NOT MEASURED on this host). Decided by measure_util.hpp's
            difference-against-spread rule, in FACTORS because a percentage of it
            depends on which arm is the denominator; range separation is not what
            decided it.

 reference arm -- window refinement               0.090 ms  spread   58%  [kernel]
 fast arm      -- window refinement               0.012 ms  spread  184%  [kernel]
   ratio B/A, per-round paired:  median  0.12x <- QUOTE THIS   geomean  0.14x   range 0.09-0.35x  (15 rounds)
   sign test over those paired rounds: 0 favour A, 15 favour B, 0 tied -- two-sided p = 6.1e-05
   separation (a FACT, not the verdict): the two arms' sample ranges are DISJOINT
PAIRED||reference arm -- window refinement|fast arm      -- window refinement|0.088525|0.090061|0.141005|0.009933|0.011827|0.031693|0.085877|0.122779|0.351904|0.143535|15|0|15|0|8.144697|4.097769|6.104e-05|1|0|1|2.841680|11.644550
   verdict: DIRECTION ESTABLISHED, and A RESULT
            ARM B is faster in 15 of 15 paired rounds -- NO ROUND CROSSED 1.00x, so the
            direction is established by the rounds themselves (two-sided sign-test
            p = 6.1e-05). Magnitude 2.84x to 11.64x, median 8.14x: the spread bounds
            HOW MUCH it wins by, not WHETHER it does (owner's ruling, 2026-09-19).
            A RESULT: the two arms are 8.14x apart on the MEDIAN per-round ratio,
            clearing the 4.10x it has to beat (the larger of: per-round swing 4.10x,
            run-to-run scatter NOT MEASURED on this host). Decided by measure_util.hpp's
            difference-against-spread rule, in FACTORS because a percentage of it
            depends on which arm is the denominator; range separation is not what
            decided it.
            That clears the WITHIN-RUN half of the rule only -- nobody has measured
            this host's run-to-run scatter, and the rule wants the larger of the two.

 reference arm -- BOTH STAGES (what a caller runs)     0.189 ms  spread   34%  [kernel]
 fast arm      -- BOTH STAGES (what a caller runs)     0.022 ms  spread  133%  [kernel]
   ratio B/A, per-round paired:  median  0.11x <- QUOTE THIS   geomean  0.13x   range 0.09-0.32x  (15 rounds)
   sign test over those paired rounds: 0 favour A, 15 favour B, 0 tied -- two-sided p = 6.1e-05
   separation (a FACT, not the verdict): the two arms' sample ranges are DISJOINT
PAIRED||reference arm -- BOTH STAGES (what a caller runs)|fast arm      -- BOTH STAGES (what a caller runs)|0.150118|0.188774|0.213805|0.018534|0.022170|0.048128|0.088604|0.114401|0.320273|0.133775|15|0|15|0|8.741144|3.614644|6.104e-05|1|0|1|3.122340|11.286148
   verdict: DIRECTION ESTABLISHED, and A RESULT
            ARM B is faster in 15 of 15 paired rounds -- NO ROUND CROSSED 1.00x, so the
            direction is established by the rounds themselves (two-sided sign-test
            p = 6.1e-05). Magnitude 3.12x to 11.29x, median 8.74x: the spread bounds
            HOW MUCH it wins by, not WHETHER it does (owner's ruling, 2026-09-19).
            A RESULT: the two arms are 8.74x apart on the MEDIAN per-round ratio,
            clearing the 3.61x it has to beat (the larger of: per-round swing 3.61x,
            run-to-run scatter NOT MEASURED on this host). Decided by measure_util.hpp's
            difference-against-spread rule, in FACTORS because a percentage of it
            depends on which arm is the denominator; range separation is not what
            decided it.
            That clears the WITHIN-RUN half of the rule only -- nobody has measured
            this host's run-to-run scatter, and the rule wants the larger of the two.
   CASE C's ship condition is on this line: below 0.39 ms is a
   pass on speed against dense-then-index.

 CASE E -- refinement's gate-excluded control: a 41x41 window with
 refineRadius 8, which windowSpanFits rejects. MUST read ~1.00x.
 switch OFF, 41x41 window                         0.695 ms  spread   11%  [kernel]
 switch ON, 41x41 window                          0.700 ms  spread   13%  [kernel]
   ratio B/A, per-round paired:  median  1.01x <- QUOTE THIS   geomean  1.01x   range 0.97-1.08x  (15 rounds)
   sign test over those paired rounds: 9 favour A, 6 favour B, 0 tied -- two-sided p = 0.607
   separation (a FACT, not the verdict): the two arms' sample ranges OVERLAP
PAIRED||switch OFF, 41x41 window|switch ON, 41x41 window|0.670003|0.694784|0.748032|0.673382|0.700211|0.766566|0.968551|1.006674|1.076422|1.011696|15|9|6|0|1.006674|1.111374|0.6072|0|0|0|0.000000|0.000000
   verdict: ~1.00x as required -- the switch selects nothing here, which is what the gate promises

 ACCURACY, published beside the numbers and NOT decided on:
   500 of 500 keypoints matched; mean |disparity - 21| = 0.0145 px,
   worst 0.0556 px, against a pair whose true disparity is exactly 21.
   500 landed within half a pixel; 0 landed at the SCAN'S EDGE
   (|error| >= refineRadius = 4).
   THE EDGE COUNT IS THE INTERESTING NUMBER AND IT IS NOT A DEVICE
   RESULT: the suite holds this kernel bit-exact against the host,
   so whatever it does here the host does too. It is a property of a
   ONE-BIT window refinement -- the frames are packed by a single
   threshold, and where the local binary window is uniform EVERY
   disparity scores zero, so the tie rule takes the smallest and the
   result pins to the scan's low edge. A FAST corner in the wide
   image is not a corner in the thresholded one. Reported rather
   than tuned away: the fix is a richer packing (the N-bit or census
   path), not a change to this kernel.
   The dense path this is measured against returns an INTEGER map,
   so the sub-pixel output is the reason to run the sparse arm at
   all. What residual would make it not worth running is STOP AND
   ASK 2.

 MEMORY, CASE C. binCV against binCV, so METER 1 (allocation sum):
   [meter 1: allocation sum ] sparse: two planes + points + descriptors + records     136.9 KB
   [meter 1: allocation sum ] dense-then-index (recorded, cuda.md)     442.0 KB
   ratio 3.23x in the sparse arm's favour. Both are allocation sums
   of binCV's own arrays, which is the one comparison meter 1 is for;
   nothing here is divided by a driver reading.
   Scratch: NONE. Both stereo stages reduce in registers and warp
   shuffles, which is this backend's spelling of the host's
   running-minimum rule.
---------------------------------------------------------------------------
 CASE D -- block matching (route a) against cv::cuda::SparsePyrLKOpticalFlow.
 ROLE ONLY: route (b)'s algorithm on bytes against route (a)'s on bits.
---------------------------------------------------------------------------

 reference arm (thread per keypoint, one launch)     3.066 ms  spread   12%  [kernel]
 fast arm (warp per keypoint, one launch per level)     0.074 ms  spread  272%  [kernel]
   ratio B/A, per-round paired:  median  0.03x <- QUOTE THIS   geomean  0.03x   range 0.02-0.08x  (15 rounds)
   sign test over those paired rounds: 0 favour A, 15 favour B, 0 tied -- two-sided p = 6.1e-05
   separation (a FACT, not the verdict): the two arms' sample ranges are DISJOINT
PAIRED||reference arm (thread per keypoint, one launch)|fast arm (warp per keypoint, one launch per level)|2.887339|3.065515|3.262795|0.053658|0.073523|0.253322|0.017002|0.025437|0.079733|0.027346|15|0|15|0|39.312328|4.689629|6.104e-05|1|0|1|12.541886|58.816797
   verdict: DIRECTION ESTABLISHED, and A RESULT
            ARM B is faster in 15 of 15 paired rounds -- NO ROUND CROSSED 1.00x, so the
            direction is established by the rounds themselves (two-sided sign-test
            p = 6.1e-05). Magnitude 12.54x to 58.82x, median 39.31x: the spread bounds
            HOW MUCH it wins by, not WHETHER it does (owner's ruling, 2026-09-19).
            A RESULT: the two arms are 39.31x apart on the MEDIAN per-round ratio,
            clearing the 4.69x it has to beat (the larger of: per-round swing 4.69x,
            run-to-run scatter NOT MEASURED on this host). Decided by measure_util.hpp's
            difference-against-spread rule, in FACTORS because a percentage of it
            depends on which arm is the denominator; range separation is not what
            decided it.
            That clears the WITHIN-RUN half of the rule only -- nobody has measured
            this host's run-to-run scatter, and the rule wants the larger of the two.

 CASE E -- block matching's gate-excluded control: a 48x48 window,
 which windowSpanFits rejects. MUST read ~1.00x.
 switch OFF, 48x48 window                         5.926 ms  spread    6%  [kernel]
 switch ON, 48x48 window                          6.017 ms  spread    7%  [kernel]
   ratio B/A, per-round paired:  median  1.00x <- QUOTE THIS   geomean  1.00x   range 0.96-1.04x  (15 rounds)
   sign test over those paired rounds: 9 favour A, 6 favour B, 0 tied -- two-sided p = 0.607
   separation (a FACT, not the verdict): the two arms' sample ranges OVERLAP
PAIRED||switch OFF, 48x48 window|switch ON, 48x48 window|5.774336|5.926229|6.131029|5.663339|6.017024|6.110549|0.964977|1.004525|1.044731|1.004496|15|9|6|0|1.004525|1.082649|0.6072|0|0|0|0.000000|0.000000
   verdict: ~1.00x as required -- the switch selects nothing here, which is what the gate promises

 MEMORY, CASE D.
   [meter 1: allocation sum ] binCV: two binary pyramids + pts + scratch     135.6 KB
   [meter 1: allocation sum ] LK: two 8-bit pyramids + pts + status + err (computed)     948.0 KB
   COMPUTED ratio 6.99x. This is the number the ship condition is
   about: the MEASURED cudaMemGetInfo ratio below has to reproduce it
   within the meter's step, or the footprint claim does not rest on
   the format and THAT is the finding.
   The computed LK figure is a LOWER bound (GpuMat is pitched) and the
   measured one is an UPPER bound (GpuMat may pool): the two caveats
   push opposite ways and both are stated.

 cv::cuda::SparsePyrLKOpticalFlow (31x31, 3 levels)     0.620 ms  spread   92%  [kernel]
 binCV block match (31x31, 4 levels, R=2)         0.057 ms  spread  144%  [kernel]
   ratio B/A, per-round paired:  median  0.10x <- QUOTE THIS   geomean  0.10x   range 0.06-0.21x  (15 rounds)
   sign test over those paired rounds: 0 favour A, 15 favour B, 0 tied -- two-sided p = 6.1e-05
   separation (a FACT, not the verdict): the two arms' sample ranges are DISJOINT
PAIRED||cv::cuda::SparsePyrLKOpticalFlow (31x31, 3 levels)|binCV block match (31x31, 4 levels, R=2)|0.480939|0.619861|1.051307|0.052624|0.057008|0.134957|0.061656|0.099432|0.214648|0.097673|15|0|15|0|10.057158|3.481386|6.104e-05|1|0|1|4.658795|16.219063
   verdict: DIRECTION ESTABLISHED, and A RESULT
            ARM B is faster in 15 of 15 paired rounds -- NO ROUND CROSSED 1.00x, so the
            direction is established by the rounds themselves (two-sided sign-test
            p = 6.1e-05). Magnitude 4.66x to 16.22x, median 10.06x: the spread bounds
            HOW MUCH it wins by, not WHETHER it does (owner's ruling, 2026-09-19).
            A RESULT: the two arms are 10.06x apart on the MEDIAN per-round ratio,
            clearing the 3.48x it has to beat (the larger of: per-round swing 3.48x,
            run-to-run scatter NOT MEASURED on this host). Decided by measure_util.hpp's
            difference-against-spread rule, in FACTORS because a percentage of it
            depends on which arm is the denominator; range separation is not what
            decided it.
            That clears the WITHIN-RUN half of the rule only -- nobody has measured
            this host's run-to-run scatter, and the rule wants the larger of the two.
   TRACKING YIELD, published and never omitted: cv::cuda LK reports
   479 of 500 tracked; binCV route (a) reports 500. These are
   DIFFERENT ALGORITHMS and a status byte is not an accuracy
   measurement -- route (a)'s derived integer floor is 0.2887 px per
   axis with sub-pixel off. The floor that would decide Case D is
   STOP AND ASK 1 and is not filled in here.
   [meter 2: cudaMemGetInfo] binCV working set, per replica        0.19 MB
   [meter 2: its own STEP  ] this driver reserves in 2.00 MB units,
                             measured right here by allocating one byte at a
                             time until the reading moved.
                             This working set fits inside ONE unit, so the
                             reading above is the meter's RESOLUTION and not
                             a footprint: the identical arrays read 0.00 MB
                             or 2.00 MB depending only on how much of the
                             current unit the previous allocation left over.
                             Meter 1 is what measures this working set.
                             Never divide one meter by the other.
   [meter 2: cudaMemGetInfo] cv::cuda LK working set, per replica      1.38 MB
   [meter 2: its own STEP  ] this driver reserves in 2.00 MB units,
                             measured right here by allocating one byte at a
                             time until the reading moved.
                             This working set fits inside ONE unit, so the
                             reading above is the meter's RESOLUTION and not
                             a footprint: the identical arrays read 0.00 MB
                             or 2.00 MB depending only on how much of the
                             current unit the previous allocation left over.
                             Meter 1 is what measures this working set.
                             Never divide one meter by the other.
   MEASURED ratio 7.33x against a COMPUTED 6.99x. The ship
   condition is that these agree within the meter's step; if they
   do not, the footprint claim does not rest on the format.
---------------------------------------------------------------------------
 READ THE SPREADS. Every number here is KERNEL-RESIDENT and covers ONE
 launch (block matching: one launch per level). A microbenchmark ratio is
 not an end-to-end result, and no arm here is a share of any pipeline,
 because no resident device pipeline calls these kernels yet.
---------------------------------------------------------------------------
### run 2
===========================================================================
 SPARSE STEREO, BLOCK MATCHING AND DESCRIPTOR MATCHING -- device arms
===========================================================================
 device: NVIDIA GeForce RTX 3070 Ti (sm_86, 48 SMs, 608 GB/s peak)
 OpenCV 4.5.4 -- cv::cuda role arms COMPILED IN
===========================================================================
 THE DECISION RULE, WRITTEN BEFORE ANY OF THE NUMBERS BELOW WERE TAKEN
===========================================================================
 Per case, because there is no project-wide bar and inventing one is
 forbidden. Where a threshold is a judgement nobody has made it is a
 STOP AND ASK and is left empty rather than filled in.

 THE ONE MAGNITUDE EVERY CASE SHARES, and where it comes from: a difference
 smaller than the larger of the two arms' printed sample RANGES is not a
 difference. That is derived from the measurement's own noise rather than
 chosen -- every pair below goes through timeKernelPaired, which brackets
 both arms inside every round and alternates their order, and prints whether
 the two ranges are disjoint.

 METRICS: (1) kernel-resident median with its spread, both sides of every
 pair on ONE EXPLICIT STREAM; (2) device working set -- allocation sum for
 binCV against binCV, cudaMemGetInfo delta over 32 replicas for anything
 crossing to OpenCV; (3) accuracy, PUBLISHED but not decided on for the two
 ops whose output differs from their bar. Code size and portability decide
 nothing here.

 CASE A -- the brute-force matcher against cv::cuda's BFMatcher.
   Arms: binCV's tiled matcher; knnMatchAsync(k=2) on CV_8U descriptors (what
   cv::cuda::ORB emits, and the path whose HammingDist::reduceIter issues one
   __popc per BYTE -- 32 per 256-bit descriptor); and knnMatchAsync on CV_32S
   over the IDENTICAL bytes, where matchHamming_gpu<int> issues eight. The
   CV_32S arm is the BAR, because the bar is the best existing option, not
   the worst; CV_8U is reported beside it as what the default path costs.
   TIMED REGION: knnMatchAsync plus a committed device-side ratio kernel on
   the same stream. knnMatchConvert is a HOST download and is OUTSIDE the
   event window on every arm -- timing it would compare binCV's resident
   kernel against an OpenCV round trip.
   DECIDES AT 5000 x 5000. The pipeline point 470 x 470 is reported and does
   NOT decide, because both arms are predicted to sit on the launch floor
   there -- which is why the floor is printed next to every arm.
   SHIPS as the recommended device arm if, at map scale, binCV is not slower
   than the CV_32S arm by more than the larger printed range AND its working
   set is not larger. Otherwise it does not ship as a recommendation: the two
   working sets are the same arrays, so no memory-side argument is available
   in either direction.
   PREDICTION: binCV ~= CV_32S within the spread; ~4x ahead of CV_8U; memory
   a wash.

 CASE B -- is the gate still the right answer on device? (issue #61's own
 question). Four arms on identical inputs: device brute force, device gated,
 host brute force, host gated. TWO-SIDED:
   * SPEED: the gate's speed rationale survives only if the device gated arm
     beats the device brute-force arm by more than both printed ranges at the
     pipeline point. PREDICTION: it does not -- the whole match there is a
     launch's worth of work.
   * MEMORY: arithmetic, not a measurement. The gated arm carries two
     position arrays (and two octave arrays) the ungated one does not. Under
     'memory wins' that counts AGAINST the gate on device, and this rule says
     so before the numbers arrive.
   * ACCURACY: untouched by the device and not re-measured here. The device
     computes the same admitted set bit for bit; the suite pins it.
   EXPECTED FINDING, pre-registered: on device the gate is an ACCURACY
   feature and not a speed feature. If the measurement contradicts this it is
   reported as a finding, not smoothed.
   WHAT IT COVERS: a kernel-resident microbenchmark. The number that would
   decide ADOPTION is the match stage's share of an end-to-end pipeline; no
   committed report records it and no resident device pipeline calls these
   kernels. That is a deferral, not a number to invent.

 CASE C -- sparse stereo. cv::cuda has NO sparse stereo API (cudastereo's
 four entries are all dense), so ruling R2 would make the speed verdict
 OUTSTANDING -- but a stronger bar exists and is used instead, because the
 bar is the best existing option a caller actually has: binCV's own device
 denseDisparityBinary on the same frame, then index the map at the keypoints,
 recorded in docs/reports/cuda.md at 0.39 ms and 442 KB.
   SHIPS as the recommended keypoint-shaped stereo path if coarse + refine
   together are below 0.39 ms AND the working set is below 442 KB. Both are
   recorded measurements from this repo, not judgements. If sparse is not
   faster, that is the finding and the recommendation becomes 'run the dense
   kernel and index it'.
   ACCURACY published beside the number and not decided on: the sub-pixel
   residual against a pair of KNOWN disparity.

 CASE D -- block matching against cv::cuda::SparsePyrLKOpticalFlow. ROLE
 ONLY: route (b)'s algorithm on bytes against route (a)'s on bits, and
 correctness is settled against the HOST binCV kernel, never against OpenCV.
   (i) FOOTPRINT, derived and falsifiable, with no threshold to choose: two
       binary pyramids are exactly 1/8 the bytes of two 8-bit ones, and the
       points, the status bytes and the scratch are added to give a COMPUTED
       ratio. The condition is that the MEASURED cudaMemGetInfo ratio
       reproduces the computed one within the meter's own measured step. If
       it does not, the footprint claim does not rest on the format and that
       is the finding. (A '4x' bar was proposed for this case and is DELETED:
       8x is derived from bits per byte, the word 'half' came from nobody.)
   (ii) SPEED: not slower by more than the larger printed range.
   (iii) ACCURACY: reported, never decided on here -- the magnitude is a
       judgement nobody has made. Case D produces numbers and a
       recommendation, not a ship.

 CASE E -- the fast-arm gate check, with the excluding input NAMED per op, so
 the ~1.00x control is runnable rather than asserted:
   * the matchers and the coarse stereo stage: a descriptor wider than
     impl::kMatchTileMaxWords words, which the shared-memory staging refuses;
   * stereo refinement and block matching: a window impl::windowSpanFits
     rejects.
 Anything other than ~1.00x there means the switch is not switching.

 STOP AND ASK -- thresholds nobody has set, left empty on purpose:
   1. CASE D's accuracy floor: how much tracking yield may route (a) give up
      against cv::cuda LK and still be worth recommending? Case D is
      ship-blocked on it.
   2. CASE C's sub-pixel residual floor: the residual is published; what
      residual would make the sparse arm not worth running is unset.
   3. CASE A's fallback: if binCV lands slower than the CV_32S arm, does the
      op ship for residency's sake with the gap documented, or is 'cv::cuda's
      matcher is the better option for a caller who already has OpenCV' the
      honest answer? The census entry was rescued by a memory argument; this
      one has none.
===========================================================================

 LAUNCH FLOOR (empty kernel, same protocol)      0.0085 ms  spread  142%  [kernel]
   Every kernel-resident number below sits on top of this. An arm within
   a few multiples of it is reporting launch overhead, not its own work,
   and a RATIO between two such arms is reporting almost none of either.
   The spread is part of the answer, not a blemish on it: under WSL2 a
   launch costs what it costs plus whatever the host was doing.

 Driver meter step, measured in this run: 2.00 MB. Every CROSS-LIBRARY
 memory reading below is taken over 32 working sets for that reason;
 binCV-against-binCV figures use the allocation sum instead.

 FRAMES: synthetic (no frame directory given)
   *** SYNTHETIC. Corner density and the spatial distribution of
   *** keypoints drive CASE B's admitted fraction, and a synthetic
   *** frame answers a different question. Pass a EuRoC frame
   *** directory as argv[1] for the numbers that decide.
 FAST thresholds used to reach the two counts: 40 / 40 at 470, 40 / 40 at 5000

---------------------------------------------------------------------------
 CASE A -- descriptor matching. binCV's two arms first, then the bar.
 ORIENTATION: every paired ratio below is B/A. Arm A is the arm being
 compared against (the reference arm, or OpenCV); arm B is the one being
 priced. Under 1.00x means B is ahead.
---------------------------------------------------------------------------

 TILE WIDTH SWEEP (queries a block owns; the train set streams once
 for all of them). MEASURED, not inherited -- and measured at BOTH
 scales, because a wider tile trades blocks for reuse and the two
 points can disagree about which way that goes.
   at 470 x 470:
 binCV tiled, tile = 1                            0.012 ms  spread  166%  [kernel]  AT THE LAUNCH FLOOR
 binCV tiled, tile = 4                            0.009 ms  spread  684%  [kernel]  AT THE LAUNCH FLOOR
 binCV tiled, tile = 8                            0.011 ms  spread  286%  [kernel]  AT THE LAUNCH FLOOR
   at 5000 x 5000:
 binCV tiled, tile = 1                            0.799 ms  spread   29%  [kernel]  (launch floor 1% of it)
 binCV tiled, tile = 4                            0.247 ms  spread   74%  [kernel]  (launch floor 3% of it)
 binCV tiled, tile = 8                            0.211 ms  spread   69%  [kernel]  (launch floor 4% of it)
   The shipped default is tile = 8, and the lines above are why.

 THE OFF-SWITCH RATIO, both arms in this binary on the same inputs.
 reference arm (thread per query), 470x470        0.189 ms  spread   34%  [kernel]
 tiled arm, 470x470                               0.011 ms  spread  147%  [kernel]
   ratio B/A, per-round paired:  median  0.06x <- QUOTE THIS   geomean  0.07x   range 0.05-0.16x  (15 rounds)
   sign test over those paired rounds: 0 favour A, 15 favour B, 0 tied -- two-sided p = 6.1e-05
   separation (a FACT, not the verdict): the two arms' sample ranges are DISJOINT
PAIRED||reference arm (thread per query), 470x470|tiled arm, 470x470|0.159386|0.189286|0.224614|0.009882|0.010854|0.025856|0.045774|0.064715|0.162063|0.067929|15|0|15|0|15.452381|3.540480|6.104e-05|1|0|1|6.170421|21.846250
   verdict: DIRECTION ESTABLISHED, and A RESULT
            ARM B is faster in 15 of 15 paired rounds -- NO ROUND CROSSED 1.00x, so the
            direction is established by the rounds themselves (two-sided sign-test
            p = 6.1e-05). Magnitude 6.17x to 21.85x, median 15.45x: the spread bounds
            HOW MUCH it wins by, not WHETHER it does (owner's ruling, 2026-09-19).
            A RESULT: the two arms are 15.45x apart on the MEDIAN per-round ratio,
            clearing the 3.54x it has to beat (the larger of: per-round swing 3.54x,
            run-to-run scatter NOT MEASURED on this host). Decided by measure_util.hpp's
            difference-against-spread rule, in FACTORS because a percentage of it
            depends on which arm is the denominator; range separation is not what
            decided it.
            That clears the WITHIN-RUN half of the rule only -- nobody has measured
            this host's run-to-run scatter, and the rule wants the larger of the two.
 reference arm (thread per query), 5000x5000      2.055 ms  spread   11%  [kernel]
 tiled arm, 5000x5000                             0.226 ms  spread   61%  [kernel]
   ratio B/A, per-round paired:  median  0.11x <- QUOTE THIS   geomean  0.12x   range 0.10-0.16x  (15 rounds)
   sign test over those paired rounds: 0 favour A, 15 favour B, 0 tied -- two-sided p = 6.1e-05
   separation (a FACT, not the verdict): the two arms' sample ranges are DISJOINT
PAIRED||reference arm (thread per query), 5000x5000|tiled arm, 5000x5000|1.886229|2.054827|2.111723|0.209237|0.225931|0.346069|0.099548|0.112499|0.164457|0.118789|15|0|15|0|8.888941|1.652026|6.104e-05|1|0|1|6.080631|10.045362
   verdict: DIRECTION ESTABLISHED, and A RESULT
            ARM B is faster in 15 of 15 paired rounds -- NO ROUND CROSSED 1.00x, so the
            direction is established by the rounds themselves (two-sided sign-test
            p = 6.1e-05). Magnitude 6.08x to 10.05x, median 8.89x: the spread bounds
            HOW MUCH it wins by, not WHETHER it does (owner's ruling, 2026-09-19).
            A RESULT: the two arms are 8.89x apart on the MEDIAN per-round ratio,
            clearing the 1.65x it has to beat (the larger of: per-round swing 1.65x,
            run-to-run scatter NOT MEASURED on this host). Decided by measure_util.hpp's
            difference-against-spread rule, in FACTORS because a percentage of it
            depends on which arm is the denominator; range separation is not what
            decided it.
            That clears the WITHIN-RUN half of the rule only -- nobody has measured
            this host's run-to-run scatter, and the rule wants the larger of the two.

 CASE E -- the matcher's gate-excluded control: a 544-bit descriptor,
 which the shared-memory staging refuses. Both switch positions run the
 reference kernel, so this MUST read ~1.00x.
 switch OFF, 544-bit descriptor                   0.350 ms  spread   22%  [kernel]
 switch ON, 544-bit descriptor                    0.369 ms  spread   18%  [kernel]
   ratio B/A, per-round paired:  median  1.01x <- QUOTE THIS   geomean  1.01x   range 0.83-1.18x  (15 rounds)
   sign test over those paired rounds: 9 favour A, 6 favour B, 0 tied -- two-sided p = 0.607
   separation (a FACT, not the verdict): the two arms' sample ranges OVERLAP
PAIRED||switch OFF, 544-bit descriptor|switch ON, 544-bit descriptor|0.345277|0.350362|0.420864|0.345485|0.368742|0.410880|0.832499|1.013304|1.178587|1.006895|15|9|6|0|1.013304|1.415721|0.6072|0|0|0|0.000000|0.000000
   verdict: ~1.00x as required -- the switch selects nothing here, which is what the gate promises

 THE ROLE BAR: cv::cuda::DescriptorMatcher::createBFMatcher(NORM_HAMMING),
 knnMatchAsync(k = 2) + the committed device ratio pass, both on gStream.

  470 x 470 descriptors, 256-bit:
 cv::cuda BFMatcher, CV_8U + ratio pass           0.050 ms  spread   54%  [kernel]
 binCV matchDescriptors                           0.012 ms  spread  130%  [kernel]
   ratio B/A, per-round paired:  median  0.21x <- QUOTE THIS   geomean  0.22x   range 0.13-0.41x  (15 rounds)
   sign test over those paired rounds: 0 favour A, 15 favour B, 0 tied -- two-sided p = 6.1e-05
   separation (a FACT, not the verdict): the two arms' sample ranges are DISJOINT
PAIRED||cv::cuda BFMatcher, CV_8U + ratio pass|binCV matchDescriptors|0.047360|0.049654|0.074291|0.009421|0.011827|0.024832|0.133033|0.214346|0.414884|0.224591|15|0|15|0|4.665364|3.118653|6.104e-05|1|0|1|2.410309|7.516918
   verdict: DIRECTION ESTABLISHED, and A RESULT
            ARM B is faster in 15 of 15 paired rounds -- NO ROUND CROSSED 1.00x, so the
            direction is established by the rounds themselves (two-sided sign-test
            p = 6.1e-05). Magnitude 2.41x to 7.52x, median 4.67x: the spread bounds
            HOW MUCH it wins by, not WHETHER it does (owner's ruling, 2026-09-19).
            A RESULT: the two arms are 4.67x apart on the MEDIAN per-round ratio,
            clearing the 3.12x it has to beat (the larger of: per-round swing 3.12x,
            run-to-run scatter NOT MEASURED on this host). Decided by measure_util.hpp's
            difference-against-spread rule, in FACTORS because a percentage of it
            depends on which arm is the denominator; range separation is not what
            decided it.
            That clears the WITHIN-RUN half of the rule only -- nobody has measured
            this host's run-to-run scatter, and the rule wants the larger of the two.
 cv::cuda BFMatcher, CV_32S + ratio pass          0.047 ms  spread   58%  [kernel]
 binCV matchDescriptors                           0.011 ms  spread  442%  [kernel]
   ratio B/A, per-round paired:  median  0.24x <- QUOTE THIS   geomean  0.26x   range 0.14-0.97x  (15 rounds)
   sign test over those paired rounds: 0 favour A, 15 favour B, 0 tied -- two-sided p = 6.1e-05
   separation (a FACT, not the verdict): the two arms' sample ranges OVERLAP
PAIRED||cv::cuda BFMatcher, CV_32S + ratio pass|binCV matchDescriptors|0.046643|0.046843|0.073728|0.008960|0.011315|0.059029|0.135417|0.240132|0.972096|0.262861|15|0|15|0|4.164384|7.178558|6.104e-05|0|0|1|1.028705|7.384615
   verdict: DIRECTION ESTABLISHED
            ARM B is faster in 15 of 15 paired rounds -- NO ROUND CROSSED 1.00x, so the
            direction is established by the rounds themselves (two-sided sign-test
            p = 6.1e-05). Magnitude 1.03x to 7.38x, median 4.16x: the spread bounds
            HOW MUCH it wins by, not WHETHER it does (owner's ruling, 2026-09-19).
            NULL on the magnitude: the two arms are 4.16x apart on the MEDIAN per-round ratio,
            short of the 7.18x it has to beat (the larger of: per-round swing 7.18x,
            run-to-run scatter NOT MEASURED on this host). Decided by measure_util.hpp's
            difference-against-spread rule, in FACTORS because a percentage of it
            depends on which arm is the denominator; range separation is not what
            decided it.
   CV_8U / CV_32S on OpenCV's own side: 1.06x -- the instruction
   ratio the byte-wise HammingDist costs a caller who hands it
   what cv::cuda::ORB produces.

  5000 x 5000 descriptors, 256-bit:
 cv::cuda BFMatcher, CV_8U + ratio pass           2.239 ms  spread   16%  [kernel]
 binCV matchDescriptors                           0.213 ms  spread   82%  [kernel]
   ratio B/A, per-round paired:  median  0.10x <- QUOTE THIS   geomean  0.10x   range 0.08-0.17x  (15 rounds)
   sign test over those paired rounds: 0 favour A, 15 favour B, 0 tied -- two-sided p = 6.1e-05
   separation (a FACT, not the verdict): the two arms' sample ranges are DISJOINT
PAIRED||cv::cuda BFMatcher, CV_8U + ratio pass|binCV matchDescriptors|2.178048|2.239147|2.528939|0.209237|0.212651|0.383317|0.083003|0.096066|0.166247|0.101294|15|0|15|0|10.409461|2.002908|6.104e-05|1|0|1|6.015138|12.047766
   verdict: DIRECTION ESTABLISHED, and A RESULT
            ARM B is faster in 15 of 15 paired rounds -- NO ROUND CROSSED 1.00x, so the
            direction is established by the rounds themselves (two-sided sign-test
            p = 6.1e-05). Magnitude 6.02x to 12.05x, median 10.41x: the spread bounds
            HOW MUCH it wins by, not WHETHER it does (owner's ruling, 2026-09-19).
            A RESULT: the two arms are 10.41x apart on the MEDIAN per-round ratio,
            clearing the 2.00x it has to beat (the larger of: per-round swing 2.00x,
            run-to-run scatter NOT MEASURED on this host). Decided by measure_util.hpp's
            difference-against-spread rule, in FACTORS because a percentage of it
            depends on which arm is the denominator; range separation is not what
            decided it.
            That clears the WITHIN-RUN half of the rule only -- nobody has measured
            this host's run-to-run scatter, and the rule wants the larger of the two.
 cv::cuda BFMatcher, CV_32S + ratio pass          2.253 ms  spread   14%  [kernel]
 binCV matchDescriptors                           0.212 ms  spread   65%  [kernel]
   ratio B/A, per-round paired:  median  0.10x <- QUOTE THIS   geomean  0.10x   range 0.08-0.15x  (15 rounds)
   sign test over those paired rounds: 0 favour A, 15 favour B, 0 tied -- two-sided p = 6.1e-05
   separation (a FACT, not the verdict): the two arms' sample ranges are DISJOINT
PAIRED||cv::cuda BFMatcher, CV_32S + ratio pass|binCV matchDescriptors|2.174901|2.252789|2.500949|0.208800|0.212213|0.346795|0.083936|0.096260|0.154126|0.101680|15|0|15|0|10.388584|1.836232|6.104e-05|1|0|1|6.488189|11.913821
   verdict: DIRECTION ESTABLISHED, and A RESULT
            ARM B is faster in 15 of 15 paired rounds -- NO ROUND CROSSED 1.00x, so the
            direction is established by the rounds themselves (two-sided sign-test
            p = 6.1e-05). Magnitude 6.49x to 11.91x, median 10.39x: the spread bounds
            HOW MUCH it wins by, not WHETHER it does (owner's ruling, 2026-09-19).
            A RESULT: the two arms are 10.39x apart on the MEDIAN per-round ratio,
            clearing the 1.84x it has to beat (the larger of: per-round swing 1.84x,
            run-to-run scatter NOT MEASURED on this host). Decided by measure_util.hpp's
            difference-against-spread rule, in FACTORS because a percentage of it
            depends on which arm is the denominator; range separation is not what
            decided it.
            That clears the WITHIN-RUN half of the rule only -- nobody has measured
            this host's run-to-run scatter, and the rule wants the larger of the two.
   CV_8U / CV_32S on OpenCV's own side: 0.99x -- the instruction
   ratio the byte-wise HammingDist costs a caller who hands it
   what cv::cuda::ORB produces.

 MEMORY, CASE A, meter 2 on BOTH sides, 256 replicas of the 470 x 470
 working set -- an order more than elsewhere, because one set is ~37 KB
 and 32 of them would not clear one 2 MB driver unit.
   [meter 2: cudaMemGetInfo] binCV ungated, per working set        0.03 MB
   [meter 2: its own STEP  ] this driver reserves in 2.00 MB units,
                             measured right here by allocating one byte at a
                             time until the reading moved.
                             This working set fits inside ONE unit, so the
                             reading above is the meter's RESOLUTION and not
                             a footprint: the identical arrays read 0.00 MB
                             or 2.00 MB depending only on how much of the
                             current unit the previous allocation left over.
                             Meter 1 is what measures this working set.
                             Never divide one meter by the other.
   [meter 2: cudaMemGetInfo] cv::cuda BFMatcher, per working set      0.50 MB
   [meter 2: its own STEP  ] this driver reserves in 2.00 MB units,
                             measured right here by allocating one byte at a
                             time until the reading moved.
                             This working set fits inside ONE unit, so the
                             reading above is the meter's RESOLUTION and not
                             a footprint: the identical arrays read 0.00 MB
                             or 2.00 MB depending only on how much of the
                             current unit the previous allocation left over.
                             Meter 1 is what measures this working set.
                             Never divide one meter by the other.
   OpenCV's reading is an UPPER bound: GpuMat may pool, and the
   metered scope includes one knnMatchAsync so the match buffer it
   creates is counted -- as binCV's record array is.
   THE GAP IS THE ROW PITCH, and that part is arithmetic rather than
   allocator behaviour: a 256-bit descriptor is a 32-BYTE ROW, and
   GpuMat pitches a row to a 512-byte multiple, so OpenCV's two
   descriptor matrices carry ~16x their own data. A packed device
   array does not. The design this family came from computed both
   sides UNPITCHED and predicted a wash; the measurement says
   otherwise, and the prediction is what was wrong.
   [meter 1: allocation sum ] binCV descriptors + records (meter 1)      36.7 KB
---------------------------------------------------------------------------
 CASE B -- is the gate still the right answer on device?
---------------------------------------------------------------------------

 Admitted fraction at window 48 px, octave band 1, on these
 keypoints: 1.45% of 220900 candidate pairs. That is the only work the
 gate can save, and it is the number the speed side of this case is
 a test of.
 device brute force, 470x470                      0.012 ms  spread  201%  [kernel]
 device GATED (48 px, octave band 1)              0.014 ms  spread  110%  [kernel]
   ratio B/A, per-round paired:  median  1.26x <- QUOTE THIS   geomean  1.14x   range 0.40-2.49x  (15 rounds)
   sign test over those paired rounds: 10 favour A, 5 favour B, 0 tied -- two-sided p = 0.302
   separation (a FACT, not the verdict): the two arms' sample ranges OVERLAP
PAIRED||device brute force, 470x470|device GATED (48 px, octave band 1)|0.009011|0.011877|0.032870|0.011827|0.014019|0.027290|0.398657|1.256929|2.488636|1.137620|15|10|5|0|1.256929|6.242557|0.3018|0|0|0|0.000000|0.000000
   verdict: NULL RESULT, which is a result
            NULL on the magnitude: the two arms are 1.26x apart on the MEDIAN per-round ratio,
            short of the 6.24x it has to beat (the larger of: per-round swing 6.24x,
            run-to-run scatter NOT MEASURED on this host). Decided by measure_util.hpp's
            difference-against-spread rule, in FACTORS because a percentage of it
            depends on which arm is the denominator; range separation is not what
            decided it.

 The same two on the HOST, same inputs, same ratio:
 host brute force                                 0.554 ms  spread    8%  [host clock]
 host GATED (48 px, octave band 1)                0.575 ms  spread    8%  [host clock]
   host gated / host brute: 1.04x. The host numbers are INDICATIVE:
   this x86 host is not timing-grade under WSL2 and the spread says so.
   They are here because the gate exists to save work a CPU pays for,
   and that is the comparison the device one has to be read against.

 MEMORY, arithmetic and not a measurement: the gated arm carries
   queryXY + trainXY = 7520 B and the two octave arrays = 3760 B that the
   ungated arm does not. Under 'memory wins' that counts against the
   gate on device.
---------------------------------------------------------------------------
 CASE C -- sparse rectified stereo, against binCV's own dense device
 path (0.39 ms / 442 KB, docs/reports/cuda.md). No cv::cuda sparse
 stereo API exists to compare against.
---------------------------------------------------------------------------

 reference arm -- coarse descriptor search        0.058 ms  spread   48%  [kernel]
 fast arm      -- coarse descriptor search        0.009 ms  spread  529%  [kernel]
   ratio B/A, per-round paired:  median  0.14x <- QUOTE THIS   geomean  0.20x   range 0.10-0.66x  (15 rounds)
   sign test over those paired rounds: 0 favour A, 15 favour B, 0 tied -- two-sided p = 6.1e-05
   separation (a FACT, not the verdict): the two arms' sample ranges are DISJOINT
PAIRED||reference arm -- coarse descriptor search|fast arm      -- coarse descriptor search|0.057907|0.058366|0.085760|0.006400|0.009485|0.056576|0.101284|0.140355|0.659702|0.196340|15|0|15|0|7.124805|6.513391|6.104e-05|1|0|1|1.515837|9.873239
   verdict: DIRECTION ESTABLISHED, and A RESULT
            ARM B is faster in 15 of 15 paired rounds -- NO ROUND CROSSED 1.00x, so the
            direction is established by the rounds themselves (two-sided sign-test
            p = 6.1e-05). Magnitude 1.52x to 9.87x, median 7.12x: the spread bounds
            HOW MUCH it wins by, not WHETHER it does (owner's ruling, 2026-09-19).
            A RESULT: the two arms are 7.12x apart on the MEDIAN per-round ratio,
            clearing the 6.51x it has to beat (the larger of: per-round swing 6.51x,
            run-to-run scatter NOT MEASURED on this host). Decided by measure_util.hpp's
            difference-against-spread rule, in FACTORS because a percentage of it
            depends on which arm is the denominator; range separation is not what
            decided it.
            That clears the WITHIN-RUN half of the rule only -- nobody has measured
            this host's run-to-run scatter, and the rule wants the larger of the two.

 reference arm -- window refinement               0.087 ms  spread   54%  [kernel]
 fast arm      -- window refinement               0.013 ms  spread  495%  [kernel]
   ratio B/A, per-round paired:  median  0.14x <- QUOTE THIS   geomean  0.18x   range 0.11-0.83x  (15 rounds)
   sign test over those paired rounds: 0 favour A, 15 favour B, 0 tied -- two-sided p = 6.1e-05
   separation (a FACT, not the verdict): the two arms' sample ranges are DISJOINT
PAIRED||reference arm -- window refinement|fast arm      -- window refinement|0.083661|0.086835|0.130557|0.009621|0.012595|0.071947|0.109008|0.135003|0.827162|0.178580|15|0|15|0|7.407240|7.588090|6.104e-05|1|0|1|1.208953|9.173646
   verdict: DIRECTION ESTABLISHED
            ARM B is faster in 15 of 15 paired rounds -- NO ROUND CROSSED 1.00x, so the
            direction is established by the rounds themselves (two-sided sign-test
            p = 6.1e-05). Magnitude 1.21x to 9.17x, median 7.41x: the spread bounds
            HOW MUCH it wins by, not WHETHER it does (owner's ruling, 2026-09-19).
            NULL on the magnitude: the two arms are 7.41x apart on the MEDIAN per-round ratio,
            short of the 7.59x it has to beat (the larger of: per-round swing 7.59x,
            run-to-run scatter NOT MEASURED on this host). Decided by measure_util.hpp's
            difference-against-spread rule, in FACTORS because a percentage of it
            depends on which arm is the denominator; range separation is not what
            decided it.

 reference arm -- BOTH STAGES (what a caller runs)     0.157 ms  spread   30%  [kernel]
 fast arm      -- BOTH STAGES (what a caller runs)     0.019 ms  spread  174%  [kernel]
   ratio B/A, per-round paired:  median  0.12x <- QUOTE THIS   geomean  0.14x   range 0.09-0.32x  (15 rounds)
   sign test over those paired rounds: 0 favour A, 15 favour B, 0 tied -- two-sided p = 6.1e-05
   separation (a FACT, not the verdict): the two arms' sample ranges are DISJOINT
PAIRED||reference arm -- BOTH STAGES (what a caller runs)|fast arm      -- BOTH STAGES (what a caller runs)|0.141773|0.157030|0.189645|0.014950|0.018834|0.047718|0.087910|0.117709|0.315543|0.136278|15|0|15|0|8.495494|3.589390|6.104e-05|1|0|1|3.169143|11.375289
   verdict: DIRECTION ESTABLISHED, and A RESULT
            ARM B is faster in 15 of 15 paired rounds -- NO ROUND CROSSED 1.00x, so the
            direction is established by the rounds themselves (two-sided sign-test
            p = 6.1e-05). Magnitude 3.17x to 11.38x, median 8.50x: the spread bounds
            HOW MUCH it wins by, not WHETHER it does (owner's ruling, 2026-09-19).
            A RESULT: the two arms are 8.50x apart on the MEDIAN per-round ratio,
            clearing the 3.59x it has to beat (the larger of: per-round swing 3.59x,
            run-to-run scatter NOT MEASURED on this host). Decided by measure_util.hpp's
            difference-against-spread rule, in FACTORS because a percentage of it
            depends on which arm is the denominator; range separation is not what
            decided it.
            That clears the WITHIN-RUN half of the rule only -- nobody has measured
            this host's run-to-run scatter, and the rule wants the larger of the two.
   CASE C's ship condition is on this line: below 0.39 ms is a
   pass on speed against dense-then-index.

 CASE E -- refinement's gate-excluded control: a 41x41 window with
 refineRadius 8, which windowSpanFits rejects. MUST read ~1.00x.
 switch OFF, 41x41 window                         0.696 ms  spread   12%  [kernel]
 switch ON, 41x41 window                          0.686 ms  spread   12%  [kernel]
   ratio B/A, per-round paired:  median  0.98x <- QUOTE THIS   geomean  1.00x   range 0.91-1.12x  (15 rounds)
   sign test over those paired rounds: 5 favour A, 10 favour B, 0 tied -- two-sided p = 0.302
   separation (a FACT, not the verdict): the two arms' sample ranges OVERLAP
PAIRED||switch OFF, 41x41 window|switch ON, 41x41 window|0.671539|0.695706|0.751587|0.675021|0.685773|0.755610|0.912433|0.978654|1.121642|0.996321|15|5|10|0|1.021812|1.229287|0.3018|0|0|0|0.000000|0.000000
   verdict: ~1.00x as required -- the switch selects nothing here, which is what the gate promises

 ACCURACY, published beside the numbers and NOT decided on:
   500 of 500 keypoints matched; mean |disparity - 21| = 0.0145 px,
   worst 0.0556 px, against a pair whose true disparity is exactly 21.
   500 landed within half a pixel; 0 landed at the SCAN'S EDGE
   (|error| >= refineRadius = 4).
   THE EDGE COUNT IS THE INTERESTING NUMBER AND IT IS NOT A DEVICE
   RESULT: the suite holds this kernel bit-exact against the host,
   so whatever it does here the host does too. It is a property of a
   ONE-BIT window refinement -- the frames are packed by a single
   threshold, and where the local binary window is uniform EVERY
   disparity scores zero, so the tie rule takes the smallest and the
   result pins to the scan's low edge. A FAST corner in the wide
   image is not a corner in the thresholded one. Reported rather
   than tuned away: the fix is a richer packing (the N-bit or census
   path), not a change to this kernel.
   The dense path this is measured against returns an INTEGER map,
   so the sub-pixel output is the reason to run the sparse arm at
   all. What residual would make it not worth running is STOP AND
   ASK 2.

 MEMORY, CASE C. binCV against binCV, so METER 1 (allocation sum):
   [meter 1: allocation sum ] sparse: two planes + points + descriptors + records     136.9 KB
   [meter 1: allocation sum ] dense-then-index (recorded, cuda.md)     442.0 KB
   ratio 3.23x in the sparse arm's favour. Both are allocation sums
   of binCV's own arrays, which is the one comparison meter 1 is for;
   nothing here is divided by a driver reading.
   Scratch: NONE. Both stereo stages reduce in registers and warp
   shuffles, which is this backend's spelling of the host's
   running-minimum rule.
---------------------------------------------------------------------------
 CASE D -- block matching (route a) against cv::cuda::SparsePyrLKOpticalFlow.
 ROLE ONLY: route (b)'s algorithm on bytes against route (a)'s on bits.
---------------------------------------------------------------------------

 reference arm (thread per keypoint, one launch)     3.036 ms  spread   14%  [kernel]
 fast arm (warp per keypoint, one launch per level)     0.060 ms  spread  126%  [kernel]
   ratio B/A, per-round paired:  median  0.02x <- QUOTE THIS   geomean  0.02x   range 0.02-0.04x  (15 rounds)
   sign test over those paired rounds: 0 favour A, 15 favour B, 0 tied -- two-sided p = 6.1e-05
   separation (a FACT, not the verdict): the two arms' sample ranges are DISJOINT
PAIRED||reference arm (thread per keypoint, one launch)|fast arm (warp per keypoint, one launch per level)|2.857301|3.035819|3.289088|0.052838|0.060314|0.128717|0.016801|0.019208|0.040011|0.022659|15|0|15|0|52.060782|2.381470|6.104e-05|1|0|1|24.993371|59.520955
   verdict: DIRECTION ESTABLISHED, and A RESULT
            ARM B is faster in 15 of 15 paired rounds -- NO ROUND CROSSED 1.00x, so the
            direction is established by the rounds themselves (two-sided sign-test
            p = 6.1e-05). Magnitude 24.99x to 59.52x, median 52.06x: the spread bounds
            HOW MUCH it wins by, not WHETHER it does (owner's ruling, 2026-09-19).
            A RESULT: the two arms are 52.06x apart on the MEDIAN per-round ratio,
            clearing the 2.38x it has to beat (the larger of: per-round swing 2.38x,
            run-to-run scatter NOT MEASURED on this host). Decided by measure_util.hpp's
            difference-against-spread rule, in FACTORS because a percentage of it
            depends on which arm is the denominator; range separation is not what
            decided it.
            That clears the WITHIN-RUN half of the rule only -- nobody has measured
            this host's run-to-run scatter, and the rule wants the larger of the two.

 CASE E -- block matching's gate-excluded control: a 48x48 window,
 which windowSpanFits rejects. MUST read ~1.00x.
 switch OFF, 48x48 window                         6.003 ms  spread   12%  [kernel]
 switch ON, 48x48 window                          5.955 ms  spread   10%  [kernel]
   ratio B/A, per-round paired:  median  0.99x <- QUOTE THIS   geomean  0.99x   range 0.90-1.06x  (15 rounds)
   sign test over those paired rounds: 5 favour A, 10 favour B, 0 tied -- two-sided p = 0.302
   separation (a FACT, not the verdict): the two arms' sample ranges OVERLAP
PAIRED||switch OFF, 48x48 window|switch ON, 48x48 window|5.765462|6.002688|6.509557|5.601622|5.954560|6.222155|0.901940|0.990941|1.064295|0.991487|15|5|10|0|1.009141|1.180006|0.3018|0|0|0|0.000000|0.000000
   verdict: ~1.00x as required -- the switch selects nothing here, which is what the gate promises

 MEMORY, CASE D.
   [meter 1: allocation sum ] binCV: two binary pyramids + pts + scratch     135.6 KB
   [meter 1: allocation sum ] LK: two 8-bit pyramids + pts + status + err (computed)     948.0 KB
   COMPUTED ratio 6.99x. This is the number the ship condition is
   about: the MEASURED cudaMemGetInfo ratio below has to reproduce it
   within the meter's step, or the footprint claim does not rest on
   the format and THAT is the finding.
   The computed LK figure is a LOWER bound (GpuMat is pitched) and the
   measured one is an UPPER bound (GpuMat may pool): the two caveats
   push opposite ways and both are stated.

 cv::cuda::SparsePyrLKOpticalFlow (31x31, 3 levels)     0.531 ms  spread   67%  [kernel]
 binCV block match (31x31, 4 levels, R=2)         0.057 ms  spread  147%  [kernel]
   ratio B/A, per-round paired:  median  0.11x <- QUOTE THIS   geomean  0.12x   range 0.07-0.26x  (15 rounds)
   sign test over those paired rounds: 0 favour A, 15 favour B, 0 tied -- two-sided p = 6.1e-05
   separation (a FACT, not the verdict): the two arms' sample ranges are DISJOINT
PAIRED||cv::cuda::SparsePyrLKOpticalFlow (31x31, 3 levels)|binCV block match (31x31, 4 levels, R=2)|0.498688|0.531115|0.853675|0.052909|0.056627|0.136397|0.066333|0.105018|0.256812|0.117804|15|0|15|0|9.522196|3.871535|6.104e-05|1|0|1|3.893894|15.075346
   verdict: DIRECTION ESTABLISHED, and A RESULT
            ARM B is faster in 15 of 15 paired rounds -- NO ROUND CROSSED 1.00x, so the
            direction is established by the rounds themselves (two-sided sign-test
            p = 6.1e-05). Magnitude 3.89x to 15.08x, median 9.52x: the spread bounds
            HOW MUCH it wins by, not WHETHER it does (owner's ruling, 2026-09-19).
            A RESULT: the two arms are 9.52x apart on the MEDIAN per-round ratio,
            clearing the 3.87x it has to beat (the larger of: per-round swing 3.87x,
            run-to-run scatter NOT MEASURED on this host). Decided by measure_util.hpp's
            difference-against-spread rule, in FACTORS because a percentage of it
            depends on which arm is the denominator; range separation is not what
            decided it.
            That clears the WITHIN-RUN half of the rule only -- nobody has measured
            this host's run-to-run scatter, and the rule wants the larger of the two.
   TRACKING YIELD, published and never omitted: cv::cuda LK reports
   479 of 500 tracked; binCV route (a) reports 500. These are
   DIFFERENT ALGORITHMS and a status byte is not an accuracy
   measurement -- route (a)'s derived integer floor is 0.2887 px per
   axis with sub-pixel off. The floor that would decide Case D is
   STOP AND ASK 1 and is not filled in here.
   [meter 2: cudaMemGetInfo] binCV working set, per replica        0.19 MB
   [meter 2: its own STEP  ] this driver reserves in 2.00 MB units,
                             measured right here by allocating one byte at a
                             time until the reading moved.
                             This working set fits inside ONE unit, so the
                             reading above is the meter's RESOLUTION and not
                             a footprint: the identical arrays read 0.00 MB
                             or 2.00 MB depending only on how much of the
                             current unit the previous allocation left over.
                             Meter 1 is what measures this working set.
                             Never divide one meter by the other.
   [meter 2: cudaMemGetInfo] cv::cuda LK working set, per replica      1.38 MB
   [meter 2: its own STEP  ] this driver reserves in 2.00 MB units,
                             measured right here by allocating one byte at a
                             time until the reading moved.
                             This working set fits inside ONE unit, so the
                             reading above is the meter's RESOLUTION and not
                             a footprint: the identical arrays read 0.00 MB
                             or 2.00 MB depending only on how much of the
                             current unit the previous allocation left over.
                             Meter 1 is what measures this working set.
                             Never divide one meter by the other.
   MEASURED ratio 7.33x against a COMPUTED 6.99x. The ship
   condition is that these agree within the meter's step; if they
   do not, the footprint claim does not rest on the format.
---------------------------------------------------------------------------
 READ THE SPREADS. Every number here is KERNEL-RESIDENT and covers ONE
 launch (block matching: one launch per level). A microbenchmark ratio is
 not an end-to-end result, and no arm here is a share of any pipeline,
 because no resident device pipeline calls these kernels yet.
---------------------------------------------------------------------------
### run 3
===========================================================================
 SPARSE STEREO, BLOCK MATCHING AND DESCRIPTOR MATCHING -- device arms
===========================================================================
 device: NVIDIA GeForce RTX 3070 Ti (sm_86, 48 SMs, 608 GB/s peak)
 OpenCV 4.5.4 -- cv::cuda role arms COMPILED IN
===========================================================================
 THE DECISION RULE, WRITTEN BEFORE ANY OF THE NUMBERS BELOW WERE TAKEN
===========================================================================
 Per case, because there is no project-wide bar and inventing one is
 forbidden. Where a threshold is a judgement nobody has made it is a
 STOP AND ASK and is left empty rather than filled in.

 THE ONE MAGNITUDE EVERY CASE SHARES, and where it comes from: a difference
 smaller than the larger of the two arms' printed sample RANGES is not a
 difference. That is derived from the measurement's own noise rather than
 chosen -- every pair below goes through timeKernelPaired, which brackets
 both arms inside every round and alternates their order, and prints whether
 the two ranges are disjoint.

 METRICS: (1) kernel-resident median with its spread, both sides of every
 pair on ONE EXPLICIT STREAM; (2) device working set -- allocation sum for
 binCV against binCV, cudaMemGetInfo delta over 32 replicas for anything
 crossing to OpenCV; (3) accuracy, PUBLISHED but not decided on for the two
 ops whose output differs from their bar. Code size and portability decide
 nothing here.

 CASE A -- the brute-force matcher against cv::cuda's BFMatcher.
   Arms: binCV's tiled matcher; knnMatchAsync(k=2) on CV_8U descriptors (what
   cv::cuda::ORB emits, and the path whose HammingDist::reduceIter issues one
   __popc per BYTE -- 32 per 256-bit descriptor); and knnMatchAsync on CV_32S
   over the IDENTICAL bytes, where matchHamming_gpu<int> issues eight. The
   CV_32S arm is the BAR, because the bar is the best existing option, not
   the worst; CV_8U is reported beside it as what the default path costs.
   TIMED REGION: knnMatchAsync plus a committed device-side ratio kernel on
   the same stream. knnMatchConvert is a HOST download and is OUTSIDE the
   event window on every arm -- timing it would compare binCV's resident
   kernel against an OpenCV round trip.
   DECIDES AT 5000 x 5000. The pipeline point 470 x 470 is reported and does
   NOT decide, because both arms are predicted to sit on the launch floor
   there -- which is why the floor is printed next to every arm.
   SHIPS as the recommended device arm if, at map scale, binCV is not slower
   than the CV_32S arm by more than the larger printed range AND its working
   set is not larger. Otherwise it does not ship as a recommendation: the two
   working sets are the same arrays, so no memory-side argument is available
   in either direction.
   PREDICTION: binCV ~= CV_32S within the spread; ~4x ahead of CV_8U; memory
   a wash.

 CASE B -- is the gate still the right answer on device? (issue #61's own
 question). Four arms on identical inputs: device brute force, device gated,
 host brute force, host gated. TWO-SIDED:
   * SPEED: the gate's speed rationale survives only if the device gated arm
     beats the device brute-force arm by more than both printed ranges at the
     pipeline point. PREDICTION: it does not -- the whole match there is a
     launch's worth of work.
   * MEMORY: arithmetic, not a measurement. The gated arm carries two
     position arrays (and two octave arrays) the ungated one does not. Under
     'memory wins' that counts AGAINST the gate on device, and this rule says
     so before the numbers arrive.
   * ACCURACY: untouched by the device and not re-measured here. The device
     computes the same admitted set bit for bit; the suite pins it.
   EXPECTED FINDING, pre-registered: on device the gate is an ACCURACY
   feature and not a speed feature. If the measurement contradicts this it is
   reported as a finding, not smoothed.
   WHAT IT COVERS: a kernel-resident microbenchmark. The number that would
   decide ADOPTION is the match stage's share of an end-to-end pipeline; no
   committed report records it and no resident device pipeline calls these
   kernels. That is a deferral, not a number to invent.

 CASE C -- sparse stereo. cv::cuda has NO sparse stereo API (cudastereo's
 four entries are all dense), so ruling R2 would make the speed verdict
 OUTSTANDING -- but a stronger bar exists and is used instead, because the
 bar is the best existing option a caller actually has: binCV's own device
 denseDisparityBinary on the same frame, then index the map at the keypoints,
 recorded in docs/reports/cuda.md at 0.39 ms and 442 KB.
   SHIPS as the recommended keypoint-shaped stereo path if coarse + refine
   together are below 0.39 ms AND the working set is below 442 KB. Both are
   recorded measurements from this repo, not judgements. If sparse is not
   faster, that is the finding and the recommendation becomes 'run the dense
   kernel and index it'.
   ACCURACY published beside the number and not decided on: the sub-pixel
   residual against a pair of KNOWN disparity.

 CASE D -- block matching against cv::cuda::SparsePyrLKOpticalFlow. ROLE
 ONLY: route (b)'s algorithm on bytes against route (a)'s on bits, and
 correctness is settled against the HOST binCV kernel, never against OpenCV.
   (i) FOOTPRINT, derived and falsifiable, with no threshold to choose: two
       binary pyramids are exactly 1/8 the bytes of two 8-bit ones, and the
       points, the status bytes and the scratch are added to give a COMPUTED
       ratio. The condition is that the MEASURED cudaMemGetInfo ratio
       reproduces the computed one within the meter's own measured step. If
       it does not, the footprint claim does not rest on the format and that
       is the finding. (A '4x' bar was proposed for this case and is DELETED:
       8x is derived from bits per byte, the word 'half' came from nobody.)
   (ii) SPEED: not slower by more than the larger printed range.
   (iii) ACCURACY: reported, never decided on here -- the magnitude is a
       judgement nobody has made. Case D produces numbers and a
       recommendation, not a ship.

 CASE E -- the fast-arm gate check, with the excluding input NAMED per op, so
 the ~1.00x control is runnable rather than asserted:
   * the matchers and the coarse stereo stage: a descriptor wider than
     impl::kMatchTileMaxWords words, which the shared-memory staging refuses;
   * stereo refinement and block matching: a window impl::windowSpanFits
     rejects.
 Anything other than ~1.00x there means the switch is not switching.

 STOP AND ASK -- thresholds nobody has set, left empty on purpose:
   1. CASE D's accuracy floor: how much tracking yield may route (a) give up
      against cv::cuda LK and still be worth recommending? Case D is
      ship-blocked on it.
   2. CASE C's sub-pixel residual floor: the residual is published; what
      residual would make the sparse arm not worth running is unset.
   3. CASE A's fallback: if binCV lands slower than the CV_32S arm, does the
      op ship for residency's sake with the gap documented, or is 'cv::cuda's
      matcher is the better option for a caller who already has OpenCV' the
      honest answer? The census entry was rescued by a memory argument; this
      one has none.
===========================================================================

 LAUNCH FLOOR (empty kernel, same protocol)      0.0083 ms  spread  107%  [kernel]
   Every kernel-resident number below sits on top of this. An arm within
   a few multiples of it is reporting launch overhead, not its own work,
   and a RATIO between two such arms is reporting almost none of either.
   The spread is part of the answer, not a blemish on it: under WSL2 a
   launch costs what it costs plus whatever the host was doing.

 Driver meter step, measured in this run: 2.00 MB. Every CROSS-LIBRARY
 memory reading below is taken over 32 working sets for that reason;
 binCV-against-binCV figures use the allocation sum instead.

 FRAMES: synthetic (no frame directory given)
   *** SYNTHETIC. Corner density and the spatial distribution of
   *** keypoints drive CASE B's admitted fraction, and a synthetic
   *** frame answers a different question. Pass a EuRoC frame
   *** directory as argv[1] for the numbers that decide.
 FAST thresholds used to reach the two counts: 40 / 40 at 470, 40 / 40 at 5000

---------------------------------------------------------------------------
 CASE A -- descriptor matching. binCV's two arms first, then the bar.
 ORIENTATION: every paired ratio below is B/A. Arm A is the arm being
 compared against (the reference arm, or OpenCV); arm B is the one being
 priced. Under 1.00x means B is ahead.
---------------------------------------------------------------------------

 TILE WIDTH SWEEP (queries a block owns; the train set streams once
 for all of them). MEASURED, not inherited -- and measured at BOTH
 scales, because a wider tile trades blocks for reuse and the two
 points can disagree about which way that goes.
   at 470 x 470:
 binCV tiled, tile = 1                            0.019 ms  spread   89%  [kernel]  (launch floor 43% of it)
 binCV tiled, tile = 4                            0.010 ms  spread  250%  [kernel]  AT THE LAUNCH FLOOR
 binCV tiled, tile = 8                            0.011 ms  spread  104%  [kernel]  AT THE LAUNCH FLOOR
   at 5000 x 5000:
 binCV tiled, tile = 1                            0.798 ms  spread   34%  [kernel]  (launch floor 1% of it)
 binCV tiled, tile = 4                            0.247 ms  spread   85%  [kernel]  (launch floor 3% of it)
 binCV tiled, tile = 8                            0.219 ms  spread   78%  [kernel]  (launch floor 4% of it)
   The shipped default is tile = 8, and the lines above are why.

 THE OFF-SWITCH RATIO, both arms in this binary on the same inputs.
 reference arm (thread per query), 470x470        0.198 ms  spread   27%  [kernel]
 tiled arm, 470x470                               0.011 ms  spread  179%  [kernel]
   ratio B/A, per-round paired:  median  0.06x <- QUOTE THIS   geomean  0.07x   range 0.05-0.19x  (15 rounds)
   sign test over those paired rounds: 0 favour A, 15 favour B, 0 tied -- two-sided p = 6.1e-05
   separation (a FACT, not the verdict): the two arms' sample ranges are DISJOINT
PAIRED||reference arm (thread per query), 470x470|tiled arm, 470x470|0.159693|0.198144|0.213350|0.009728|0.011418|0.030208|0.045596|0.059524|0.187242|0.065402|15|0|15|0|16.799999|4.106516|6.104e-05|1|0|1|5.340678|21.931577
   verdict: DIRECTION ESTABLISHED, and A RESULT
            ARM B is faster in 15 of 15 paired rounds -- NO ROUND CROSSED 1.00x, so the
            direction is established by the rounds themselves (two-sided sign-test
            p = 6.1e-05). Magnitude 5.34x to 21.93x, median 16.80x: the spread bounds
            HOW MUCH it wins by, not WHETHER it does (owner's ruling, 2026-09-19).
            A RESULT: the two arms are 16.80x apart on the MEDIAN per-round ratio,
            clearing the 4.11x it has to beat (the larger of: per-round swing 4.11x,
            run-to-run scatter NOT MEASURED on this host). Decided by measure_util.hpp's
            difference-against-spread rule, in FACTORS because a percentage of it
            depends on which arm is the denominator; range separation is not what
            decided it.
            That clears the WITHIN-RUN half of the rule only -- nobody has measured
            this host's run-to-run scatter, and the rule wants the larger of the two.
 reference arm (thread per query), 5000x5000      2.099 ms  spread   20%  [kernel]
 tiled arm, 5000x5000                             0.214 ms  spread   39%  [kernel]
   ratio B/A, per-round paired:  median  0.10x <- QUOTE THIS   geomean  0.11x   range 0.10-0.14x  (15 rounds)
   sign test over those paired rounds: 0 favour A, 15 favour B, 0 tied -- two-sided p = 6.1e-05
   separation (a FACT, not the verdict): the two arms' sample ranges are DISJOINT
PAIRED||reference arm (thread per query), 5000x5000|tiled arm, 5000x5000|1.887232|2.098859|2.302635|0.209920|0.214016|0.292864|0.098104|0.103542|0.143505|0.108096|15|0|15|0|9.657909|1.462773|6.104e-05|1|0|1|6.968421|10.193220
   verdict: DIRECTION ESTABLISHED, and A RESULT
            ARM B is faster in 15 of 15 paired rounds -- NO ROUND CROSSED 1.00x, so the
            direction is established by the rounds themselves (two-sided sign-test
            p = 6.1e-05). Magnitude 6.97x to 10.19x, median 9.66x: the spread bounds
            HOW MUCH it wins by, not WHETHER it does (owner's ruling, 2026-09-19).
            A RESULT: the two arms are 9.66x apart on the MEDIAN per-round ratio,
            clearing the 1.46x it has to beat (the larger of: per-round swing 1.46x,
            run-to-run scatter NOT MEASURED on this host). Decided by measure_util.hpp's
            difference-against-spread rule, in FACTORS because a percentage of it
            depends on which arm is the denominator; range separation is not what
            decided it.
            That clears the WITHIN-RUN half of the rule only -- nobody has measured
            this host's run-to-run scatter, and the rule wants the larger of the two.

 CASE E -- the matcher's gate-excluded control: a 544-bit descriptor,
 which the shared-memory staging refuses. Both switch positions run the
 reference kernel, so this MUST read ~1.00x.
 switch OFF, 544-bit descriptor                   0.362 ms  spread   17%  [kernel]
 switch ON, 544-bit descriptor                    0.357 ms  spread   23%  [kernel]
   ratio B/A, per-round paired:  median  1.01x <- QUOTE THIS   geomean  1.01x   range 0.86-1.23x  (15 rounds)
   sign test over those paired rounds: 9 favour A, 6 favour B, 0 tied -- two-sided p = 0.607
   separation (a FACT, not the verdict): the two arms' sample ranges OVERLAP
PAIRED||switch OFF, 544-bit descriptor|switch ON, 544-bit descriptor|0.346714|0.361525|0.409702|0.344013|0.357162|0.426394|0.857161|1.005500|1.229815|1.005131|15|9|6|0|1.005500|1.434754|0.6072|0|0|0|0.000000|0.000000
   verdict: ~1.00x as required -- the switch selects nothing here, which is what the gate promises

 THE ROLE BAR: cv::cuda::DescriptorMatcher::createBFMatcher(NORM_HAMMING),
 knnMatchAsync(k = 2) + the committed device ratio pass, both on gStream.

  470 x 470 descriptors, 256-bit:
 cv::cuda BFMatcher, CV_8U + ratio pass           0.061 ms  spread  168%  [kernel]
 binCV matchDescriptors                           0.011 ms  spread  404%  [kernel]
   ratio B/A, per-round paired:  median  0.22x <- QUOTE THIS   geomean  0.24x   range 0.09-0.56x  (15 rounds)
   sign test over those paired rounds: 0 favour A, 15 favour B, 0 tied -- two-sided p = 6.1e-05
   separation (a FACT, not the verdict): the two arms' sample ranges OVERLAP
PAIRED||cv::cuda BFMatcher, CV_8U + ratio pass|binCV matchDescriptors|0.047616|0.060672|0.149501|0.009830|0.011213|0.055091|0.088242|0.216190|0.563549|0.237944|15|0|15|0|4.625571|6.386434|6.104e-05|0|0|1|1.774467|11.332519
   verdict: DIRECTION ESTABLISHED
            ARM B is faster in 15 of 15 paired rounds -- NO ROUND CROSSED 1.00x, so the
            direction is established by the rounds themselves (two-sided sign-test
            p = 6.1e-05). Magnitude 1.77x to 11.33x, median 4.63x: the spread bounds
            HOW MUCH it wins by, not WHETHER it does (owner's ruling, 2026-09-19).
            NULL on the magnitude: the two arms are 4.63x apart on the MEDIAN per-round ratio,
            short of the 6.39x it has to beat (the larger of: per-round swing 6.39x,
            run-to-run scatter NOT MEASURED on this host). Decided by measure_util.hpp's
            difference-against-spread rule, in FACTORS because a percentage of it
            depends on which arm is the denominator; range separation is not what
            decided it.
 cv::cuda BFMatcher, CV_32S + ratio pass          0.047 ms  spread  190%  [kernel]
 binCV matchDescriptors                           0.011 ms  spread  307%  [kernel]
   ratio B/A, per-round paired:  median  0.22x <- QUOTE THIS   geomean  0.22x   range 0.09-0.37x  (15 rounds)
   sign test over those paired rounds: 0 favour A, 15 favour B, 0 tied -- two-sided p = 6.1e-05
   separation (a FACT, not the verdict): the two arms' sample ranges are DISJOINT
PAIRED||cv::cuda BFMatcher, CV_32S + ratio pass|binCV matchDescriptors|0.046378|0.047096|0.136090|0.009933|0.011110|0.044083|0.088136|0.216009|0.367127|0.216836|15|0|15|0|4.629442|4.165484|6.104e-05|1|0|1|2.723850|11.346154
   verdict: DIRECTION ESTABLISHED, and A RESULT
            ARM B is faster in 15 of 15 paired rounds -- NO ROUND CROSSED 1.00x, so the
            direction is established by the rounds themselves (two-sided sign-test
            p = 6.1e-05). Magnitude 2.72x to 11.35x, median 4.63x: the spread bounds
            HOW MUCH it wins by, not WHETHER it does (owner's ruling, 2026-09-19).
            A RESULT: the two arms are 4.63x apart on the MEDIAN per-round ratio,
            clearing the 4.17x it has to beat (the larger of: per-round swing 4.17x,
            run-to-run scatter NOT MEASURED on this host). Decided by measure_util.hpp's
            difference-against-spread rule, in FACTORS because a percentage of it
            depends on which arm is the denominator; range separation is not what
            decided it.
            That clears the WITHIN-RUN half of the rule only -- nobody has measured
            this host's run-to-run scatter, and the rule wants the larger of the two.
   CV_8U / CV_32S on OpenCV's own side: 1.29x -- the instruction
   ratio the byte-wise HammingDist costs a caller who hands it
   what cv::cuda::ORB produces.

  5000 x 5000 descriptors, 256-bit:
 cv::cuda BFMatcher, CV_8U + ratio pass           2.250 ms  spread   15%  [kernel]
 binCV matchDescriptors                           0.211 ms  spread   67%  [kernel]
   ratio B/A, per-round paired:  median  0.10x <- QUOTE THIS   geomean  0.10x   range 0.08-0.15x  (15 rounds)
   sign test over those paired rounds: 0 favour A, 15 favour B, 0 tied -- two-sided p = 6.1e-05
   separation (a FACT, not the verdict): the two arms' sample ranges are DISJOINT
PAIRED||cv::cuda BFMatcher, CV_8U + ratio pass|binCV matchDescriptors|2.171221|2.250069|2.510165|0.208896|0.210944|0.350496|0.084036|0.095302|0.152047|0.101449|15|0|15|0|10.492915|1.809308|6.104e-05|1|0|1|6.576922|11.899677
   verdict: DIRECTION ESTABLISHED, and A RESULT
            ARM B is faster in 15 of 15 paired rounds -- NO ROUND CROSSED 1.00x, so the
            direction is established by the rounds themselves (two-sided sign-test
            p = 6.1e-05). Magnitude 6.58x to 11.90x, median 10.49x: the spread bounds
            HOW MUCH it wins by, not WHETHER it does (owner's ruling, 2026-09-19).
            A RESULT: the two arms are 10.49x apart on the MEDIAN per-round ratio,
            clearing the 1.81x it has to beat (the larger of: per-round swing 1.81x,
            run-to-run scatter NOT MEASURED on this host). Decided by measure_util.hpp's
            difference-against-spread rule, in FACTORS because a percentage of it
            depends on which arm is the denominator; range separation is not what
            decided it.
            That clears the WITHIN-RUN half of the rule only -- nobody has measured
            this host's run-to-run scatter, and the rule wants the larger of the two.
 cv::cuda BFMatcher, CV_32S + ratio pass          2.188 ms  spread  101%  [kernel]
 binCV matchDescriptors                           0.224 ms  spread  370%  [kernel]
   ratio B/A, per-round paired:  median  0.10x <- QUOTE THIS   geomean  0.11x   range 0.05-0.45x  (15 rounds)
   sign test over those paired rounds: 0 favour A, 15 favour B, 0 tied -- two-sided p = 6.1e-05
   separation (a FACT, not the verdict): the two arms' sample ranges are DISJOINT
PAIRED||cv::cuda BFMatcher, CV_32S + ratio pass|binCV matchDescriptors|2.139819|2.188213|4.342101|0.209237|0.224256|1.039360|0.049112|0.098838|0.453530|0.113203|15|0|15|0|10.117552|9.234661|6.104e-05|1|0|1|2.204926|20.361746
   verdict: DIRECTION ESTABLISHED, and A RESULT
            ARM B is faster in 15 of 15 paired rounds -- NO ROUND CROSSED 1.00x, so the
            direction is established by the rounds themselves (two-sided sign-test
            p = 6.1e-05). Magnitude 2.20x to 20.36x, median 10.12x: the spread bounds
            HOW MUCH it wins by, not WHETHER it does (owner's ruling, 2026-09-19).
            A RESULT: the two arms are 10.12x apart on the MEDIAN per-round ratio,
            clearing the 9.23x it has to beat (the larger of: per-round swing 9.23x,
            run-to-run scatter NOT MEASURED on this host). Decided by measure_util.hpp's
            difference-against-spread rule, in FACTORS because a percentage of it
            depends on which arm is the denominator; range separation is not what
            decided it.
            That clears the WITHIN-RUN half of the rule only -- nobody has measured
            this host's run-to-run scatter, and the rule wants the larger of the two.
   CV_8U / CV_32S on OpenCV's own side: 1.03x -- the instruction
   ratio the byte-wise HammingDist costs a caller who hands it
   what cv::cuda::ORB produces.

 MEMORY, CASE A, meter 2 on BOTH sides, 256 replicas of the 470 x 470
 working set -- an order more than elsewhere, because one set is ~37 KB
 and 32 of them would not clear one 2 MB driver unit.
   [meter 2: cudaMemGetInfo] binCV ungated, per working set        0.03 MB
   [meter 2: its own STEP  ] this driver reserves in 2.00 MB units,
                             measured right here by allocating one byte at a
                             time until the reading moved.
                             This working set fits inside ONE unit, so the
                             reading above is the meter's RESOLUTION and not
                             a footprint: the identical arrays read 0.00 MB
                             or 2.00 MB depending only on how much of the
                             current unit the previous allocation left over.
                             Meter 1 is what measures this working set.
                             Never divide one meter by the other.
   [meter 2: cudaMemGetInfo] cv::cuda BFMatcher, per working set      0.50 MB
   [meter 2: its own STEP  ] this driver reserves in 2.00 MB units,
                             measured right here by allocating one byte at a
                             time until the reading moved.
                             This working set fits inside ONE unit, so the
                             reading above is the meter's RESOLUTION and not
                             a footprint: the identical arrays read 0.00 MB
                             or 2.00 MB depending only on how much of the
                             current unit the previous allocation left over.
                             Meter 1 is what measures this working set.
                             Never divide one meter by the other.
   OpenCV's reading is an UPPER bound: GpuMat may pool, and the
   metered scope includes one knnMatchAsync so the match buffer it
   creates is counted -- as binCV's record array is.
   THE GAP IS THE ROW PITCH, and that part is arithmetic rather than
   allocator behaviour: a 256-bit descriptor is a 32-BYTE ROW, and
   GpuMat pitches a row to a 512-byte multiple, so OpenCV's two
   descriptor matrices carry ~16x their own data. A packed device
   array does not. The design this family came from computed both
   sides UNPITCHED and predicted a wash; the measurement says
   otherwise, and the prediction is what was wrong.
   [meter 1: allocation sum ] binCV descriptors + records (meter 1)      36.7 KB
---------------------------------------------------------------------------
 CASE B -- is the gate still the right answer on device?
---------------------------------------------------------------------------

 Admitted fraction at window 48 px, octave band 1, on these
 keypoints: 1.45% of 220900 candidate pairs. That is the only work the
 gate can save, and it is the number the speed side of this case is
 a test of.
 device brute force, 470x470                      0.012 ms  spread  580%  [kernel]
 device GATED (48 px, octave band 1)              0.014 ms  spread  338%  [kernel]
   ratio B/A, per-round paired:  median  1.12x <- QUOTE THIS   geomean  1.08x   range 0.34-5.41x  (15 rounds)
   sign test over those paired rounds: 10 favour A, 5 favour B, 0 tied -- two-sided p = 0.302
   separation (a FACT, not the verdict): the two arms' sample ranges OVERLAP
PAIRED||device brute force, 470x470|device GATED (48 px, octave band 1)|0.008755|0.011715|0.076698|0.011763|0.014387|0.060416|0.343792|1.119028|5.412844|1.076601|15|10|5|0|1.119028|15.744544|0.3018|0|0|0|0.000000|0.000000
   verdict: NULL RESULT, which is a result
            NULL on the magnitude: the two arms are 1.12x apart on the MEDIAN per-round ratio,
            short of the 15.74x it has to beat (the larger of: per-round swing 15.74x,
            run-to-run scatter NOT MEASURED on this host). Decided by measure_util.hpp's
            difference-against-spread rule, in FACTORS because a percentage of it
            depends on which arm is the denominator; range separation is not what
            decided it.

 The same two on the HOST, same inputs, same ratio:
 host brute force                                 0.553 ms  spread   15%  [host clock]
 host GATED (48 px, octave band 1)                0.579 ms  spread    7%  [host clock]
   host gated / host brute: 1.05x. The host numbers are INDICATIVE:
   this x86 host is not timing-grade under WSL2 and the spread says so.
   They are here because the gate exists to save work a CPU pays for,
   and that is the comparison the device one has to be read against.

 MEMORY, arithmetic and not a measurement: the gated arm carries
   queryXY + trainXY = 7520 B and the two octave arrays = 3760 B that the
   ungated arm does not. Under 'memory wins' that counts against the
   gate on device.
---------------------------------------------------------------------------
 CASE C -- sparse rectified stereo, against binCV's own dense device
 path (0.39 ms / 442 KB, docs/reports/cuda.md). No cv::cuda sparse
 stereo API exists to compare against.
---------------------------------------------------------------------------

 reference arm -- coarse descriptor search        0.059 ms  spread   67%  [kernel]
 fast arm      -- coarse descriptor search        0.009 ms  spread  459%  [kernel]
   ratio B/A, per-round paired:  median  0.14x <- QUOTE THIS   geomean  0.15x   range 0.08-0.79x  (15 rounds)
   sign test over those paired rounds: 0 favour A, 15 favour B, 0 tied -- two-sided p = 6.1e-05
   separation (a FACT, not the verdict): the two arms' sample ranges are DISJOINT
PAIRED||reference arm -- coarse descriptor search|fast arm      -- coarse descriptor search|0.058010|0.058522|0.096973|0.007014|0.008594|0.046438|0.077627|0.140652|0.793526|0.149765|15|0|15|0|7.109756|10.222256|6.104e-05|1|0|1|1.260198|12.882071
   verdict: DIRECTION ESTABLISHED
            ARM B is faster in 15 of 15 paired rounds -- NO ROUND CROSSED 1.00x, so the
            direction is established by the rounds themselves (two-sided sign-test
            p = 6.1e-05). Magnitude 1.26x to 12.88x, median 7.11x: the spread bounds
            HOW MUCH it wins by, not WHETHER it does (owner's ruling, 2026-09-19).
            NULL on the magnitude: the two arms are 7.11x apart on the MEDIAN per-round ratio,
            short of the 10.22x it has to beat (the larger of: per-round swing 10.22x,
            run-to-run scatter NOT MEASURED on this host). Decided by measure_util.hpp's
            difference-against-spread rule, in FACTORS because a percentage of it
            depends on which arm is the denominator; range separation is not what
            decided it.

 reference arm -- window refinement               0.085 ms  spread   61%  [kernel]
 fast arm      -- window refinement               0.011 ms  spread   84%  [kernel]
   ratio B/A, per-round paired:  median  0.12x <- QUOTE THIS   geomean  0.12x   range 0.07-0.18x  (15 rounds)
   sign test over those paired rounds: 0 favour A, 15 favour B, 0 tied -- two-sided p = 6.1e-05
   separation (a FACT, not the verdict): the two arms' sample ranges are DISJOINT
PAIRED||reference arm -- window refinement|fast arm      -- window refinement|0.083813|0.085248|0.135987|0.009510|0.011059|0.018842|0.073289|0.122188|0.183358|0.118688|15|0|15|0|8.184079|2.501844|6.104e-05|1|0|1|5.453804|13.644565
   verdict: DIRECTION ESTABLISHED, and A RESULT
            ARM B is faster in 15 of 15 paired rounds -- NO ROUND CROSSED 1.00x, so the
            direction is established by the rounds themselves (two-sided sign-test
            p = 6.1e-05). Magnitude 5.45x to 13.64x, median 8.18x: the spread bounds
            HOW MUCH it wins by, not WHETHER it does (owner's ruling, 2026-09-19).
            A RESULT: the two arms are 8.18x apart on the MEDIAN per-round ratio,
            clearing the 2.50x it has to beat (the larger of: per-round swing 2.50x,
            run-to-run scatter NOT MEASURED on this host). Decided by measure_util.hpp's
            difference-against-spread rule, in FACTORS because a percentage of it
            depends on which arm is the denominator; range separation is not what
            decided it.
            That clears the WITHIN-RUN half of the rule only -- nobody has measured
            this host's run-to-run scatter, and the rule wants the larger of the two.

 reference arm -- BOTH STAGES (what a caller runs)     0.171 ms  spread   35%  [kernel]
 fast arm      -- BOTH STAGES (what a caller runs)     0.020 ms  spread  174%  [kernel]
   ratio B/A, per-round paired:  median  0.12x <- QUOTE THIS   geomean  0.14x   range 0.09-0.34x  (15 rounds)
   sign test over those paired rounds: 0 favour A, 15 favour B, 0 tied -- two-sided p = 6.1e-05
   separation (a FACT, not the verdict): the two arms' sample ranges are DISJOINT
PAIRED||reference arm -- BOTH STAGES (what a caller runs)|fast arm      -- BOTH STAGES (what a caller runs)|0.151603|0.170598|0.211866|0.016939|0.019814|0.051456|0.087850|0.118541|0.339312|0.142951|15|0|15|0|8.435897|3.862395|6.104e-05|1|0|1|2.947139|11.383017
   verdict: DIRECTION ESTABLISHED, and A RESULT
            ARM B is faster in 15 of 15 paired rounds -- NO ROUND CROSSED 1.00x, so the
            direction is established by the rounds themselves (two-sided sign-test
            p = 6.1e-05). Magnitude 2.95x to 11.38x, median 8.44x: the spread bounds
            HOW MUCH it wins by, not WHETHER it does (owner's ruling, 2026-09-19).
            A RESULT: the two arms are 8.44x apart on the MEDIAN per-round ratio,
            clearing the 3.86x it has to beat (the larger of: per-round swing 3.86x,
            run-to-run scatter NOT MEASURED on this host). Decided by measure_util.hpp's
            difference-against-spread rule, in FACTORS because a percentage of it
            depends on which arm is the denominator; range separation is not what
            decided it.
            That clears the WITHIN-RUN half of the rule only -- nobody has measured
            this host's run-to-run scatter, and the rule wants the larger of the two.
   CASE C's ship condition is on this line: below 0.39 ms is a
   pass on speed against dense-then-index.

 CASE E -- refinement's gate-excluded control: a 41x41 window with
 refineRadius 8, which windowSpanFits rejects. MUST read ~1.00x.
 switch OFF, 41x41 window                         0.718 ms  spread   19%  [kernel]
 switch ON, 41x41 window                          0.714 ms  spread   19%  [kernel]
   ratio B/A, per-round paired:  median  0.99x <- QUOTE THIS   geomean  0.98x   range 0.88-1.13x  (15 rounds)
   sign test over those paired rounds: 6 favour A, 9 favour B, 0 tied -- two-sided p = 0.607
   separation (a FACT, not the verdict): the two arms' sample ranges OVERLAP
PAIRED||switch OFF, 41x41 window|switch ON, 41x41 window|0.677274|0.718224|0.816333|0.660070|0.714240|0.796234|0.877795|0.990318|1.130849|0.981003|15|6|9|0|1.009776|1.288284|0.6072|0|0|0|0.000000|0.000000
   verdict: ~1.00x as required -- the switch selects nothing here, which is what the gate promises

 ACCURACY, published beside the numbers and NOT decided on:
   500 of 500 keypoints matched; mean |disparity - 21| = 0.0145 px,
   worst 0.0556 px, against a pair whose true disparity is exactly 21.
   500 landed within half a pixel; 0 landed at the SCAN'S EDGE
   (|error| >= refineRadius = 4).
   THE EDGE COUNT IS THE INTERESTING NUMBER AND IT IS NOT A DEVICE
   RESULT: the suite holds this kernel bit-exact against the host,
   so whatever it does here the host does too. It is a property of a
   ONE-BIT window refinement -- the frames are packed by a single
   threshold, and where the local binary window is uniform EVERY
   disparity scores zero, so the tie rule takes the smallest and the
   result pins to the scan's low edge. A FAST corner in the wide
   image is not a corner in the thresholded one. Reported rather
   than tuned away: the fix is a richer packing (the N-bit or census
   path), not a change to this kernel.
   The dense path this is measured against returns an INTEGER map,
   so the sub-pixel output is the reason to run the sparse arm at
   all. What residual would make it not worth running is STOP AND
   ASK 2.

 MEMORY, CASE C. binCV against binCV, so METER 1 (allocation sum):
   [meter 1: allocation sum ] sparse: two planes + points + descriptors + records     136.9 KB
   [meter 1: allocation sum ] dense-then-index (recorded, cuda.md)     442.0 KB
   ratio 3.23x in the sparse arm's favour. Both are allocation sums
   of binCV's own arrays, which is the one comparison meter 1 is for;
   nothing here is divided by a driver reading.
   Scratch: NONE. Both stereo stages reduce in registers and warp
   shuffles, which is this backend's spelling of the host's
   running-minimum rule.
---------------------------------------------------------------------------
 CASE D -- block matching (route a) against cv::cuda::SparsePyrLKOpticalFlow.
 ROLE ONLY: route (b)'s algorithm on bytes against route (a)'s on bits.
---------------------------------------------------------------------------

 reference arm (thread per keypoint, one launch)     3.055 ms  spread   16%  [kernel]
 fast arm (warp per keypoint, one launch per level)     0.070 ms  spread 1101%  [kernel]
   ratio B/A, per-round paired:  median  0.02x <- QUOTE THIS   geomean  0.03x   range 0.02-0.29x  (15 rounds)
   sign test over those paired rounds: 0 favour A, 15 favour B, 0 tied -- two-sided p = 6.1e-05
   separation (a FACT, not the verdict): the two arms' sample ranges are DISJOINT
PAIRED||reference arm (thread per keypoint, one launch)|fast arm (warp per keypoint, one launch per level)|2.849451|3.055179|3.351093|0.052736|0.070349|0.827392|0.017206|0.022402|0.288365|0.027928|15|0|15|0|44.638526|16.759512|6.104e-05|1|0|1|3.467822|58.119003
   verdict: DIRECTION ESTABLISHED, and A RESULT
            ARM B is faster in 15 of 15 paired rounds -- NO ROUND CROSSED 1.00x, so the
            direction is established by the rounds themselves (two-sided sign-test
            p = 6.1e-05). Magnitude 3.47x to 58.12x, median 44.64x: the spread bounds
            HOW MUCH it wins by, not WHETHER it does (owner's ruling, 2026-09-19).
            A RESULT: the two arms are 44.64x apart on the MEDIAN per-round ratio,
            clearing the 16.76x it has to beat (the larger of: per-round swing 16.76x,
            run-to-run scatter NOT MEASURED on this host). Decided by measure_util.hpp's
            difference-against-spread rule, in FACTORS because a percentage of it
            depends on which arm is the denominator; range separation is not what
            decided it.
            That clears the WITHIN-RUN half of the rule only -- nobody has measured
            this host's run-to-run scatter, and the rule wants the larger of the two.

 CASE E -- block matching's gate-excluded control: a 48x48 window,
 which windowSpanFits rejects. MUST read ~1.00x.
 switch OFF, 48x48 window                         6.000 ms  spread    4%  [kernel]
 switch ON, 48x48 window                          6.001 ms  spread    9%  [kernel]
   ratio B/A, per-round paired:  median  1.01x <- QUOTE THIS   geomean  1.00x   range 0.95-1.07x  (15 rounds)
   sign test over those paired rounds: 8 favour A, 7 favour B, 0 tied -- two-sided p = 1
   separation (a FACT, not the verdict): the two arms' sample ranges OVERLAP
PAIRED||switch OFF, 48x48 window|switch ON, 48x48 window|5.894432|5.999957|6.133771|5.789931|6.000640|6.343562|0.954137|1.010822|1.065634|0.996399|15|8|7|0|1.010822|1.116856|1|0|0|0|0.000000|0.000000
   verdict: ~1.00x as required -- the switch selects nothing here, which is what the gate promises

 MEMORY, CASE D.
   [meter 1: allocation sum ] binCV: two binary pyramids + pts + scratch     135.6 KB
   [meter 1: allocation sum ] LK: two 8-bit pyramids + pts + status + err (computed)     948.0 KB
   COMPUTED ratio 6.99x. This is the number the ship condition is
   about: the MEASURED cudaMemGetInfo ratio below has to reproduce it
   within the meter's step, or the footprint claim does not rest on
   the format and THAT is the finding.
   The computed LK figure is a LOWER bound (GpuMat is pitched) and the
   measured one is an UPPER bound (GpuMat may pool): the two caveats
   push opposite ways and both are stated.

 cv::cuda::SparsePyrLKOpticalFlow (31x31, 3 levels)     0.563 ms  spread  185%  [kernel]
 binCV block match (31x31, 4 levels, R=2)         0.080 ms  spread  167%  [kernel]
   ratio B/A, per-round paired:  median  0.12x <- QUOTE THIS   geomean  0.14x   range 0.09-0.37x  (15 rounds)
   sign test over those paired rounds: 0 favour A, 15 favour B, 0 tied -- two-sided p = 6.1e-05
   separation (a FACT, not the verdict): the two arms' sample ranges are DISJOINT
PAIRED||cv::cuda::SparsePyrLKOpticalFlow (31x31, 3 levels)|binCV block match (31x31, 4 levels, R=2)|0.488107|0.562517|1.530197|0.053658|0.079770|0.186675|0.085288|0.121994|0.369001|0.139499|15|0|15|0|8.197111|4.326519|6.104e-05|1|0|1|2.710017|11.724942
   verdict: DIRECTION ESTABLISHED, and A RESULT
            ARM B is faster in 15 of 15 paired rounds -- NO ROUND CROSSED 1.00x, so the
            direction is established by the rounds themselves (two-sided sign-test
            p = 6.1e-05). Magnitude 2.71x to 11.72x, median 8.20x: the spread bounds
            HOW MUCH it wins by, not WHETHER it does (owner's ruling, 2026-09-19).
            A RESULT: the two arms are 8.20x apart on the MEDIAN per-round ratio,
            clearing the 4.33x it has to beat (the larger of: per-round swing 4.33x,
            run-to-run scatter NOT MEASURED on this host). Decided by measure_util.hpp's
            difference-against-spread rule, in FACTORS because a percentage of it
            depends on which arm is the denominator; range separation is not what
            decided it.
            That clears the WITHIN-RUN half of the rule only -- nobody has measured
            this host's run-to-run scatter, and the rule wants the larger of the two.
   TRACKING YIELD, published and never omitted: cv::cuda LK reports
   479 of 500 tracked; binCV route (a) reports 500. These are
   DIFFERENT ALGORITHMS and a status byte is not an accuracy
   measurement -- route (a)'s derived integer floor is 0.2887 px per
   axis with sub-pixel off. The floor that would decide Case D is
   STOP AND ASK 1 and is not filled in here.
   [meter 2: cudaMemGetInfo] binCV working set, per replica        0.19 MB
   [meter 2: its own STEP  ] this driver reserves in 2.00 MB units,
                             measured right here by allocating one byte at a
                             time until the reading moved.
                             This working set fits inside ONE unit, so the
                             reading above is the meter's RESOLUTION and not
                             a footprint: the identical arrays read 0.00 MB
                             or 2.00 MB depending only on how much of the
                             current unit the previous allocation left over.
                             Meter 1 is what measures this working set.
                             Never divide one meter by the other.
   [meter 2: cudaMemGetInfo] cv::cuda LK working set, per replica      1.38 MB
   [meter 2: its own STEP  ] this driver reserves in 2.00 MB units,
                             measured right here by allocating one byte at a
                             time until the reading moved.
                             This working set fits inside ONE unit, so the
                             reading above is the meter's RESOLUTION and not
                             a footprint: the identical arrays read 0.00 MB
                             or 2.00 MB depending only on how much of the
                             current unit the previous allocation left over.
                             Meter 1 is what measures this working set.
                             Never divide one meter by the other.
   MEASURED ratio 7.33x against a COMPUTED 6.99x. The ship
   condition is that these agree within the meter's step; if they
   do not, the footprint claim does not rest on the format.
---------------------------------------------------------------------------
 READ THE SPREADS. Every number here is KERNEL-RESIDENT and covers ONE
 launch (block matching: one launch per level). A microbenchmark ratio is
 not an end-to-end result, and no arm here is a share of any pipeline,
 because no resident device pipeline calls these kernels yet.
---------------------------------------------------------------------------
### run 4
===========================================================================
 SPARSE STEREO, BLOCK MATCHING AND DESCRIPTOR MATCHING -- device arms
===========================================================================
 device: NVIDIA GeForce RTX 3070 Ti (sm_86, 48 SMs, 608 GB/s peak)
 OpenCV 4.5.4 -- cv::cuda role arms COMPILED IN
===========================================================================
 THE DECISION RULE, WRITTEN BEFORE ANY OF THE NUMBERS BELOW WERE TAKEN
===========================================================================
 Per case, because there is no project-wide bar and inventing one is
 forbidden. Where a threshold is a judgement nobody has made it is a
 STOP AND ASK and is left empty rather than filled in.

 THE ONE MAGNITUDE EVERY CASE SHARES, and where it comes from: a difference
 smaller than the larger of the two arms' printed sample RANGES is not a
 difference. That is derived from the measurement's own noise rather than
 chosen -- every pair below goes through timeKernelPaired, which brackets
 both arms inside every round and alternates their order, and prints whether
 the two ranges are disjoint.

 METRICS: (1) kernel-resident median with its spread, both sides of every
 pair on ONE EXPLICIT STREAM; (2) device working set -- allocation sum for
 binCV against binCV, cudaMemGetInfo delta over 32 replicas for anything
 crossing to OpenCV; (3) accuracy, PUBLISHED but not decided on for the two
 ops whose output differs from their bar. Code size and portability decide
 nothing here.

 CASE A -- the brute-force matcher against cv::cuda's BFMatcher.
   Arms: binCV's tiled matcher; knnMatchAsync(k=2) on CV_8U descriptors (what
   cv::cuda::ORB emits, and the path whose HammingDist::reduceIter issues one
   __popc per BYTE -- 32 per 256-bit descriptor); and knnMatchAsync on CV_32S
   over the IDENTICAL bytes, where matchHamming_gpu<int> issues eight. The
   CV_32S arm is the BAR, because the bar is the best existing option, not
   the worst; CV_8U is reported beside it as what the default path costs.
   TIMED REGION: knnMatchAsync plus a committed device-side ratio kernel on
   the same stream. knnMatchConvert is a HOST download and is OUTSIDE the
   event window on every arm -- timing it would compare binCV's resident
   kernel against an OpenCV round trip.
   DECIDES AT 5000 x 5000. The pipeline point 470 x 470 is reported and does
   NOT decide, because both arms are predicted to sit on the launch floor
   there -- which is why the floor is printed next to every arm.
   SHIPS as the recommended device arm if, at map scale, binCV is not slower
   than the CV_32S arm by more than the larger printed range AND its working
   set is not larger. Otherwise it does not ship as a recommendation: the two
   working sets are the same arrays, so no memory-side argument is available
   in either direction.
   PREDICTION: binCV ~= CV_32S within the spread; ~4x ahead of CV_8U; memory
   a wash.

 CASE B -- is the gate still the right answer on device? (issue #61's own
 question). Four arms on identical inputs: device brute force, device gated,
 host brute force, host gated. TWO-SIDED:
   * SPEED: the gate's speed rationale survives only if the device gated arm
     beats the device brute-force arm by more than both printed ranges at the
     pipeline point. PREDICTION: it does not -- the whole match there is a
     launch's worth of work.
   * MEMORY: arithmetic, not a measurement. The gated arm carries two
     position arrays (and two octave arrays) the ungated one does not. Under
     'memory wins' that counts AGAINST the gate on device, and this rule says
     so before the numbers arrive.
   * ACCURACY: untouched by the device and not re-measured here. The device
     computes the same admitted set bit for bit; the suite pins it.
   EXPECTED FINDING, pre-registered: on device the gate is an ACCURACY
   feature and not a speed feature. If the measurement contradicts this it is
   reported as a finding, not smoothed.
   WHAT IT COVERS: a kernel-resident microbenchmark. The number that would
   decide ADOPTION is the match stage's share of an end-to-end pipeline; no
   committed report records it and no resident device pipeline calls these
   kernels. That is a deferral, not a number to invent.

 CASE C -- sparse stereo. cv::cuda has NO sparse stereo API (cudastereo's
 four entries are all dense), so ruling R2 would make the speed verdict
 OUTSTANDING -- but a stronger bar exists and is used instead, because the
 bar is the best existing option a caller actually has: binCV's own device
 denseDisparityBinary on the same frame, then index the map at the keypoints,
 recorded in docs/reports/cuda.md at 0.39 ms and 442 KB.
   SHIPS as the recommended keypoint-shaped stereo path if coarse + refine
   together are below 0.39 ms AND the working set is below 442 KB. Both are
   recorded measurements from this repo, not judgements. If sparse is not
   faster, that is the finding and the recommendation becomes 'run the dense
   kernel and index it'.
   ACCURACY published beside the number and not decided on: the sub-pixel
   residual against a pair of KNOWN disparity.

 CASE D -- block matching against cv::cuda::SparsePyrLKOpticalFlow. ROLE
 ONLY: route (b)'s algorithm on bytes against route (a)'s on bits, and
 correctness is settled against the HOST binCV kernel, never against OpenCV.
   (i) FOOTPRINT, derived and falsifiable, with no threshold to choose: two
       binary pyramids are exactly 1/8 the bytes of two 8-bit ones, and the
       points, the status bytes and the scratch are added to give a COMPUTED
       ratio. The condition is that the MEASURED cudaMemGetInfo ratio
       reproduces the computed one within the meter's own measured step. If
       it does not, the footprint claim does not rest on the format and that
       is the finding. (A '4x' bar was proposed for this case and is DELETED:
       8x is derived from bits per byte, the word 'half' came from nobody.)
   (ii) SPEED: not slower by more than the larger printed range.
   (iii) ACCURACY: reported, never decided on here -- the magnitude is a
       judgement nobody has made. Case D produces numbers and a
       recommendation, not a ship.

 CASE E -- the fast-arm gate check, with the excluding input NAMED per op, so
 the ~1.00x control is runnable rather than asserted:
   * the matchers and the coarse stereo stage: a descriptor wider than
     impl::kMatchTileMaxWords words, which the shared-memory staging refuses;
   * stereo refinement and block matching: a window impl::windowSpanFits
     rejects.
 Anything other than ~1.00x there means the switch is not switching.

 STOP AND ASK -- thresholds nobody has set, left empty on purpose:
   1. CASE D's accuracy floor: how much tracking yield may route (a) give up
      against cv::cuda LK and still be worth recommending? Case D is
      ship-blocked on it.
   2. CASE C's sub-pixel residual floor: the residual is published; what
      residual would make the sparse arm not worth running is unset.
   3. CASE A's fallback: if binCV lands slower than the CV_32S arm, does the
      op ship for residency's sake with the gap documented, or is 'cv::cuda's
      matcher is the better option for a caller who already has OpenCV' the
      honest answer? The census entry was rescued by a memory argument; this
      one has none.
===========================================================================

 LAUNCH FLOOR (empty kernel, same protocol)      0.0117 ms  spread  147%  [kernel]
   Every kernel-resident number below sits on top of this. An arm within
   a few multiples of it is reporting launch overhead, not its own work,
   and a RATIO between two such arms is reporting almost none of either.
   The spread is part of the answer, not a blemish on it: under WSL2 a
   launch costs what it costs plus whatever the host was doing.

 Driver meter step, measured in this run: 2.00 MB. Every CROSS-LIBRARY
 memory reading below is taken over 32 working sets for that reason;
 binCV-against-binCV figures use the allocation sum instead.

 FRAMES: synthetic (no frame directory given)
   *** SYNTHETIC. Corner density and the spatial distribution of
   *** keypoints drive CASE B's admitted fraction, and a synthetic
   *** frame answers a different question. Pass a EuRoC frame
   *** directory as argv[1] for the numbers that decide.
 FAST thresholds used to reach the two counts: 40 / 40 at 470, 40 / 40 at 5000

---------------------------------------------------------------------------
 CASE A -- descriptor matching. binCV's two arms first, then the bar.
 ORIENTATION: every paired ratio below is B/A. Arm A is the arm being
 compared against (the reference arm, or OpenCV); arm B is the one being
 priced. Under 1.00x means B is ahead.
---------------------------------------------------------------------------

 TILE WIDTH SWEEP (queries a block owns; the train set streams once
 for all of them). MEASURED, not inherited -- and measured at BOTH
 scales, because a wider tile trades blocks for reuse and the two
 points can disagree about which way that goes.
   at 470 x 470:
 binCV tiled, tile = 1                            0.012 ms  spread   79%  [kernel]  AT THE LAUNCH FLOOR
 binCV tiled, tile = 4                            0.010 ms  spread  642%  [kernel]  AT THE LAUNCH FLOOR
 binCV tiled, tile = 8                            0.040 ms  spread  141%  [kernel]  (launch floor 30% of it)
   at 5000 x 5000:
 binCV tiled, tile = 1                            0.706 ms  spread   39%  [kernel]  (launch floor 2% of it)
 binCV tiled, tile = 4                            0.247 ms  spread   88%  [kernel]  (launch floor 5% of it)
 binCV tiled, tile = 8                            0.212 ms  spread   74%  [kernel]  (launch floor 6% of it)
   The shipped default is tile = 8, and the lines above are why.

 THE OFF-SWITCH RATIO, both arms in this binary on the same inputs.
 reference arm (thread per query), 470x470        0.189 ms  spread   33%  [kernel]
 tiled arm, 470x470                               0.016 ms  spread  209%  [kernel]
   ratio B/A, per-round paired:  median  0.08x <- QUOTE THIS   geomean  0.10x   range 0.05-0.23x  (15 rounds)
   sign test over those paired rounds: 0 favour A, 15 favour B, 0 tied -- two-sided p = 6.1e-05
   separation (a FACT, not the verdict): the two arms' sample ranges are DISJOINT
PAIRED||reference arm (thread per query), 470x470|tiled arm, 470x470|0.159744|0.189440|0.223181|0.009763|0.015872|0.042957|0.054096|0.077346|0.226550|0.097414|15|0|15|0|12.928931|4.187939|6.104e-05|1|0|1|4.414043|18.485743
   verdict: DIRECTION ESTABLISHED, and A RESULT
            ARM B is faster in 15 of 15 paired rounds -- NO ROUND CROSSED 1.00x, so the
            direction is established by the rounds themselves (two-sided sign-test
            p = 6.1e-05). Magnitude 4.41x to 18.49x, median 12.93x: the spread bounds
            HOW MUCH it wins by, not WHETHER it does (owner's ruling, 2026-09-19).
            A RESULT: the two arms are 12.93x apart on the MEDIAN per-round ratio,
            clearing the 4.19x it has to beat (the larger of: per-round swing 4.19x,
            run-to-run scatter NOT MEASURED on this host). Decided by measure_util.hpp's
            difference-against-spread rule, in FACTORS because a percentage of it
            depends on which arm is the denominator; range separation is not what
            decided it.
            That clears the WITHIN-RUN half of the rule only -- nobody has measured
            this host's run-to-run scatter, and the rule wants the larger of the two.
 reference arm (thread per query), 5000x5000      2.058 ms  spread   13%  [kernel]
 tiled arm, 5000x5000                             0.213 ms  spread  144%  [kernel]
   ratio B/A, per-round paired:  median  0.11x <- QUOTE THIS   geomean  0.12x   range 0.10-0.24x  (15 rounds)
   sign test over those paired rounds: 0 favour A, 15 favour B, 0 tied -- two-sided p = 6.1e-05
   separation (a FACT, not the verdict): the two arms' sample ranges are DISJOINT
PAIRED||reference arm (thread per query), 5000x5000|tiled arm, 5000x5000|1.906005|2.057899|2.163712|0.208555|0.212651|0.515413|0.097285|0.105754|0.244574|0.115387|15|0|15|0|9.455943|2.514004|6.104e-05|1|0|1|4.088742|10.279112
   verdict: DIRECTION ESTABLISHED, and A RESULT
            ARM B is faster in 15 of 15 paired rounds -- NO ROUND CROSSED 1.00x, so the
            direction is established by the rounds themselves (two-sided sign-test
            p = 6.1e-05). Magnitude 4.09x to 10.28x, median 9.46x: the spread bounds
            HOW MUCH it wins by, not WHETHER it does (owner's ruling, 2026-09-19).
            A RESULT: the two arms are 9.46x apart on the MEDIAN per-round ratio,
            clearing the 2.51x it has to beat (the larger of: per-round swing 2.51x,
            run-to-run scatter NOT MEASURED on this host). Decided by measure_util.hpp's
            difference-against-spread rule, in FACTORS because a percentage of it
            depends on which arm is the denominator; range separation is not what
            decided it.
            That clears the WITHIN-RUN half of the rule only -- nobody has measured
            this host's run-to-run scatter, and the rule wants the larger of the two.

 CASE E -- the matcher's gate-excluded control: a 544-bit descriptor,
 which the shared-memory staging refuses. Both switch positions run the
 reference kernel, so this MUST read ~1.00x.
 switch OFF, 544-bit descriptor                   0.372 ms  spread   20%  [kernel]
 switch ON, 544-bit descriptor                    0.363 ms  spread   16%  [kernel]
   ratio B/A, per-round paired:  median  0.96x <- QUOTE THIS   geomean  0.96x   range 0.86-1.06x  (15 rounds)
   sign test over those paired rounds: 4 favour A, 11 favour B, 0 tied -- two-sided p = 0.118
   separation (a FACT, not the verdict): the two arms' sample ranges OVERLAP
PAIRED||switch OFF, 544-bit descriptor|switch ON, 544-bit descriptor|0.351334|0.372070|0.424653|0.346198|0.363315|0.404736|0.855558|0.961939|1.064360|0.961645|15|4|11|0|1.039567|1.244053|0.1185|0|0|0|0.000000|0.000000
   verdict: ~1.00x as required -- the switch selects nothing here, which is what the gate promises

 THE ROLE BAR: cv::cuda::DescriptorMatcher::createBFMatcher(NORM_HAMMING),
 knnMatchAsync(k = 2) + the committed device ratio pass, both on gStream.

  470 x 470 descriptors, 256-bit:
 cv::cuda BFMatcher, CV_8U + ratio pass           0.052 ms  spread  251%  [kernel]
 binCV matchDescriptors                           0.012 ms  spread  179%  [kernel]
   ratio B/A, per-round paired:  median  0.25x <- QUOTE THIS   geomean  0.21x   range 0.06-0.53x  (15 rounds)
   sign test over those paired rounds: 0 favour A, 15 favour B, 0 tied -- two-sided p = 6.1e-05
   separation (a FACT, not the verdict): the two arms' sample ranges are DISJOINT
PAIRED||cv::cuda BFMatcher, CV_8U + ratio pass|binCV matchDescriptors|0.047616|0.052070|0.178176|0.010240|0.011981|0.031635|0.062356|0.251073|0.530820|0.211475|15|0|15|0|3.982906|8.512697|6.104e-05|1|0|1|1.883876|16.036867
   verdict: DIRECTION ESTABLISHED
            ARM B is faster in 15 of 15 paired rounds -- NO ROUND CROSSED 1.00x, so the
            direction is established by the rounds themselves (two-sided sign-test
            p = 6.1e-05). Magnitude 1.88x to 16.04x, median 3.98x: the spread bounds
            HOW MUCH it wins by, not WHETHER it does (owner's ruling, 2026-09-19).
            NULL on the magnitude: the two arms are 3.98x apart on the MEDIAN per-round ratio,
            short of the 8.51x it has to beat (the larger of: per-round swing 8.51x,
            run-to-run scatter NOT MEASURED on this host). Decided by measure_util.hpp's
            difference-against-spread rule, in FACTORS because a percentage of it
            depends on which arm is the denominator; range separation is not what
            decided it.
 cv::cuda BFMatcher, CV_32S + ratio pass          0.054 ms  spread   92%  [kernel]
 binCV matchDescriptors                           0.021 ms  spread  126%  [kernel]
   ratio B/A, per-round paired:  median  0.34x <- QUOTE THIS   geomean  0.32x   range 0.10-0.74x  (15 rounds)
   sign test over those paired rounds: 0 favour A, 15 favour B, 0 tied -- two-sided p = 6.1e-05
   separation (a FACT, not the verdict): the two arms' sample ranges are DISJOINT
PAIRED||cv::cuda BFMatcher, CV_32S + ratio pass|binCV matchDescriptors|0.046992|0.053658|0.096205|0.009370|0.020574|0.035226|0.097392|0.342735|0.743784|0.317076|15|0|15|0|2.917706|7.636993|6.104e-05|1|0|1|1.344477|10.267760
   verdict: DIRECTION ESTABLISHED
            ARM B is faster in 15 of 15 paired rounds -- NO ROUND CROSSED 1.00x, so the
            direction is established by the rounds themselves (two-sided sign-test
            p = 6.1e-05). Magnitude 1.34x to 10.27x, median 2.92x: the spread bounds
            HOW MUCH it wins by, not WHETHER it does (owner's ruling, 2026-09-19).
            NULL on the magnitude: the two arms are 2.92x apart on the MEDIAN per-round ratio,
            short of the 7.64x it has to beat (the larger of: per-round swing 7.64x,
            run-to-run scatter NOT MEASURED on this host). Decided by measure_util.hpp's
            difference-against-spread rule, in FACTORS because a percentage of it
            depends on which arm is the denominator; range separation is not what
            decided it.
   CV_8U / CV_32S on OpenCV's own side: 0.97x -- the instruction
   ratio the byte-wise HammingDist costs a caller who hands it
   what cv::cuda::ORB produces.

  5000 x 5000 descriptors, 256-bit:
 cv::cuda BFMatcher, CV_8U + ratio pass           2.241 ms  spread   26%  [kernel]
 binCV matchDescriptors                           0.228 ms  spread   64%  [kernel]
   ratio B/A, per-round paired:  median  0.10x <- QUOTE THIS   geomean  0.11x   range 0.08-0.16x  (15 rounds)
   sign test over those paired rounds: 0 favour A, 15 favour B, 0 tied -- two-sided p = 6.1e-05
   separation (a FACT, not the verdict): the two arms' sample ranges are DISJOINT
PAIRED||cv::cuda BFMatcher, CV_8U + ratio pass|binCV matchDescriptors|2.153131|2.240853|2.745685|0.208896|0.228331|0.354645|0.081551|0.099382|0.163339|0.106616|15|0|15|0|10.062225|2.002896|6.104e-05|1|0|1|6.122233|12.262195
   verdict: DIRECTION ESTABLISHED, and A RESULT
            ARM B is faster in 15 of 15 paired rounds -- NO ROUND CROSSED 1.00x, so the
            direction is established by the rounds themselves (two-sided sign-test
            p = 6.1e-05). Magnitude 6.12x to 12.26x, median 10.06x: the spread bounds
            HOW MUCH it wins by, not WHETHER it does (owner's ruling, 2026-09-19).
            A RESULT: the two arms are 10.06x apart on the MEDIAN per-round ratio,
            clearing the 2.00x it has to beat (the larger of: per-round swing 2.00x,
            run-to-run scatter NOT MEASURED on this host). Decided by measure_util.hpp's
            difference-against-spread rule, in FACTORS because a percentage of it
            depends on which arm is the denominator; range separation is not what
            decided it.
            That clears the WITHIN-RUN half of the rule only -- nobody has measured
            this host's run-to-run scatter, and the rule wants the larger of the two.
 cv::cuda BFMatcher, CV_32S + ratio pass          2.191 ms  spread   18%  [kernel]
 binCV matchDescriptors                           0.212 ms  spread   63%  [kernel]
   ratio B/A, per-round paired:  median  0.10x <- QUOTE THIS   geomean  0.11x   range 0.09-0.15x  (15 rounds)
   sign test over those paired rounds: 0 favour A, 15 favour B, 0 tied -- two-sided p = 6.1e-05
   separation (a FACT, not the verdict): the two arms' sample ranges are DISJOINT
PAIRED||cv::cuda BFMatcher, CV_32S + ratio pass|binCV matchDescriptors|2.041173|2.191019|2.425515|0.208213|0.211968|0.341600|0.090370|0.098487|0.154346|0.105723|15|0|15|0|10.153594|1.707946|6.104e-05|1|0|1|6.478939|11.065678
   verdict: DIRECTION ESTABLISHED, and A RESULT
            ARM B is faster in 15 of 15 paired rounds -- NO ROUND CROSSED 1.00x, so the
            direction is established by the rounds themselves (two-sided sign-test
            p = 6.1e-05). Magnitude 6.48x to 11.07x, median 10.15x: the spread bounds
            HOW MUCH it wins by, not WHETHER it does (owner's ruling, 2026-09-19).
            A RESULT: the two arms are 10.15x apart on the MEDIAN per-round ratio,
            clearing the 1.71x it has to beat (the larger of: per-round swing 1.71x,
            run-to-run scatter NOT MEASURED on this host). Decided by measure_util.hpp's
            difference-against-spread rule, in FACTORS because a percentage of it
            depends on which arm is the denominator; range separation is not what
            decided it.
            That clears the WITHIN-RUN half of the rule only -- nobody has measured
            this host's run-to-run scatter, and the rule wants the larger of the two.
   CV_8U / CV_32S on OpenCV's own side: 1.02x -- the instruction
   ratio the byte-wise HammingDist costs a caller who hands it
   what cv::cuda::ORB produces.

 MEMORY, CASE A, meter 2 on BOTH sides, 256 replicas of the 470 x 470
 working set -- an order more than elsewhere, because one set is ~37 KB
 and 32 of them would not clear one 2 MB driver unit.
   [meter 2: cudaMemGetInfo] binCV ungated, per working set        0.03 MB
   [meter 2: its own STEP  ] this driver reserves in 2.00 MB units,
                             measured right here by allocating one byte at a
                             time until the reading moved.
                             This working set fits inside ONE unit, so the
                             reading above is the meter's RESOLUTION and not
                             a footprint: the identical arrays read 0.00 MB
                             or 2.00 MB depending only on how much of the
                             current unit the previous allocation left over.
                             Meter 1 is what measures this working set.
                             Never divide one meter by the other.
   [meter 2: cudaMemGetInfo] cv::cuda BFMatcher, per working set      0.50 MB
   [meter 2: its own STEP  ] this driver reserves in 2.00 MB units,
                             measured right here by allocating one byte at a
                             time until the reading moved.
                             This working set fits inside ONE unit, so the
                             reading above is the meter's RESOLUTION and not
                             a footprint: the identical arrays read 0.00 MB
                             or 2.00 MB depending only on how much of the
                             current unit the previous allocation left over.
                             Meter 1 is what measures this working set.
                             Never divide one meter by the other.
   OpenCV's reading is an UPPER bound: GpuMat may pool, and the
   metered scope includes one knnMatchAsync so the match buffer it
   creates is counted -- as binCV's record array is.
   THE GAP IS THE ROW PITCH, and that part is arithmetic rather than
   allocator behaviour: a 256-bit descriptor is a 32-BYTE ROW, and
   GpuMat pitches a row to a 512-byte multiple, so OpenCV's two
   descriptor matrices carry ~16x their own data. A packed device
   array does not. The design this family came from computed both
   sides UNPITCHED and predicted a wash; the measurement says
   otherwise, and the prediction is what was wrong.
   [meter 1: allocation sum ] binCV descriptors + records (meter 1)      36.7 KB
---------------------------------------------------------------------------
 CASE B -- is the gate still the right answer on device?
---------------------------------------------------------------------------

 Admitted fraction at window 48 px, octave band 1, on these
 keypoints: 1.45% of 220900 candidate pairs. That is the only work the
 gate can save, and it is the number the speed side of this case is
 a test of.
 device brute force, 470x470                      0.010 ms  spread  109%  [kernel]
 device GATED (48 px, octave band 1)              0.015 ms  spread  161%  [kernel]
   ratio B/A, per-round paired:  median  1.42x <- QUOTE THIS   geomean  1.66x   range 1.07-3.30x  (15 rounds)
   sign test over those paired rounds: 15 favour A, 0 favour B, 0 tied -- two-sided p = 6.1e-05
   separation (a FACT, not the verdict): the two arms' sample ranges OVERLAP
PAIRED||device brute force, 470x470|device GATED (48 px, octave band 1)|0.008483|0.009933|0.019302|0.011925|0.014694|0.035635|1.068377|1.420792|3.300453|1.657860|15|15|0|0|1.420792|3.089220|6.104e-05|0|0|1|1.068377|3.300453
   verdict: DIRECTION ESTABLISHED
            ARM A is faster in 15 of 15 paired rounds -- NO ROUND CROSSED 1.00x, so the
            direction is established by the rounds themselves (two-sided sign-test
            p = 6.1e-05). Magnitude 1.07x to 3.30x, median 1.42x: the spread bounds
            HOW MUCH it wins by, not WHETHER it does (owner's ruling, 2026-09-19).
            NULL on the magnitude: the two arms are 1.42x apart on the MEDIAN per-round ratio,
            short of the 3.09x it has to beat (the larger of: per-round swing 3.09x,
            run-to-run scatter NOT MEASURED on this host). Decided by measure_util.hpp's
            difference-against-spread rule, in FACTORS because a percentage of it
            depends on which arm is the denominator; range separation is not what
            decided it.

 The same two on the HOST, same inputs, same ratio:
 host brute force                                 0.557 ms  spread   29%  [host clock]
 host GATED (48 px, octave band 1)                0.585 ms  spread   28%  [host clock]
   host gated / host brute: 1.05x. The host numbers are INDICATIVE:
   this x86 host is not timing-grade under WSL2 and the spread says so.
   They are here because the gate exists to save work a CPU pays for,
   and that is the comparison the device one has to be read against.

 MEMORY, arithmetic and not a measurement: the gated arm carries
   queryXY + trainXY = 7520 B and the two octave arrays = 3760 B that the
   ungated arm does not. Under 'memory wins' that counts against the
   gate on device.
---------------------------------------------------------------------------
 CASE C -- sparse rectified stereo, against binCV's own dense device
 path (0.39 ms / 442 KB, docs/reports/cuda.md). No cv::cuda sparse
 stereo API exists to compare against.
---------------------------------------------------------------------------

 reference arm -- coarse descriptor search        0.062 ms  spread   67%  [kernel]
 fast arm      -- coarse descriptor search        0.012 ms  spread  533%  [kernel]
   ratio B/A, per-round paired:  median  0.15x <- QUOTE THIS   geomean  0.19x   range 0.10-1.15x  (15 rounds)
   sign test over those paired rounds: 1 favour A, 14 favour B, 0 tied -- two-sided p = 0.000977
   separation (a FACT, not the verdict): the two arms' sample ranges OVERLAP
PAIRED||reference arm -- coarse descriptor search|fast arm      -- coarse descriptor search|0.061338|0.061747|0.102400|0.006861|0.012032|0.071014|0.101382|0.149285|1.153310|0.186223|15|1|14|0|6.698585|11.375870|0.0009766|0|0|0|0.000000|0.000000
   verdict: NULL RESULT, which is a result
            NULL on the magnitude: the two arms are 6.70x apart on the MEDIAN per-round ratio,
            short of the 11.38x it has to beat (the larger of: per-round swing 11.38x,
            run-to-run scatter NOT MEASURED on this host). Decided by measure_util.hpp's
            difference-against-spread rule, in FACTORS because a percentage of it
            depends on which arm is the denominator; range separation is not what
            decided it.

 reference arm -- window refinement               0.089 ms  spread   40%  [kernel]
 fast arm      -- window refinement               0.014 ms  spread  313%  [kernel]
   ratio B/A, per-round paired:  median  0.15x <- QUOTE THIS   geomean  0.18x   range 0.10-0.61x  (15 rounds)
   sign test over those paired rounds: 0 favour A, 15 favour B, 0 tied -- two-sided p = 6.1e-05
   separation (a FACT, not the verdict): the two arms' sample ranges are DISJOINT
PAIRED||reference arm -- window refinement|fast arm      -- window refinement|0.088678|0.089037|0.124160|0.010189|0.014134|0.054421|0.104915|0.146649|0.612626|0.175792|15|0|15|0|6.818995|5.839274|6.104e-05|1|0|1|1.632317|9.531546
   verdict: DIRECTION ESTABLISHED, and A RESULT
            ARM B is faster in 15 of 15 paired rounds -- NO ROUND CROSSED 1.00x, so the
            direction is established by the rounds themselves (two-sided sign-test
            p = 6.1e-05). Magnitude 1.63x to 9.53x, median 6.82x: the spread bounds
            HOW MUCH it wins by, not WHETHER it does (owner's ruling, 2026-09-19).
            A RESULT: the two arms are 6.82x apart on the MEDIAN per-round ratio,
            clearing the 5.84x it has to beat (the larger of: per-round swing 5.84x,
            run-to-run scatter NOT MEASURED on this host). Decided by measure_util.hpp's
            difference-against-spread rule, in FACTORS because a percentage of it
            depends on which arm is the denominator; range separation is not what
            decided it.
            That clears the WITHIN-RUN half of the rule only -- nobody has measured
            this host's run-to-run scatter, and the rule wants the larger of the two.

 reference arm -- BOTH STAGES (what a caller runs)     0.171 ms  spread   70%  [kernel]
 fast arm      -- BOTH STAGES (what a caller runs)     0.024 ms  spread  775%  [kernel]
   ratio B/A, per-round paired:  median  0.16x <- QUOTE THIS   geomean  0.21x   range 0.10-1.07x  (15 rounds)
   sign test over those paired rounds: 1 favour A, 14 favour B, 0 tied -- two-sided p = 0.000977
   separation (a FACT, not the verdict): the two arms' sample ranges OVERLAP
PAIRED||reference arm -- BOTH STAGES (what a caller runs)|fast arm      -- BOTH STAGES (what a caller runs)|0.149805|0.171059|0.269722|0.018074|0.024318|0.206528|0.097816|0.160927|1.071666|0.209202|15|1|14|0|6.213983|10.955959|0.0009766|0|0|0|0.000000|0.000000
   verdict: NULL RESULT, which is a result
            NULL on the magnitude: the two arms are 6.21x apart on the MEDIAN per-round ratio,
            short of the 10.96x it has to beat (the larger of: per-round swing 10.96x,
            run-to-run scatter NOT MEASURED on this host). Decided by measure_util.hpp's
            difference-against-spread rule, in FACTORS because a percentage of it
            depends on which arm is the denominator; range separation is not what
            decided it.
   CASE C's ship condition is on this line: below 0.39 ms is a
   pass on speed against dense-then-index.

 CASE E -- refinement's gate-excluded control: a 41x41 window with
 refineRadius 8, which windowSpanFits rejects. MUST read ~1.00x.
 switch OFF, 41x41 window                         0.703 ms  spread   20%  [kernel]
 switch ON, 41x41 window                          0.707 ms  spread   17%  [kernel]
   ratio B/A, per-round paired:  median  0.98x <- QUOTE THIS   geomean  0.98x   range 0.89-1.19x  (15 rounds)
   sign test over those paired rounds: 5 favour A, 10 favour B, 0 tied -- two-sided p = 0.302
   separation (a FACT, not the verdict): the two arms' sample ranges OVERLAP
PAIRED||switch OFF, 41x41 window|switch ON, 41x41 window|0.664986|0.702541|0.802304|0.668042|0.707482|0.791347|0.887117|0.984172|1.190022|0.982530|15|5|10|0|1.016082|1.341449|0.3018|0|0|0|0.000000|0.000000
   verdict: ~1.00x as required -- the switch selects nothing here, which is what the gate promises

 ACCURACY, published beside the numbers and NOT decided on:
   500 of 500 keypoints matched; mean |disparity - 21| = 0.0145 px,
   worst 0.0556 px, against a pair whose true disparity is exactly 21.
   500 landed within half a pixel; 0 landed at the SCAN'S EDGE
   (|error| >= refineRadius = 4).
   THE EDGE COUNT IS THE INTERESTING NUMBER AND IT IS NOT A DEVICE
   RESULT: the suite holds this kernel bit-exact against the host,
   so whatever it does here the host does too. It is a property of a
   ONE-BIT window refinement -- the frames are packed by a single
   threshold, and where the local binary window is uniform EVERY
   disparity scores zero, so the tie rule takes the smallest and the
   result pins to the scan's low edge. A FAST corner in the wide
   image is not a corner in the thresholded one. Reported rather
   than tuned away: the fix is a richer packing (the N-bit or census
   path), not a change to this kernel.
   The dense path this is measured against returns an INTEGER map,
   so the sub-pixel output is the reason to run the sparse arm at
   all. What residual would make it not worth running is STOP AND
   ASK 2.

 MEMORY, CASE C. binCV against binCV, so METER 1 (allocation sum):
   [meter 1: allocation sum ] sparse: two planes + points + descriptors + records     136.9 KB
   [meter 1: allocation sum ] dense-then-index (recorded, cuda.md)     442.0 KB
   ratio 3.23x in the sparse arm's favour. Both are allocation sums
   of binCV's own arrays, which is the one comparison meter 1 is for;
   nothing here is divided by a driver reading.
   Scratch: NONE. Both stereo stages reduce in registers and warp
   shuffles, which is this backend's spelling of the host's
   running-minimum rule.
---------------------------------------------------------------------------
 CASE D -- block matching (route a) against cv::cuda::SparsePyrLKOpticalFlow.
 ROLE ONLY: route (b)'s algorithm on bytes against route (a)'s on bits.
---------------------------------------------------------------------------

 reference arm (thread per keypoint, one launch)     3.094 ms  spread   15%  [kernel]
 fast arm (warp per keypoint, one launch per level)     0.059 ms  spread   94%  [kernel]
   ratio B/A, per-round paired:  median  0.02x <- QUOTE THIS   geomean  0.02x   range 0.02-0.04x  (15 rounds)
   sign test over those paired rounds: 0 favour A, 15 favour B, 0 tied -- two-sided p = 6.1e-05
   separation (a FACT, not the verdict): the two arms' sample ranges are DISJOINT
PAIRED||reference arm (thread per keypoint, one launch)|fast arm (warp per keypoint, one launch per level)|2.836139|3.094187|3.285995|0.052218|0.058573|0.107213|0.016703|0.018946|0.036308|0.019951|15|0|15|0|52.781881|2.173754|6.104e-05|1|0|1|27.542184|59.869940
   verdict: DIRECTION ESTABLISHED, and A RESULT
            ARM B is faster in 15 of 15 paired rounds -- NO ROUND CROSSED 1.00x, so the
            direction is established by the rounds themselves (two-sided sign-test
            p = 6.1e-05). Magnitude 27.54x to 59.87x, median 52.78x: the spread bounds
            HOW MUCH it wins by, not WHETHER it does (owner's ruling, 2026-09-19).
            A RESULT: the two arms are 52.78x apart on the MEDIAN per-round ratio,
            clearing the 2.17x it has to beat (the larger of: per-round swing 2.17x,
            run-to-run scatter NOT MEASURED on this host). Decided by measure_util.hpp's
            difference-against-spread rule, in FACTORS because a percentage of it
            depends on which arm is the denominator; range separation is not what
            decided it.
            That clears the WITHIN-RUN half of the rule only -- nobody has measured
            this host's run-to-run scatter, and the rule wants the larger of the two.

 CASE E -- block matching's gate-excluded control: a 48x48 window,
 which windowSpanFits rejects. MUST read ~1.00x.
 switch OFF, 48x48 window                         5.901 ms  spread    7%  [kernel]
 switch ON, 48x48 window                          5.924 ms  spread    4%  [kernel]
   ratio B/A, per-round paired:  median  1.00x <- QUOTE THIS   geomean  1.01x   range 0.98-1.03x  (15 rounds)
   sign test over those paired rounds: 8 favour A, 7 favour B, 0 tied -- two-sided p = 1
   separation (a FACT, not the verdict): the two arms' sample ranges OVERLAP
PAIRED||switch OFF, 48x48 window|switch ON, 48x48 window|5.652117|5.900981|6.043989|5.818027|5.923840|6.064469|0.978082|1.004052|1.029354|1.005927|15|8|7|0|1.004052|1.052421|1|0|0|0|0.000000|0.000000
   verdict: ~1.00x as required -- the switch selects nothing here, which is what the gate promises

 MEMORY, CASE D.
   [meter 1: allocation sum ] binCV: two binary pyramids + pts + scratch     135.6 KB
   [meter 1: allocation sum ] LK: two 8-bit pyramids + pts + status + err (computed)     948.0 KB
   COMPUTED ratio 6.99x. This is the number the ship condition is
   about: the MEASURED cudaMemGetInfo ratio below has to reproduce it
   within the meter's step, or the footprint claim does not rest on
   the format and THAT is the finding.
   The computed LK figure is a LOWER bound (GpuMat is pitched) and the
   measured one is an UPPER bound (GpuMat may pool): the two caveats
   push opposite ways and both are stated.

 cv::cuda::SparsePyrLKOpticalFlow (31x31, 3 levels)     0.512 ms  spread   69%  [kernel]
 binCV block match (31x31, 4 levels, R=2)         0.057 ms  spread   92%  [kernel]
   ratio B/A, per-round paired:  median  0.11x <- QUOTE THIS   geomean  0.11x   range 0.07-0.21x  (15 rounds)
   sign test over those paired rounds: 0 favour A, 15 favour B, 0 tied -- two-sided p = 6.1e-05
   separation (a FACT, not the verdict): the two arms' sample ranges are DISJOINT
PAIRED||cv::cuda::SparsePyrLKOpticalFlow (31x31, 3 levels)|binCV block match (31x31, 4 levels, R=2)|0.497291|0.512341|0.849579|0.052717|0.057037|0.105165|0.065967|0.113380|0.207056|0.111935|15|0|15|0|8.819920|3.138806|6.104e-05|1|0|1|4.829601|15.159182
   verdict: DIRECTION ESTABLISHED, and A RESULT
            ARM B is faster in 15 of 15 paired rounds -- NO ROUND CROSSED 1.00x, so the
            direction is established by the rounds themselves (two-sided sign-test
            p = 6.1e-05). Magnitude 4.83x to 15.16x, median 8.82x: the spread bounds
            HOW MUCH it wins by, not WHETHER it does (owner's ruling, 2026-09-19).
            A RESULT: the two arms are 8.82x apart on the MEDIAN per-round ratio,
            clearing the 3.14x it has to beat (the larger of: per-round swing 3.14x,
            run-to-run scatter NOT MEASURED on this host). Decided by measure_util.hpp's
            difference-against-spread rule, in FACTORS because a percentage of it
            depends on which arm is the denominator; range separation is not what
            decided it.
            That clears the WITHIN-RUN half of the rule only -- nobody has measured
            this host's run-to-run scatter, and the rule wants the larger of the two.
   TRACKING YIELD, published and never omitted: cv::cuda LK reports
   479 of 500 tracked; binCV route (a) reports 500. These are
   DIFFERENT ALGORITHMS and a status byte is not an accuracy
   measurement -- route (a)'s derived integer floor is 0.2887 px per
   axis with sub-pixel off. The floor that would decide Case D is
   STOP AND ASK 1 and is not filled in here.
   [meter 2: cudaMemGetInfo] binCV working set, per replica        0.19 MB
   [meter 2: its own STEP  ] this driver reserves in 2.00 MB units,
                             measured right here by allocating one byte at a
                             time until the reading moved.
                             This working set fits inside ONE unit, so the
                             reading above is the meter's RESOLUTION and not
                             a footprint: the identical arrays read 0.00 MB
                             or 2.00 MB depending only on how much of the
                             current unit the previous allocation left over.
                             Meter 1 is what measures this working set.
                             Never divide one meter by the other.
   [meter 2: cudaMemGetInfo] cv::cuda LK working set, per replica      1.38 MB
   [meter 2: its own STEP  ] this driver reserves in 2.00 MB units,
                             measured right here by allocating one byte at a
                             time until the reading moved.
                             This working set fits inside ONE unit, so the
                             reading above is the meter's RESOLUTION and not
                             a footprint: the identical arrays read 0.00 MB
                             or 2.00 MB depending only on how much of the
                             current unit the previous allocation left over.
                             Meter 1 is what measures this working set.
                             Never divide one meter by the other.
   MEASURED ratio 7.33x against a COMPUTED 6.99x. The ship
   condition is that these agree within the meter's step; if they
   do not, the footprint claim does not rest on the format.
---------------------------------------------------------------------------
 READ THE SPREADS. Every number here is KERNEL-RESIDENT and covers ONE
 launch (block matching: one launch per level). A microbenchmark ratio is
 not an end-to-end result, and no arm here is a share of any pipeline,
 because no resident device pipeline calls these kernels yet.
---------------------------------------------------------------------------
### run 5
===========================================================================
 SPARSE STEREO, BLOCK MATCHING AND DESCRIPTOR MATCHING -- device arms
===========================================================================
 device: NVIDIA GeForce RTX 3070 Ti (sm_86, 48 SMs, 608 GB/s peak)
 OpenCV 4.5.4 -- cv::cuda role arms COMPILED IN
===========================================================================
 THE DECISION RULE, WRITTEN BEFORE ANY OF THE NUMBERS BELOW WERE TAKEN
===========================================================================
 Per case, because there is no project-wide bar and inventing one is
 forbidden. Where a threshold is a judgement nobody has made it is a
 STOP AND ASK and is left empty rather than filled in.

 THE ONE MAGNITUDE EVERY CASE SHARES, and where it comes from: a difference
 smaller than the larger of the two arms' printed sample RANGES is not a
 difference. That is derived from the measurement's own noise rather than
 chosen -- every pair below goes through timeKernelPaired, which brackets
 both arms inside every round and alternates their order, and prints whether
 the two ranges are disjoint.

 METRICS: (1) kernel-resident median with its spread, both sides of every
 pair on ONE EXPLICIT STREAM; (2) device working set -- allocation sum for
 binCV against binCV, cudaMemGetInfo delta over 32 replicas for anything
 crossing to OpenCV; (3) accuracy, PUBLISHED but not decided on for the two
 ops whose output differs from their bar. Code size and portability decide
 nothing here.

 CASE A -- the brute-force matcher against cv::cuda's BFMatcher.
   Arms: binCV's tiled matcher; knnMatchAsync(k=2) on CV_8U descriptors (what
   cv::cuda::ORB emits, and the path whose HammingDist::reduceIter issues one
   __popc per BYTE -- 32 per 256-bit descriptor); and knnMatchAsync on CV_32S
   over the IDENTICAL bytes, where matchHamming_gpu<int> issues eight. The
   CV_32S arm is the BAR, because the bar is the best existing option, not
   the worst; CV_8U is reported beside it as what the default path costs.
   TIMED REGION: knnMatchAsync plus a committed device-side ratio kernel on
   the same stream. knnMatchConvert is a HOST download and is OUTSIDE the
   event window on every arm -- timing it would compare binCV's resident
   kernel against an OpenCV round trip.
   DECIDES AT 5000 x 5000. The pipeline point 470 x 470 is reported and does
   NOT decide, because both arms are predicted to sit on the launch floor
   there -- which is why the floor is printed next to every arm.
   SHIPS as the recommended device arm if, at map scale, binCV is not slower
   than the CV_32S arm by more than the larger printed range AND its working
   set is not larger. Otherwise it does not ship as a recommendation: the two
   working sets are the same arrays, so no memory-side argument is available
   in either direction.
   PREDICTION: binCV ~= CV_32S within the spread; ~4x ahead of CV_8U; memory
   a wash.

 CASE B -- is the gate still the right answer on device? (issue #61's own
 question). Four arms on identical inputs: device brute force, device gated,
 host brute force, host gated. TWO-SIDED:
   * SPEED: the gate's speed rationale survives only if the device gated arm
     beats the device brute-force arm by more than both printed ranges at the
     pipeline point. PREDICTION: it does not -- the whole match there is a
     launch's worth of work.
   * MEMORY: arithmetic, not a measurement. The gated arm carries two
     position arrays (and two octave arrays) the ungated one does not. Under
     'memory wins' that counts AGAINST the gate on device, and this rule says
     so before the numbers arrive.
   * ACCURACY: untouched by the device and not re-measured here. The device
     computes the same admitted set bit for bit; the suite pins it.
   EXPECTED FINDING, pre-registered: on device the gate is an ACCURACY
   feature and not a speed feature. If the measurement contradicts this it is
   reported as a finding, not smoothed.
   WHAT IT COVERS: a kernel-resident microbenchmark. The number that would
   decide ADOPTION is the match stage's share of an end-to-end pipeline; no
   committed report records it and no resident device pipeline calls these
   kernels. That is a deferral, not a number to invent.

 CASE C -- sparse stereo. cv::cuda has NO sparse stereo API (cudastereo's
 four entries are all dense), so ruling R2 would make the speed verdict
 OUTSTANDING -- but a stronger bar exists and is used instead, because the
 bar is the best existing option a caller actually has: binCV's own device
 denseDisparityBinary on the same frame, then index the map at the keypoints,
 recorded in docs/reports/cuda.md at 0.39 ms and 442 KB.
   SHIPS as the recommended keypoint-shaped stereo path if coarse + refine
   together are below 0.39 ms AND the working set is below 442 KB. Both are
   recorded measurements from this repo, not judgements. If sparse is not
   faster, that is the finding and the recommendation becomes 'run the dense
   kernel and index it'.
   ACCURACY published beside the number and not decided on: the sub-pixel
   residual against a pair of KNOWN disparity.

 CASE D -- block matching against cv::cuda::SparsePyrLKOpticalFlow. ROLE
 ONLY: route (b)'s algorithm on bytes against route (a)'s on bits, and
 correctness is settled against the HOST binCV kernel, never against OpenCV.
   (i) FOOTPRINT, derived and falsifiable, with no threshold to choose: two
       binary pyramids are exactly 1/8 the bytes of two 8-bit ones, and the
       points, the status bytes and the scratch are added to give a COMPUTED
       ratio. The condition is that the MEASURED cudaMemGetInfo ratio
       reproduces the computed one within the meter's own measured step. If
       it does not, the footprint claim does not rest on the format and that
       is the finding. (A '4x' bar was proposed for this case and is DELETED:
       8x is derived from bits per byte, the word 'half' came from nobody.)
   (ii) SPEED: not slower by more than the larger printed range.
   (iii) ACCURACY: reported, never decided on here -- the magnitude is a
       judgement nobody has made. Case D produces numbers and a
       recommendation, not a ship.

 CASE E -- the fast-arm gate check, with the excluding input NAMED per op, so
 the ~1.00x control is runnable rather than asserted:
   * the matchers and the coarse stereo stage: a descriptor wider than
     impl::kMatchTileMaxWords words, which the shared-memory staging refuses;
   * stereo refinement and block matching: a window impl::windowSpanFits
     rejects.
 Anything other than ~1.00x there means the switch is not switching.

 STOP AND ASK -- thresholds nobody has set, left empty on purpose:
   1. CASE D's accuracy floor: how much tracking yield may route (a) give up
      against cv::cuda LK and still be worth recommending? Case D is
      ship-blocked on it.
   2. CASE C's sub-pixel residual floor: the residual is published; what
      residual would make the sparse arm not worth running is unset.
   3. CASE A's fallback: if binCV lands slower than the CV_32S arm, does the
      op ship for residency's sake with the gap documented, or is 'cv::cuda's
      matcher is the better option for a caller who already has OpenCV' the
      honest answer? The census entry was rescued by a memory argument; this
      one has none.
===========================================================================

 LAUNCH FLOOR (empty kernel, same protocol)      0.0110 ms  spread  155%  [kernel]
   Every kernel-resident number below sits on top of this. An arm within
   a few multiples of it is reporting launch overhead, not its own work,
   and a RATIO between two such arms is reporting almost none of either.
   The spread is part of the answer, not a blemish on it: under WSL2 a
   launch costs what it costs plus whatever the host was doing.

 Driver meter step, measured in this run: 2.00 MB. Every CROSS-LIBRARY
 memory reading below is taken over 32 working sets for that reason;
 binCV-against-binCV figures use the allocation sum instead.

 FRAMES: synthetic (no frame directory given)
   *** SYNTHETIC. Corner density and the spatial distribution of
   *** keypoints drive CASE B's admitted fraction, and a synthetic
   *** frame answers a different question. Pass a EuRoC frame
   *** directory as argv[1] for the numbers that decide.
 FAST thresholds used to reach the two counts: 40 / 40 at 470, 40 / 40 at 5000

---------------------------------------------------------------------------
 CASE A -- descriptor matching. binCV's two arms first, then the bar.
 ORIENTATION: every paired ratio below is B/A. Arm A is the arm being
 compared against (the reference arm, or OpenCV); arm B is the one being
 priced. Under 1.00x means B is ahead.
---------------------------------------------------------------------------

 TILE WIDTH SWEEP (queries a block owns; the train set streams once
 for all of them). MEASURED, not inherited -- and measured at BOTH
 scales, because a wider tile trades blocks for reuse and the two
 points can disagree about which way that goes.
   at 470 x 470:
 binCV tiled, tile = 1                            0.016 ms  spread  151%  [kernel]  AT THE LAUNCH FLOOR
 binCV tiled, tile = 4                            0.019 ms  spread  208%  [kernel]  AT THE LAUNCH FLOOR
 binCV tiled, tile = 8                            0.018 ms  spread  199%  [kernel]  AT THE LAUNCH FLOOR
   at 5000 x 5000:
 binCV tiled, tile = 1                            0.700 ms  spread   40%  [kernel]  (launch floor 2% of it)
 binCV tiled, tile = 4                            0.256 ms  spread   84%  [kernel]  (launch floor 4% of it)
 binCV tiled, tile = 8                            0.210 ms  spread   53%  [kernel]  (launch floor 5% of it)
   The shipped default is tile = 8, and the lines above are why.

 THE OFF-SWITCH RATIO, both arms in this binary on the same inputs.
 reference arm (thread per query), 470x470        0.188 ms  spread   31%  [kernel]
 tiled arm, 470x470                               0.011 ms  spread  100%  [kernel]
   ratio B/A, per-round paired:  median  0.06x <- QUOTE THIS   geomean  0.06x   range 0.05-0.11x  (15 rounds)
   sign test over those paired rounds: 0 favour A, 15 favour B, 0 tied -- two-sided p = 6.1e-05
   separation (a FACT, not the verdict): the two arms' sample ranges are DISJOINT
PAIRED||reference arm (thread per query), 470x470|tiled arm, 470x470|0.159488|0.187699|0.217544|0.009472|0.011418|0.020838|0.050078|0.058316|0.105802|0.064219|15|0|15|0|17.147982|2.112749|6.104e-05|1|0|1|9.451628|19.968912
   verdict: DIRECTION ESTABLISHED, and A RESULT
            ARM B is faster in 15 of 15 paired rounds -- NO ROUND CROSSED 1.00x, so the
            direction is established by the rounds themselves (two-sided sign-test
            p = 6.1e-05). Magnitude 9.45x to 19.97x, median 17.15x: the spread bounds
            HOW MUCH it wins by, not WHETHER it does (owner's ruling, 2026-09-19).
            A RESULT: the two arms are 17.15x apart on the MEDIAN per-round ratio,
            clearing the 2.11x it has to beat (the larger of: per-round swing 2.11x,
            run-to-run scatter NOT MEASURED on this host). Decided by measure_util.hpp's
            difference-against-spread rule, in FACTORS because a percentage of it
            depends on which arm is the denominator; range separation is not what
            decided it.
            That clears the WITHIN-RUN half of the rule only -- nobody has measured
            this host's run-to-run scatter, and the rule wants the larger of the two.
 reference arm (thread per query), 5000x5000      2.079 ms  spread   16%  [kernel]
 tiled arm, 5000x5000                             0.210 ms  spread   68%  [kernel]
   ratio B/A, per-round paired:  median  0.10x <- QUOTE THIS   geomean  0.11x   range 0.09-0.19x  (15 rounds)
   sign test over those paired rounds: 0 favour A, 15 favour B, 0 tied -- two-sided p = 6.1e-05
   separation (a FACT, not the verdict): the two arms' sample ranges are DISJOINT
PAIRED||reference arm (thread per query), 5000x5000|tiled arm, 5000x5000|1.886891|2.079029|2.219349|0.208213|0.209920|0.351915|0.094279|0.103267|0.186505|0.109401|15|0|15|0|9.683607|1.978232|6.104e-05|1|0|1|5.361785|10.606852
   verdict: DIRECTION ESTABLISHED, and A RESULT
            ARM B is faster in 15 of 15 paired rounds -- NO ROUND CROSSED 1.00x, so the
            direction is established by the rounds themselves (two-sided sign-test
            p = 6.1e-05). Magnitude 5.36x to 10.61x, median 9.68x: the spread bounds
            HOW MUCH it wins by, not WHETHER it does (owner's ruling, 2026-09-19).
            A RESULT: the two arms are 9.68x apart on the MEDIAN per-round ratio,
            clearing the 1.98x it has to beat (the larger of: per-round swing 1.98x,
            run-to-run scatter NOT MEASURED on this host). Decided by measure_util.hpp's
            difference-against-spread rule, in FACTORS because a percentage of it
            depends on which arm is the denominator; range separation is not what
            decided it.
            That clears the WITHIN-RUN half of the rule only -- nobody has measured
            this host's run-to-run scatter, and the rule wants the larger of the two.

 CASE E -- the matcher's gate-excluded control: a 544-bit descriptor,
 which the shared-memory staging refuses. Both switch positions run the
 reference kernel, so this MUST read ~1.00x.
 switch OFF, 544-bit descriptor                   0.360 ms  spread   17%  [kernel]
 switch ON, 544-bit descriptor                    0.366 ms  spread   19%  [kernel]
   ratio B/A, per-round paired:  median  1.03x <- QUOTE THIS   geomean  1.02x   range 0.88-1.15x  (15 rounds)
   sign test over those paired rounds: 11 favour A, 4 favour B, 0 tied -- two-sided p = 0.118
   separation (a FACT, not the verdict): the two arms' sample ranges OVERLAP
PAIRED||switch OFF, 544-bit descriptor|switch ON, 544-bit descriptor|0.344218|0.359618|0.404582|0.344766|0.366182|0.414054|0.882921|1.029536|1.148757|1.023615|15|11|4|0|1.029536|1.301087|0.1185|0|0|0|0.000000|0.000000
   verdict: ~1.00x as required -- the switch selects nothing here, which is what the gate promises

 THE ROLE BAR: cv::cuda::DescriptorMatcher::createBFMatcher(NORM_HAMMING),
 knnMatchAsync(k = 2) + the committed device ratio pass, both on gStream.

  470 x 470 descriptors, 256-bit:
 cv::cuda BFMatcher, CV_8U + ratio pass           0.058 ms  spread   53%  [kernel]
 binCV matchDescriptors                           0.010 ms  spread   46%  [kernel]
   ratio B/A, per-round paired:  median  0.19x <- QUOTE THIS   geomean  0.18x   range 0.13-0.24x  (15 rounds)
   sign test over those paired rounds: 0 favour A, 15 favour B, 0 tied -- two-sided p = 6.1e-05
   separation (a FACT, not the verdict): the two arms' sample ranges are DISJOINT
PAIRED||cv::cuda BFMatcher, CV_8U + ratio pass|binCV matchDescriptors|0.047514|0.058200|0.078592|0.009318|0.010390|0.014080|0.128079|0.192513|0.241379|0.182830|15|0|15|0|5.194454|1.884615|6.104e-05|1|0|1|4.142857|7.807692
   verdict: DIRECTION ESTABLISHED, and A RESULT
            ARM B is faster in 15 of 15 paired rounds -- NO ROUND CROSSED 1.00x, so the
            direction is established by the rounds themselves (two-sided sign-test
            p = 6.1e-05). Magnitude 4.14x to 7.81x, median 5.19x: the spread bounds
            HOW MUCH it wins by, not WHETHER it does (owner's ruling, 2026-09-19).
            A RESULT: the two arms are 5.19x apart on the MEDIAN per-round ratio,
            clearing the 1.88x it has to beat (the larger of: per-round swing 1.88x,
            run-to-run scatter NOT MEASURED on this host). Decided by measure_util.hpp's
            difference-against-spread rule, in FACTORS because a percentage of it
            depends on which arm is the denominator; range separation is not what
            decided it.
            That clears the WITHIN-RUN half of the rule only -- nobody has measured
            this host's run-to-run scatter, and the rule wants the larger of the two.
 cv::cuda BFMatcher, CV_32S + ratio pass          0.061 ms  spread   89%  [kernel]
 binCV matchDescriptors                           0.010 ms  spread  201%  [kernel]
   ratio B/A, per-round paired:  median  0.21x <- QUOTE THIS   geomean  0.20x   range 0.12-0.30x  (15 rounds)
   sign test over those paired rounds: 0 favour A, 15 favour B, 0 tied -- two-sided p = 6.1e-05
   separation (a FACT, not the verdict): the two arms' sample ranges are DISJOINT
PAIRED||cv::cuda BFMatcher, CV_32S + ratio pass|binCV matchDescriptors|0.046541|0.060570|0.100557|0.009054|0.010240|0.029630|0.123840|0.214721|0.304589|0.200795|15|0|15|0|4.657197|2.459532|6.104e-05|1|0|1|3.283115|8.074925
   verdict: DIRECTION ESTABLISHED, and A RESULT
            ARM B is faster in 15 of 15 paired rounds -- NO ROUND CROSSED 1.00x, so the
            direction is established by the rounds themselves (two-sided sign-test
            p = 6.1e-05). Magnitude 3.28x to 8.07x, median 4.66x: the spread bounds
            HOW MUCH it wins by, not WHETHER it does (owner's ruling, 2026-09-19).
            A RESULT: the two arms are 4.66x apart on the MEDIAN per-round ratio,
            clearing the 2.46x it has to beat (the larger of: per-round swing 2.46x,
            run-to-run scatter NOT MEASURED on this host). Decided by measure_util.hpp's
            difference-against-spread rule, in FACTORS because a percentage of it
            depends on which arm is the denominator; range separation is not what
            decided it.
            That clears the WITHIN-RUN half of the rule only -- nobody has measured
            this host's run-to-run scatter, and the rule wants the larger of the two.
   CV_8U / CV_32S on OpenCV's own side: 0.96x -- the instruction
   ratio the byte-wise HammingDist costs a caller who hands it
   what cv::cuda::ORB produces.

  5000 x 5000 descriptors, 256-bit:
 cv::cuda BFMatcher, CV_8U + ratio pass           2.189 ms  spread   10%  [kernel]
 binCV matchDescriptors                           0.211 ms  spread  122%  [kernel]
   ratio B/A, per-round paired:  median  0.10x <- QUOTE THIS   geomean  0.11x   range 0.09-0.21x  (15 rounds)
   sign test over those paired rounds: 0 favour A, 15 favour B, 0 tied -- two-sided p = 6.1e-05
   separation (a FACT, not the verdict): the two arms' sample ranges are DISJOINT
PAIRED||cv::cuda BFMatcher, CV_8U + ratio pass|binCV matchDescriptors|2.109675|2.188629|2.338133|0.208896|0.211285|0.466944|0.089608|0.097727|0.207755|0.114230|15|0|15|0|10.232633|2.318493|6.104e-05|1|0|1|4.813368|11.159760
   verdict: DIRECTION ESTABLISHED, and A RESULT
            ARM B is faster in 15 of 15 paired rounds -- NO ROUND CROSSED 1.00x, so the
            direction is established by the rounds themselves (two-sided sign-test
            p = 6.1e-05). Magnitude 4.81x to 11.16x, median 10.23x: the spread bounds
            HOW MUCH it wins by, not WHETHER it does (owner's ruling, 2026-09-19).
            A RESULT: the two arms are 10.23x apart on the MEDIAN per-round ratio,
            clearing the 2.32x it has to beat (the larger of: per-round swing 2.32x,
            run-to-run scatter NOT MEASURED on this host). Decided by measure_util.hpp's
            difference-against-spread rule, in FACTORS because a percentage of it
            depends on which arm is the denominator; range separation is not what
            decided it.
            That clears the WITHIN-RUN half of the rule only -- nobody has measured
            this host's run-to-run scatter, and the rule wants the larger of the two.
 cv::cuda BFMatcher, CV_32S + ratio pass          2.168 ms  spread   11%  [kernel]
 binCV matchDescriptors                           0.210 ms  spread  142%  [kernel]
   ratio B/A, per-round paired:  median  0.10x <- QUOTE THIS   geomean  0.11x   range 0.09-0.23x  (15 rounds)
   sign test over those paired rounds: 0 favour A, 15 favour B, 0 tied -- two-sided p = 6.1e-05
   separation (a FACT, not the verdict): the two arms' sample ranges are DISJOINT
PAIRED||cv::cuda BFMatcher, CV_32S + ratio pass|binCV matchDescriptors|2.081451|2.168032|2.309461|0.209237|0.210261|0.508587|0.090600|0.097283|0.225655|0.106358|15|0|15|0|10.279289|2.490672|6.104e-05|1|0|1|4.431544|11.037520
   verdict: DIRECTION ESTABLISHED, and A RESULT
            ARM B is faster in 15 of 15 paired rounds -- NO ROUND CROSSED 1.00x, so the
            direction is established by the rounds themselves (two-sided sign-test
            p = 6.1e-05). Magnitude 4.43x to 11.04x, median 10.28x: the spread bounds
            HOW MUCH it wins by, not WHETHER it does (owner's ruling, 2026-09-19).
            A RESULT: the two arms are 10.28x apart on the MEDIAN per-round ratio,
            clearing the 2.49x it has to beat (the larger of: per-round swing 2.49x,
            run-to-run scatter NOT MEASURED on this host). Decided by measure_util.hpp's
            difference-against-spread rule, in FACTORS because a percentage of it
            depends on which arm is the denominator; range separation is not what
            decided it.
            That clears the WITHIN-RUN half of the rule only -- nobody has measured
            this host's run-to-run scatter, and the rule wants the larger of the two.
   CV_8U / CV_32S on OpenCV's own side: 1.01x -- the instruction
   ratio the byte-wise HammingDist costs a caller who hands it
   what cv::cuda::ORB produces.

 MEMORY, CASE A, meter 2 on BOTH sides, 256 replicas of the 470 x 470
 working set -- an order more than elsewhere, because one set is ~37 KB
 and 32 of them would not clear one 2 MB driver unit.
   [meter 2: cudaMemGetInfo] binCV ungated, per working set        0.03 MB
   [meter 2: its own STEP  ] this driver reserves in 2.00 MB units,
                             measured right here by allocating one byte at a
                             time until the reading moved.
                             This working set fits inside ONE unit, so the
                             reading above is the meter's RESOLUTION and not
                             a footprint: the identical arrays read 0.00 MB
                             or 2.00 MB depending only on how much of the
                             current unit the previous allocation left over.
                             Meter 1 is what measures this working set.
                             Never divide one meter by the other.
   [meter 2: cudaMemGetInfo] cv::cuda BFMatcher, per working set      0.50 MB
   [meter 2: its own STEP  ] this driver reserves in 2.00 MB units,
                             measured right here by allocating one byte at a
                             time until the reading moved.
                             This working set fits inside ONE unit, so the
                             reading above is the meter's RESOLUTION and not
                             a footprint: the identical arrays read 0.00 MB
                             or 2.00 MB depending only on how much of the
                             current unit the previous allocation left over.
                             Meter 1 is what measures this working set.
                             Never divide one meter by the other.
   OpenCV's reading is an UPPER bound: GpuMat may pool, and the
   metered scope includes one knnMatchAsync so the match buffer it
   creates is counted -- as binCV's record array is.
   THE GAP IS THE ROW PITCH, and that part is arithmetic rather than
   allocator behaviour: a 256-bit descriptor is a 32-BYTE ROW, and
   GpuMat pitches a row to a 512-byte multiple, so OpenCV's two
   descriptor matrices carry ~16x their own data. A packed device
   array does not. The design this family came from computed both
   sides UNPITCHED and predicted a wash; the measurement says
   otherwise, and the prediction is what was wrong.
   [meter 1: allocation sum ] binCV descriptors + records (meter 1)      36.7 KB
---------------------------------------------------------------------------
 CASE B -- is the gate still the right answer on device?
---------------------------------------------------------------------------

 Admitted fraction at window 48 px, octave band 1, on these
 keypoints: 1.45% of 220900 candidate pairs. That is the only work the
 gate can save, and it is the number the speed side of this case is
 a test of.
 device brute force, 470x470                      0.010 ms  spread  222%  [kernel]
 device GATED (48 px, octave band 1)              0.012 ms  spread  176%  [kernel]
   ratio B/A, per-round paired:  median  1.23x <- QUOTE THIS   geomean  1.14x   range 0.43-2.40x  (15 rounds)
   sign test over those paired rounds: 13 favour A, 2 favour B, 0 tied -- two-sided p = 0.00739
   separation (a FACT, not the verdict): the two arms' sample ranges OVERLAP
PAIRED||device brute force, 470x470|device GATED (48 px, octave band 1)|0.009011|0.010086|0.031386|0.011453|0.012176|0.032870|0.433862|1.229052|2.398879|1.141679|15|13|2|0|1.229052|5.529131|0.007385|0|0|0|0.000000|0.000000
   verdict: NULL RESULT, which is a result
            NULL on the magnitude: the two arms are 1.23x apart on the MEDIAN per-round ratio,
            short of the 5.53x it has to beat (the larger of: per-round swing 5.53x,
            run-to-run scatter NOT MEASURED on this host). Decided by measure_util.hpp's
            difference-against-spread rule, in FACTORS because a percentage of it
            depends on which arm is the denominator; range separation is not what
            decided it.

 The same two on the HOST, same inputs, same ratio:
 host brute force                                 0.565 ms  spread   37%  [host clock]
 host GATED (48 px, octave band 1)                0.573 ms  spread   31%  [host clock]
   host gated / host brute: 1.01x. The host numbers are INDICATIVE:
   this x86 host is not timing-grade under WSL2 and the spread says so.
   They are here because the gate exists to save work a CPU pays for,
   and that is the comparison the device one has to be read against.

 MEMORY, arithmetic and not a measurement: the gated arm carries
   queryXY + trainXY = 7520 B and the two octave arrays = 3760 B that the
   ungated arm does not. Under 'memory wins' that counts against the
   gate on device.
---------------------------------------------------------------------------
 CASE C -- sparse rectified stereo, against binCV's own dense device
 path (0.39 ms / 442 KB, docs/reports/cuda.md). No cv::cuda sparse
 stereo API exists to compare against.
---------------------------------------------------------------------------

 reference arm -- coarse descriptor search        0.062 ms  spread   72%  [kernel]
 fast arm      -- coarse descriptor search        0.009 ms  spread  305%  [kernel]
   ratio B/A, per-round paired:  median  0.13x <- QUOTE THIS   geomean  0.15x   range 0.08-0.54x  (15 rounds)
   sign test over those paired rounds: 0 favour A, 15 favour B, 0 tied -- two-sided p = 6.1e-05
   separation (a FACT, not the verdict): the two arms' sample ranges are DISJOINT
PAIRED||reference arm -- coarse descriptor search|fast arm      -- coarse descriptor search|0.061235|0.061690|0.105464|0.007270|0.008648|0.033690|0.078161|0.130630|0.539787|0.150780|15|0|15|0|7.655228|6.906064|6.104e-05|1|0|1|1.852584|12.794061
   verdict: DIRECTION ESTABLISHED, and A RESULT
            ARM B is faster in 15 of 15 paired rounds -- NO ROUND CROSSED 1.00x, so the
            direction is established by the rounds themselves (two-sided sign-test
            p = 6.1e-05). Magnitude 1.85x to 12.79x, median 7.66x: the spread bounds
            HOW MUCH it wins by, not WHETHER it does (owner's ruling, 2026-09-19).
            A RESULT: the two arms are 7.66x apart on the MEDIAN per-round ratio,
            clearing the 6.91x it has to beat (the larger of: per-round swing 6.91x,
            run-to-run scatter NOT MEASURED on this host). Decided by measure_util.hpp's
            difference-against-spread rule, in FACTORS because a percentage of it
            depends on which arm is the denominator; range separation is not what
            decided it.
            That clears the WITHIN-RUN half of the rule only -- nobody has measured
            this host's run-to-run scatter, and the rule wants the larger of the two.

 reference arm -- window refinement               0.089 ms  spread   54%  [kernel]
 fast arm      -- window refinement               0.011 ms  spread  106%  [kernel]
   ratio B/A, per-round paired:  median  0.12x <- QUOTE THIS   geomean  0.11x   range 0.07-0.24x  (15 rounds)
   sign test over those paired rounds: 0 favour A, 15 favour B, 0 tied -- two-sided p = 6.1e-05
   separation (a FACT, not the verdict): the two arms' sample ranges are DISJOINT
PAIRED||reference arm -- window refinement|fast arm      -- window refinement|0.088525|0.088774|0.136858|0.009677|0.011109|0.021453|0.071327|0.119722|0.241638|0.114253|15|0|15|0|8.352657|3.387761|6.104e-05|1|0|1|4.138425|14.019997
   verdict: DIRECTION ESTABLISHED, and A RESULT
            ARM B is faster in 15 of 15 paired rounds -- NO ROUND CROSSED 1.00x, so the
            direction is established by the rounds themselves (two-sided sign-test
            p = 6.1e-05). Magnitude 4.14x to 14.02x, median 8.35x: the spread bounds
            HOW MUCH it wins by, not WHETHER it does (owner's ruling, 2026-09-19).
            A RESULT: the two arms are 8.35x apart on the MEDIAN per-round ratio,
            clearing the 3.39x it has to beat (the larger of: per-round swing 3.39x,
            run-to-run scatter NOT MEASURED on this host). Decided by measure_util.hpp's
            difference-against-spread rule, in FACTORS because a percentage of it
            depends on which arm is the denominator; range separation is not what
            decided it.
            That clears the WITHIN-RUN half of the rule only -- nobody has measured
            this host's run-to-run scatter, and the rule wants the larger of the two.

 reference arm -- BOTH STAGES (what a caller runs)     0.176 ms  spread   28%  [kernel]
 fast arm      -- BOTH STAGES (what a caller runs)     0.019 ms  spread  405%  [kernel]
   ratio B/A, per-round paired:  median  0.11x <- QUOTE THIS   geomean  0.12x   range 0.08-0.60x  (15 rounds)
   sign test over those paired rounds: 0 favour A, 15 favour B, 0 tied -- two-sided p = 6.1e-05
   separation (a FACT, not the verdict): the two arms' sample ranges are DISJOINT
PAIRED||reference arm -- BOTH STAGES (what a caller runs)|fast arm      -- BOTH STAGES (what a caller runs)|0.149800|0.176128|0.198397|0.014643|0.018688|0.090317|0.083140|0.107607|0.602459|0.122873|15|0|15|0|9.293050|7.246360|6.104e-05|1|0|1|1.659864|12.027972
   verdict: DIRECTION ESTABLISHED, and A RESULT
            ARM B is faster in 15 of 15 paired rounds -- NO ROUND CROSSED 1.00x, so the
            direction is established by the rounds themselves (two-sided sign-test
            p = 6.1e-05). Magnitude 1.66x to 12.03x, median 9.29x: the spread bounds
            HOW MUCH it wins by, not WHETHER it does (owner's ruling, 2026-09-19).
            A RESULT: the two arms are 9.29x apart on the MEDIAN per-round ratio,
            clearing the 7.25x it has to beat (the larger of: per-round swing 7.25x,
            run-to-run scatter NOT MEASURED on this host). Decided by measure_util.hpp's
            difference-against-spread rule, in FACTORS because a percentage of it
            depends on which arm is the denominator; range separation is not what
            decided it.
            That clears the WITHIN-RUN half of the rule only -- nobody has measured
            this host's run-to-run scatter, and the rule wants the larger of the two.
   CASE C's ship condition is on this line: below 0.39 ms is a
   pass on speed against dense-then-index.

 CASE E -- refinement's gate-excluded control: a 41x41 window with
 refineRadius 8, which windowSpanFits rejects. MUST read ~1.00x.
 switch OFF, 41x41 window                         0.709 ms  spread   15%  [kernel]
 switch ON, 41x41 window                          0.704 ms  spread   11%  [kernel]
   ratio B/A, per-round paired:  median  1.00x <- QUOTE THIS   geomean  0.99x   range 0.94-1.05x  (15 rounds)
   sign test over those paired rounds: 7 favour A, 8 favour B, 0 tied -- two-sided p = 1
   separation (a FACT, not the verdict): the two arms' sample ranges OVERLAP
PAIRED||switch OFF, 41x41 window|switch ON, 41x41 window|0.669283|0.709325|0.773325|0.668064|0.704205|0.748016|0.942664|0.998178|1.045860|0.993050|15|7|8|0|1.001825|1.109472|1|0|0|0|0.000000|0.000000
   verdict: ~1.00x as required -- the switch selects nothing here, which is what the gate promises

 ACCURACY, published beside the numbers and NOT decided on:
   500 of 500 keypoints matched; mean |disparity - 21| = 0.0145 px,
   worst 0.0556 px, against a pair whose true disparity is exactly 21.
   500 landed within half a pixel; 0 landed at the SCAN'S EDGE
   (|error| >= refineRadius = 4).
   THE EDGE COUNT IS THE INTERESTING NUMBER AND IT IS NOT A DEVICE
   RESULT: the suite holds this kernel bit-exact against the host,
   so whatever it does here the host does too. It is a property of a
   ONE-BIT window refinement -- the frames are packed by a single
   threshold, and where the local binary window is uniform EVERY
   disparity scores zero, so the tie rule takes the smallest and the
   result pins to the scan's low edge. A FAST corner in the wide
   image is not a corner in the thresholded one. Reported rather
   than tuned away: the fix is a richer packing (the N-bit or census
   path), not a change to this kernel.
   The dense path this is measured against returns an INTEGER map,
   so the sub-pixel output is the reason to run the sparse arm at
   all. What residual would make it not worth running is STOP AND
   ASK 2.

 MEMORY, CASE C. binCV against binCV, so METER 1 (allocation sum):
   [meter 1: allocation sum ] sparse: two planes + points + descriptors + records     136.9 KB
   [meter 1: allocation sum ] dense-then-index (recorded, cuda.md)     442.0 KB
   ratio 3.23x in the sparse arm's favour. Both are allocation sums
   of binCV's own arrays, which is the one comparison meter 1 is for;
   nothing here is divided by a driver reading.
   Scratch: NONE. Both stereo stages reduce in registers and warp
   shuffles, which is this backend's spelling of the host's
   running-minimum rule.
---------------------------------------------------------------------------
 CASE D -- block matching (route a) against cv::cuda::SparsePyrLKOpticalFlow.
 ROLE ONLY: route (b)'s algorithm on bytes against route (a)'s on bits.
---------------------------------------------------------------------------

 reference arm (thread per keypoint, one launch)     3.082 ms  spread   15%  [kernel]
 fast arm (warp per keypoint, one launch per level)     0.061 ms  spread  324%  [kernel]
   ratio B/A, per-round paired:  median  0.02x <- QUOTE THIS   geomean  0.02x   range 0.02-0.08x  (15 rounds)
   sign test over those paired rounds: 0 favour A, 15 favour B, 0 tied -- two-sided p = 6.1e-05
   separation (a FACT, not the verdict): the two arms' sample ranges are DISJOINT
PAIRED||reference arm (thread per keypoint, one launch)|fast arm (warp per keypoint, one launch per level)|2.851840|3.082144|3.321173|0.052502|0.060611|0.248656|0.016615|0.019671|0.082361|0.023401|15|0|15|0|50.835834|4.957108|6.104e-05|1|0|1|12.141646|60.187448
   verdict: DIRECTION ESTABLISHED, and A RESULT
            ARM B is faster in 15 of 15 paired rounds -- NO ROUND CROSSED 1.00x, so the
            direction is established by the rounds themselves (two-sided sign-test
            p = 6.1e-05). Magnitude 12.14x to 60.19x, median 50.84x: the spread bounds
            HOW MUCH it wins by, not WHETHER it does (owner's ruling, 2026-09-19).
            A RESULT: the two arms are 50.84x apart on the MEDIAN per-round ratio,
            clearing the 4.96x it has to beat (the larger of: per-round swing 4.96x,
            run-to-run scatter NOT MEASURED on this host). Decided by measure_util.hpp's
            difference-against-spread rule, in FACTORS because a percentage of it
            depends on which arm is the denominator; range separation is not what
            decided it.
            That clears the WITHIN-RUN half of the rule only -- nobody has measured
            this host's run-to-run scatter, and the rule wants the larger of the two.

 CASE E -- block matching's gate-excluded control: a 48x48 window,
 which windowSpanFits rejects. MUST read ~1.00x.
 switch OFF, 48x48 window                         5.928 ms  spread    7%  [kernel]
 switch ON, 48x48 window                          5.950 ms  spread    8%  [kernel]
   ratio B/A, per-round paired:  median  1.00x <- QUOTE THIS   geomean  0.99x   range 0.95-1.02x  (15 rounds)
   sign test over those paired rounds: 8 favour A, 7 favour B, 0 tied -- two-sided p = 1
   separation (a FACT, not the verdict): the two arms' sample ranges OVERLAP
PAIRED||switch OFF, 48x48 window|switch ON, 48x48 window|5.736053|5.927862|6.162091|5.638784|5.950123|6.122837|0.951135|1.000057|1.015385|0.993750|15|8|7|0|1.000057|1.067550|1|0|0|0|0.000000|0.000000
   verdict: ~1.00x as required -- the switch selects nothing here, which is what the gate promises

 MEMORY, CASE D.
   [meter 1: allocation sum ] binCV: two binary pyramids + pts + scratch     135.6 KB
   [meter 1: allocation sum ] LK: two 8-bit pyramids + pts + status + err (computed)     948.0 KB
   COMPUTED ratio 6.99x. This is the number the ship condition is
   about: the MEASURED cudaMemGetInfo ratio below has to reproduce it
   within the meter's step, or the footprint claim does not rest on
   the format and THAT is the finding.
   The computed LK figure is a LOWER bound (GpuMat is pitched) and the
   measured one is an UPPER bound (GpuMat may pool): the two caveats
   push opposite ways and both are stated.

 cv::cuda::SparsePyrLKOpticalFlow (31x31, 3 levels)     0.594 ms  spread   61%  [kernel]
 binCV block match (31x31, 4 levels, R=2)         0.055 ms  spread   82%  [kernel]
   ratio B/A, per-round paired:  median  0.10x <- QUOTE THIS   geomean  0.10x   range 0.06-0.16x  (15 rounds)
   sign test over those paired rounds: 0 favour A, 15 favour B, 0 tied -- two-sided p = 6.1e-05
   separation (a FACT, not the verdict): the two arms' sample ranges are DISJOINT
PAIRED||cv::cuda::SparsePyrLKOpticalFlow (31x31, 3 levels)|binCV block match (31x31, 4 levels, R=2)|0.502443|0.594261|0.862869|0.052598|0.054784|0.097264|0.064907|0.102526|0.159848|0.098676|15|0|15|0|9.753605|2.462725|6.104e-05|1|0|1|6.255924|15.406620
   verdict: DIRECTION ESTABLISHED, and A RESULT
            ARM B is faster in 15 of 15 paired rounds -- NO ROUND CROSSED 1.00x, so the
            direction is established by the rounds themselves (two-sided sign-test
            p = 6.1e-05). Magnitude 6.26x to 15.41x, median 9.75x: the spread bounds
            HOW MUCH it wins by, not WHETHER it does (owner's ruling, 2026-09-19).
            A RESULT: the two arms are 9.75x apart on the MEDIAN per-round ratio,
            clearing the 2.46x it has to beat (the larger of: per-round swing 2.46x,
            run-to-run scatter NOT MEASURED on this host). Decided by measure_util.hpp's
            difference-against-spread rule, in FACTORS because a percentage of it
            depends on which arm is the denominator; range separation is not what
            decided it.
            That clears the WITHIN-RUN half of the rule only -- nobody has measured
            this host's run-to-run scatter, and the rule wants the larger of the two.
   TRACKING YIELD, published and never omitted: cv::cuda LK reports
   479 of 500 tracked; binCV route (a) reports 500. These are
   DIFFERENT ALGORITHMS and a status byte is not an accuracy
   measurement -- route (a)'s derived integer floor is 0.2887 px per
   axis with sub-pixel off. The floor that would decide Case D is
   STOP AND ASK 1 and is not filled in here.
   [meter 2: cudaMemGetInfo] binCV working set, per replica        0.19 MB
   [meter 2: its own STEP  ] this driver reserves in 2.00 MB units,
                             measured right here by allocating one byte at a
                             time until the reading moved.
                             This working set fits inside ONE unit, so the
                             reading above is the meter's RESOLUTION and not
                             a footprint: the identical arrays read 0.00 MB
                             or 2.00 MB depending only on how much of the
                             current unit the previous allocation left over.
                             Meter 1 is what measures this working set.
                             Never divide one meter by the other.
   [meter 2: cudaMemGetInfo] cv::cuda LK working set, per replica      1.38 MB
   [meter 2: its own STEP  ] this driver reserves in 2.00 MB units,
                             measured right here by allocating one byte at a
                             time until the reading moved.
                             This working set fits inside ONE unit, so the
                             reading above is the meter's RESOLUTION and not
                             a footprint: the identical arrays read 0.00 MB
                             or 2.00 MB depending only on how much of the
                             current unit the previous allocation left over.
                             Meter 1 is what measures this working set.
                             Never divide one meter by the other.
   MEASURED ratio 7.33x against a COMPUTED 6.99x. The ship
   condition is that these agree within the meter's step; if they
   do not, the footprint claim does not rest on the format.
---------------------------------------------------------------------------
 READ THE SPREADS. Every number here is KERNEL-RESIDENT and covers ONE
 launch (block matching: one launch per level). A microbenchmark ratio is
 not an end-to-end result, and no arm here is a share of any pipeline,
 because no resident device pipeline calls these kernels yet.
---------------------------------------------------------------------------
### run 6
===========================================================================
 SPARSE STEREO, BLOCK MATCHING AND DESCRIPTOR MATCHING -- device arms
===========================================================================
 device: NVIDIA GeForce RTX 3070 Ti (sm_86, 48 SMs, 608 GB/s peak)
 OpenCV 4.5.4 -- cv::cuda role arms COMPILED IN
===========================================================================
 THE DECISION RULE, WRITTEN BEFORE ANY OF THE NUMBERS BELOW WERE TAKEN
===========================================================================
 Per case, because there is no project-wide bar and inventing one is
 forbidden. Where a threshold is a judgement nobody has made it is a
 STOP AND ASK and is left empty rather than filled in.

 THE ONE MAGNITUDE EVERY CASE SHARES, and where it comes from: a difference
 smaller than the larger of the two arms' printed sample RANGES is not a
 difference. That is derived from the measurement's own noise rather than
 chosen -- every pair below goes through timeKernelPaired, which brackets
 both arms inside every round and alternates their order, and prints whether
 the two ranges are disjoint.

 METRICS: (1) kernel-resident median with its spread, both sides of every
 pair on ONE EXPLICIT STREAM; (2) device working set -- allocation sum for
 binCV against binCV, cudaMemGetInfo delta over 32 replicas for anything
 crossing to OpenCV; (3) accuracy, PUBLISHED but not decided on for the two
 ops whose output differs from their bar. Code size and portability decide
 nothing here.

 CASE A -- the brute-force matcher against cv::cuda's BFMatcher.
   Arms: binCV's tiled matcher; knnMatchAsync(k=2) on CV_8U descriptors (what
   cv::cuda::ORB emits, and the path whose HammingDist::reduceIter issues one
   __popc per BYTE -- 32 per 256-bit descriptor); and knnMatchAsync on CV_32S
   over the IDENTICAL bytes, where matchHamming_gpu<int> issues eight. The
   CV_32S arm is the BAR, because the bar is the best existing option, not
   the worst; CV_8U is reported beside it as what the default path costs.
   TIMED REGION: knnMatchAsync plus a committed device-side ratio kernel on
   the same stream. knnMatchConvert is a HOST download and is OUTSIDE the
   event window on every arm -- timing it would compare binCV's resident
   kernel against an OpenCV round trip.
   DECIDES AT 5000 x 5000. The pipeline point 470 x 470 is reported and does
   NOT decide, because both arms are predicted to sit on the launch floor
   there -- which is why the floor is printed next to every arm.
   SHIPS as the recommended device arm if, at map scale, binCV is not slower
   than the CV_32S arm by more than the larger printed range AND its working
   set is not larger. Otherwise it does not ship as a recommendation: the two
   working sets are the same arrays, so no memory-side argument is available
   in either direction.
   PREDICTION: binCV ~= CV_32S within the spread; ~4x ahead of CV_8U; memory
   a wash.

 CASE B -- is the gate still the right answer on device? (issue #61's own
 question). Four arms on identical inputs: device brute force, device gated,
 host brute force, host gated. TWO-SIDED:
   * SPEED: the gate's speed rationale survives only if the device gated arm
     beats the device brute-force arm by more than both printed ranges at the
     pipeline point. PREDICTION: it does not -- the whole match there is a
     launch's worth of work.
   * MEMORY: arithmetic, not a measurement. The gated arm carries two
     position arrays (and two octave arrays) the ungated one does not. Under
     'memory wins' that counts AGAINST the gate on device, and this rule says
     so before the numbers arrive.
   * ACCURACY: untouched by the device and not re-measured here. The device
     computes the same admitted set bit for bit; the suite pins it.
   EXPECTED FINDING, pre-registered: on device the gate is an ACCURACY
   feature and not a speed feature. If the measurement contradicts this it is
   reported as a finding, not smoothed.
   WHAT IT COVERS: a kernel-resident microbenchmark. The number that would
   decide ADOPTION is the match stage's share of an end-to-end pipeline; no
   committed report records it and no resident device pipeline calls these
   kernels. That is a deferral, not a number to invent.

 CASE C -- sparse stereo. cv::cuda has NO sparse stereo API (cudastereo's
 four entries are all dense), so ruling R2 would make the speed verdict
 OUTSTANDING -- but a stronger bar exists and is used instead, because the
 bar is the best existing option a caller actually has: binCV's own device
 denseDisparityBinary on the same frame, then index the map at the keypoints,
 recorded in docs/reports/cuda.md at 0.39 ms and 442 KB.
   SHIPS as the recommended keypoint-shaped stereo path if coarse + refine
   together are below 0.39 ms AND the working set is below 442 KB. Both are
   recorded measurements from this repo, not judgements. If sparse is not
   faster, that is the finding and the recommendation becomes 'run the dense
   kernel and index it'.
   ACCURACY published beside the number and not decided on: the sub-pixel
   residual against a pair of KNOWN disparity.

 CASE D -- block matching against cv::cuda::SparsePyrLKOpticalFlow. ROLE
 ONLY: route (b)'s algorithm on bytes against route (a)'s on bits, and
 correctness is settled against the HOST binCV kernel, never against OpenCV.
   (i) FOOTPRINT, derived and falsifiable, with no threshold to choose: two
       binary pyramids are exactly 1/8 the bytes of two 8-bit ones, and the
       points, the status bytes and the scratch are added to give a COMPUTED
       ratio. The condition is that the MEASURED cudaMemGetInfo ratio
       reproduces the computed one within the meter's own measured step. If
       it does not, the footprint claim does not rest on the format and that
       is the finding. (A '4x' bar was proposed for this case and is DELETED:
       8x is derived from bits per byte, the word 'half' came from nobody.)
   (ii) SPEED: not slower by more than the larger printed range.
   (iii) ACCURACY: reported, never decided on here -- the magnitude is a
       judgement nobody has made. Case D produces numbers and a
       recommendation, not a ship.

 CASE E -- the fast-arm gate check, with the excluding input NAMED per op, so
 the ~1.00x control is runnable rather than asserted:
   * the matchers and the coarse stereo stage: a descriptor wider than
     impl::kMatchTileMaxWords words, which the shared-memory staging refuses;
   * stereo refinement and block matching: a window impl::windowSpanFits
     rejects.
 Anything other than ~1.00x there means the switch is not switching.

 STOP AND ASK -- thresholds nobody has set, left empty on purpose:
   1. CASE D's accuracy floor: how much tracking yield may route (a) give up
      against cv::cuda LK and still be worth recommending? Case D is
      ship-blocked on it.
   2. CASE C's sub-pixel residual floor: the residual is published; what
      residual would make the sparse arm not worth running is unset.
   3. CASE A's fallback: if binCV lands slower than the CV_32S arm, does the
      op ship for residency's sake with the gap documented, or is 'cv::cuda's
      matcher is the better option for a caller who already has OpenCV' the
      honest answer? The census entry was rescued by a memory argument; this
      one has none.
===========================================================================

 LAUNCH FLOOR (empty kernel, same protocol)      0.0083 ms  spread  190%  [kernel]
   Every kernel-resident number below sits on top of this. An arm within
   a few multiples of it is reporting launch overhead, not its own work,
   and a RATIO between two such arms is reporting almost none of either.
   The spread is part of the answer, not a blemish on it: under WSL2 a
   launch costs what it costs plus whatever the host was doing.

 Driver meter step, measured in this run: 2.00 MB. Every CROSS-LIBRARY
 memory reading below is taken over 32 working sets for that reason;
 binCV-against-binCV figures use the allocation sum instead.

 FRAMES: synthetic (no frame directory given)
   *** SYNTHETIC. Corner density and the spatial distribution of
   *** keypoints drive CASE B's admitted fraction, and a synthetic
   *** frame answers a different question. Pass a EuRoC frame
   *** directory as argv[1] for the numbers that decide.
 FAST thresholds used to reach the two counts: 40 / 40 at 470, 40 / 40 at 5000

---------------------------------------------------------------------------
 CASE A -- descriptor matching. binCV's two arms first, then the bar.
 ORIENTATION: every paired ratio below is B/A. Arm A is the arm being
 compared against (the reference arm, or OpenCV); arm B is the one being
 priced. Under 1.00x means B is ahead.
---------------------------------------------------------------------------

 TILE WIDTH SWEEP (queries a block owns; the train set streams once
 for all of them). MEASURED, not inherited -- and measured at BOTH
 scales, because a wider tile trades blocks for reuse and the two
 points can disagree about which way that goes.
   at 470 x 470:
 binCV tiled, tile = 1                            0.012 ms  spread   28%  [kernel]  AT THE LAUNCH FLOOR
 binCV tiled, tile = 4                            0.010 ms  spread  391%  [kernel]  AT THE LAUNCH FLOOR
 binCV tiled, tile = 8                            0.011 ms  spread  189%  [kernel]  AT THE LAUNCH FLOOR
   at 5000 x 5000:
 binCV tiled, tile = 1                            0.727 ms  spread   37%  [kernel]  (launch floor 1% of it)
 binCV tiled, tile = 4                            0.254 ms  spread   94%  [kernel]  (launch floor 3% of it)
 binCV tiled, tile = 8                            0.211 ms  spread   78%  [kernel]  (launch floor 4% of it)
   The shipped default is tile = 8, and the lines above are why.

 THE OFF-SWITCH RATIO, both arms in this binary on the same inputs.
 reference arm (thread per query), 470x470        0.178 ms  spread   35%  [kernel]
 tiled arm, 470x470                               0.012 ms  spread  484%  [kernel]
   ratio B/A, per-round paired:  median  0.06x <- QUOTE THIS   geomean  0.09x   range 0.05-0.42x  (15 rounds)
   sign test over those paired rounds: 0 favour A, 15 favour B, 0 tied -- two-sided p = 6.1e-05
   separation (a FACT, not the verdict): the two arms' sample ranges are DISJOINT
PAIRED||reference arm (thread per query), 470x470|tiled arm, 470x470|0.159488|0.177562|0.222157|0.009370|0.011827|0.066611|0.047700|0.061958|0.416987|0.088546|15|0|15|0|16.139896|8.741838|6.104e-05|1|0|1|2.398155|20.964286
   verdict: DIRECTION ESTABLISHED, and A RESULT
            ARM B is faster in 15 of 15 paired rounds -- NO ROUND CROSSED 1.00x, so the
            direction is established by the rounds themselves (two-sided sign-test
            p = 6.1e-05). Magnitude 2.40x to 20.96x, median 16.14x: the spread bounds
            HOW MUCH it wins by, not WHETHER it does (owner's ruling, 2026-09-19).
            A RESULT: the two arms are 16.14x apart on the MEDIAN per-round ratio,
            clearing the 8.74x it has to beat (the larger of: per-round swing 8.74x,
            run-to-run scatter NOT MEASURED on this host). Decided by measure_util.hpp's
            difference-against-spread rule, in FACTORS because a percentage of it
            depends on which arm is the denominator; range separation is not what
            decided it.
            That clears the WITHIN-RUN half of the rule only -- nobody has measured
            this host's run-to-run scatter, and the rule wants the larger of the two.
 reference arm (thread per query), 5000x5000      2.105 ms  spread    8%  [kernel]
 tiled arm, 5000x5000                             0.211 ms  spread   63%  [kernel]
   ratio B/A, per-round paired:  median  0.10x <- QUOTE THIS   geomean  0.11x   range 0.10-0.17x  (15 rounds)
   sign test over those paired rounds: 0 favour A, 15 favour B, 0 tied -- two-sided p = 6.1e-05
   separation (a FACT, not the verdict): the two arms' sample ranges are DISJOINT
PAIRED||reference arm (thread per query), 5000x5000|tiled arm, 5000x5000|1.979051|2.105344|2.152448|0.208896|0.211285|0.342016|0.097050|0.100422|0.168375|0.107623|15|0|15|0|9.958000|1.734923|6.104e-05|1|0|1|5.939122|10.303922
   verdict: DIRECTION ESTABLISHED, and A RESULT
            ARM B is faster in 15 of 15 paired rounds -- NO ROUND CROSSED 1.00x, so the
            direction is established by the rounds themselves (two-sided sign-test
            p = 6.1e-05). Magnitude 5.94x to 10.30x, median 9.96x: the spread bounds
            HOW MUCH it wins by, not WHETHER it does (owner's ruling, 2026-09-19).
            A RESULT: the two arms are 9.96x apart on the MEDIAN per-round ratio,
            clearing the 1.73x it has to beat (the larger of: per-round swing 1.73x,
            run-to-run scatter NOT MEASURED on this host). Decided by measure_util.hpp's
            difference-against-spread rule, in FACTORS because a percentage of it
            depends on which arm is the denominator; range separation is not what
            decided it.
            That clears the WITHIN-RUN half of the rule only -- nobody has measured
            this host's run-to-run scatter, and the rule wants the larger of the two.

 CASE E -- the matcher's gate-excluded control: a 544-bit descriptor,
 which the shared-memory staging refuses. Both switch positions run the
 reference kernel, so this MUST read ~1.00x.
 switch OFF, 544-bit descriptor                   0.359 ms  spread   17%  [kernel]
 switch ON, 544-bit descriptor                    0.357 ms  spread   15%  [kernel]
   ratio B/A, per-round paired:  median  0.99x <- QUOTE THIS   geomean  0.99x   range 0.85-1.14x  (15 rounds)
   sign test over those paired rounds: 7 favour A, 8 favour B, 0 tied -- two-sided p = 1
   separation (a FACT, not the verdict): the two arms' sample ranges OVERLAP
PAIRED||switch OFF, 544-bit descriptor|switch ON, 544-bit descriptor|0.344883|0.359062|0.405914|0.344013|0.357069|0.398541|0.849647|0.990316|1.138371|0.988459|15|7|8|0|1.009778|1.339816|1|0|0|0|0.000000|0.000000
   verdict: ~1.00x as required -- the switch selects nothing here, which is what the gate promises

 THE ROLE BAR: cv::cuda::DescriptorMatcher::createBFMatcher(NORM_HAMMING),
 knnMatchAsync(k = 2) + the committed device ratio pass, both on gStream.

  470 x 470 descriptors, 256-bit:
 cv::cuda BFMatcher, CV_8U + ratio pass           0.048 ms  spread   53%  [kernel]
 binCV matchDescriptors                           0.011 ms  spread  117%  [kernel]
   ratio B/A, per-round paired:  median  0.21x <- QUOTE THIS   geomean  0.22x   range 0.15-0.41x  (15 rounds)
   sign test over those paired rounds: 0 favour A, 15 favour B, 0 tied -- two-sided p = 6.1e-05
   separation (a FACT, not the verdict): the two arms' sample ranges are DISJOINT
PAIRED||cv::cuda BFMatcher, CV_8U + ratio pass|binCV matchDescriptors|0.047360|0.048027|0.072960|0.008704|0.010803|0.021291|0.151422|0.210668|0.408442|0.216631|15|0|15|0|4.746795|2.697370|6.104e-05|1|0|1|2.448327|6.604044
   verdict: DIRECTION ESTABLISHED, and A RESULT
            ARM B is faster in 15 of 15 paired rounds -- NO ROUND CROSSED 1.00x, so the
            direction is established by the rounds themselves (two-sided sign-test
            p = 6.1e-05). Magnitude 2.45x to 6.60x, median 4.75x: the spread bounds
            HOW MUCH it wins by, not WHETHER it does (owner's ruling, 2026-09-19).
            A RESULT: the two arms are 4.75x apart on the MEDIAN per-round ratio,
            clearing the 2.70x it has to beat (the larger of: per-round swing 2.70x,
            run-to-run scatter NOT MEASURED on this host). Decided by measure_util.hpp's
            difference-against-spread rule, in FACTORS because a percentage of it
            depends on which arm is the denominator; range separation is not what
            decided it.
            That clears the WITHIN-RUN half of the rule only -- nobody has measured
            this host's run-to-run scatter, and the rule wants the larger of the two.
 cv::cuda BFMatcher, CV_32S + ratio pass          0.047 ms  spread   89%  [kernel]
 binCV matchDescriptors                           0.010 ms  spread   84%  [kernel]
   ratio B/A, per-round paired:  median  0.20x <- QUOTE THIS   geomean  0.19x   range 0.10-0.23x  (15 rounds)
   sign test over those paired rounds: 0 favour A, 15 favour B, 0 tied -- two-sided p = 6.1e-05
   separation (a FACT, not the verdict): the two arms' sample ranges are DISJOINT
PAIRED||cv::cuda BFMatcher, CV_32S + ratio pass|binCV matchDescriptors|0.046490|0.047051|0.088358|0.008909|0.010086|0.017357|0.102624|0.202061|0.230984|0.190557|15|0|15|0|4.949007|2.250783|6.104e-05|1|0|1|4.329301|9.744318
   verdict: DIRECTION ESTABLISHED, and A RESULT
            ARM B is faster in 15 of 15 paired rounds -- NO ROUND CROSSED 1.00x, so the
            direction is established by the rounds themselves (two-sided sign-test
            p = 6.1e-05). Magnitude 4.33x to 9.74x, median 4.95x: the spread bounds
            HOW MUCH it wins by, not WHETHER it does (owner's ruling, 2026-09-19).
            A RESULT: the two arms are 4.95x apart on the MEDIAN per-round ratio,
            clearing the 2.25x it has to beat (the larger of: per-round swing 2.25x,
            run-to-run scatter NOT MEASURED on this host). Decided by measure_util.hpp's
            difference-against-spread rule, in FACTORS because a percentage of it
            depends on which arm is the denominator; range separation is not what
            decided it.
            That clears the WITHIN-RUN half of the rule only -- nobody has measured
            this host's run-to-run scatter, and the rule wants the larger of the two.
   CV_8U / CV_32S on OpenCV's own side: 1.02x -- the instruction
   ratio the byte-wise HammingDist costs a caller who hands it
   what cv::cuda::ORB produces.

  5000 x 5000 descriptors, 256-bit:
 cv::cuda BFMatcher, CV_8U + ratio pass           2.192 ms  spread   23%  [kernel]
 binCV matchDescriptors                           0.211 ms  spread   82%  [kernel]
   ratio B/A, per-round paired:  median  0.10x <- QUOTE THIS   geomean  0.10x   range 0.08-0.17x  (15 rounds)
   sign test over those paired rounds: 0 favour A, 15 favour B, 0 tied -- two-sided p = 6.1e-05
   separation (a FACT, not the verdict): the two arms' sample ranges are DISJOINT
PAIRED||cv::cuda BFMatcher, CV_8U + ratio pass|binCV matchDescriptors|2.115584|2.192043|2.624512|0.209237|0.210944|0.381269|0.080765|0.096779|0.174804|0.100207|15|0|15|0|10.332789|2.164365|6.104e-05|1|0|1|5.720681|12.381642
   verdict: DIRECTION ESTABLISHED, and A RESULT
            ARM B is faster in 15 of 15 paired rounds -- NO ROUND CROSSED 1.00x, so the
            direction is established by the rounds themselves (two-sided sign-test
            p = 6.1e-05). Magnitude 5.72x to 12.38x, median 10.33x: the spread bounds
            HOW MUCH it wins by, not WHETHER it does (owner's ruling, 2026-09-19).
            A RESULT: the two arms are 10.33x apart on the MEDIAN per-round ratio,
            clearing the 2.16x it has to beat (the larger of: per-round swing 2.16x,
            run-to-run scatter NOT MEASURED on this host). Decided by measure_util.hpp's
            difference-against-spread rule, in FACTORS because a percentage of it
            depends on which arm is the denominator; range separation is not what
            decided it.
            That clears the WITHIN-RUN half of the rule only -- nobody has measured
            this host's run-to-run scatter, and the rule wants the larger of the two.
 cv::cuda BFMatcher, CV_32S + ratio pass          2.190 ms  spread    9%  [kernel]
 binCV matchDescriptors                           0.211 ms  spread   52%  [kernel]
   ratio B/A, per-round paired:  median  0.10x <- QUOTE THIS   geomean  0.10x   range 0.09-0.15x  (15 rounds)
   sign test over those paired rounds: 0 favour A, 15 favour B, 0 tied -- two-sided p = 6.1e-05
   separation (a FACT, not the verdict): the two arms' sample ranges are DISJOINT
PAIRED||cv::cuda BFMatcher, CV_32S + ratio pass|binCV matchDescriptors|2.134613|2.189653|2.321739|0.208555|0.210603|0.317440|0.090268|0.097054|0.145568|0.102549|15|0|15|0|10.303576|1.612625|6.104e-05|1|0|1|6.869624|11.078125
   verdict: DIRECTION ESTABLISHED, and A RESULT
            ARM B is faster in 15 of 15 paired rounds -- NO ROUND CROSSED 1.00x, so the
            direction is established by the rounds themselves (two-sided sign-test
            p = 6.1e-05). Magnitude 6.87x to 11.08x, median 10.30x: the spread bounds
            HOW MUCH it wins by, not WHETHER it does (owner's ruling, 2026-09-19).
            A RESULT: the two arms are 10.30x apart on the MEDIAN per-round ratio,
            clearing the 1.61x it has to beat (the larger of: per-round swing 1.61x,
            run-to-run scatter NOT MEASURED on this host). Decided by measure_util.hpp's
            difference-against-spread rule, in FACTORS because a percentage of it
            depends on which arm is the denominator; range separation is not what
            decided it.
            That clears the WITHIN-RUN half of the rule only -- nobody has measured
            this host's run-to-run scatter, and the rule wants the larger of the two.
   CV_8U / CV_32S on OpenCV's own side: 1.00x -- the instruction
   ratio the byte-wise HammingDist costs a caller who hands it
   what cv::cuda::ORB produces.

 MEMORY, CASE A, meter 2 on BOTH sides, 256 replicas of the 470 x 470
 working set -- an order more than elsewhere, because one set is ~37 KB
 and 32 of them would not clear one 2 MB driver unit.
   [meter 2: cudaMemGetInfo] binCV ungated, per working set        0.03 MB
   [meter 2: its own STEP  ] this driver reserves in 2.00 MB units,
                             measured right here by allocating one byte at a
                             time until the reading moved.
                             This working set fits inside ONE unit, so the
                             reading above is the meter's RESOLUTION and not
                             a footprint: the identical arrays read 0.00 MB
                             or 2.00 MB depending only on how much of the
                             current unit the previous allocation left over.
                             Meter 1 is what measures this working set.
                             Never divide one meter by the other.
   [meter 2: cudaMemGetInfo] cv::cuda BFMatcher, per working set      0.50 MB
   [meter 2: its own STEP  ] this driver reserves in 2.00 MB units,
                             measured right here by allocating one byte at a
                             time until the reading moved.
                             This working set fits inside ONE unit, so the
                             reading above is the meter's RESOLUTION and not
                             a footprint: the identical arrays read 0.00 MB
                             or 2.00 MB depending only on how much of the
                             current unit the previous allocation left over.
                             Meter 1 is what measures this working set.
                             Never divide one meter by the other.
   OpenCV's reading is an UPPER bound: GpuMat may pool, and the
   metered scope includes one knnMatchAsync so the match buffer it
   creates is counted -- as binCV's record array is.
   THE GAP IS THE ROW PITCH, and that part is arithmetic rather than
   allocator behaviour: a 256-bit descriptor is a 32-BYTE ROW, and
   GpuMat pitches a row to a 512-byte multiple, so OpenCV's two
   descriptor matrices carry ~16x their own data. A packed device
   array does not. The design this family came from computed both
   sides UNPITCHED and predicted a wash; the measurement says
   otherwise, and the prediction is what was wrong.
   [meter 1: allocation sum ] binCV descriptors + records (meter 1)      36.7 KB
---------------------------------------------------------------------------
 CASE B -- is the gate still the right answer on device?
---------------------------------------------------------------------------

 Admitted fraction at window 48 px, octave band 1, on these
 keypoints: 1.45% of 220900 candidate pairs. That is the only work the
 gate can save, and it is the number the speed side of this case is
 a test of.
 device brute force, 470x470                      0.010 ms  spread  211%  [kernel]
 device GATED (48 px, octave band 1)              0.014 ms  spread  253%  [kernel]
   ratio B/A, per-round paired:  median  1.33x <- QUOTE THIS   geomean  1.26x   range 0.42-4.55x  (15 rounds)
   sign test over those paired rounds: 12 favour A, 3 favour B, 0 tied -- two-sided p = 0.0352
   separation (a FACT, not the verdict): the two arms' sample ranges OVERLAP
PAIRED||device brute force, 470x470|device GATED (48 px, octave band 1)|0.008806|0.010251|0.030464|0.011878|0.013758|0.046685|0.416807|1.332399|4.554081|1.257746|15|12|3|0|1.332399|10.926122|0.03516|0|0|0|0.000000|0.000000
   verdict: NULL RESULT, which is a result
            NULL on the magnitude: the two arms are 1.33x apart on the MEDIAN per-round ratio,
            short of the 10.93x it has to beat (the larger of: per-round swing 10.93x,
            run-to-run scatter NOT MEASURED on this host). Decided by measure_util.hpp's
            difference-against-spread rule, in FACTORS because a percentage of it
            depends on which arm is the denominator; range separation is not what
            decided it.

 The same two on the HOST, same inputs, same ratio:
 host brute force                                 0.552 ms  spread   27%  [host clock]
 host GATED (48 px, octave band 1)                0.562 ms  spread   30%  [host clock]
   host gated / host brute: 1.02x. The host numbers are INDICATIVE:
   this x86 host is not timing-grade under WSL2 and the spread says so.
   They are here because the gate exists to save work a CPU pays for,
   and that is the comparison the device one has to be read against.

 MEMORY, arithmetic and not a measurement: the gated arm carries
   queryXY + trainXY = 7520 B and the two octave arrays = 3760 B that the
   ungated arm does not. Under 'memory wins' that counts against the
   gate on device.
---------------------------------------------------------------------------
 CASE C -- sparse rectified stereo, against binCV's own dense device
 path (0.39 ms / 442 KB, docs/reports/cuda.md). No cv::cuda sparse
 stereo API exists to compare against.
---------------------------------------------------------------------------

 reference arm -- coarse descriptor search        0.064 ms  spread   86%  [kernel]
 fast arm      -- coarse descriptor search        0.011 ms  spread  196%  [kernel]
   ratio B/A, per-round paired:  median  0.16x <- QUOTE THIS   geomean  0.16x   range 0.06-0.44x  (15 rounds)
   sign test over those paired rounds: 0 favour A, 15 favour B, 0 tied -- two-sided p = 6.1e-05
   separation (a FACT, not the verdict): the two arms' sample ranges are DISJOINT
PAIRED||reference arm -- coarse descriptor search|fast arm      -- coarse descriptor search|0.061950|0.063786|0.116685|0.007219|0.010536|0.027904|0.061869|0.163882|0.437466|0.163441|15|0|15|0|6.101952|7.070808|6.104e-05|1|0|1|2.285894|16.163120
   verdict: DIRECTION ESTABLISHED
            ARM B is faster in 15 of 15 paired rounds -- NO ROUND CROSSED 1.00x, so the
            direction is established by the rounds themselves (two-sided sign-test
            p = 6.1e-05). Magnitude 2.29x to 16.16x, median 6.10x: the spread bounds
            HOW MUCH it wins by, not WHETHER it does (owner's ruling, 2026-09-19).
            NULL on the magnitude: the two arms are 6.10x apart on the MEDIAN per-round ratio,
            short of the 7.07x it has to beat (the larger of: per-round swing 7.07x,
            run-to-run scatter NOT MEASURED on this host). Decided by measure_util.hpp's
            difference-against-spread rule, in FACTORS because a percentage of it
            depends on which arm is the denominator; range separation is not what
            decided it.

 reference arm -- window refinement               0.089 ms  spread   54%  [kernel]
 fast arm      -- window refinement               0.011 ms  spread  202%  [kernel]
   ratio B/A, per-round paired:  median  0.12x <- QUOTE THIS   geomean  0.13x   range 0.08-0.37x  (15 rounds)
   sign test over those paired rounds: 0 favour A, 15 favour B, 0 tied -- two-sided p = 6.1e-05
   separation (a FACT, not the verdict): the two arms' sample ranges are DISJOINT
PAIRED||reference arm -- window refinement|fast arm      -- window refinement|0.088525|0.088832|0.136602|0.009712|0.011269|0.032512|0.082161|0.118457|0.366014|0.131480|15|0|15|0|8.441858|4.454856|6.104e-05|1|0|1|2.732136|12.171273
   verdict: DIRECTION ESTABLISHED, and A RESULT
            ARM B is faster in 15 of 15 paired rounds -- NO ROUND CROSSED 1.00x, so the
            direction is established by the rounds themselves (two-sided sign-test
            p = 6.1e-05). Magnitude 2.73x to 12.17x, median 8.44x: the spread bounds
            HOW MUCH it wins by, not WHETHER it does (owner's ruling, 2026-09-19).
            A RESULT: the two arms are 8.44x apart on the MEDIAN per-round ratio,
            clearing the 4.45x it has to beat (the larger of: per-round swing 4.45x,
            run-to-run scatter NOT MEASURED on this host). Decided by measure_util.hpp's
            difference-against-spread rule, in FACTORS because a percentage of it
            depends on which arm is the denominator; range separation is not what
            decided it.
            That clears the WITHIN-RUN half of the rule only -- nobody has measured
            this host's run-to-run scatter, and the rule wants the larger of the two.

 reference arm -- BOTH STAGES (what a caller runs)     0.188 ms  spread   35%  [kernel]
 fast arm      -- BOTH STAGES (what a caller runs)     0.020 ms  spread  256%  [kernel]
   ratio B/A, per-round paired:  median  0.13x <- QUOTE THIS   geomean  0.15x   range 0.09-0.47x  (15 rounds)
   sign test over those paired rounds: 0 favour A, 15 favour B, 0 tied -- two-sided p = 6.1e-05
   separation (a FACT, not the verdict): the two arms' sample ranges are DISJOINT
PAIRED||reference arm -- BOTH STAGES (what a caller runs)|fast arm      -- BOTH STAGES (what a caller runs)|0.149862|0.188365|0.215603|0.017613|0.020429|0.069986|0.090693|0.125982|0.466999|0.154577|15|0|15|0|7.937670|5.149208|6.104e-05|1|0|1|2.141332|11.026163
   verdict: DIRECTION ESTABLISHED, and A RESULT
            ARM B is faster in 15 of 15 paired rounds -- NO ROUND CROSSED 1.00x, so the
            direction is established by the rounds themselves (two-sided sign-test
            p = 6.1e-05). Magnitude 2.14x to 11.03x, median 7.94x: the spread bounds
            HOW MUCH it wins by, not WHETHER it does (owner's ruling, 2026-09-19).
            A RESULT: the two arms are 7.94x apart on the MEDIAN per-round ratio,
            clearing the 5.15x it has to beat (the larger of: per-round swing 5.15x,
            run-to-run scatter NOT MEASURED on this host). Decided by measure_util.hpp's
            difference-against-spread rule, in FACTORS because a percentage of it
            depends on which arm is the denominator; range separation is not what
            decided it.
            That clears the WITHIN-RUN half of the rule only -- nobody has measured
            this host's run-to-run scatter, and the rule wants the larger of the two.
   CASE C's ship condition is on this line: below 0.39 ms is a
   pass on speed against dense-then-index.

 CASE E -- refinement's gate-excluded control: a 41x41 window with
 refineRadius 8, which windowSpanFits rejects. MUST read ~1.00x.
 switch OFF, 41x41 window                         0.711 ms  spread   17%  [kernel]
 switch ON, 41x41 window                          0.697 ms  spread   21%  [kernel]
   ratio B/A, per-round paired:  median  0.98x <- QUOTE THIS   geomean  0.99x   range 0.90-1.12x  (15 rounds)
   sign test over those paired rounds: 5 favour A, 10 favour B, 0 tied -- two-sided p = 0.302
   separation (a FACT, not the verdict): the two arms' sample ranges OVERLAP
PAIRED||switch OFF, 41x41 window|switch ON, 41x41 window|0.670912|0.711066|0.792678|0.662086|0.697139|0.805581|0.898903|0.982751|1.122094|0.986003|15|5|10|0|1.017552|1.248293|0.3018|0|0|0|0.000000|0.000000
   verdict: ~1.00x as required -- the switch selects nothing here, which is what the gate promises

 ACCURACY, published beside the numbers and NOT decided on:
   500 of 500 keypoints matched; mean |disparity - 21| = 0.0145 px,
   worst 0.0556 px, against a pair whose true disparity is exactly 21.
   500 landed within half a pixel; 0 landed at the SCAN'S EDGE
   (|error| >= refineRadius = 4).
   THE EDGE COUNT IS THE INTERESTING NUMBER AND IT IS NOT A DEVICE
   RESULT: the suite holds this kernel bit-exact against the host,
   so whatever it does here the host does too. It is a property of a
   ONE-BIT window refinement -- the frames are packed by a single
   threshold, and where the local binary window is uniform EVERY
   disparity scores zero, so the tie rule takes the smallest and the
   result pins to the scan's low edge. A FAST corner in the wide
   image is not a corner in the thresholded one. Reported rather
   than tuned away: the fix is a richer packing (the N-bit or census
   path), not a change to this kernel.
   The dense path this is measured against returns an INTEGER map,
   so the sub-pixel output is the reason to run the sparse arm at
   all. What residual would make it not worth running is STOP AND
   ASK 2.

 MEMORY, CASE C. binCV against binCV, so METER 1 (allocation sum):
   [meter 1: allocation sum ] sparse: two planes + points + descriptors + records     136.9 KB
   [meter 1: allocation sum ] dense-then-index (recorded, cuda.md)     442.0 KB
   ratio 3.23x in the sparse arm's favour. Both are allocation sums
   of binCV's own arrays, which is the one comparison meter 1 is for;
   nothing here is divided by a driver reading.
   Scratch: NONE. Both stereo stages reduce in registers and warp
   shuffles, which is this backend's spelling of the host's
   running-minimum rule.
---------------------------------------------------------------------------
 CASE D -- block matching (route a) against cv::cuda::SparsePyrLKOpticalFlow.
 ROLE ONLY: route (b)'s algorithm on bytes against route (a)'s on bits.
---------------------------------------------------------------------------

 reference arm (thread per keypoint, one launch)     3.057 ms  spread   14%  [kernel]
 fast arm (warp per keypoint, one launch per level)     0.083 ms  spread  321%  [kernel]
   ratio B/A, per-round paired:  median  0.03x <- QUOTE THIS   geomean  0.03x   range 0.02-0.11x  (15 rounds)
   sign test over those paired rounds: 0 favour A, 15 favour B, 0 tied -- two-sided p = 6.1e-05
   separation (a FACT, not the verdict): the two arms' sample ranges are DISJOINT
PAIRED||reference arm (thread per keypoint, one launch)|fast arm (warp per keypoint, one launch per level)|2.850475|3.057301|3.269888|0.052736|0.082842|0.318371|0.016871|0.027865|0.111135|0.031711|15|0|15|0|35.887927|6.587424|6.104e-05|1|0|1|8.998033|59.273863
   verdict: DIRECTION ESTABLISHED, and A RESULT
            ARM B is faster in 15 of 15 paired rounds -- NO ROUND CROSSED 1.00x, so the
            direction is established by the rounds themselves (two-sided sign-test
            p = 6.1e-05). Magnitude 9.00x to 59.27x, median 35.89x: the spread bounds
            HOW MUCH it wins by, not WHETHER it does (owner's ruling, 2026-09-19).
            A RESULT: the two arms are 35.89x apart on the MEDIAN per-round ratio,
            clearing the 6.59x it has to beat (the larger of: per-round swing 6.59x,
            run-to-run scatter NOT MEASURED on this host). Decided by measure_util.hpp's
            difference-against-spread rule, in FACTORS because a percentage of it
            depends on which arm is the denominator; range separation is not what
            decided it.
            That clears the WITHIN-RUN half of the rule only -- nobody has measured
            this host's run-to-run scatter, and the rule wants the larger of the two.

 CASE E -- block matching's gate-excluded control: a 48x48 window,
 which windowSpanFits rejects. MUST read ~1.00x.
 switch OFF, 48x48 window                         5.914 ms  spread    4%  [kernel]
 switch ON, 48x48 window                          5.986 ms  spread    6%  [kernel]
   ratio B/A, per-round paired:  median  1.01x <- QUOTE THIS   geomean  1.01x   range 0.95-1.03x  (15 rounds)
   sign test over those paired rounds: 9 favour A, 6 favour B, 0 tied -- two-sided p = 0.607
   separation (a FACT, not the verdict): the two arms' sample ranges OVERLAP
PAIRED||switch OFF, 48x48 window|switch ON, 48x48 window|5.816576|5.914262|6.044331|5.722453|5.986304|6.093824|0.949571|1.012030|1.032878|1.005717|15|9|6|0|1.012030|1.087732|0.6072|0|0|0|0.000000|0.000000
   verdict: ~1.00x as required -- the switch selects nothing here, which is what the gate promises

 MEMORY, CASE D.
   [meter 1: allocation sum ] binCV: two binary pyramids + pts + scratch     135.6 KB
   [meter 1: allocation sum ] LK: two 8-bit pyramids + pts + status + err (computed)     948.0 KB
   COMPUTED ratio 6.99x. This is the number the ship condition is
   about: the MEASURED cudaMemGetInfo ratio below has to reproduce it
   within the meter's step, or the footprint claim does not rest on
   the format and THAT is the finding.
   The computed LK figure is a LOWER bound (GpuMat is pitched) and the
   measured one is an UPPER bound (GpuMat may pool): the two caveats
   push opposite ways and both are stated.

 cv::cuda::SparsePyrLKOpticalFlow (31x31, 3 levels)     0.535 ms  spread   74%  [kernel]
 binCV block match (31x31, 4 levels, R=2)         0.059 ms  spread  180%  [kernel]
   ratio B/A, per-round paired:  median  0.11x <- QUOTE THIS   geomean  0.12x   range 0.07-0.25x  (15 rounds)
   sign test over those paired rounds: 0 favour A, 15 favour B, 0 tied -- two-sided p = 6.1e-05
   separation (a FACT, not the verdict): the two arms' sample ranges are DISJOINT
PAIRED||cv::cuda::SparsePyrLKOpticalFlow (31x31, 3 levels)|binCV block match (31x31, 4 levels, R=2)|0.488096|0.535211|0.883712|0.052224|0.058880|0.158106|0.070474|0.114048|0.252150|0.117440|15|0|15|0|8.768243|3.577897|6.104e-05|1|0|1|3.965890|14.189543
   verdict: DIRECTION ESTABLISHED, and A RESULT
            ARM B is faster in 15 of 15 paired rounds -- NO ROUND CROSSED 1.00x, so the
            direction is established by the rounds themselves (two-sided sign-test
            p = 6.1e-05). Magnitude 3.97x to 14.19x, median 8.77x: the spread bounds
            HOW MUCH it wins by, not WHETHER it does (owner's ruling, 2026-09-19).
            A RESULT: the two arms are 8.77x apart on the MEDIAN per-round ratio,
            clearing the 3.58x it has to beat (the larger of: per-round swing 3.58x,
            run-to-run scatter NOT MEASURED on this host). Decided by measure_util.hpp's
            difference-against-spread rule, in FACTORS because a percentage of it
            depends on which arm is the denominator; range separation is not what
            decided it.
            That clears the WITHIN-RUN half of the rule only -- nobody has measured
            this host's run-to-run scatter, and the rule wants the larger of the two.
   TRACKING YIELD, published and never omitted: cv::cuda LK reports
   479 of 500 tracked; binCV route (a) reports 500. These are
   DIFFERENT ALGORITHMS and a status byte is not an accuracy
   measurement -- route (a)'s derived integer floor is 0.2887 px per
   axis with sub-pixel off. The floor that would decide Case D is
   STOP AND ASK 1 and is not filled in here.
   [meter 2: cudaMemGetInfo] binCV working set, per replica        0.19 MB
   [meter 2: its own STEP  ] this driver reserves in 2.00 MB units,
                             measured right here by allocating one byte at a
                             time until the reading moved.
                             This working set fits inside ONE unit, so the
                             reading above is the meter's RESOLUTION and not
                             a footprint: the identical arrays read 0.00 MB
                             or 2.00 MB depending only on how much of the
                             current unit the previous allocation left over.
                             Meter 1 is what measures this working set.
                             Never divide one meter by the other.
   [meter 2: cudaMemGetInfo] cv::cuda LK working set, per replica      1.38 MB
   [meter 2: its own STEP  ] this driver reserves in 2.00 MB units,
                             measured right here by allocating one byte at a
                             time until the reading moved.
                             This working set fits inside ONE unit, so the
                             reading above is the meter's RESOLUTION and not
                             a footprint: the identical arrays read 0.00 MB
                             or 2.00 MB depending only on how much of the
                             current unit the previous allocation left over.
                             Meter 1 is what measures this working set.
                             Never divide one meter by the other.
   MEASURED ratio 7.33x against a COMPUTED 6.99x. The ship
   condition is that these agree within the meter's step; if they
   do not, the footprint claim does not rest on the format.
---------------------------------------------------------------------------
 READ THE SPREADS. Every number here is KERNEL-RESIDENT and covers ONE
 launch (block matching: one launch per level). A microbenchmark ratio is
 not an end-to-end result, and no arm here is a share of any pipeline,
 because no resident device pipeline calls these kernels yet.
---------------------------------------------------------------------------
### run 7
===========================================================================
 SPARSE STEREO, BLOCK MATCHING AND DESCRIPTOR MATCHING -- device arms
===========================================================================
 device: NVIDIA GeForce RTX 3070 Ti (sm_86, 48 SMs, 608 GB/s peak)
 OpenCV 4.5.4 -- cv::cuda role arms COMPILED IN
===========================================================================
 THE DECISION RULE, WRITTEN BEFORE ANY OF THE NUMBERS BELOW WERE TAKEN
===========================================================================
 Per case, because there is no project-wide bar and inventing one is
 forbidden. Where a threshold is a judgement nobody has made it is a
 STOP AND ASK and is left empty rather than filled in.

 THE ONE MAGNITUDE EVERY CASE SHARES, and where it comes from: a difference
 smaller than the larger of the two arms' printed sample RANGES is not a
 difference. That is derived from the measurement's own noise rather than
 chosen -- every pair below goes through timeKernelPaired, which brackets
 both arms inside every round and alternates their order, and prints whether
 the two ranges are disjoint.

 METRICS: (1) kernel-resident median with its spread, both sides of every
 pair on ONE EXPLICIT STREAM; (2) device working set -- allocation sum for
 binCV against binCV, cudaMemGetInfo delta over 32 replicas for anything
 crossing to OpenCV; (3) accuracy, PUBLISHED but not decided on for the two
 ops whose output differs from their bar. Code size and portability decide
 nothing here.

 CASE A -- the brute-force matcher against cv::cuda's BFMatcher.
   Arms: binCV's tiled matcher; knnMatchAsync(k=2) on CV_8U descriptors (what
   cv::cuda::ORB emits, and the path whose HammingDist::reduceIter issues one
   __popc per BYTE -- 32 per 256-bit descriptor); and knnMatchAsync on CV_32S
   over the IDENTICAL bytes, where matchHamming_gpu<int> issues eight. The
   CV_32S arm is the BAR, because the bar is the best existing option, not
   the worst; CV_8U is reported beside it as what the default path costs.
   TIMED REGION: knnMatchAsync plus a committed device-side ratio kernel on
   the same stream. knnMatchConvert is a HOST download and is OUTSIDE the
   event window on every arm -- timing it would compare binCV's resident
   kernel against an OpenCV round trip.
   DECIDES AT 5000 x 5000. The pipeline point 470 x 470 is reported and does
   NOT decide, because both arms are predicted to sit on the launch floor
   there -- which is why the floor is printed next to every arm.
   SHIPS as the recommended device arm if, at map scale, binCV is not slower
   than the CV_32S arm by more than the larger printed range AND its working
   set is not larger. Otherwise it does not ship as a recommendation: the two
   working sets are the same arrays, so no memory-side argument is available
   in either direction.
   PREDICTION: binCV ~= CV_32S within the spread; ~4x ahead of CV_8U; memory
   a wash.

 CASE B -- is the gate still the right answer on device? (issue #61's own
 question). Four arms on identical inputs: device brute force, device gated,
 host brute force, host gated. TWO-SIDED:
   * SPEED: the gate's speed rationale survives only if the device gated arm
     beats the device brute-force arm by more than both printed ranges at the
     pipeline point. PREDICTION: it does not -- the whole match there is a
     launch's worth of work.
   * MEMORY: arithmetic, not a measurement. The gated arm carries two
     position arrays (and two octave arrays) the ungated one does not. Under
     'memory wins' that counts AGAINST the gate on device, and this rule says
     so before the numbers arrive.
   * ACCURACY: untouched by the device and not re-measured here. The device
     computes the same admitted set bit for bit; the suite pins it.
   EXPECTED FINDING, pre-registered: on device the gate is an ACCURACY
   feature and not a speed feature. If the measurement contradicts this it is
   reported as a finding, not smoothed.
   WHAT IT COVERS: a kernel-resident microbenchmark. The number that would
   decide ADOPTION is the match stage's share of an end-to-end pipeline; no
   committed report records it and no resident device pipeline calls these
   kernels. That is a deferral, not a number to invent.

 CASE C -- sparse stereo. cv::cuda has NO sparse stereo API (cudastereo's
 four entries are all dense), so ruling R2 would make the speed verdict
 OUTSTANDING -- but a stronger bar exists and is used instead, because the
 bar is the best existing option a caller actually has: binCV's own device
 denseDisparityBinary on the same frame, then index the map at the keypoints,
 recorded in docs/reports/cuda.md at 0.39 ms and 442 KB.
   SHIPS as the recommended keypoint-shaped stereo path if coarse + refine
   together are below 0.39 ms AND the working set is below 442 KB. Both are
   recorded measurements from this repo, not judgements. If sparse is not
   faster, that is the finding and the recommendation becomes 'run the dense
   kernel and index it'.
   ACCURACY published beside the number and not decided on: the sub-pixel
   residual against a pair of KNOWN disparity.

 CASE D -- block matching against cv::cuda::SparsePyrLKOpticalFlow. ROLE
 ONLY: route (b)'s algorithm on bytes against route (a)'s on bits, and
 correctness is settled against the HOST binCV kernel, never against OpenCV.
   (i) FOOTPRINT, derived and falsifiable, with no threshold to choose: two
       binary pyramids are exactly 1/8 the bytes of two 8-bit ones, and the
       points, the status bytes and the scratch are added to give a COMPUTED
       ratio. The condition is that the MEASURED cudaMemGetInfo ratio
       reproduces the computed one within the meter's own measured step. If
       it does not, the footprint claim does not rest on the format and that
       is the finding. (A '4x' bar was proposed for this case and is DELETED:
       8x is derived from bits per byte, the word 'half' came from nobody.)
   (ii) SPEED: not slower by more than the larger printed range.
   (iii) ACCURACY: reported, never decided on here -- the magnitude is a
       judgement nobody has made. Case D produces numbers and a
       recommendation, not a ship.

 CASE E -- the fast-arm gate check, with the excluding input NAMED per op, so
 the ~1.00x control is runnable rather than asserted:
   * the matchers and the coarse stereo stage: a descriptor wider than
     impl::kMatchTileMaxWords words, which the shared-memory staging refuses;
   * stereo refinement and block matching: a window impl::windowSpanFits
     rejects.
 Anything other than ~1.00x there means the switch is not switching.

 STOP AND ASK -- thresholds nobody has set, left empty on purpose:
   1. CASE D's accuracy floor: how much tracking yield may route (a) give up
      against cv::cuda LK and still be worth recommending? Case D is
      ship-blocked on it.
   2. CASE C's sub-pixel residual floor: the residual is published; what
      residual would make the sparse arm not worth running is unset.
   3. CASE A's fallback: if binCV lands slower than the CV_32S arm, does the
      op ship for residency's sake with the gap documented, or is 'cv::cuda's
      matcher is the better option for a caller who already has OpenCV' the
      honest answer? The census entry was rescued by a memory argument; this
      one has none.
===========================================================================

 LAUNCH FLOOR (empty kernel, same protocol)      0.0082 ms  spread   99%  [kernel]
   Every kernel-resident number below sits on top of this. An arm within
   a few multiples of it is reporting launch overhead, not its own work,
   and a RATIO between two such arms is reporting almost none of either.
   The spread is part of the answer, not a blemish on it: under WSL2 a
   launch costs what it costs plus whatever the host was doing.

 Driver meter step, measured in this run: 2.00 MB. Every CROSS-LIBRARY
 memory reading below is taken over 32 working sets for that reason;
 binCV-against-binCV figures use the allocation sum instead.

 FRAMES: synthetic (no frame directory given)
   *** SYNTHETIC. Corner density and the spatial distribution of
   *** keypoints drive CASE B's admitted fraction, and a synthetic
   *** frame answers a different question. Pass a EuRoC frame
   *** directory as argv[1] for the numbers that decide.
 FAST thresholds used to reach the two counts: 40 / 40 at 470, 40 / 40 at 5000

---------------------------------------------------------------------------
 CASE A -- descriptor matching. binCV's two arms first, then the bar.
 ORIENTATION: every paired ratio below is B/A. Arm A is the arm being
 compared against (the reference arm, or OpenCV); arm B is the one being
 priced. Under 1.00x means B is ahead.
---------------------------------------------------------------------------

 TILE WIDTH SWEEP (queries a block owns; the train set streams once
 for all of them). MEASURED, not inherited -- and measured at BOTH
 scales, because a wider tile trades blocks for reuse and the two
 points can disagree about which way that goes.
   at 470 x 470:
 binCV tiled, tile = 1                            0.012 ms  spread  184%  [kernel]  AT THE LAUNCH FLOOR
 binCV tiled, tile = 4                            0.047 ms  spread  133%  [kernel]  (launch floor 18% of it)
 binCV tiled, tile = 8                            0.049 ms  spread   71%  [kernel]  (launch floor 17% of it)
   at 5000 x 5000:
 binCV tiled, tile = 1                            0.760 ms  spread   33%  [kernel]  (launch floor 1% of it)
 binCV tiled, tile = 4                            0.247 ms  spread  104%  [kernel]  (launch floor 3% of it)
 binCV tiled, tile = 8                            0.210 ms  spread  106%  [kernel]  (launch floor 4% of it)
   The shipped default is tile = 8, and the lines above are why.

 THE OFF-SWITCH RATIO, both arms in this binary on the same inputs.
 reference arm (thread per query), 470x470        0.197 ms  spread   25%  [kernel]
 tiled arm, 470x470                               0.012 ms  spread  158%  [kernel]
   ratio B/A, per-round paired:  median  0.06x <- QUOTE THIS   geomean  0.07x   range 0.05-0.17x  (15 rounds)
   sign test over those paired rounds: 0 favour A, 15 favour B, 0 tied -- two-sided p = 6.1e-05
   separation (a FACT, not the verdict): the two arms' sample ranges are DISJOINT
PAIRED||reference arm (thread per query), 470x470|tiled arm, 470x470|0.159429|0.197427|0.208989|0.009267|0.011725|0.027750|0.053364|0.058519|0.173607|0.072614|15|0|15|0|17.088608|3.253236|6.104e-05|1|0|1|5.760148|18.739118
   verdict: DIRECTION ESTABLISHED, and A RESULT
            ARM B is faster in 15 of 15 paired rounds -- NO ROUND CROSSED 1.00x, so the
            direction is established by the rounds themselves (two-sided sign-test
            p = 6.1e-05). Magnitude 5.76x to 18.74x, median 17.09x: the spread bounds
            HOW MUCH it wins by, not WHETHER it does (owner's ruling, 2026-09-19).
            A RESULT: the two arms are 17.09x apart on the MEDIAN per-round ratio,
            clearing the 3.25x it has to beat (the larger of: per-round swing 3.25x,
            run-to-run scatter NOT MEASURED on this host). Decided by measure_util.hpp's
            difference-against-spread rule, in FACTORS because a percentage of it
            depends on which arm is the denominator; range separation is not what
            decided it.
            That clears the WITHIN-RUN half of the rule only -- nobody has measured
            this host's run-to-run scatter, and the rule wants the larger of the two.
 reference arm (thread per query), 5000x5000      2.079 ms  spread   10%  [kernel]
 tiled arm, 5000x5000                             0.210 ms  spread   51%  [kernel]
   ratio B/A, per-round paired:  median  0.10x <- QUOTE THIS   geomean  0.10x   range 0.10-0.15x  (15 rounds)
   sign test over those paired rounds: 0 favour A, 15 favour B, 0 tied -- two-sided p = 6.1e-05
   separation (a FACT, not the verdict): the two arms' sample ranges are DISJOINT
PAIRED||reference arm (thread per query), 5000x5000|tiled arm, 5000x5000|1.959595|2.078667|2.174976|0.208555|0.210261|0.315733|0.095888|0.103437|0.145509|0.104910|15|0|15|0|9.667752|1.517484|6.104e-05|1|0|1|6.872433|10.428805
   verdict: DIRECTION ESTABLISHED, and A RESULT
            ARM B is faster in 15 of 15 paired rounds -- NO ROUND CROSSED 1.00x, so the
            direction is established by the rounds themselves (two-sided sign-test
            p = 6.1e-05). Magnitude 6.87x to 10.43x, median 9.67x: the spread bounds
            HOW MUCH it wins by, not WHETHER it does (owner's ruling, 2026-09-19).
            A RESULT: the two arms are 9.67x apart on the MEDIAN per-round ratio,
            clearing the 1.52x it has to beat (the larger of: per-round swing 1.52x,
            run-to-run scatter NOT MEASURED on this host). Decided by measure_util.hpp's
            difference-against-spread rule, in FACTORS because a percentage of it
            depends on which arm is the denominator; range separation is not what
            decided it.
            That clears the WITHIN-RUN half of the rule only -- nobody has measured
            this host's run-to-run scatter, and the rule wants the larger of the two.

 CASE E -- the matcher's gate-excluded control: a 544-bit descriptor,
 which the shared-memory staging refuses. Both switch positions run the
 reference kernel, so this MUST read ~1.00x.
 switch OFF, 544-bit descriptor                   0.364 ms  spread   16%  [kernel]
 switch ON, 544-bit descriptor                    0.350 ms  spread    9%  [kernel]
   ratio B/A, per-round paired:  median  0.98x <- QUOTE THIS   geomean  0.98x   range 0.86-1.06x  (15 rounds)
   sign test over those paired rounds: 7 favour A, 8 favour B, 0 tied -- two-sided p = 1
   separation (a FACT, not the verdict): the two arms' sample ranges OVERLAP
PAIRED||switch OFF, 544-bit descriptor|switch ON, 544-bit descriptor|0.344216|0.364186|0.404070|0.342982|0.349696|0.375501|0.860618|0.984113|1.061716|0.976762|15|7|8|0|1.016143|1.233666|1|0|0|0|0.000000|0.000000
   verdict: ~1.00x as required -- the switch selects nothing here, which is what the gate promises

 THE ROLE BAR: cv::cuda::DescriptorMatcher::createBFMatcher(NORM_HAMMING),
 knnMatchAsync(k = 2) + the committed device ratio pass, both on gStream.

  470 x 470 descriptors, 256-bit:
 cv::cuda BFMatcher, CV_8U + ratio pass           0.048 ms  spread   78%  [kernel]
 binCV matchDescriptors                           0.010 ms  spread  110%  [kernel]
   ratio B/A, per-round paired:  median  0.20x <- QUOTE THIS   geomean  0.19x   range 0.12-0.32x  (15 rounds)
   sign test over those paired rounds: 0 favour A, 15 favour B, 0 tied -- two-sided p = 6.1e-05
   separation (a FACT, not the verdict): the two arms' sample ranges are DISJOINT
PAIRED||cv::cuda BFMatcher, CV_8U + ratio pass|binCV matchDescriptors|0.047258|0.047974|0.084736|0.008910|0.009984|0.019867|0.123263|0.197183|0.319642|0.192778|15|0|15|0|5.071428|2.593175|6.104e-05|1|0|1|3.128499|8.112745
   verdict: DIRECTION ESTABLISHED, and A RESULT
            ARM B is faster in 15 of 15 paired rounds -- NO ROUND CROSSED 1.00x, so the
            direction is established by the rounds themselves (two-sided sign-test
            p = 6.1e-05). Magnitude 3.13x to 8.11x, median 5.07x: the spread bounds
            HOW MUCH it wins by, not WHETHER it does (owner's ruling, 2026-09-19).
            A RESULT: the two arms are 5.07x apart on the MEDIAN per-round ratio,
            clearing the 2.59x it has to beat (the larger of: per-round swing 2.59x,
            run-to-run scatter NOT MEASURED on this host). Decided by measure_util.hpp's
            difference-against-spread rule, in FACTORS because a percentage of it
            depends on which arm is the denominator; range separation is not what
            decided it.
            That clears the WITHIN-RUN half of the rule only -- nobody has measured
            this host's run-to-run scatter, and the rule wants the larger of the two.
 cv::cuda BFMatcher, CV_32S + ratio pass          0.048 ms  spread   80%  [kernel]
 binCV matchDescriptors                           0.011 ms  spread   87%  [kernel]
   ratio B/A, per-round paired:  median  0.22x <- QUOTE THIS   geomean  0.23x   range 0.11-0.40x  (15 rounds)
   sign test over those paired rounds: 0 favour A, 15 favour B, 0 tied -- two-sided p = 6.1e-05
   separation (a FACT, not the verdict): the two arms' sample ranges are DISJOINT
PAIRED||cv::cuda BFMatcher, CV_32S + ratio pass|binCV matchDescriptors|0.046182|0.048128|0.084579|0.009216|0.011106|0.018840|0.109568|0.218888|0.395349|0.226270|15|0|15|0|4.568557|3.608245|6.104e-05|1|0|1|2.529412|9.126736
   verdict: DIRECTION ESTABLISHED, and A RESULT
            ARM B is faster in 15 of 15 paired rounds -- NO ROUND CROSSED 1.00x, so the
            direction is established by the rounds themselves (two-sided sign-test
            p = 6.1e-05). Magnitude 2.53x to 9.13x, median 4.57x: the spread bounds
            HOW MUCH it wins by, not WHETHER it does (owner's ruling, 2026-09-19).
            A RESULT: the two arms are 4.57x apart on the MEDIAN per-round ratio,
            clearing the 3.61x it has to beat (the larger of: per-round swing 3.61x,
            run-to-run scatter NOT MEASURED on this host). Decided by measure_util.hpp's
            difference-against-spread rule, in FACTORS because a percentage of it
            depends on which arm is the denominator; range separation is not what
            decided it.
            That clears the WITHIN-RUN half of the rule only -- nobody has measured
            this host's run-to-run scatter, and the rule wants the larger of the two.
   CV_8U / CV_32S on OpenCV's own side: 1.00x -- the instruction
   ratio the byte-wise HammingDist costs a caller who hands it
   what cv::cuda::ORB produces.

  5000 x 5000 descriptors, 256-bit:
 cv::cuda BFMatcher, CV_8U + ratio pass           2.201 ms  spread   18%  [kernel]
 binCV matchDescriptors                           0.211 ms  spread   90%  [kernel]
   ratio B/A, per-round paired:  median  0.10x <- QUOTE THIS   geomean  0.11x   range 0.08-0.18x  (15 rounds)
   sign test over those paired rounds: 0 favour A, 15 favour B, 0 tied -- two-sided p = 6.1e-05
   separation (a FACT, not the verdict): the two arms' sample ranges are DISJOINT
PAIRED||cv::cuda BFMatcher, CV_8U + ratio pass|binCV matchDescriptors|2.127189|2.200576|2.519381|0.208213|0.210603|0.398336|0.082780|0.096427|0.180483|0.105358|15|0|15|0|10.370492|2.180264|6.104e-05|1|0|1|5.540702|12.080197
   verdict: DIRECTION ESTABLISHED, and A RESULT
            ARM B is faster in 15 of 15 paired rounds -- NO ROUND CROSSED 1.00x, so the
            direction is established by the rounds themselves (two-sided sign-test
            p = 6.1e-05). Magnitude 5.54x to 12.08x, median 10.37x: the spread bounds
            HOW MUCH it wins by, not WHETHER it does (owner's ruling, 2026-09-19).
            A RESULT: the two arms are 10.37x apart on the MEDIAN per-round ratio,
            clearing the 2.18x it has to beat (the larger of: per-round swing 2.18x,
            run-to-run scatter NOT MEASURED on this host). Decided by measure_util.hpp's
            difference-against-spread rule, in FACTORS because a percentage of it
            depends on which arm is the denominator; range separation is not what
            decided it.
            That clears the WITHIN-RUN half of the rule only -- nobody has measured
            this host's run-to-run scatter, and the rule wants the larger of the two.
 cv::cuda BFMatcher, CV_32S + ratio pass          2.165 ms  spread   13%  [kernel]
 binCV matchDescriptors                           0.211 ms  spread   74%  [kernel]
   ratio B/A, per-round paired:  median  0.10x <- QUOTE THIS   geomean  0.11x   range 0.09-0.17x  (15 rounds)
   sign test over those paired rounds: 0 favour A, 15 favour B, 0 tied -- two-sided p = 6.1e-05
   separation (a FACT, not the verdict): the two arms' sample ranges are DISJOINT
PAIRED||cv::cuda BFMatcher, CV_32S + ratio pass|binCV matchDescriptors|2.098432|2.165088|2.378752|0.208213|0.211285|0.363520|0.087961|0.098060|0.168950|0.106518|15|0|15|0|10.197799|1.920743|6.104e-05|1|0|1|5.918897|11.368679
   verdict: DIRECTION ESTABLISHED, and A RESULT
            ARM B is faster in 15 of 15 paired rounds -- NO ROUND CROSSED 1.00x, so the
            direction is established by the rounds themselves (two-sided sign-test
            p = 6.1e-05). Magnitude 5.92x to 11.37x, median 10.20x: the spread bounds
            HOW MUCH it wins by, not WHETHER it does (owner's ruling, 2026-09-19).
            A RESULT: the two arms are 10.20x apart on the MEDIAN per-round ratio,
            clearing the 1.92x it has to beat (the larger of: per-round swing 1.92x,
            run-to-run scatter NOT MEASURED on this host). Decided by measure_util.hpp's
            difference-against-spread rule, in FACTORS because a percentage of it
            depends on which arm is the denominator; range separation is not what
            decided it.
            That clears the WITHIN-RUN half of the rule only -- nobody has measured
            this host's run-to-run scatter, and the rule wants the larger of the two.
   CV_8U / CV_32S on OpenCV's own side: 1.02x -- the instruction
   ratio the byte-wise HammingDist costs a caller who hands it
   what cv::cuda::ORB produces.

 MEMORY, CASE A, meter 2 on BOTH sides, 256 replicas of the 470 x 470
 working set -- an order more than elsewhere, because one set is ~37 KB
 and 32 of them would not clear one 2 MB driver unit.
   [meter 2: cudaMemGetInfo] binCV ungated, per working set        0.03 MB
   [meter 2: its own STEP  ] this driver reserves in 2.00 MB units,
                             measured right here by allocating one byte at a
                             time until the reading moved.
                             This working set fits inside ONE unit, so the
                             reading above is the meter's RESOLUTION and not
                             a footprint: the identical arrays read 0.00 MB
                             or 2.00 MB depending only on how much of the
                             current unit the previous allocation left over.
                             Meter 1 is what measures this working set.
                             Never divide one meter by the other.
   [meter 2: cudaMemGetInfo] cv::cuda BFMatcher, per working set      0.50 MB
   [meter 2: its own STEP  ] this driver reserves in 2.00 MB units,
                             measured right here by allocating one byte at a
                             time until the reading moved.
                             This working set fits inside ONE unit, so the
                             reading above is the meter's RESOLUTION and not
                             a footprint: the identical arrays read 0.00 MB
                             or 2.00 MB depending only on how much of the
                             current unit the previous allocation left over.
                             Meter 1 is what measures this working set.
                             Never divide one meter by the other.
   OpenCV's reading is an UPPER bound: GpuMat may pool, and the
   metered scope includes one knnMatchAsync so the match buffer it
   creates is counted -- as binCV's record array is.
   THE GAP IS THE ROW PITCH, and that part is arithmetic rather than
   allocator behaviour: a 256-bit descriptor is a 32-BYTE ROW, and
   GpuMat pitches a row to a 512-byte multiple, so OpenCV's two
   descriptor matrices carry ~16x their own data. A packed device
   array does not. The design this family came from computed both
   sides UNPITCHED and predicted a wash; the measurement says
   otherwise, and the prediction is what was wrong.
   [meter 1: allocation sum ] binCV descriptors + records (meter 1)      36.7 KB
---------------------------------------------------------------------------
 CASE B -- is the gate still the right answer on device?
---------------------------------------------------------------------------

 Admitted fraction at window 48 px, octave band 1, on these
 keypoints: 1.45% of 220900 candidate pairs. That is the only work the
 gate can save, and it is the number the speed side of this case is
 a test of.
 device brute force, 470x470                      0.013 ms  spread  127%  [kernel]
 device GATED (48 px, octave band 1)              0.015 ms  spread  686%  [kernel]
   ratio B/A, per-round paired:  median  1.20x <- QUOTE THIS   geomean  1.28x   range 0.56-7.47x  (15 rounds)
   sign test over those paired rounds: 9 favour A, 6 favour B, 0 tied -- two-sided p = 0.607
   separation (a FACT, not the verdict): the two arms' sample ranges OVERLAP
PAIRED||device brute force, 470x470|device GATED (48 px, octave band 1)|0.009062|0.013005|0.025549|0.012595|0.014950|0.115098|0.557114|1.199115|7.468438|1.277252|15|9|6|0|1.199115|13.405579|0.6072|0|0|0|0.000000|0.000000
   verdict: NULL RESULT, which is a result
            NULL on the magnitude: the two arms are 1.20x apart on the MEDIAN per-round ratio,
            short of the 13.41x it has to beat (the larger of: per-round swing 13.41x,
            run-to-run scatter NOT MEASURED on this host). Decided by measure_util.hpp's
            difference-against-spread rule, in FACTORS because a percentage of it
            depends on which arm is the denominator; range separation is not what
            decided it.

 The same two on the HOST, same inputs, same ratio:
 host brute force                                 0.552 ms  spread   23%  [host clock]
 host GATED (48 px, octave band 1)                0.569 ms  spread   12%  [host clock]
   host gated / host brute: 1.03x. The host numbers are INDICATIVE:
   this x86 host is not timing-grade under WSL2 and the spread says so.
   They are here because the gate exists to save work a CPU pays for,
   and that is the comparison the device one has to be read against.

 MEMORY, arithmetic and not a measurement: the gated arm carries
   queryXY + trainXY = 7520 B and the two octave arrays = 3760 B that the
   ungated arm does not. Under 'memory wins' that counts against the
   gate on device.
---------------------------------------------------------------------------
 CASE C -- sparse rectified stereo, against binCV's own dense device
 path (0.39 ms / 442 KB, docs/reports/cuda.md). No cv::cuda sparse
 stereo API exists to compare against.
---------------------------------------------------------------------------

 reference arm -- coarse descriptor search        0.058 ms  spread   73%  [kernel]
 fast arm      -- coarse descriptor search        0.008 ms  spread  143%  [kernel]
   ratio B/A, per-round paired:  median  0.14x <- QUOTE THIS   geomean  0.14x   range 0.08-0.28x  (15 rounds)
   sign test over those paired rounds: 0 favour A, 15 favour B, 0 tied -- two-sided p = 6.1e-05
   separation (a FACT, not the verdict): the two arms' sample ranges are DISJOINT
PAIRED||reference arm -- coarse descriptor search|fast arm      -- coarse descriptor search|0.057907|0.058317|0.100454|0.006912|0.008410|0.018944|0.075532|0.141717|0.275093|0.137824|15|0|15|0|7.056316|3.642075|6.104e-05|1|0|1|3.635135|13.239436
   verdict: DIRECTION ESTABLISHED, and A RESULT
            ARM B is faster in 15 of 15 paired rounds -- NO ROUND CROSSED 1.00x, so the
            direction is established by the rounds themselves (two-sided sign-test
            p = 6.1e-05). Magnitude 3.64x to 13.24x, median 7.06x: the spread bounds
            HOW MUCH it wins by, not WHETHER it does (owner's ruling, 2026-09-19).
            A RESULT: the two arms are 7.06x apart on the MEDIAN per-round ratio,
            clearing the 3.64x it has to beat (the larger of: per-round swing 3.64x,
            run-to-run scatter NOT MEASURED on this host). Decided by measure_util.hpp's
            difference-against-spread rule, in FACTORS because a percentage of it
            depends on which arm is the denominator; range separation is not what
            decided it.
            That clears the WITHIN-RUN half of the rule only -- nobody has measured
            this host's run-to-run scatter, and the rule wants the larger of the two.

 reference arm -- window refinement               0.084 ms  spread   44%  [kernel]
 fast arm      -- window refinement               0.011 ms  spread  308%  [kernel]
   ratio B/A, per-round paired:  median  0.13x <- QUOTE THIS   geomean  0.17x   range 0.09-0.51x  (15 rounds)
   sign test over those paired rounds: 0 favour A, 15 favour B, 0 tied -- two-sided p = 6.1e-05
   separation (a FACT, not the verdict): the two arms' sample ranges are DISJOINT
PAIRED||reference arm -- window refinement|fast arm      -- window refinement|0.083610|0.084122|0.120357|0.009421|0.010906|0.043059|0.087343|0.129957|0.512180|0.172416|15|0|15|0|7.694836|5.863984|6.104e-05|1|0|1|1.952438|11.449063
   verdict: DIRECTION ESTABLISHED, and A RESULT
            ARM B is faster in 15 of 15 paired rounds -- NO ROUND CROSSED 1.00x, so the
            direction is established by the rounds themselves (two-sided sign-test
            p = 6.1e-05). Magnitude 1.95x to 11.45x, median 7.69x: the spread bounds
            HOW MUCH it wins by, not WHETHER it does (owner's ruling, 2026-09-19).
            A RESULT: the two arms are 7.69x apart on the MEDIAN per-round ratio,
            clearing the 5.86x it has to beat (the larger of: per-round swing 5.86x,
            run-to-run scatter NOT MEASURED on this host). Decided by measure_util.hpp's
            difference-against-spread rule, in FACTORS because a percentage of it
            depends on which arm is the denominator; range separation is not what
            decided it.
            That clears the WITHIN-RUN half of the rule only -- nobody has measured
            this host's run-to-run scatter, and the rule wants the larger of the two.

 reference arm -- BOTH STAGES (what a caller runs)     0.168 ms  spread   32%  [kernel]
 fast arm      -- BOTH STAGES (what a caller runs)     0.019 ms  spread  305%  [kernel]
   ratio B/A, per-round paired:  median  0.12x <- QUOTE THIS   geomean  0.15x   range 0.09-0.45x  (15 rounds)
   sign test over those paired rounds: 0 favour A, 15 favour B, 0 tied -- two-sided p = 6.1e-05
   separation (a FACT, not the verdict): the two arms' sample ranges are DISJOINT
PAIRED||reference arm -- BOTH STAGES (what a caller runs)|fast arm      -- BOTH STAGES (what a caller runs)|0.141619|0.168448|0.196034|0.016699|0.019397|0.075787|0.089119|0.120752|0.450975|0.147918|15|0|15|0|8.281437|5.060347|6.104e-05|1|0|1|2.217416|11.220896
   verdict: DIRECTION ESTABLISHED, and A RESULT
            ARM B is faster in 15 of 15 paired rounds -- NO ROUND CROSSED 1.00x, so the
            direction is established by the rounds themselves (two-sided sign-test
            p = 6.1e-05). Magnitude 2.22x to 11.22x, median 8.28x: the spread bounds
            HOW MUCH it wins by, not WHETHER it does (owner's ruling, 2026-09-19).
            A RESULT: the two arms are 8.28x apart on the MEDIAN per-round ratio,
            clearing the 5.06x it has to beat (the larger of: per-round swing 5.06x,
            run-to-run scatter NOT MEASURED on this host). Decided by measure_util.hpp's
            difference-against-spread rule, in FACTORS because a percentage of it
            depends on which arm is the denominator; range separation is not what
            decided it.
            That clears the WITHIN-RUN half of the rule only -- nobody has measured
            this host's run-to-run scatter, and the rule wants the larger of the two.
   CASE C's ship condition is on this line: below 0.39 ms is a
   pass on speed against dense-then-index.

 CASE E -- refinement's gate-excluded control: a 41x41 window with
 refineRadius 8, which windowSpanFits rejects. MUST read ~1.00x.
 switch OFF, 41x41 window                         0.679 ms  spread   13%  [kernel]
 switch ON, 41x41 window                          0.689 ms  spread   13%  [kernel]
   ratio B/A, per-round paired:  median  1.02x <- QUOTE THIS   geomean  1.01x   range 0.90-1.12x  (15 rounds)
   sign test over those paired rounds: 10 favour A, 5 favour B, 0 tied -- two-sided p = 0.302
   separation (a FACT, not the verdict): the two arms' sample ranges OVERLAP
PAIRED||switch OFF, 41x41 window|switch ON, 41x41 window|0.672358|0.679286|0.758886|0.674099|0.689459|0.763290|0.898934|1.023252|1.120060|1.008254|15|10|5|0|1.023252|1.245987|0.3018|0|0|0|0.000000|0.000000
   verdict: ~1.00x as required -- the switch selects nothing here, which is what the gate promises

 ACCURACY, published beside the numbers and NOT decided on:
   500 of 500 keypoints matched; mean |disparity - 21| = 0.0145 px,
   worst 0.0556 px, against a pair whose true disparity is exactly 21.
   500 landed within half a pixel; 0 landed at the SCAN'S EDGE
   (|error| >= refineRadius = 4).
   THE EDGE COUNT IS THE INTERESTING NUMBER AND IT IS NOT A DEVICE
   RESULT: the suite holds this kernel bit-exact against the host,
   so whatever it does here the host does too. It is a property of a
   ONE-BIT window refinement -- the frames are packed by a single
   threshold, and where the local binary window is uniform EVERY
   disparity scores zero, so the tie rule takes the smallest and the
   result pins to the scan's low edge. A FAST corner in the wide
   image is not a corner in the thresholded one. Reported rather
   than tuned away: the fix is a richer packing (the N-bit or census
   path), not a change to this kernel.
   The dense path this is measured against returns an INTEGER map,
   so the sub-pixel output is the reason to run the sparse arm at
   all. What residual would make it not worth running is STOP AND
   ASK 2.

 MEMORY, CASE C. binCV against binCV, so METER 1 (allocation sum):
   [meter 1: allocation sum ] sparse: two planes + points + descriptors + records     136.9 KB
   [meter 1: allocation sum ] dense-then-index (recorded, cuda.md)     442.0 KB
   ratio 3.23x in the sparse arm's favour. Both are allocation sums
   of binCV's own arrays, which is the one comparison meter 1 is for;
   nothing here is divided by a driver reading.
   Scratch: NONE. Both stereo stages reduce in registers and warp
   shuffles, which is this backend's spelling of the host's
   running-minimum rule.
---------------------------------------------------------------------------
 CASE D -- block matching (route a) against cv::cuda::SparsePyrLKOpticalFlow.
 ROLE ONLY: route (b)'s algorithm on bytes against route (a)'s on bits.
---------------------------------------------------------------------------

 reference arm (thread per keypoint, one launch)     3.038 ms  spread   13%  [kernel]
 fast arm (warp per keypoint, one launch per level)     0.059 ms  spread  187%  [kernel]
   ratio B/A, per-round paired:  median  0.02x <- QUOTE THIS   geomean  0.02x   range 0.02-0.05x  (15 rounds)
   sign test over those paired rounds: 0 favour A, 15 favour B, 0 tied -- two-sided p = 6.1e-05
   separation (a FACT, not the verdict): the two arms' sample ranges are DISJOINT
PAIRED||reference arm (thread per keypoint, one launch)|fast arm (warp per keypoint, one launch per level)|2.849419|3.038475|3.240619|0.052531|0.058573|0.161987|0.016945|0.019907|0.054750|0.021491|15|0|15|0|50.234740|3.231059|6.104e-05|1|0|1|18.264884|59.014910
   verdict: DIRECTION ESTABLISHED, and A RESULT
            ARM B is faster in 15 of 15 paired rounds -- NO ROUND CROSSED 1.00x, so the
            direction is established by the rounds themselves (two-sided sign-test
            p = 6.1e-05). Magnitude 18.26x to 59.01x, median 50.23x: the spread bounds
            HOW MUCH it wins by, not WHETHER it does (owner's ruling, 2026-09-19).
            A RESULT: the two arms are 50.23x apart on the MEDIAN per-round ratio,
            clearing the 3.23x it has to beat (the larger of: per-round swing 3.23x,
            run-to-run scatter NOT MEASURED on this host). Decided by measure_util.hpp's
            difference-against-spread rule, in FACTORS because a percentage of it
            depends on which arm is the denominator; range separation is not what
            decided it.
            That clears the WITHIN-RUN half of the rule only -- nobody has measured
            this host's run-to-run scatter, and the rule wants the larger of the two.

 CASE E -- block matching's gate-excluded control: a 48x48 window,
 which windowSpanFits rejects. MUST read ~1.00x.
 switch OFF, 48x48 window                         5.992 ms  spread    4%  [kernel]
 switch ON, 48x48 window                          5.977 ms  spread    8%  [kernel]
   ratio B/A, per-round paired:  median  1.00x <- QUOTE THIS   geomean  1.00x   range 0.98-1.04x  (15 rounds)
   sign test over those paired rounds: 8 favour A, 7 favour B, 0 tied -- two-sided p = 1
   separation (a FACT, not the verdict): the two arms' sample ranges OVERLAP
PAIRED||switch OFF, 48x48 window|switch ON, 48x48 window|5.835093|5.992448|6.102357|5.704704|5.977088|6.165845|0.977654|1.000073|1.035747|0.999730|15|8|7|0|1.000073|1.059421|1|0|0|0|0.000000|0.000000
   verdict: ~1.00x as required -- the switch selects nothing here, which is what the gate promises

 MEMORY, CASE D.
   [meter 1: allocation sum ] binCV: two binary pyramids + pts + scratch     135.6 KB
   [meter 1: allocation sum ] LK: two 8-bit pyramids + pts + status + err (computed)     948.0 KB
   COMPUTED ratio 6.99x. This is the number the ship condition is
   about: the MEASURED cudaMemGetInfo ratio below has to reproduce it
   within the meter's step, or the footprint claim does not rest on
   the format and THAT is the finding.
   The computed LK figure is a LOWER bound (GpuMat is pitched) and the
   measured one is an UPPER bound (GpuMat may pool): the two caveats
   push opposite ways and both are stated.

 cv::cuda::SparsePyrLKOpticalFlow (31x31, 3 levels)     0.515 ms  spread  160%  [kernel]
 binCV block match (31x31, 4 levels, R=2)         0.054 ms  spread  222%  [kernel]
   ratio B/A, per-round paired:  median  0.11x <- QUOTE THIS   geomean  0.10x   range 0.04-0.33x  (15 rounds)
   sign test over those paired rounds: 0 favour A, 15 favour B, 0 tied -- two-sided p = 6.1e-05
   separation (a FACT, not the verdict): the two arms' sample ranges are DISJOINT
PAIRED||cv::cuda::SparsePyrLKOpticalFlow (31x31, 3 levels)|binCV block match (31x31, 4 levels, R=2)|0.497664|0.515072|1.321227|0.052726|0.054163|0.172954|0.040362|0.105466|0.334015|0.104064|15|0|15|0|9.481766|8.275369|6.104e-05|1|0|1|2.993882|24.775477
   verdict: DIRECTION ESTABLISHED, and A RESULT
            ARM B is faster in 15 of 15 paired rounds -- NO ROUND CROSSED 1.00x, so the
            direction is established by the rounds themselves (two-sided sign-test
            p = 6.1e-05). Magnitude 2.99x to 24.78x, median 9.48x: the spread bounds
            HOW MUCH it wins by, not WHETHER it does (owner's ruling, 2026-09-19).
            A RESULT: the two arms are 9.48x apart on the MEDIAN per-round ratio,
            clearing the 8.28x it has to beat (the larger of: per-round swing 8.28x,
            run-to-run scatter NOT MEASURED on this host). Decided by measure_util.hpp's
            difference-against-spread rule, in FACTORS because a percentage of it
            depends on which arm is the denominator; range separation is not what
            decided it.
            That clears the WITHIN-RUN half of the rule only -- nobody has measured
            this host's run-to-run scatter, and the rule wants the larger of the two.
   TRACKING YIELD, published and never omitted: cv::cuda LK reports
   479 of 500 tracked; binCV route (a) reports 500. These are
   DIFFERENT ALGORITHMS and a status byte is not an accuracy
   measurement -- route (a)'s derived integer floor is 0.2887 px per
   axis with sub-pixel off. The floor that would decide Case D is
   STOP AND ASK 1 and is not filled in here.
   [meter 2: cudaMemGetInfo] binCV working set, per replica        0.19 MB
   [meter 2: its own STEP  ] this driver reserves in 2.00 MB units,
                             measured right here by allocating one byte at a
                             time until the reading moved.
                             This working set fits inside ONE unit, so the
                             reading above is the meter's RESOLUTION and not
                             a footprint: the identical arrays read 0.00 MB
                             or 2.00 MB depending only on how much of the
                             current unit the previous allocation left over.
                             Meter 1 is what measures this working set.
                             Never divide one meter by the other.
   [meter 2: cudaMemGetInfo] cv::cuda LK working set, per replica      1.38 MB
   [meter 2: its own STEP  ] this driver reserves in 2.00 MB units,
                             measured right here by allocating one byte at a
                             time until the reading moved.
                             This working set fits inside ONE unit, so the
                             reading above is the meter's RESOLUTION and not
                             a footprint: the identical arrays read 0.00 MB
                             or 2.00 MB depending only on how much of the
                             current unit the previous allocation left over.
                             Meter 1 is what measures this working set.
                             Never divide one meter by the other.
   MEASURED ratio 7.33x against a COMPUTED 6.99x. The ship
   condition is that these agree within the meter's step; if they
   do not, the footprint claim does not rest on the format.
---------------------------------------------------------------------------
 READ THE SPREADS. Every number here is KERNEL-RESIDENT and covers ONE
 launch (block matching: one launch per level). A microbenchmark ratio is
 not an end-to-end result, and no arm here is a share of any pipeline,
 because no resident device pipeline calls these kernels yet.
---------------------------------------------------------------------------

# loadavg at end: 3.64 1.04 0.45 7/439 23872
# gpu clock after: sm 1980 MHz, mem 9501 MHz, pstate P0
# gpu throttle after: 0x0000000000000000
# gpu temp after: 50 C
# profiler at end: none running
# date:     2026-09-24T01:25:42-07:00
# done
