# launch sweep -- 30 separate processes of one benchmark
# benchmark: ./build/benchmark/logic_benchmark 
# launches: 30
# arch:     x86_64
# host:     AMD Ryzen 5 5600X 6-Core Processor
# kernel:   5.15.167.4-microsoft-standard-WSL2
# compiler: g++ (Ubuntu 11.4.0-1ubuntu1~22.04) 11.4.0
# commit:   0b9b73c
# governor: none (this host exposes no cpufreq)
# pinning:  taskset -c 2
# sleep between launches: 0s
# date:     2026-09-21T17:05:55-07:00
# loadavg at start: 2.30 2.27 2.68 1/1314 2033
# NO launch is discarded -- a cold start is part of what varies between
# launches, and trimming it would trim the tail this sweep measures.

### run 1
=== Benchmark Config ===
Width: 640, Height: 480, Iterations: 100, DType: uint8, Sparsity: 1

logic kernels vs OpenCV on the same binary content as CV_8U
(the denominator is what a user runs today without binCV)
OpenCV 4.8.0-dev, cv::getNumThreads() = 1; binCV is single-threaded
 OpenCV build:    Configuration:               Release
 OpenCV build:    Baseline:                    SSE SSE2 SSE3
 OpenCV build:    Dispatched code generation:  SSE4_1 SSE4_2 FP16 AVX AVX2 AVX512_SKX

================ 640 x 480 (307200 pixels) ================
 footprint per buffer: binCV uint32 38400 B, binCV uint64 38400 B, OpenCV CV_8U 307200 B (8.0x)
 bitwiseAnd   set pixels: binCV    76512 OpenCV    76512 agree
 bitwiseOr    set pixels: binCV   230224 OpenCV   230224 agree
 bitwiseXor   set pixels: binCV   153712 OpenCV   153712 agree
 bitwiseNot   set pixels: binCV   153774 OpenCV   153774 agree
 physical bound (1 read + 1 write word copy, fastest batch; worst in parentheses):
 38400 B buffer 142.25 GB/s (66.16) 307200 B buffer 114.86 GB/s (57.55)
 std::memcpy at the same footprints (context only, NOT the bound, and not monotonic in size): 131.72 GB/s, 8.08 GB/s
 working set per call: binCV 115200 B, OpenCV 921600 B (three buffers)
[BENCH] bitwiseAnd             binCV uint32        0.00274 ns/px   136.82 GB/s
[BENCH] bitwiseAnd             binCV uint64        0.00352 ns/px   106.42 GB/s
[BENCH] bitwiseAnd             OpenCV CV_8U        0.02752 ns/px   109.01 GB/s
[BENCH] bitwiseOr              binCV uint32        0.00352 ns/px   106.65 GB/s
[BENCH] bitwiseOr              binCV uint64        0.00273 ns/px   137.61 GB/s
[BENCH] bitwiseOr              OpenCV CV_8U        0.02782 ns/px   107.85 GB/s
[BENCH] bitwiseXor             binCV uint32        0.00381 ns/px    98.40 GB/s
[BENCH] bitwiseXor             binCV uint64        0.00357 ns/px   104.99 GB/s
[BENCH] bitwiseXor             OpenCV CV_8U        0.02779 ns/px   107.96 GB/s
[BENCH] bitwiseNot             binCV uint32        0.00351 ns/px    71.28 GB/s
[BENCH] bitwiseNot             binCV uint64        0.00347 ns/px    72.07 GB/s
[BENCH] bitwiseNot             OpenCV CV_8U        0.06174 ns/px    32.39 GB/s

 OP           IMPLEMENTATION       ns/pixel       GB/s    vs OpenCV
 ---------------------------------------------------------------------
 bitwiseAnd   binCV uint32          0.00274     136.82       10.04x
 bitwiseAnd   binCV uint64          0.00352     106.42        7.81x
 bitwiseAnd   OpenCV CV_8U          0.02752     109.01        1.00x
 bitwiseOr    binCV uint32          0.00352     106.65        7.91x
 bitwiseOr    binCV uint64          0.00273     137.61       10.21x
 bitwiseOr    OpenCV CV_8U          0.02782     107.85        1.00x
 bitwiseXor   binCV uint32          0.00381      98.40        7.29x
 bitwiseXor   binCV uint64          0.00357     104.99        7.78x
 bitwiseXor   OpenCV CV_8U          0.02779     107.96        1.00x
 bitwiseNot   binCV uint32          0.00351      71.28       17.60x
 bitwiseNot   binCV uint64          0.00347      72.07       17.80x
 bitwiseNot   OpenCV CV_8U          0.06174      32.39        1.00x
 ratio > 1 means binCV is faster. sink=14601085114684137610

================ 1024 x 1024 (1048576 pixels) ================
 footprint per buffer: binCV uint32 131072 B, binCV uint64 131072 B, OpenCV CV_8U 1048576 B (8.0x)
 bitwiseAnd   set pixels: binCV   261799 OpenCV   261799 agree
 bitwiseOr    set pixels: binCV   787067 OpenCV   787067 agree
 bitwiseXor   set pixels: binCV   525268 OpenCV   525268 agree
 bitwiseNot   set pixels: binCV   523860 OpenCV   523860 agree
 physical bound (1 read + 1 write word copy, fastest batch; worst in parentheses):
 131072 B buffer 138.28 GB/s (64.94) 1048576 B buffer 110.84 GB/s (67.25)
 std::memcpy at the same footprints (context only, NOT the bound, and not monotonic in size): 8.36 GB/s, 7.84 GB/s
 working set per call: binCV 393216 B, OpenCV 3145728 B (three buffers)
[BENCH] bitwiseAnd             binCV uint32        0.00300 ns/px   124.79 GB/s
[BENCH] bitwiseAnd             binCV uint64        0.00359 ns/px   104.50 GB/s
[BENCH] bitwiseAnd             OpenCV CV_8U        0.02935 ns/px   102.22 GB/s
[BENCH] bitwiseOr              binCV uint32        0.00365 ns/px   102.85 GB/s
[BENCH] bitwiseOr              binCV uint64        0.00298 ns/px   125.68 GB/s
[BENCH] bitwiseOr              OpenCV CV_8U        0.03017 ns/px    99.42 GB/s
[BENCH] bitwiseXor             binCV uint32        0.00366 ns/px   102.32 GB/s
[BENCH] bitwiseXor             binCV uint64        0.00356 ns/px   105.47 GB/s
[BENCH] bitwiseXor             OpenCV CV_8U        0.03066 ns/px    97.85 GB/s
[BENCH] bitwiseNot             binCV uint32        0.00348 ns/px    71.86 GB/s
[BENCH] bitwiseNot             binCV uint64        0.00388 ns/px    64.41 GB/s
[BENCH] bitwiseNot             OpenCV CV_8U        0.06140 ns/px    32.57 GB/s

 OP           IMPLEMENTATION       ns/pixel       GB/s    vs OpenCV
 ---------------------------------------------------------------------
 bitwiseAnd   binCV uint32          0.00300     124.79        9.77x
 bitwiseAnd   binCV uint64          0.00359     104.50        8.18x
 bitwiseAnd   OpenCV CV_8U          0.02935     102.22        1.00x
 bitwiseOr    binCV uint32          0.00365     102.85        8.28x
 bitwiseOr    binCV uint64          0.00298     125.68       10.11x
 bitwiseOr    OpenCV CV_8U          0.03017      99.42        1.00x
 bitwiseXor   binCV uint32          0.00366     102.32        8.37x
 bitwiseXor   binCV uint64          0.00356     105.47        8.62x
 bitwiseXor   OpenCV CV_8U          0.03066      97.85        1.00x
 bitwiseNot   binCV uint32          0.00348      71.86       17.65x
 bitwiseNot   binCV uint64          0.00388      64.41       15.82x
 bitwiseNot   OpenCV CV_8U          0.06140      32.57        1.00x
 ratio > 1 means binCV is faster. sink=12527260567393598370

================ 8192 x 4096 (33554432 pixels) ================
 footprint per buffer: binCV uint32 4194304 B, binCV uint64 4194304 B, OpenCV CV_8U 33554432 B (8.0x)
 bitwiseAnd   set pixels: binCV  8389345 OpenCV  8389345 agree
 bitwiseOr    set pixels: binCV 25165591 OpenCV 25165591 agree
 bitwiseXor   set pixels: binCV 16776246 OpenCV 16776246 agree
 bitwiseNot   set pixels: binCV 16778496 OpenCV 16778496 agree
 physical bound (1 read + 1 write word copy, fastest batch; worst in parentheses):
 4194304 B buffer 97.95 GB/s (54.49) 33554432 B buffer 18.60 GB/s (7.38)
 std::memcpy at the same footprints (context only, NOT the bound, and not monotonic in size): 7.53 GB/s, 24.66 GB/s
 working set per call: binCV 12582912 B, OpenCV 100663296 B (three buffers)
[BENCH] bitwiseAnd             binCV uint32        0.01074 ns/px    34.92 GB/s
[BENCH] bitwiseAnd             binCV uint64        0.00955 ns/px    39.26 GB/s
[BENCH] bitwiseAnd             OpenCV CV_8U        0.17442 ns/px    17.20 GB/s
[BENCH] bitwiseOr              binCV uint32        0.01398 ns/px    26.83 GB/s
[BENCH] bitwiseOr              binCV uint64        0.01063 ns/px    35.27 GB/s
[BENCH] bitwiseOr              OpenCV CV_8U        0.17079 ns/px    17.57 GB/s
[BENCH] bitwiseXor             binCV uint32        0.01290 ns/px    29.06 GB/s
[BENCH] bitwiseXor             binCV uint64        0.01124 ns/px    33.37 GB/s
[BENCH] bitwiseXor             OpenCV CV_8U        0.16544 ns/px    18.13 GB/s
[BENCH] bitwiseNot             binCV uint32        0.00920 ns/px    27.17 GB/s
[BENCH] bitwiseNot             binCV uint64        0.00560 ns/px    44.66 GB/s
[BENCH] bitwiseNot             OpenCV CV_8U        0.08304 ns/px    24.08 GB/s

 OP           IMPLEMENTATION       ns/pixel       GB/s    vs OpenCV
 ---------------------------------------------------------------------
 bitwiseAnd   binCV uint32          0.01074      34.92       16.24x
 bitwiseAnd   binCV uint64          0.00955      39.26       18.26x
 bitwiseAnd   OpenCV CV_8U          0.17442      17.20        1.00x
 bitwiseOr    binCV uint32          0.01398      26.83       12.22x
 bitwiseOr    binCV uint64          0.01063      35.27       16.06x
 bitwiseOr    OpenCV CV_8U          0.17079      17.57        1.00x
 bitwiseXor   binCV uint32          0.01290      29.06       12.82x
 bitwiseXor   binCV uint64          0.01124      33.37       14.72x
 bitwiseXor   OpenCV CV_8U          0.16544      18.13        1.00x
 bitwiseNot   binCV uint32          0.00920      27.17        9.02x
 bitwiseNot   binCV uint64          0.00560      44.66       14.83x
 bitwiseNot   OpenCV CV_8U          0.08304      24.08        1.00x
 ratio > 1 means binCV is faster. sink=5294418062422592709
### run 2
=== Benchmark Config ===
Width: 640, Height: 480, Iterations: 100, DType: uint8, Sparsity: 1

logic kernels vs OpenCV on the same binary content as CV_8U
(the denominator is what a user runs today without binCV)
OpenCV 4.8.0-dev, cv::getNumThreads() = 1; binCV is single-threaded
 OpenCV build:    Configuration:               Release
 OpenCV build:    Baseline:                    SSE SSE2 SSE3
 OpenCV build:    Dispatched code generation:  SSE4_1 SSE4_2 FP16 AVX AVX2 AVX512_SKX

================ 640 x 480 (307200 pixels) ================
 footprint per buffer: binCV uint32 38400 B, binCV uint64 38400 B, OpenCV CV_8U 307200 B (8.0x)
 bitwiseAnd   set pixels: binCV    76512 OpenCV    76512 agree
 bitwiseOr    set pixels: binCV   230224 OpenCV   230224 agree
 bitwiseXor   set pixels: binCV   153712 OpenCV   153712 agree
 bitwiseNot   set pixels: binCV   153774 OpenCV   153774 agree
 physical bound (1 read + 1 write word copy, fastest batch; worst in parentheses):
 38400 B buffer 142.59 GB/s (68.43) 307200 B buffer 112.31 GB/s (54.54)
 std::memcpy at the same footprints (context only, NOT the bound, and not monotonic in size): 128.06 GB/s, 8.18 GB/s
 working set per call: binCV 115200 B, OpenCV 921600 B (three buffers)
[BENCH] bitwiseAnd             binCV uint32        0.00298 ns/px   125.83 GB/s
[BENCH] bitwiseAnd             binCV uint64        0.00432 ns/px    86.79 GB/s
[BENCH] bitwiseAnd             OpenCV CV_8U        0.02953 ns/px   101.58 GB/s
[BENCH] bitwiseOr              binCV uint32        0.00385 ns/px    97.40 GB/s
[BENCH] bitwiseOr              binCV uint64        0.00302 ns/px   124.10 GB/s
[BENCH] bitwiseOr              OpenCV CV_8U        0.02902 ns/px   103.39 GB/s
[BENCH] bitwiseXor             binCV uint32        0.00365 ns/px   102.83 GB/s
[BENCH] bitwiseXor             binCV uint64        0.00357 ns/px   104.91 GB/s
[BENCH] bitwiseXor             OpenCV CV_8U        0.02930 ns/px   102.40 GB/s
[BENCH] bitwiseNot             binCV uint32        0.00364 ns/px    68.65 GB/s
[BENCH] bitwiseNot             binCV uint64        0.00380 ns/px    65.79 GB/s
[BENCH] bitwiseNot             OpenCV CV_8U        0.06617 ns/px    30.23 GB/s

 OP           IMPLEMENTATION       ns/pixel       GB/s    vs OpenCV
 ---------------------------------------------------------------------
 bitwiseAnd   binCV uint32          0.00298     125.83        9.91x
 bitwiseAnd   binCV uint64          0.00432      86.79        6.84x
 bitwiseAnd   OpenCV CV_8U          0.02953     101.58        1.00x
 bitwiseOr    binCV uint32          0.00385      97.40        7.54x
 bitwiseOr    binCV uint64          0.00302     124.10        9.60x
 bitwiseOr    OpenCV CV_8U          0.02902     103.39        1.00x
 bitwiseXor   binCV uint32          0.00365     102.83        8.03x
 bitwiseXor   binCV uint64          0.00357     104.91        8.20x
 bitwiseXor   OpenCV CV_8U          0.02930     102.40        1.00x
 bitwiseNot   binCV uint32          0.00364      68.65       18.17x
 bitwiseNot   binCV uint64          0.00380      65.79       17.41x
 bitwiseNot   OpenCV CV_8U          0.06617      30.23        1.00x
 ratio > 1 means binCV is faster. sink=5266267737237497290

================ 1024 x 1024 (1048576 pixels) ================
 footprint per buffer: binCV uint32 131072 B, binCV uint64 131072 B, OpenCV CV_8U 1048576 B (8.0x)
 bitwiseAnd   set pixels: binCV   261799 OpenCV   261799 agree
 bitwiseOr    set pixels: binCV   787067 OpenCV   787067 agree
 bitwiseXor   set pixels: binCV   525268 OpenCV   525268 agree
 bitwiseNot   set pixels: binCV   523860 OpenCV   523860 agree
 physical bound (1 read + 1 write word copy, fastest batch; worst in parentheses):
 131072 B buffer 134.14 GB/s (61.16) 1048576 B buffer 106.41 GB/s (42.64)
 std::memcpy at the same footprints (context only, NOT the bound, and not monotonic in size): 8.07 GB/s, 6.52 GB/s
 working set per call: binCV 393216 B, OpenCV 3145728 B (three buffers)
[BENCH] bitwiseAnd             binCV uint32        0.00349 ns/px   107.30 GB/s
[BENCH] bitwiseAnd             binCV uint64        0.00797 ns/px    47.05 GB/s
[BENCH] bitwiseAnd             OpenCV CV_8U        0.03170 ns/px    94.65 GB/s
[BENCH] bitwiseOr              binCV uint32        0.00390 ns/px    96.16 GB/s
[BENCH] bitwiseOr              binCV uint64        0.00329 ns/px   114.08 GB/s
[BENCH] bitwiseOr              OpenCV CV_8U        0.03139 ns/px    95.58 GB/s
[BENCH] bitwiseXor             binCV uint32        0.00376 ns/px    99.66 GB/s
[BENCH] bitwiseXor             binCV uint64        0.00399 ns/px    93.99 GB/s
[BENCH] bitwiseXor             OpenCV CV_8U        0.03123 ns/px    96.07 GB/s
[BENCH] bitwiseNot             binCV uint32        0.00371 ns/px    67.37 GB/s
[BENCH] bitwiseNot             binCV uint64        0.00360 ns/px    69.36 GB/s
[BENCH] bitwiseNot             OpenCV CV_8U        0.06707 ns/px    29.82 GB/s

 OP           IMPLEMENTATION       ns/pixel       GB/s    vs OpenCV
 ---------------------------------------------------------------------
 bitwiseAnd   binCV uint32          0.00349     107.30        9.07x
 bitwiseAnd   binCV uint64          0.00797      47.05        3.98x
 bitwiseAnd   OpenCV CV_8U          0.03170      94.65        1.00x
 bitwiseOr    binCV uint32          0.00390      96.16        8.05x
 bitwiseOr    binCV uint64          0.00329     114.08        9.55x
 bitwiseOr    OpenCV CV_8U          0.03139      95.58        1.00x
 bitwiseXor   binCV uint32          0.00376      99.66        8.30x
 bitwiseXor   binCV uint64          0.00399      93.99        7.83x
 bitwiseXor   OpenCV CV_8U          0.03123      96.07        1.00x
 bitwiseNot   binCV uint32          0.00371      67.37       18.07x
 bitwiseNot   binCV uint64          0.00360      69.36       18.61x
 bitwiseNot   OpenCV CV_8U          0.06707      29.82        1.00x
 ratio > 1 means binCV is faster. sink=16225769190135646830

================ 8192 x 4096 (33554432 pixels) ================
 footprint per buffer: binCV uint32 4194304 B, binCV uint64 4194304 B, OpenCV CV_8U 33554432 B (8.0x)
 bitwiseAnd   set pixels: binCV  8389345 OpenCV  8389345 agree
 bitwiseOr    set pixels: binCV 25165591 OpenCV 25165591 agree
 bitwiseXor   set pixels: binCV 16776246 OpenCV 16776246 agree
 bitwiseNot   set pixels: binCV 16778496 OpenCV 16778496 agree
 physical bound (1 read + 1 write word copy, fastest batch; worst in parentheses):
 4194304 B buffer 92.97 GB/s (50.86) 33554432 B buffer 15.96 GB/s (5.47)
 std::memcpy at the same footprints (context only, NOT the bound, and not monotonic in size): 7.76 GB/s, 24.07 GB/s
 working set per call: binCV 12582912 B, OpenCV 100663296 B (three buffers)
[BENCH] bitwiseAnd             binCV uint32        0.01003 ns/px    37.40 GB/s
[BENCH] bitwiseAnd             binCV uint64        0.01135 ns/px    33.05 GB/s
[BENCH] bitwiseAnd             OpenCV CV_8U        0.17437 ns/px    17.20 GB/s
[BENCH] bitwiseOr              binCV uint32        0.01151 ns/px    32.58 GB/s
[BENCH] bitwiseOr              binCV uint64        0.01292 ns/px    29.02 GB/s
[BENCH] bitwiseOr              OpenCV CV_8U        0.18272 ns/px    16.42 GB/s
[BENCH] bitwiseXor             binCV uint32        0.01109 ns/px    33.82 GB/s
[BENCH] bitwiseXor             binCV uint64        0.01169 ns/px    32.07 GB/s
[BENCH] bitwiseXor             OpenCV CV_8U        0.16239 ns/px    18.47 GB/s
[BENCH] bitwiseNot             binCV uint32        0.00587 ns/px    42.60 GB/s
[BENCH] bitwiseNot             binCV uint64        0.00791 ns/px    31.59 GB/s
[BENCH] bitwiseNot             OpenCV CV_8U        0.08567 ns/px    23.34 GB/s

 OP           IMPLEMENTATION       ns/pixel       GB/s    vs OpenCV
 ---------------------------------------------------------------------
 bitwiseAnd   binCV uint32          0.01003      37.40       17.39x
 bitwiseAnd   binCV uint64          0.01135      33.05       15.37x
 bitwiseAnd   OpenCV CV_8U          0.17437      17.20        1.00x
 bitwiseOr    binCV uint32          0.01151      32.58       15.88x
 bitwiseOr    binCV uint64          0.01292      29.02       14.14x
 bitwiseOr    OpenCV CV_8U          0.18272      16.42        1.00x
 bitwiseXor   binCV uint32          0.01109      33.82       14.65x
 bitwiseXor   binCV uint64          0.01169      32.07       13.89x
 bitwiseXor   OpenCV CV_8U          0.16239      18.47        1.00x
 bitwiseNot   binCV uint32          0.00587      42.60       14.60x
 bitwiseNot   binCV uint64          0.00791      31.59       10.83x
 bitwiseNot   OpenCV CV_8U          0.08567      23.34        1.00x
 ratio > 1 means binCV is faster. sink=8286390235630373558
### run 3
=== Benchmark Config ===
Width: 640, Height: 480, Iterations: 100, DType: uint8, Sparsity: 1

logic kernels vs OpenCV on the same binary content as CV_8U
(the denominator is what a user runs today without binCV)
OpenCV 4.8.0-dev, cv::getNumThreads() = 1; binCV is single-threaded
 OpenCV build:    Configuration:               Release
 OpenCV build:    Baseline:                    SSE SSE2 SSE3
 OpenCV build:    Dispatched code generation:  SSE4_1 SSE4_2 FP16 AVX AVX2 AVX512_SKX

================ 640 x 480 (307200 pixels) ================
 footprint per buffer: binCV uint32 38400 B, binCV uint64 38400 B, OpenCV CV_8U 307200 B (8.0x)
 bitwiseAnd   set pixels: binCV    76512 OpenCV    76512 agree
 bitwiseOr    set pixels: binCV   230224 OpenCV   230224 agree
 bitwiseXor   set pixels: binCV   153712 OpenCV   153712 agree
 bitwiseNot   set pixels: binCV   153774 OpenCV   153774 agree
 physical bound (1 read + 1 write word copy, fastest batch; worst in parentheses):
 38400 B buffer 139.90 GB/s (90.37) 307200 B buffer 106.14 GB/s (38.09)
 std::memcpy at the same footprints (context only, NOT the bound, and not monotonic in size): 130.07 GB/s, 7.76 GB/s
 working set per call: binCV 115200 B, OpenCV 921600 B (three buffers)
[BENCH] bitwiseAnd             binCV uint32        0.00287 ns/px   130.46 GB/s
[BENCH] bitwiseAnd             binCV uint64        0.00367 ns/px   102.10 GB/s
[BENCH] bitwiseAnd             OpenCV CV_8U        0.02864 ns/px   104.75 GB/s
[BENCH] bitwiseOr              binCV uint32        0.00359 ns/px   104.38 GB/s
[BENCH] bitwiseOr              binCV uint64        0.00275 ns/px   136.47 GB/s
[BENCH] bitwiseOr              OpenCV CV_8U        0.02865 ns/px   104.73 GB/s
[BENCH] bitwiseXor             binCV uint32        0.00362 ns/px   103.63 GB/s
[BENCH] bitwiseXor             binCV uint64        0.00368 ns/px   101.77 GB/s
[BENCH] bitwiseXor             OpenCV CV_8U        0.02857 ns/px   105.02 GB/s
[BENCH] bitwiseNot             binCV uint32        0.00350 ns/px    71.36 GB/s
[BENCH] bitwiseNot             binCV uint64        0.00354 ns/px    70.69 GB/s
[BENCH] bitwiseNot             OpenCV CV_8U        0.06449 ns/px    31.01 GB/s

 OP           IMPLEMENTATION       ns/pixel       GB/s    vs OpenCV
 ---------------------------------------------------------------------
 bitwiseAnd   binCV uint32          0.00287     130.46        9.96x
 bitwiseAnd   binCV uint64          0.00367     102.10        7.80x
 bitwiseAnd   OpenCV CV_8U          0.02864     104.75        1.00x
 bitwiseOr    binCV uint32          0.00359     104.38        7.97x
 bitwiseOr    binCV uint64          0.00275     136.47       10.43x
 bitwiseOr    OpenCV CV_8U          0.02865     104.73        1.00x
 bitwiseXor   binCV uint32          0.00362     103.63        7.89x
 bitwiseXor   binCV uint64          0.00368     101.77        7.75x
 bitwiseXor   OpenCV CV_8U          0.02857     105.02        1.00x
 bitwiseNot   binCV uint32          0.00350      71.36       18.41x
 bitwiseNot   binCV uint64          0.00354      70.69       18.24x
 bitwiseNot   OpenCV CV_8U          0.06449      31.01        1.00x
 ratio > 1 means binCV is faster. sink=14871666310730471634

================ 1024 x 1024 (1048576 pixels) ================
 footprint per buffer: binCV uint32 131072 B, binCV uint64 131072 B, OpenCV CV_8U 1048576 B (8.0x)
 bitwiseAnd   set pixels: binCV   261799 OpenCV   261799 agree
 bitwiseOr    set pixels: binCV   787067 OpenCV   787067 agree
 bitwiseXor   set pixels: binCV   525268 OpenCV   525268 agree
 bitwiseNot   set pixels: binCV   523860 OpenCV   523860 agree
 physical bound (1 read + 1 write word copy, fastest batch; worst in parentheses):
 131072 B buffer 127.04 GB/s (43.64) 1048576 B buffer 103.87 GB/s (67.01)
 std::memcpy at the same footprints (context only, NOT the bound, and not monotonic in size): 8.04 GB/s, 7.66 GB/s
 working set per call: binCV 393216 B, OpenCV 3145728 B (three buffers)
[BENCH] bitwiseAnd             binCV uint32        0.00328 ns/px   114.32 GB/s
[BENCH] bitwiseAnd             binCV uint64        0.00446 ns/px    84.12 GB/s
[BENCH] bitwiseAnd             OpenCV CV_8U        0.03017 ns/px    99.44 GB/s
[BENCH] bitwiseOr              binCV uint32        0.00365 ns/px   102.79 GB/s
[BENCH] bitwiseOr              binCV uint64        0.00305 ns/px   122.93 GB/s
[BENCH] bitwiseOr              OpenCV CV_8U        0.02968 ns/px   101.07 GB/s
[BENCH] bitwiseXor             binCV uint32        0.00370 ns/px   101.43 GB/s
[BENCH] bitwiseXor             binCV uint64        0.00384 ns/px    97.56 GB/s
[BENCH] bitwiseXor             OpenCV CV_8U        0.03523 ns/px    85.16 GB/s
[BENCH] bitwiseNot             binCV uint32        0.00367 ns/px    68.14 GB/s
[BENCH] bitwiseNot             binCV uint64        0.00355 ns/px    70.51 GB/s
[BENCH] bitwiseNot             OpenCV CV_8U        0.06119 ns/px    32.68 GB/s

 OP           IMPLEMENTATION       ns/pixel       GB/s    vs OpenCV
 ---------------------------------------------------------------------
 bitwiseAnd   binCV uint32          0.00328     114.32        9.20x
 bitwiseAnd   binCV uint64          0.00446      84.12        6.77x
 bitwiseAnd   OpenCV CV_8U          0.03017      99.44        1.00x
 bitwiseOr    binCV uint32          0.00365     102.79        8.14x
 bitwiseOr    binCV uint64          0.00305     122.93        9.73x
 bitwiseOr    OpenCV CV_8U          0.02968     101.07        1.00x
 bitwiseXor   binCV uint32          0.00370     101.43        9.53x
 bitwiseXor   binCV uint64          0.00384      97.56        9.17x
 bitwiseXor   OpenCV CV_8U          0.03523      85.16        1.00x
 bitwiseNot   binCV uint32          0.00367      68.14       16.68x
 bitwiseNot   binCV uint64          0.00355      70.51       17.26x
 bitwiseNot   OpenCV CV_8U          0.06119      32.68        1.00x
 ratio > 1 means binCV is faster. sink=10374172438035463897

================ 8192 x 4096 (33554432 pixels) ================
 footprint per buffer: binCV uint32 4194304 B, binCV uint64 4194304 B, OpenCV CV_8U 33554432 B (8.0x)
 bitwiseAnd   set pixels: binCV  8389345 OpenCV  8389345 agree
 bitwiseOr    set pixels: binCV 25165591 OpenCV 25165591 agree
 bitwiseXor   set pixels: binCV 16776246 OpenCV 16776246 agree
 bitwiseNot   set pixels: binCV 16778496 OpenCV 16778496 agree
 physical bound (1 read + 1 write word copy, fastest batch; worst in parentheses):
 4194304 B buffer 91.70 GB/s (24.59) 33554432 B buffer 15.31 GB/s (6.00)
 std::memcpy at the same footprints (context only, NOT the bound, and not monotonic in size): 8.77 GB/s, 25.30 GB/s
 working set per call: binCV 12582912 B, OpenCV 100663296 B (three buffers)
[BENCH] bitwiseAnd             binCV uint32        0.01028 ns/px    36.47 GB/s
[BENCH] bitwiseAnd             binCV uint64        0.01076 ns/px    34.86 GB/s
[BENCH] bitwiseAnd             OpenCV CV_8U        0.17705 ns/px    16.94 GB/s
[BENCH] bitwiseOr              binCV uint32        0.01064 ns/px    35.25 GB/s
[BENCH] bitwiseOr              binCV uint64        0.01050 ns/px    35.73 GB/s
[BENCH] bitwiseOr              OpenCV CV_8U        0.17157 ns/px    17.49 GB/s
[BENCH] bitwiseXor             binCV uint32        0.01045 ns/px    35.87 GB/s
[BENCH] bitwiseXor             binCV uint64        0.01332 ns/px    28.16 GB/s
[BENCH] bitwiseXor             OpenCV CV_8U        0.17152 ns/px    17.49 GB/s
[BENCH] bitwiseNot             binCV uint32        0.00620 ns/px    40.33 GB/s
[BENCH] bitwiseNot             binCV uint64        0.00603 ns/px    41.48 GB/s
[BENCH] bitwiseNot             OpenCV CV_8U        0.08431 ns/px    23.72 GB/s

 OP           IMPLEMENTATION       ns/pixel       GB/s    vs OpenCV
 ---------------------------------------------------------------------
 bitwiseAnd   binCV uint32          0.01028      36.47       17.22x
 bitwiseAnd   binCV uint64          0.01076      34.86       16.46x
 bitwiseAnd   OpenCV CV_8U          0.17705      16.94        1.00x
 bitwiseOr    binCV uint32          0.01064      35.25       16.13x
 bitwiseOr    binCV uint64          0.01050      35.73       16.35x
 bitwiseOr    OpenCV CV_8U          0.17157      17.49        1.00x
 bitwiseXor   binCV uint32          0.01045      35.87       16.41x
 bitwiseXor   binCV uint64          0.01332      28.16       12.88x
 bitwiseXor   OpenCV CV_8U          0.17152      17.49        1.00x
 bitwiseNot   binCV uint32          0.00620      40.33       13.60x
 bitwiseNot   binCV uint64          0.00603      41.48       13.99x
 bitwiseNot   OpenCV CV_8U          0.08431      23.72        1.00x
 IMPLAUSIBLE: 23.72 GB/s is more than 1.5x the 15.31 GB/s copy-loop bound at this footprint -- treat this row as a broken measurement
 ratio > 1 means binCV is faster. sink=16388577614586697523

AT LEAST ONE SIZE DID NOT MEASURE CLEANLY -- exiting non-zero. Do not
quote any number above without reading why.
### run 3 EXIT 1
### run 4
=== Benchmark Config ===
Width: 640, Height: 480, Iterations: 100, DType: uint8, Sparsity: 1

logic kernels vs OpenCV on the same binary content as CV_8U
(the denominator is what a user runs today without binCV)
OpenCV 4.8.0-dev, cv::getNumThreads() = 1; binCV is single-threaded
 OpenCV build:    Configuration:               Release
 OpenCV build:    Baseline:                    SSE SSE2 SSE3
 OpenCV build:    Dispatched code generation:  SSE4_1 SSE4_2 FP16 AVX AVX2 AVX512_SKX

================ 640 x 480 (307200 pixels) ================
 footprint per buffer: binCV uint32 38400 B, binCV uint64 38400 B, OpenCV CV_8U 307200 B (8.0x)
 bitwiseAnd   set pixels: binCV    76512 OpenCV    76512 agree
 bitwiseOr    set pixels: binCV   230224 OpenCV   230224 agree
 bitwiseXor   set pixels: binCV   153712 OpenCV   153712 agree
 bitwiseNot   set pixels: binCV   153774 OpenCV   153774 agree
 physical bound (1 read + 1 write word copy, fastest batch; worst in parentheses):
 38400 B buffer 139.24 GB/s (56.58) 307200 B buffer 109.84 GB/s (49.69)
 std::memcpy at the same footprints (context only, NOT the bound, and not monotonic in size): 128.74 GB/s, 8.32 GB/s
 working set per call: binCV 115200 B, OpenCV 921600 B (three buffers)
[BENCH] bitwiseAnd             binCV uint32        0.00303 ns/px   123.86 GB/s
[BENCH] bitwiseAnd             binCV uint64        0.00370 ns/px   101.37 GB/s
[BENCH] bitwiseAnd             OpenCV CV_8U        0.02913 ns/px   103.00 GB/s
[BENCH] bitwiseOr              binCV uint32        0.00389 ns/px    96.31 GB/s
[BENCH] bitwiseOr              binCV uint64        0.00300 ns/px   125.13 GB/s
[BENCH] bitwiseOr              OpenCV CV_8U        0.02844 ns/px   105.48 GB/s
[BENCH] bitwiseXor             binCV uint32        0.00395 ns/px    94.96 GB/s
[BENCH] bitwiseXor             binCV uint64        0.00364 ns/px   103.10 GB/s
[BENCH] bitwiseXor             OpenCV CV_8U        0.02794 ns/px   107.39 GB/s
[BENCH] bitwiseNot             binCV uint32        0.00355 ns/px    70.46 GB/s
[BENCH] bitwiseNot             binCV uint64        0.00354 ns/px    70.69 GB/s
[BENCH] bitwiseNot             OpenCV CV_8U        0.06470 ns/px    30.91 GB/s

 OP           IMPLEMENTATION       ns/pixel       GB/s    vs OpenCV
 ---------------------------------------------------------------------
 bitwiseAnd   binCV uint32          0.00303     123.86        9.62x
 bitwiseAnd   binCV uint64          0.00370     101.37        7.87x
 bitwiseAnd   OpenCV CV_8U          0.02913     103.00        1.00x
 bitwiseOr    binCV uint32          0.00389      96.31        7.30x
 bitwiseOr    binCV uint64          0.00300     125.13        9.49x
 bitwiseOr    OpenCV CV_8U          0.02844     105.48        1.00x
 bitwiseXor   binCV uint32          0.00395      94.96        7.07x
 bitwiseXor   binCV uint64          0.00364     103.10        7.68x
 bitwiseXor   OpenCV CV_8U          0.02794     107.39        1.00x
 bitwiseNot   binCV uint32          0.00355      70.46       18.24x
 bitwiseNot   binCV uint64          0.00354      70.69       18.29x
 bitwiseNot   OpenCV CV_8U          0.06470      30.91        1.00x
 ratio > 1 means binCV is faster. sink=13025411489859859813

================ 1024 x 1024 (1048576 pixels) ================
 footprint per buffer: binCV uint32 131072 B, binCV uint64 131072 B, OpenCV CV_8U 1048576 B (8.0x)
 bitwiseAnd   set pixels: binCV   261799 OpenCV   261799 agree
 bitwiseOr    set pixels: binCV   787067 OpenCV   787067 agree
 bitwiseXor   set pixels: binCV   525268 OpenCV   525268 agree
 bitwiseNot   set pixels: binCV   523860 OpenCV   523860 agree
 physical bound (1 read + 1 write word copy, fastest batch; worst in parentheses):
 131072 B buffer 127.67 GB/s (71.70) 1048576 B buffer 109.00 GB/s (74.35)
 std::memcpy at the same footprints (context only, NOT the bound, and not monotonic in size): 8.21 GB/s, 6.45 GB/s
 working set per call: binCV 393216 B, OpenCV 3145728 B (three buffers)
[BENCH] bitwiseAnd             binCV uint32        0.00304 ns/px   123.27 GB/s
[BENCH] bitwiseAnd             binCV uint64        0.00369 ns/px   101.70 GB/s
[BENCH] bitwiseAnd             OpenCV CV_8U        0.03182 ns/px    94.29 GB/s
[BENCH] bitwiseOr              binCV uint32        0.00369 ns/px   101.61 GB/s
[BENCH] bitwiseOr              binCV uint64        0.00315 ns/px   119.15 GB/s
[BENCH] bitwiseOr              OpenCV CV_8U        0.03027 ns/px    99.11 GB/s
[BENCH] bitwiseXor             binCV uint32        0.00375 ns/px   100.09 GB/s
[BENCH] bitwiseXor             binCV uint64        0.00590 ns/px    63.53 GB/s
[BENCH] bitwiseXor             OpenCV CV_8U        0.03062 ns/px    97.97 GB/s
[BENCH] bitwiseNot             binCV uint32        0.00362 ns/px    69.07 GB/s
[BENCH] bitwiseNot             binCV uint64        0.00358 ns/px    69.85 GB/s
[BENCH] bitwiseNot             OpenCV CV_8U        0.06242 ns/px    32.04 GB/s

 OP           IMPLEMENTATION       ns/pixel       GB/s    vs OpenCV
 ---------------------------------------------------------------------
 bitwiseAnd   binCV uint32          0.00304     123.27       10.46x
 bitwiseAnd   binCV uint64          0.00369     101.70        8.63x
 bitwiseAnd   OpenCV CV_8U          0.03182      94.29        1.00x
 bitwiseOr    binCV uint32          0.00369     101.61        8.20x
 bitwiseOr    binCV uint64          0.00315     119.15        9.62x
 bitwiseOr    OpenCV CV_8U          0.03027      99.11        1.00x
 bitwiseXor   binCV uint32          0.00375     100.09        8.17x
 bitwiseXor   binCV uint64          0.00590      63.53        5.19x
 bitwiseXor   OpenCV CV_8U          0.03062      97.97        1.00x
 bitwiseNot   binCV uint32          0.00362      69.07       17.25x
 bitwiseNot   binCV uint64          0.00358      69.85       17.44x
 bitwiseNot   OpenCV CV_8U          0.06242      32.04        1.00x
 ratio > 1 means binCV is faster. sink=9961994272141911752

================ 8192 x 4096 (33554432 pixels) ================
 footprint per buffer: binCV uint32 4194304 B, binCV uint64 4194304 B, OpenCV CV_8U 33554432 B (8.0x)
 bitwiseAnd   set pixels: binCV  8389345 OpenCV  8389345 agree
 bitwiseOr    set pixels: binCV 25165591 OpenCV 25165591 agree
 bitwiseXor   set pixels: binCV 16776246 OpenCV 16776246 agree
 bitwiseNot   set pixels: binCV 16778496 OpenCV 16778496 agree
 physical bound (1 read + 1 write word copy, fastest batch; worst in parentheses):
 4194304 B buffer 101.65 GB/s (76.13) 33554432 B buffer 15.92 GB/s (5.23)
 std::memcpy at the same footprints (context only, NOT the bound, and not monotonic in size): 6.32 GB/s, 25.53 GB/s
 working set per call: binCV 12582912 B, OpenCV 100663296 B (three buffers)
[BENCH] bitwiseAnd             binCV uint32        0.01042 ns/px    36.00 GB/s
[BENCH] bitwiseAnd             binCV uint64        0.01036 ns/px    36.20 GB/s
[BENCH] bitwiseAnd             OpenCV CV_8U        0.16429 ns/px    18.26 GB/s
[BENCH] bitwiseOr              binCV uint32        0.01810 ns/px    20.72 GB/s
[BENCH] bitwiseOr              binCV uint64        0.01169 ns/px    32.08 GB/s
[BENCH] bitwiseOr              OpenCV CV_8U        0.16854 ns/px    17.80 GB/s
[BENCH] bitwiseXor             binCV uint32        0.01093 ns/px    34.32 GB/s
[BENCH] bitwiseXor             binCV uint64        0.01096 ns/px    34.23 GB/s
[BENCH] bitwiseXor             OpenCV CV_8U        0.17159 ns/px    17.48 GB/s
[BENCH] bitwiseNot             binCV uint32        0.00507 ns/px    49.30 GB/s
[BENCH] bitwiseNot             binCV uint64        0.00510 ns/px    49.03 GB/s
[BENCH] bitwiseNot             OpenCV CV_8U        0.08551 ns/px    23.39 GB/s

 OP           IMPLEMENTATION       ns/pixel       GB/s    vs OpenCV
 ---------------------------------------------------------------------
 bitwiseAnd   binCV uint32          0.01042      36.00       15.77x
 bitwiseAnd   binCV uint64          0.01036      36.20       15.86x
 bitwiseAnd   OpenCV CV_8U          0.16429      18.26        1.00x
 bitwiseOr    binCV uint32          0.01810      20.72        9.31x
 bitwiseOr    binCV uint64          0.01169      32.08       14.42x
 bitwiseOr    OpenCV CV_8U          0.16854      17.80        1.00x
 bitwiseXor   binCV uint32          0.01093      34.32       15.70x
 bitwiseXor   binCV uint64          0.01096      34.23       15.66x
 bitwiseXor   OpenCV CV_8U          0.17159      17.48        1.00x
 bitwiseNot   binCV uint32          0.00507      49.30       16.86x
 bitwiseNot   binCV uint64          0.00510      49.03       16.77x
 bitwiseNot   OpenCV CV_8U          0.08551      23.39        1.00x
 ratio > 1 means binCV is faster. sink=1118878007393212639
### run 5
=== Benchmark Config ===
Width: 640, Height: 480, Iterations: 100, DType: uint8, Sparsity: 1

logic kernels vs OpenCV on the same binary content as CV_8U
(the denominator is what a user runs today without binCV)
OpenCV 4.8.0-dev, cv::getNumThreads() = 1; binCV is single-threaded
 OpenCV build:    Configuration:               Release
 OpenCV build:    Baseline:                    SSE SSE2 SSE3
 OpenCV build:    Dispatched code generation:  SSE4_1 SSE4_2 FP16 AVX AVX2 AVX512_SKX

================ 640 x 480 (307200 pixels) ================
 footprint per buffer: binCV uint32 38400 B, binCV uint64 38400 B, OpenCV CV_8U 307200 B (8.0x)
 bitwiseAnd   set pixels: binCV    76512 OpenCV    76512 agree
 bitwiseOr    set pixels: binCV   230224 OpenCV   230224 agree
 bitwiseXor   set pixels: binCV   153712 OpenCV   153712 agree
 bitwiseNot   set pixels: binCV   153774 OpenCV   153774 agree
 physical bound (1 read + 1 write word copy, fastest batch; worst in parentheses):
 38400 B buffer 139.60 GB/s (71.36) 307200 B buffer 106.37 GB/s (62.60)
 std::memcpy at the same footprints (context only, NOT the bound, and not monotonic in size): 131.53 GB/s, 7.22 GB/s
 working set per call: binCV 115200 B, OpenCV 921600 B (three buffers)
[BENCH] bitwiseAnd             binCV uint32        0.00311 ns/px   120.69 GB/s
[BENCH] bitwiseAnd             binCV uint64        0.00388 ns/px    96.56 GB/s
[BENCH] bitwiseAnd             OpenCV CV_8U        0.02807 ns/px   106.88 GB/s
[BENCH] bitwiseOr              binCV uint32        0.00362 ns/px   103.70 GB/s
[BENCH] bitwiseOr              binCV uint64        0.00280 ns/px   133.72 GB/s
[BENCH] bitwiseOr              OpenCV CV_8U        0.03620 ns/px    82.88 GB/s
[BENCH] bitwiseXor             binCV uint32        0.00559 ns/px    67.08 GB/s
[BENCH] bitwiseXor             binCV uint64        0.00362 ns/px   103.59 GB/s
[BENCH] bitwiseXor             OpenCV CV_8U        0.02845 ns/px   105.45 GB/s
[BENCH] bitwiseNot             binCV uint32        0.00355 ns/px    70.34 GB/s
[BENCH] bitwiseNot             binCV uint64        0.00356 ns/px    70.14 GB/s
[BENCH] bitwiseNot             OpenCV CV_8U        0.06385 ns/px    31.32 GB/s

 OP           IMPLEMENTATION       ns/pixel       GB/s    vs OpenCV
 ---------------------------------------------------------------------
 bitwiseAnd   binCV uint32          0.00311     120.69        9.03x
 bitwiseAnd   binCV uint64          0.00388      96.56        7.23x
 bitwiseAnd   OpenCV CV_8U          0.02807     106.88        1.00x
 bitwiseOr    binCV uint32          0.00362     103.70       10.01x
 bitwiseOr    binCV uint64          0.00280     133.72       12.91x
 bitwiseOr    OpenCV CV_8U          0.03620      82.88        1.00x
 bitwiseXor   binCV uint32          0.00559      67.08        5.09x
 bitwiseXor   binCV uint64          0.00362     103.59        7.86x
 bitwiseXor   OpenCV CV_8U          0.02845     105.45        1.00x
 bitwiseNot   binCV uint32          0.00355      70.34       17.96x
 bitwiseNot   binCV uint64          0.00356      70.14       17.92x
 bitwiseNot   OpenCV CV_8U          0.06385      31.32        1.00x
 ratio > 1 means binCV is faster. sink=1435326586650812340

================ 1024 x 1024 (1048576 pixels) ================
 footprint per buffer: binCV uint32 131072 B, binCV uint64 131072 B, OpenCV CV_8U 1048576 B (8.0x)
 bitwiseAnd   set pixels: binCV   261799 OpenCV   261799 agree
 bitwiseOr    set pixels: binCV   787067 OpenCV   787067 agree
 bitwiseXor   set pixels: binCV   525268 OpenCV   525268 agree
 bitwiseNot   set pixels: binCV   523860 OpenCV   523860 agree
 physical bound (1 read + 1 write word copy, fastest batch; worst in parentheses):
 131072 B buffer 120.98 GB/s (46.78) 1048576 B buffer 105.43 GB/s (77.14)
 std::memcpy at the same footprints (context only, NOT the bound, and not monotonic in size): 8.20 GB/s, 7.03 GB/s
 working set per call: binCV 393216 B, OpenCV 3145728 B (three buffers)
[BENCH] bitwiseAnd             binCV uint32        0.00309 ns/px   121.28 GB/s
[BENCH] bitwiseAnd             binCV uint64        0.00372 ns/px   100.84 GB/s
[BENCH] bitwiseAnd             OpenCV CV_8U        0.03051 ns/px    98.32 GB/s
[BENCH] bitwiseOr              binCV uint32        0.00371 ns/px   101.12 GB/s
[BENCH] bitwiseOr              binCV uint64        0.00308 ns/px   121.84 GB/s
[BENCH] bitwiseOr              OpenCV CV_8U        0.02995 ns/px   100.16 GB/s
[BENCH] bitwiseXor             binCV uint32        0.00374 ns/px   100.35 GB/s
[BENCH] bitwiseXor             binCV uint64        0.00407 ns/px    92.08 GB/s
[BENCH] bitwiseXor             OpenCV CV_8U        0.03136 ns/px    95.66 GB/s
[BENCH] bitwiseNot             binCV uint32        0.00362 ns/px    69.04 GB/s
[BENCH] bitwiseNot             binCV uint64        0.00354 ns/px    70.54 GB/s
[BENCH] bitwiseNot             OpenCV CV_8U        0.06136 ns/px    32.59 GB/s

 OP           IMPLEMENTATION       ns/pixel       GB/s    vs OpenCV
 ---------------------------------------------------------------------
 bitwiseAnd   binCV uint32          0.00309     121.28        9.87x
 bitwiseAnd   binCV uint64          0.00372     100.84        8.21x
 bitwiseAnd   OpenCV CV_8U          0.03051      98.32        1.00x
 bitwiseOr    binCV uint32          0.00371     101.12        8.08x
 bitwiseOr    binCV uint64          0.00308     121.84        9.73x
 bitwiseOr    OpenCV CV_8U          0.02995     100.16        1.00x
 bitwiseXor   binCV uint32          0.00374     100.35        8.39x
 bitwiseXor   binCV uint64          0.00407      92.08        7.70x
 bitwiseXor   OpenCV CV_8U          0.03136      95.66        1.00x
 bitwiseNot   binCV uint32          0.00362      69.04       16.95x
 bitwiseNot   binCV uint64          0.00354      70.54       17.31x
 bitwiseNot   OpenCV CV_8U          0.06136      32.59        1.00x
 ratio > 1 means binCV is faster. sink=8036031154398063593

================ 8192 x 4096 (33554432 pixels) ================
 footprint per buffer: binCV uint32 4194304 B, binCV uint64 4194304 B, OpenCV CV_8U 33554432 B (8.0x)
 bitwiseAnd   set pixels: binCV  8389345 OpenCV  8389345 agree
 bitwiseOr    set pixels: binCV 25165591 OpenCV 25165591 agree
 bitwiseXor   set pixels: binCV 16776246 OpenCV 16776246 agree
 bitwiseNot   set pixels: binCV 16778496 OpenCV 16778496 agree
 physical bound (1 read + 1 write word copy, fastest batch; worst in parentheses):
 4194304 B buffer 93.35 GB/s (62.53) 33554432 B buffer 16.46 GB/s (8.57)
 std::memcpy at the same footprints (context only, NOT the bound, and not monotonic in size): 9.14 GB/s, 17.17 GB/s
 working set per call: binCV 12582912 B, OpenCV 100663296 B (three buffers)
[BENCH] bitwiseAnd             binCV uint32        0.00998 ns/px    37.59 GB/s
[BENCH] bitwiseAnd             binCV uint64        0.00961 ns/px    39.04 GB/s
[BENCH] bitwiseAnd             OpenCV CV_8U        0.15755 ns/px    19.04 GB/s
[BENCH] bitwiseOr              binCV uint32        0.00888 ns/px    42.24 GB/s
[BENCH] bitwiseOr              binCV uint64        0.00888 ns/px    42.23 GB/s
[BENCH] bitwiseOr              OpenCV CV_8U        0.16440 ns/px    18.25 GB/s
[BENCH] bitwiseXor             binCV uint32        0.01269 ns/px    29.55 GB/s
[BENCH] bitwiseXor             binCV uint64        0.01019 ns/px    36.80 GB/s
[BENCH] bitwiseXor             OpenCV CV_8U        0.16315 ns/px    18.39 GB/s
[BENCH] bitwiseNot             binCV uint32        0.00622 ns/px    40.18 GB/s
[BENCH] bitwiseNot             binCV uint64        0.00481 ns/px    51.95 GB/s
[BENCH] bitwiseNot             OpenCV CV_8U        0.08347 ns/px    23.96 GB/s

 OP           IMPLEMENTATION       ns/pixel       GB/s    vs OpenCV
 ---------------------------------------------------------------------
 bitwiseAnd   binCV uint32          0.00998      37.59       15.79x
 bitwiseAnd   binCV uint64          0.00961      39.04       16.40x
 bitwiseAnd   OpenCV CV_8U          0.15755      19.04        1.00x
 bitwiseOr    binCV uint32          0.00888      42.24       18.52x
 bitwiseOr    binCV uint64          0.00888      42.23       18.52x
 bitwiseOr    OpenCV CV_8U          0.16440      18.25        1.00x
 bitwiseXor   binCV uint32          0.01269      29.55       12.86x
 bitwiseXor   binCV uint64          0.01019      36.80       16.01x
 bitwiseXor   OpenCV CV_8U          0.16315      18.39        1.00x
 bitwiseNot   binCV uint32          0.00622      40.18       13.41x
 bitwiseNot   binCV uint64          0.00481      51.95       17.34x
 bitwiseNot   OpenCV CV_8U          0.08347      23.96        1.00x
 ratio > 1 means binCV is faster. sink=194849821603420797
### run 6
=== Benchmark Config ===
Width: 640, Height: 480, Iterations: 100, DType: uint8, Sparsity: 1

logic kernels vs OpenCV on the same binary content as CV_8U
(the denominator is what a user runs today without binCV)
OpenCV 4.8.0-dev, cv::getNumThreads() = 1; binCV is single-threaded
 OpenCV build:    Configuration:               Release
 OpenCV build:    Baseline:                    SSE SSE2 SSE3
 OpenCV build:    Dispatched code generation:  SSE4_1 SSE4_2 FP16 AVX AVX2 AVX512_SKX

================ 640 x 480 (307200 pixels) ================
 footprint per buffer: binCV uint32 38400 B, binCV uint64 38400 B, OpenCV CV_8U 307200 B (8.0x)
 bitwiseAnd   set pixels: binCV    76512 OpenCV    76512 agree
 bitwiseOr    set pixels: binCV   230224 OpenCV   230224 agree
 bitwiseXor   set pixels: binCV   153712 OpenCV   153712 agree
 bitwiseNot   set pixels: binCV   153774 OpenCV   153774 agree
 physical bound (1 read + 1 write word copy, fastest batch; worst in parentheses):
 38400 B buffer 141.33 GB/s (69.68) 307200 B buffer 116.13 GB/s (51.70)
 std::memcpy at the same footprints (context only, NOT the bound, and not monotonic in size): 128.59 GB/s, 8.42 GB/s
 working set per call: binCV 115200 B, OpenCV 921600 B (three buffers)
[BENCH] bitwiseAnd             binCV uint32        0.00282 ns/px   132.93 GB/s
[BENCH] bitwiseAnd             binCV uint64        0.00389 ns/px    96.46 GB/s
[BENCH] bitwiseAnd             OpenCV CV_8U        0.02885 ns/px   103.99 GB/s
[BENCH] bitwiseOr              binCV uint32        0.00371 ns/px   101.13 GB/s
[BENCH] bitwiseOr              binCV uint64        0.00275 ns/px   136.44 GB/s
[BENCH] bitwiseOr              OpenCV CV_8U        0.02819 ns/px   106.41 GB/s
[BENCH] bitwiseXor             binCV uint32        0.00357 ns/px   105.02 GB/s
[BENCH] bitwiseXor             binCV uint64        0.00353 ns/px   106.23 GB/s
[BENCH] bitwiseXor             OpenCV CV_8U        0.02747 ns/px   109.20 GB/s
[BENCH] bitwiseNot             binCV uint32        0.00348 ns/px    71.89 GB/s
[BENCH] bitwiseNot             binCV uint64        0.00348 ns/px    71.81 GB/s
[BENCH] bitwiseNot             OpenCV CV_8U        0.06286 ns/px    31.82 GB/s

 OP           IMPLEMENTATION       ns/pixel       GB/s    vs OpenCV
 ---------------------------------------------------------------------
 bitwiseAnd   binCV uint32          0.00282     132.93       10.23x
 bitwiseAnd   binCV uint64          0.00389      96.46        7.42x
 bitwiseAnd   OpenCV CV_8U          0.02885     103.99        1.00x
 bitwiseOr    binCV uint32          0.00371     101.13        7.60x
 bitwiseOr    binCV uint64          0.00275     136.44       10.26x
 bitwiseOr    OpenCV CV_8U          0.02819     106.41        1.00x
 bitwiseXor   binCV uint32          0.00357     105.02        7.69x
 bitwiseXor   binCV uint64          0.00353     106.23        7.78x
 bitwiseXor   OpenCV CV_8U          0.02747     109.20        1.00x
 bitwiseNot   binCV uint32          0.00348      71.89       18.08x
 bitwiseNot   binCV uint64          0.00348      71.81       18.05x
 bitwiseNot   OpenCV CV_8U          0.06286      31.82        1.00x
 ratio > 1 means binCV is faster. sink=16186742808440924310

================ 1024 x 1024 (1048576 pixels) ================
 footprint per buffer: binCV uint32 131072 B, binCV uint64 131072 B, OpenCV CV_8U 1048576 B (8.0x)
 bitwiseAnd   set pixels: binCV   261799 OpenCV   261799 agree
 bitwiseOr    set pixels: binCV   787067 OpenCV   787067 agree
 bitwiseXor   set pixels: binCV   525268 OpenCV   525268 agree
 bitwiseNot   set pixels: binCV   523860 OpenCV   523860 agree
 physical bound (1 read + 1 write word copy, fastest batch; worst in parentheses):
 131072 B buffer 132.37 GB/s (59.81) 1048576 B buffer 112.46 GB/s (66.02)
 std::memcpy at the same footprints (context only, NOT the bound, and not monotonic in size): 8.21 GB/s, 7.58 GB/s
 working set per call: binCV 393216 B, OpenCV 3145728 B (three buffers)
[BENCH] bitwiseAnd             binCV uint32        0.00302 ns/px   124.09 GB/s
[BENCH] bitwiseAnd             binCV uint64        0.00360 ns/px   104.22 GB/s
[BENCH] bitwiseAnd             OpenCV CV_8U        0.02989 ns/px   100.38 GB/s
[BENCH] bitwiseOr              binCV uint32        0.00370 ns/px   101.34 GB/s
[BENCH] bitwiseOr              binCV uint64        0.00302 ns/px   123.98 GB/s
[BENCH] bitwiseOr              OpenCV CV_8U        0.03059 ns/px    98.06 GB/s
[BENCH] bitwiseXor             binCV uint32        0.00374 ns/px   100.26 GB/s
[BENCH] bitwiseXor             binCV uint64        0.00358 ns/px   104.61 GB/s
[BENCH] bitwiseXor             OpenCV CV_8U        0.02949 ns/px   101.73 GB/s
[BENCH] bitwiseNot             binCV uint32        0.00350 ns/px    71.41 GB/s
[BENCH] bitwiseNot             binCV uint64        0.00350 ns/px    71.44 GB/s
[BENCH] bitwiseNot             OpenCV CV_8U        0.06210 ns/px    32.20 GB/s

 OP           IMPLEMENTATION       ns/pixel       GB/s    vs OpenCV
 ---------------------------------------------------------------------
 bitwiseAnd   binCV uint32          0.00302     124.09        9.89x
 bitwiseAnd   binCV uint64          0.00360     104.22        8.31x
 bitwiseAnd   OpenCV CV_8U          0.02989     100.38        1.00x
 bitwiseOr    binCV uint32          0.00370     101.34        8.27x
 bitwiseOr    binCV uint64          0.00302     123.98       10.11x
 bitwiseOr    OpenCV CV_8U          0.03059      98.06        1.00x
 bitwiseXor   binCV uint32          0.00374     100.26        7.88x
 bitwiseXor   binCV uint64          0.00358     104.61        8.23x
 bitwiseXor   OpenCV CV_8U          0.02949     101.73        1.00x
 bitwiseNot   binCV uint32          0.00350      71.41       17.74x
 bitwiseNot   binCV uint64          0.00350      71.44       17.75x
 bitwiseNot   OpenCV CV_8U          0.06210      32.20        1.00x
 ratio > 1 means binCV is faster. sink=7775073353840721941

================ 8192 x 4096 (33554432 pixels) ================
 footprint per buffer: binCV uint32 4194304 B, binCV uint64 4194304 B, OpenCV CV_8U 33554432 B (8.0x)
 bitwiseAnd   set pixels: binCV  8389345 OpenCV  8389345 agree
 bitwiseOr    set pixels: binCV 25165591 OpenCV 25165591 agree
 bitwiseXor   set pixels: binCV 16776246 OpenCV 16776246 agree
 bitwiseNot   set pixels: binCV 16778496 OpenCV 16778496 agree
 physical bound (1 read + 1 write word copy, fastest batch; worst in parentheses):
 4194304 B buffer 105.18 GB/s (36.91) 33554432 B buffer 16.57 GB/s (9.14)
 std::memcpy at the same footprints (context only, NOT the bound, and not monotonic in size): 7.21 GB/s, 25.43 GB/s
 working set per call: binCV 12582912 B, OpenCV 100663296 B (three buffers)
[BENCH] bitwiseAnd             binCV uint32        0.01243 ns/px    30.17 GB/s
[BENCH] bitwiseAnd             binCV uint64        0.01099 ns/px    34.12 GB/s
[BENCH] bitwiseAnd             OpenCV CV_8U        0.19476 ns/px    15.40 GB/s
[BENCH] bitwiseOr              binCV uint32        0.01336 ns/px    28.07 GB/s
[BENCH] bitwiseOr              binCV uint64        0.01172 ns/px    31.99 GB/s
[BENCH] bitwiseOr              OpenCV CV_8U        0.18246 ns/px    16.44 GB/s
[BENCH] bitwiseXor             binCV uint32        0.01209 ns/px    31.02 GB/s
[BENCH] bitwiseXor             binCV uint64        0.02014 ns/px    18.62 GB/s
[BENCH] bitwiseXor             OpenCV CV_8U        0.18821 ns/px    15.94 GB/s
[BENCH] bitwiseNot             binCV uint32        0.00562 ns/px    44.51 GB/s
[BENCH] bitwiseNot             binCV uint64        0.00542 ns/px    46.14 GB/s
[BENCH] bitwiseNot             OpenCV CV_8U        0.08471 ns/px    23.61 GB/s

 OP           IMPLEMENTATION       ns/pixel       GB/s    vs OpenCV
 ---------------------------------------------------------------------
 bitwiseAnd   binCV uint32          0.01243      30.17       15.67x
 bitwiseAnd   binCV uint64          0.01099      34.12       17.72x
 bitwiseAnd   OpenCV CV_8U          0.19476      15.40        1.00x
 bitwiseOr    binCV uint32          0.01336      28.07       13.66x
 bitwiseOr    binCV uint64          0.01172      31.99       15.56x
 bitwiseOr    OpenCV CV_8U          0.18246      16.44        1.00x
 bitwiseXor   binCV uint32          0.01209      31.02       15.57x
 bitwiseXor   binCV uint64          0.02014      18.62        9.34x
 bitwiseXor   OpenCV CV_8U          0.18821      15.94        1.00x
 bitwiseNot   binCV uint32          0.00562      44.51       15.08x
 bitwiseNot   binCV uint64          0.00542      46.14       15.63x
 bitwiseNot   OpenCV CV_8U          0.08471      23.61        1.00x
 ratio > 1 means binCV is faster. sink=15881563188927157168
### run 7
=== Benchmark Config ===
Width: 640, Height: 480, Iterations: 100, DType: uint8, Sparsity: 1

logic kernels vs OpenCV on the same binary content as CV_8U
(the denominator is what a user runs today without binCV)
OpenCV 4.8.0-dev, cv::getNumThreads() = 1; binCV is single-threaded
 OpenCV build:    Configuration:               Release
 OpenCV build:    Baseline:                    SSE SSE2 SSE3
 OpenCV build:    Dispatched code generation:  SSE4_1 SSE4_2 FP16 AVX AVX2 AVX512_SKX

================ 640 x 480 (307200 pixels) ================
 footprint per buffer: binCV uint32 38400 B, binCV uint64 38400 B, OpenCV CV_8U 307200 B (8.0x)
 bitwiseAnd   set pixels: binCV    76512 OpenCV    76512 agree
 bitwiseOr    set pixels: binCV   230224 OpenCV   230224 agree
 bitwiseXor   set pixels: binCV   153712 OpenCV   153712 agree
 bitwiseNot   set pixels: binCV   153774 OpenCV   153774 agree
 physical bound (1 read + 1 write word copy, fastest batch; worst in parentheses):
 38400 B buffer 140.86 GB/s (52.13) 307200 B buffer 109.77 GB/s (80.32)
 std::memcpy at the same footprints (context only, NOT the bound, and not monotonic in size): 129.30 GB/s, 8.11 GB/s
 working set per call: binCV 115200 B, OpenCV 921600 B (three buffers)
[BENCH] bitwiseAnd             binCV uint32        0.00292 ns/px   128.34 GB/s
[BENCH] bitwiseAnd             binCV uint64        0.00359 ns/px   104.41 GB/s
[BENCH] bitwiseAnd             OpenCV CV_8U        0.02909 ns/px   103.12 GB/s
[BENCH] bitwiseOr              binCV uint32        0.00360 ns/px   104.26 GB/s
[BENCH] bitwiseOr              binCV uint64        0.00320 ns/px   117.30 GB/s
[BENCH] bitwiseOr              OpenCV CV_8U        0.02965 ns/px   101.20 GB/s
[BENCH] bitwiseXor             binCV uint32        0.00419 ns/px    89.55 GB/s
[BENCH] bitwiseXor             binCV uint64        0.00369 ns/px   101.66 GB/s
[BENCH] bitwiseXor             OpenCV CV_8U        0.02867 ns/px   104.63 GB/s
[BENCH] bitwiseNot             binCV uint32        0.00375 ns/px    66.58 GB/s
[BENCH] bitwiseNot             binCV uint64        0.00358 ns/px    69.89 GB/s
[BENCH] bitwiseNot             OpenCV CV_8U        0.06212 ns/px    32.19 GB/s

 OP           IMPLEMENTATION       ns/pixel       GB/s    vs OpenCV
 ---------------------------------------------------------------------
 bitwiseAnd   binCV uint32          0.00292     128.34        9.96x
 bitwiseAnd   binCV uint64          0.00359     104.41        8.10x
 bitwiseAnd   OpenCV CV_8U          0.02909     103.12        1.00x
 bitwiseOr    binCV uint32          0.00360     104.26        8.24x
 bitwiseOr    binCV uint64          0.00320     117.30        9.27x
 bitwiseOr    OpenCV CV_8U          0.02965     101.20        1.00x
 bitwiseXor   binCV uint32          0.00419      89.55        6.85x
 bitwiseXor   binCV uint64          0.00369     101.66        7.77x
 bitwiseXor   OpenCV CV_8U          0.02867     104.63        1.00x
 bitwiseNot   binCV uint32          0.00375      66.58       16.54x
 bitwiseNot   binCV uint64          0.00358      69.89       17.37x
 bitwiseNot   OpenCV CV_8U          0.06212      32.19        1.00x
 ratio > 1 means binCV is faster. sink=7012928864311057553

================ 1024 x 1024 (1048576 pixels) ================
 footprint per buffer: binCV uint32 131072 B, binCV uint64 131072 B, OpenCV CV_8U 1048576 B (8.0x)
 bitwiseAnd   set pixels: binCV   261799 OpenCV   261799 agree
 bitwiseOr    set pixels: binCV   787067 OpenCV   787067 agree
 bitwiseXor   set pixels: binCV   525268 OpenCV   525268 agree
 bitwiseNot   set pixels: binCV   523860 OpenCV   523860 agree
 physical bound (1 read + 1 write word copy, fastest batch; worst in parentheses):
 131072 B buffer 132.21 GB/s (79.07) 1048576 B buffer 105.76 GB/s (80.65)
 std::memcpy at the same footprints (context only, NOT the bound, and not monotonic in size): 8.50 GB/s, 6.83 GB/s
 working set per call: binCV 393216 B, OpenCV 3145728 B (three buffers)
[BENCH] bitwiseAnd             binCV uint32        0.00304 ns/px   123.19 GB/s
[BENCH] bitwiseAnd             binCV uint64        0.00359 ns/px   104.55 GB/s
[BENCH] bitwiseAnd             OpenCV CV_8U        0.02996 ns/px   100.13 GB/s
[BENCH] bitwiseOr              binCV uint32        0.00382 ns/px    98.19 GB/s
[BENCH] bitwiseOr              binCV uint64        0.00302 ns/px   123.98 GB/s
[BENCH] bitwiseOr              OpenCV CV_8U        0.03007 ns/px    99.77 GB/s
[BENCH] bitwiseXor             binCV uint32        0.00359 ns/px   104.45 GB/s
[BENCH] bitwiseXor             binCV uint64        0.00363 ns/px   103.29 GB/s
[BENCH] bitwiseXor             OpenCV CV_8U        0.03090 ns/px    97.10 GB/s
[BENCH] bitwiseNot             binCV uint32        0.00349 ns/px    71.60 GB/s
[BENCH] bitwiseNot             binCV uint64        0.00365 ns/px    68.44 GB/s
[BENCH] bitwiseNot             OpenCV CV_8U        0.06261 ns/px    31.94 GB/s

 OP           IMPLEMENTATION       ns/pixel       GB/s    vs OpenCV
 ---------------------------------------------------------------------
 bitwiseAnd   binCV uint32          0.00304     123.19        9.84x
 bitwiseAnd   binCV uint64          0.00359     104.55        8.35x
 bitwiseAnd   OpenCV CV_8U          0.02996     100.13        1.00x
 bitwiseOr    binCV uint32          0.00382      98.19        7.87x
 bitwiseOr    binCV uint64          0.00302     123.98        9.94x
 bitwiseOr    OpenCV CV_8U          0.03007      99.77        1.00x
 bitwiseXor   binCV uint32          0.00359     104.45        8.61x
 bitwiseXor   binCV uint64          0.00363     103.29        8.51x
 bitwiseXor   OpenCV CV_8U          0.03090      97.10        1.00x
 bitwiseNot   binCV uint32          0.00349      71.60       17.93x
 bitwiseNot   binCV uint64          0.00365      68.44       17.14x
 bitwiseNot   OpenCV CV_8U          0.06261      31.94        1.00x
 ratio > 1 means binCV is faster. sink=11047620793119171130

================ 8192 x 4096 (33554432 pixels) ================
 footprint per buffer: binCV uint32 4194304 B, binCV uint64 4194304 B, OpenCV CV_8U 33554432 B (8.0x)
 bitwiseAnd   set pixels: binCV  8389345 OpenCV  8389345 agree
 bitwiseOr    set pixels: binCV 25165591 OpenCV 25165591 agree
 bitwiseXor   set pixels: binCV 16776246 OpenCV 16776246 agree
 bitwiseNot   set pixels: binCV 16778496 OpenCV 16778496 agree
 physical bound (1 read + 1 write word copy, fastest batch; worst in parentheses):
 4194304 B buffer 106.22 GB/s (57.25) 33554432 B buffer 16.88 GB/s (8.28)
 std::memcpy at the same footprints (context only, NOT the bound, and not monotonic in size): 6.50 GB/s, 26.47 GB/s
 working set per call: binCV 12582912 B, OpenCV 100663296 B (three buffers)
[BENCH] bitwiseAnd             binCV uint32        0.01134 ns/px    33.08 GB/s
[BENCH] bitwiseAnd             binCV uint64        0.01610 ns/px    23.29 GB/s
[BENCH] bitwiseAnd             OpenCV CV_8U        0.16345 ns/px    18.35 GB/s
[BENCH] bitwiseOr              binCV uint32        0.02717 ns/px    13.80 GB/s
[BENCH] bitwiseOr              binCV uint64        0.01267 ns/px    29.59 GB/s
[BENCH] bitwiseOr              OpenCV CV_8U        0.17975 ns/px    16.69 GB/s
[BENCH] bitwiseXor             binCV uint32        0.00986 ns/px    38.03 GB/s
[BENCH] bitwiseXor             binCV uint64        0.01063 ns/px    35.26 GB/s
[BENCH] bitwiseXor             OpenCV CV_8U        0.14614 ns/px    20.53 GB/s
[BENCH] bitwiseNot             binCV uint32        0.00617 ns/px    40.50 GB/s
[BENCH] bitwiseNot             binCV uint64        0.00532 ns/px    46.98 GB/s
[BENCH] bitwiseNot             OpenCV CV_8U        0.08330 ns/px    24.01 GB/s

 OP           IMPLEMENTATION       ns/pixel       GB/s    vs OpenCV
 ---------------------------------------------------------------------
 bitwiseAnd   binCV uint32          0.01134      33.08       14.42x
 bitwiseAnd   binCV uint64          0.01610      23.29       10.15x
 bitwiseAnd   OpenCV CV_8U          0.16345      18.35        1.00x
 bitwiseOr    binCV uint32          0.02717      13.80        6.62x
 bitwiseOr    binCV uint64          0.01267      29.59       14.18x
 bitwiseOr    OpenCV CV_8U          0.17975      16.69        1.00x
 bitwiseXor   binCV uint32          0.00986      38.03       14.82x
 bitwiseXor   binCV uint64          0.01063      35.26       13.74x
 bitwiseXor   OpenCV CV_8U          0.14614      20.53        1.00x
 bitwiseNot   binCV uint32          0.00617      40.50       13.49x
 bitwiseNot   binCV uint64          0.00532      46.98       15.66x
 bitwiseNot   OpenCV CV_8U          0.08330      24.01        1.00x
 ratio > 1 means binCV is faster. sink=12301407324240999057
### run 8
=== Benchmark Config ===
Width: 640, Height: 480, Iterations: 100, DType: uint8, Sparsity: 1

logic kernels vs OpenCV on the same binary content as CV_8U
(the denominator is what a user runs today without binCV)
OpenCV 4.8.0-dev, cv::getNumThreads() = 1; binCV is single-threaded
 OpenCV build:    Configuration:               Release
 OpenCV build:    Baseline:                    SSE SSE2 SSE3
 OpenCV build:    Dispatched code generation:  SSE4_1 SSE4_2 FP16 AVX AVX2 AVX512_SKX

================ 640 x 480 (307200 pixels) ================
 footprint per buffer: binCV uint32 38400 B, binCV uint64 38400 B, OpenCV CV_8U 307200 B (8.0x)
 bitwiseAnd   set pixels: binCV    76512 OpenCV    76512 agree
 bitwiseOr    set pixels: binCV   230224 OpenCV   230224 agree
 bitwiseXor   set pixels: binCV   153712 OpenCV   153712 agree
 bitwiseNot   set pixels: binCV   153774 OpenCV   153774 agree
 physical bound (1 read + 1 write word copy, fastest batch; worst in parentheses):
 38400 B buffer 141.98 GB/s (118.84) 307200 B buffer 113.79 GB/s (51.93)
 std::memcpy at the same footprints (context only, NOT the bound, and not monotonic in size): 125.67 GB/s, 8.12 GB/s
 working set per call: binCV 115200 B, OpenCV 921600 B (three buffers)
[BENCH] bitwiseAnd             binCV uint32        0.00287 ns/px   130.68 GB/s
[BENCH] bitwiseAnd             binCV uint64        0.00367 ns/px   102.12 GB/s
[BENCH] bitwiseAnd             OpenCV CV_8U        0.02763 ns/px   108.59 GB/s
[BENCH] bitwiseOr              binCV uint32        0.00357 ns/px   105.00 GB/s
[BENCH] bitwiseOr              binCV uint64        0.00284 ns/px   131.97 GB/s
[BENCH] bitwiseOr              OpenCV CV_8U        0.02750 ns/px   109.08 GB/s
[BENCH] bitwiseXor             binCV uint32        0.00363 ns/px   103.36 GB/s
[BENCH] bitwiseXor             binCV uint64        0.00352 ns/px   106.55 GB/s
[BENCH] bitwiseXor             OpenCV CV_8U        0.02755 ns/px   108.90 GB/s
[BENCH] bitwiseNot             binCV uint32        0.00345 ns/px    72.46 GB/s
[BENCH] bitwiseNot             binCV uint64        0.00346 ns/px    72.25 GB/s
[BENCH] bitwiseNot             OpenCV CV_8U        0.06229 ns/px    32.11 GB/s

 OP           IMPLEMENTATION       ns/pixel       GB/s    vs OpenCV
 ---------------------------------------------------------------------
 bitwiseAnd   binCV uint32          0.00287     130.68        9.63x
 bitwiseAnd   binCV uint64          0.00367     102.12        7.52x
 bitwiseAnd   OpenCV CV_8U          0.02763     108.59        1.00x
 bitwiseOr    binCV uint32          0.00357     105.00        7.70x
 bitwiseOr    binCV uint64          0.00284     131.97        9.68x
 bitwiseOr    OpenCV CV_8U          0.02750     109.08        1.00x
 bitwiseXor   binCV uint32          0.00363     103.36        7.59x
 bitwiseXor   binCV uint64          0.00352     106.55        7.83x
 bitwiseXor   OpenCV CV_8U          0.02755     108.90        1.00x
 bitwiseNot   binCV uint32          0.00345      72.46       18.05x
 bitwiseNot   binCV uint64          0.00346      72.25       18.00x
 bitwiseNot   OpenCV CV_8U          0.06229      32.11        1.00x
 ratio > 1 means binCV is faster. sink=8305222554107915070

================ 1024 x 1024 (1048576 pixels) ================
 footprint per buffer: binCV uint32 131072 B, binCV uint64 131072 B, OpenCV CV_8U 1048576 B (8.0x)
 bitwiseAnd   set pixels: binCV   261799 OpenCV   261799 agree
 bitwiseOr    set pixels: binCV   787067 OpenCV   787067 agree
 bitwiseXor   set pixels: binCV   525268 OpenCV   525268 agree
 bitwiseNot   set pixels: binCV   523860 OpenCV   523860 agree
 physical bound (1 read + 1 write word copy, fastest batch; worst in parentheses):
 131072 B buffer 127.32 GB/s (35.88) 1048576 B buffer 110.58 GB/s (68.21)
 std::memcpy at the same footprints (context only, NOT the bound, and not monotonic in size): 8.38 GB/s, 7.71 GB/s
 working set per call: binCV 393216 B, OpenCV 3145728 B (three buffers)
[BENCH] bitwiseAnd             binCV uint32        0.00302 ns/px   124.26 GB/s
[BENCH] bitwiseAnd             binCV uint64        0.00367 ns/px   102.18 GB/s
[BENCH] bitwiseAnd             OpenCV CV_8U        0.03859 ns/px    77.73 GB/s
[BENCH] bitwiseOr              binCV uint32        0.00374 ns/px   100.20 GB/s
[BENCH] bitwiseOr              binCV uint64        0.00302 ns/px   124.15 GB/s
[BENCH] bitwiseOr              OpenCV CV_8U        0.02990 ns/px   100.32 GB/s
[BENCH] bitwiseXor             binCV uint32        0.00356 ns/px   105.24 GB/s
[BENCH] bitwiseXor             binCV uint64        0.00358 ns/px   104.89 GB/s
[BENCH] bitwiseXor             OpenCV CV_8U        0.03026 ns/px    99.13 GB/s
[BENCH] bitwiseNot             binCV uint32        0.00364 ns/px    68.60 GB/s
[BENCH] bitwiseNot             binCV uint64        0.00360 ns/px    69.43 GB/s
[BENCH] bitwiseNot             OpenCV CV_8U        0.06077 ns/px    32.91 GB/s

 OP           IMPLEMENTATION       ns/pixel       GB/s    vs OpenCV
 ---------------------------------------------------------------------
 bitwiseAnd   binCV uint32          0.00302     124.26       12.79x
 bitwiseAnd   binCV uint64          0.00367     102.18       10.52x
 bitwiseAnd   OpenCV CV_8U          0.03859      77.73        1.00x
 bitwiseOr    binCV uint32          0.00374     100.20        7.99x
 bitwiseOr    binCV uint64          0.00302     124.15        9.90x
 bitwiseOr    OpenCV CV_8U          0.02990     100.32        1.00x
 bitwiseXor   binCV uint32          0.00356     105.24        8.49x
 bitwiseXor   binCV uint64          0.00358     104.89        8.46x
 bitwiseXor   OpenCV CV_8U          0.03026      99.13        1.00x
 bitwiseNot   binCV uint32          0.00364      68.60       16.68x
 bitwiseNot   binCV uint64          0.00360      69.43       16.88x
 bitwiseNot   OpenCV CV_8U          0.06077      32.91        1.00x
 ratio > 1 means binCV is faster. sink=8467587552329311804

================ 8192 x 4096 (33554432 pixels) ================
 footprint per buffer: binCV uint32 4194304 B, binCV uint64 4194304 B, OpenCV CV_8U 33554432 B (8.0x)
 bitwiseAnd   set pixels: binCV  8389345 OpenCV  8389345 agree
 bitwiseOr    set pixels: binCV 25165591 OpenCV 25165591 agree
 bitwiseXor   set pixels: binCV 16776246 OpenCV 16776246 agree
 bitwiseNot   set pixels: binCV 16778496 OpenCV 16778496 agree
 physical bound (1 read + 1 write word copy, fastest batch; worst in parentheses):
 4194304 B buffer 106.95 GB/s (31.44) 33554432 B buffer 16.47 GB/s (7.62)
 std::memcpy at the same footprints (context only, NOT the bound, and not monotonic in size): 8.14 GB/s, 18.32 GB/s
 working set per call: binCV 12582912 B, OpenCV 100663296 B (three buffers)
[BENCH] bitwiseAnd             binCV uint32        0.01021 ns/px    36.74 GB/s
[BENCH] bitwiseAnd             binCV uint64        0.01170 ns/px    32.05 GB/s
[BENCH] bitwiseAnd             OpenCV CV_8U        0.16717 ns/px    17.95 GB/s
[BENCH] bitwiseOr              binCV uint32        0.01388 ns/px    27.01 GB/s
[BENCH] bitwiseOr              binCV uint64        0.01291 ns/px    29.04 GB/s
[BENCH] bitwiseOr              OpenCV CV_8U        0.16028 ns/px    18.72 GB/s
[BENCH] bitwiseXor             binCV uint32        0.00980 ns/px    38.28 GB/s
[BENCH] bitwiseXor             binCV uint64        0.01067 ns/px    35.13 GB/s
[BENCH] bitwiseXor             OpenCV CV_8U        0.17592 ns/px    17.05 GB/s
[BENCH] bitwiseNot             binCV uint32        0.00719 ns/px    34.77 GB/s
[BENCH] bitwiseNot             binCV uint64        0.00564 ns/px    44.29 GB/s
[BENCH] bitwiseNot             OpenCV CV_8U        0.08630 ns/px    23.18 GB/s

 OP           IMPLEMENTATION       ns/pixel       GB/s    vs OpenCV
 ---------------------------------------------------------------------
 bitwiseAnd   binCV uint32          0.01021      36.74       16.38x
 bitwiseAnd   binCV uint64          0.01170      32.05       14.29x
 bitwiseAnd   OpenCV CV_8U          0.16717      17.95        1.00x
 bitwiseOr    binCV uint32          0.01388      27.01       11.54x
 bitwiseOr    binCV uint64          0.01291      29.04       12.41x
 bitwiseOr    OpenCV CV_8U          0.16028      18.72        1.00x
 bitwiseXor   binCV uint32          0.00980      38.28       17.96x
 bitwiseXor   binCV uint64          0.01067      35.13       16.48x
 bitwiseXor   OpenCV CV_8U          0.17592      17.05        1.00x
 bitwiseNot   binCV uint32          0.00719      34.77       12.00x
 bitwiseNot   binCV uint64          0.00564      44.29       15.29x
 bitwiseNot   OpenCV CV_8U          0.08630      23.18        1.00x
 ratio > 1 means binCV is faster. sink=3725657698992815145
### run 9
=== Benchmark Config ===
Width: 640, Height: 480, Iterations: 100, DType: uint8, Sparsity: 1

logic kernels vs OpenCV on the same binary content as CV_8U
(the denominator is what a user runs today without binCV)
OpenCV 4.8.0-dev, cv::getNumThreads() = 1; binCV is single-threaded
 OpenCV build:    Configuration:               Release
 OpenCV build:    Baseline:                    SSE SSE2 SSE3
 OpenCV build:    Dispatched code generation:  SSE4_1 SSE4_2 FP16 AVX AVX2 AVX512_SKX

================ 640 x 480 (307200 pixels) ================
 footprint per buffer: binCV uint32 38400 B, binCV uint64 38400 B, OpenCV CV_8U 307200 B (8.0x)
 bitwiseAnd   set pixels: binCV    76512 OpenCV    76512 agree
 bitwiseOr    set pixels: binCV   230224 OpenCV   230224 agree
 bitwiseXor   set pixels: binCV   153712 OpenCV   153712 agree
 bitwiseNot   set pixels: binCV   153774 OpenCV   153774 agree
 physical bound (1 read + 1 write word copy, fastest batch; worst in parentheses):
 38400 B buffer 140.84 GB/s (88.88) 307200 B buffer 115.29 GB/s (65.00)
 std::memcpy at the same footprints (context only, NOT the bound, and not monotonic in size): 131.43 GB/s, 7.98 GB/s
 working set per call: binCV 115200 B, OpenCV 921600 B (three buffers)
[BENCH] bitwiseAnd             binCV uint32        0.00275 ns/px   136.51 GB/s
[BENCH] bitwiseAnd             binCV uint64        0.00352 ns/px   106.38 GB/s
[BENCH] bitwiseAnd             OpenCV CV_8U        0.02968 ns/px   101.09 GB/s
[BENCH] bitwiseOr              binCV uint32        0.00392 ns/px    95.60 GB/s
[BENCH] bitwiseOr              binCV uint64        0.00276 ns/px   135.94 GB/s
[BENCH] bitwiseOr              OpenCV CV_8U        0.03079 ns/px    97.45 GB/s
[BENCH] bitwiseXor             binCV uint32        0.00352 ns/px   106.65 GB/s
[BENCH] bitwiseXor             binCV uint64        0.00353 ns/px   106.27 GB/s
[BENCH] bitwiseXor             OpenCV CV_8U        0.02760 ns/px   108.68 GB/s
[BENCH] bitwiseNot             binCV uint32        0.00347 ns/px    72.06 GB/s
[BENCH] bitwiseNot             binCV uint64        0.00349 ns/px    71.69 GB/s
[BENCH] bitwiseNot             OpenCV CV_8U        0.06358 ns/px    31.46 GB/s

 OP           IMPLEMENTATION       ns/pixel       GB/s    vs OpenCV
 ---------------------------------------------------------------------
 bitwiseAnd   binCV uint32          0.00275     136.51       10.80x
 bitwiseAnd   binCV uint64          0.00352     106.38        8.42x
 bitwiseAnd   OpenCV CV_8U          0.02968     101.09        1.00x
 bitwiseOr    binCV uint32          0.00392      95.60        7.85x
 bitwiseOr    binCV uint64          0.00276     135.94       11.16x
 bitwiseOr    OpenCV CV_8U          0.03079      97.45        1.00x
 bitwiseXor   binCV uint32          0.00352     106.65        7.85x
 bitwiseXor   binCV uint64          0.00353     106.27        7.82x
 bitwiseXor   OpenCV CV_8U          0.02760     108.68        1.00x
 bitwiseNot   binCV uint32          0.00347      72.06       18.32x
 bitwiseNot   binCV uint64          0.00349      71.69       18.23x
 bitwiseNot   OpenCV CV_8U          0.06358      31.46        1.00x
 ratio > 1 means binCV is faster. sink=6343028934304761469

================ 1024 x 1024 (1048576 pixels) ================
 footprint per buffer: binCV uint32 131072 B, binCV uint64 131072 B, OpenCV CV_8U 1048576 B (8.0x)
 bitwiseAnd   set pixels: binCV   261799 OpenCV   261799 agree
 bitwiseOr    set pixels: binCV   787067 OpenCV   787067 agree
 bitwiseXor   set pixels: binCV   525268 OpenCV   525268 agree
 bitwiseNot   set pixels: binCV   523860 OpenCV   523860 agree
 physical bound (1 read + 1 write word copy, fastest batch; worst in parentheses):
 131072 B buffer 126.09 GB/s (59.73) 1048576 B buffer 109.67 GB/s (74.31)
 std::memcpy at the same footprints (context only, NOT the bound, and not monotonic in size): 8.28 GB/s, 7.74 GB/s
 working set per call: binCV 393216 B, OpenCV 3145728 B (three buffers)
[BENCH] bitwiseAnd             binCV uint32        0.00300 ns/px   125.00 GB/s
[BENCH] bitwiseAnd             binCV uint64        0.00365 ns/px   102.77 GB/s
[BENCH] bitwiseAnd             OpenCV CV_8U        0.02987 ns/px   100.42 GB/s
[BENCH] bitwiseOr              binCV uint32        0.00359 ns/px   104.44 GB/s
[BENCH] bitwiseOr              binCV uint64        0.00303 ns/px   123.69 GB/s
[BENCH] bitwiseOr              OpenCV CV_8U        0.03000 ns/px   100.02 GB/s
[BENCH] bitwiseXor             binCV uint32        0.00378 ns/px    99.12 GB/s
[BENCH] bitwiseXor             binCV uint64        0.00363 ns/px   103.30 GB/s
[BENCH] bitwiseXor             OpenCV CV_8U        0.02937 ns/px   102.14 GB/s
[BENCH] bitwiseNot             binCV uint32        0.00356 ns/px    70.25 GB/s
[BENCH] bitwiseNot             binCV uint64        0.00351 ns/px    71.14 GB/s
[BENCH] bitwiseNot             OpenCV CV_8U        0.06748 ns/px    29.64 GB/s

 OP           IMPLEMENTATION       ns/pixel       GB/s    vs OpenCV
 ---------------------------------------------------------------------
 bitwiseAnd   binCV uint32          0.00300     125.00        9.96x
 bitwiseAnd   binCV uint64          0.00365     102.77        8.19x
 bitwiseAnd   OpenCV CV_8U          0.02987     100.42        1.00x
 bitwiseOr    binCV uint32          0.00359     104.44        8.35x
 bitwiseOr    binCV uint64          0.00303     123.69        9.89x
 bitwiseOr    OpenCV CV_8U          0.03000     100.02        1.00x
 bitwiseXor   binCV uint32          0.00378      99.12        7.76x
 bitwiseXor   binCV uint64          0.00363     103.30        8.09x
 bitwiseXor   OpenCV CV_8U          0.02937     102.14        1.00x
 bitwiseNot   binCV uint32          0.00356      70.25       18.96x
 bitwiseNot   binCV uint64          0.00351      71.14       19.20x
 bitwiseNot   OpenCV CV_8U          0.06748      29.64        1.00x
 ratio > 1 means binCV is faster. sink=5907597847971225631

================ 8192 x 4096 (33554432 pixels) ================
 footprint per buffer: binCV uint32 4194304 B, binCV uint64 4194304 B, OpenCV CV_8U 33554432 B (8.0x)
 bitwiseAnd   set pixels: binCV  8389345 OpenCV  8389345 agree
 bitwiseOr    set pixels: binCV 25165591 OpenCV 25165591 agree
 bitwiseXor   set pixels: binCV 16776246 OpenCV 16776246 agree
 bitwiseNot   set pixels: binCV 16778496 OpenCV 16778496 agree
 physical bound (1 read + 1 write word copy, fastest batch; worst in parentheses):
 4194304 B buffer 92.68 GB/s (61.14) 33554432 B buffer 17.36 GB/s (7.96)
 std::memcpy at the same footprints (context only, NOT the bound, and not monotonic in size): 6.65 GB/s, 21.93 GB/s
 working set per call: binCV 12582912 B, OpenCV 100663296 B (three buffers)
[BENCH] bitwiseAnd             binCV uint32        0.00977 ns/px    38.39 GB/s
[BENCH] bitwiseAnd             binCV uint64        0.01481 ns/px    25.32 GB/s
[BENCH] bitwiseAnd             OpenCV CV_8U        0.17330 ns/px    17.31 GB/s
[BENCH] bitwiseOr              binCV uint32        0.01271 ns/px    29.51 GB/s
[BENCH] bitwiseOr              binCV uint64        0.01025 ns/px    36.58 GB/s
[BENCH] bitwiseOr              OpenCV CV_8U        0.19458 ns/px    15.42 GB/s
[BENCH] bitwiseXor             binCV uint32        0.01501 ns/px    24.99 GB/s
[BENCH] bitwiseXor             binCV uint64        0.01025 ns/px    36.60 GB/s
[BENCH] bitwiseXor             OpenCV CV_8U        0.16597 ns/px    18.08 GB/s
[BENCH] bitwiseNot             binCV uint32        0.00489 ns/px    51.11 GB/s
[BENCH] bitwiseNot             binCV uint64        0.00639 ns/px    39.14 GB/s
[BENCH] bitwiseNot             OpenCV CV_8U        0.08726 ns/px    22.92 GB/s

 OP           IMPLEMENTATION       ns/pixel       GB/s    vs OpenCV
 ---------------------------------------------------------------------
 bitwiseAnd   binCV uint32          0.00977      38.39       17.74x
 bitwiseAnd   binCV uint64          0.01481      25.32       11.70x
 bitwiseAnd   OpenCV CV_8U          0.17330      17.31        1.00x
 bitwiseOr    binCV uint32          0.01271      29.51       15.31x
 bitwiseOr    binCV uint64          0.01025      36.58       18.98x
 bitwiseOr    OpenCV CV_8U          0.19458      15.42        1.00x
 bitwiseXor   binCV uint32          0.01501      24.99       11.06x
 bitwiseXor   binCV uint64          0.01025      36.60       16.20x
 bitwiseXor   OpenCV CV_8U          0.16597      18.08        1.00x
 bitwiseNot   binCV uint32          0.00489      51.11       17.84x
 bitwiseNot   binCV uint64          0.00639      39.14       13.66x
 bitwiseNot   OpenCV CV_8U          0.08726      22.92        1.00x
 ratio > 1 means binCV is faster. sink=7326339195703581369
### run 10
=== Benchmark Config ===
Width: 640, Height: 480, Iterations: 100, DType: uint8, Sparsity: 1

logic kernels vs OpenCV on the same binary content as CV_8U
(the denominator is what a user runs today without binCV)
OpenCV 4.8.0-dev, cv::getNumThreads() = 1; binCV is single-threaded
 OpenCV build:    Configuration:               Release
 OpenCV build:    Baseline:                    SSE SSE2 SSE3
 OpenCV build:    Dispatched code generation:  SSE4_1 SSE4_2 FP16 AVX AVX2 AVX512_SKX

================ 640 x 480 (307200 pixels) ================
 footprint per buffer: binCV uint32 38400 B, binCV uint64 38400 B, OpenCV CV_8U 307200 B (8.0x)
 bitwiseAnd   set pixels: binCV    76512 OpenCV    76512 agree
 bitwiseOr    set pixels: binCV   230224 OpenCV   230224 agree
 bitwiseXor   set pixels: binCV   153712 OpenCV   153712 agree
 bitwiseNot   set pixels: binCV   153774 OpenCV   153774 agree
 physical bound (1 read + 1 write word copy, fastest batch; worst in parentheses):
 38400 B buffer 142.14 GB/s (70.11) 307200 B buffer 121.63 GB/s (49.32)
 std::memcpy at the same footprints (context only, NOT the bound, and not monotonic in size): 131.30 GB/s, 8.48 GB/s
 working set per call: binCV 115200 B, OpenCV 921600 B (three buffers)
[BENCH] bitwiseAnd             binCV uint32        0.00269 ns/px   139.22 GB/s
[BENCH] bitwiseAnd             binCV uint64        0.00356 ns/px   105.28 GB/s
[BENCH] bitwiseAnd             OpenCV CV_8U        0.02856 ns/px   105.04 GB/s
[BENCH] bitwiseOr              binCV uint32        0.00399 ns/px    94.04 GB/s
[BENCH] bitwiseOr              binCV uint64        0.00287 ns/px   130.57 GB/s
[BENCH] bitwiseOr              OpenCV CV_8U        0.02744 ns/px   109.32 GB/s
[BENCH] bitwiseXor             binCV uint32        0.00362 ns/px   103.49 GB/s
[BENCH] bitwiseXor             binCV uint64        0.00357 ns/px   104.91 GB/s
[BENCH] bitwiseXor             OpenCV CV_8U        0.02770 ns/px   108.28 GB/s
[BENCH] bitwiseNot             binCV uint32        0.00357 ns/px    70.04 GB/s
[BENCH] bitwiseNot             binCV uint64        0.00348 ns/px    71.78 GB/s
[BENCH] bitwiseNot             OpenCV CV_8U        0.07243 ns/px    27.61 GB/s

 OP           IMPLEMENTATION       ns/pixel       GB/s    vs OpenCV
 ---------------------------------------------------------------------
 bitwiseAnd   binCV uint32          0.00269     139.22       10.60x
 bitwiseAnd   binCV uint64          0.00356     105.28        8.02x
 bitwiseAnd   OpenCV CV_8U          0.02856     105.04        1.00x
 bitwiseOr    binCV uint32          0.00399      94.04        6.88x
 bitwiseOr    binCV uint64          0.00287     130.57        9.56x
 bitwiseOr    OpenCV CV_8U          0.02744     109.32        1.00x
 bitwiseXor   binCV uint32          0.00362     103.49        7.65x
 bitwiseXor   binCV uint64          0.00357     104.91        7.75x
 bitwiseXor   OpenCV CV_8U          0.02770     108.28        1.00x
 bitwiseNot   binCV uint32          0.00357      70.04       20.29x
 bitwiseNot   binCV uint64          0.00348      71.78       20.80x
 bitwiseNot   OpenCV CV_8U          0.07243      27.61        1.00x
 ratio > 1 means binCV is faster. sink=15214357255957865665

================ 1024 x 1024 (1048576 pixels) ================
 footprint per buffer: binCV uint32 131072 B, binCV uint64 131072 B, OpenCV CV_8U 1048576 B (8.0x)
 bitwiseAnd   set pixels: binCV   261799 OpenCV   261799 agree
 bitwiseOr    set pixels: binCV   787067 OpenCV   787067 agree
 bitwiseXor   set pixels: binCV   525268 OpenCV   525268 agree
 bitwiseNot   set pixels: binCV   523860 OpenCV   523860 agree
 physical bound (1 read + 1 write word copy, fastest batch; worst in parentheses):
 131072 B buffer 126.20 GB/s (46.79) 1048576 B buffer 110.21 GB/s (90.76)
 std::memcpy at the same footprints (context only, NOT the bound, and not monotonic in size): 8.40 GB/s, 7.73 GB/s
 working set per call: binCV 393216 B, OpenCV 3145728 B (three buffers)
[BENCH] bitwiseAnd             binCV uint32        0.00300 ns/px   125.19 GB/s
[BENCH] bitwiseAnd             binCV uint64        0.00353 ns/px   106.12 GB/s
[BENCH] bitwiseAnd             OpenCV CV_8U        0.04034 ns/px    74.37 GB/s
[BENCH] bitwiseOr              binCV uint32        0.00373 ns/px   100.64 GB/s
[BENCH] bitwiseOr              binCV uint64        0.00299 ns/px   125.44 GB/s
[BENCH] bitwiseOr              OpenCV CV_8U        0.02941 ns/px   102.00 GB/s
[BENCH] bitwiseXor             binCV uint32        0.00369 ns/px   101.67 GB/s
[BENCH] bitwiseXor             binCV uint64        0.00373 ns/px   100.64 GB/s
[BENCH] bitwiseXor             OpenCV CV_8U        0.03013 ns/px    99.58 GB/s
[BENCH] bitwiseNot             binCV uint32        0.00356 ns/px    70.32 GB/s
[BENCH] bitwiseNot             binCV uint64        0.00449 ns/px    55.70 GB/s
[BENCH] bitwiseNot             OpenCV CV_8U        0.06102 ns/px    32.77 GB/s

 OP           IMPLEMENTATION       ns/pixel       GB/s    vs OpenCV
 ---------------------------------------------------------------------
 bitwiseAnd   binCV uint32          0.00300     125.19       13.47x
 bitwiseAnd   binCV uint64          0.00353     106.12       11.41x
 bitwiseAnd   OpenCV CV_8U          0.04034      74.37        1.00x
 bitwiseOr    binCV uint32          0.00373     100.64        7.89x
 bitwiseOr    binCV uint64          0.00299     125.44        9.84x
 bitwiseOr    OpenCV CV_8U          0.02941     102.00        1.00x
 bitwiseXor   binCV uint32          0.00369     101.67        8.17x
 bitwiseXor   binCV uint64          0.00373     100.64        8.09x
 bitwiseXor   OpenCV CV_8U          0.03013      99.58        1.00x
 bitwiseNot   binCV uint32          0.00356      70.32       17.16x
 bitwiseNot   binCV uint64          0.00449      55.70       13.60x
 bitwiseNot   OpenCV CV_8U          0.06102      32.77        1.00x
 ratio > 1 means binCV is faster. sink=2538818824138389044

================ 8192 x 4096 (33554432 pixels) ================
 footprint per buffer: binCV uint32 4194304 B, binCV uint64 4194304 B, OpenCV CV_8U 33554432 B (8.0x)
 bitwiseAnd   set pixels: binCV  8389345 OpenCV  8389345 agree
 bitwiseOr    set pixels: binCV 25165591 OpenCV 25165591 agree
 bitwiseXor   set pixels: binCV 16776246 OpenCV 16776246 agree
 bitwiseNot   set pixels: binCV 16778496 OpenCV 16778496 agree
 physical bound (1 read + 1 write word copy, fastest batch; worst in parentheses):
 4194304 B buffer 103.16 GB/s (39.48) 33554432 B buffer 16.95 GB/s (8.47)
 std::memcpy at the same footprints (context only, NOT the bound, and not monotonic in size): 6.94 GB/s, 26.15 GB/s
 working set per call: binCV 12582912 B, OpenCV 100663296 B (three buffers)
[BENCH] bitwiseAnd             binCV uint32        0.01377 ns/px    27.23 GB/s
[BENCH] bitwiseAnd             binCV uint64        0.00951 ns/px    39.44 GB/s
[BENCH] bitwiseAnd             OpenCV CV_8U        0.17022 ns/px    17.62 GB/s
[BENCH] bitwiseOr              binCV uint32        0.01016 ns/px    36.90 GB/s
[BENCH] bitwiseOr              binCV uint64        0.01202 ns/px    31.21 GB/s
[BENCH] bitwiseOr              OpenCV CV_8U        0.16087 ns/px    18.65 GB/s
[BENCH] bitwiseXor             binCV uint32        0.01851 ns/px    20.26 GB/s
[BENCH] bitwiseXor             binCV uint64        0.01011 ns/px    37.10 GB/s
[BENCH] bitwiseXor             OpenCV CV_8U        0.16976 ns/px    17.67 GB/s
[BENCH] bitwiseNot             binCV uint32        0.00541 ns/px    46.19 GB/s
[BENCH] bitwiseNot             binCV uint64        0.00587 ns/px    42.56 GB/s
[BENCH] bitwiseNot             OpenCV CV_8U        0.08435 ns/px    23.71 GB/s

 OP           IMPLEMENTATION       ns/pixel       GB/s    vs OpenCV
 ---------------------------------------------------------------------
 bitwiseAnd   binCV uint32          0.01377      27.23       12.36x
 bitwiseAnd   binCV uint64          0.00951      39.44       17.90x
 bitwiseAnd   OpenCV CV_8U          0.17022      17.62        1.00x
 bitwiseOr    binCV uint32          0.01016      36.90       15.83x
 bitwiseOr    binCV uint64          0.01202      31.21       13.39x
 bitwiseOr    OpenCV CV_8U          0.16087      18.65        1.00x
 bitwiseXor   binCV uint32          0.01851      20.26        9.17x
 bitwiseXor   binCV uint64          0.01011      37.10       16.79x
 bitwiseXor   OpenCV CV_8U          0.16976      17.67        1.00x
 bitwiseNot   binCV uint32          0.00541      46.19       15.59x
 bitwiseNot   binCV uint64          0.00587      42.56       14.36x
 bitwiseNot   OpenCV CV_8U          0.08435      23.71        1.00x
 ratio > 1 means binCV is faster. sink=7252063904996210642
### run 11
=== Benchmark Config ===
Width: 640, Height: 480, Iterations: 100, DType: uint8, Sparsity: 1

logic kernels vs OpenCV on the same binary content as CV_8U
(the denominator is what a user runs today without binCV)
OpenCV 4.8.0-dev, cv::getNumThreads() = 1; binCV is single-threaded
 OpenCV build:    Configuration:               Release
 OpenCV build:    Baseline:                    SSE SSE2 SSE3
 OpenCV build:    Dispatched code generation:  SSE4_1 SSE4_2 FP16 AVX AVX2 AVX512_SKX

================ 640 x 480 (307200 pixels) ================
 footprint per buffer: binCV uint32 38400 B, binCV uint64 38400 B, OpenCV CV_8U 307200 B (8.0x)
 bitwiseAnd   set pixels: binCV    76512 OpenCV    76512 agree
 bitwiseOr    set pixels: binCV   230224 OpenCV   230224 agree
 bitwiseXor   set pixels: binCV   153712 OpenCV   153712 agree
 bitwiseNot   set pixels: binCV   153774 OpenCV   153774 agree
 physical bound (1 read + 1 write word copy, fastest batch; worst in parentheses):
 38400 B buffer 141.62 GB/s (65.68) 307200 B buffer 111.71 GB/s (70.93)
 std::memcpy at the same footprints (context only, NOT the bound, and not monotonic in size): 131.13 GB/s, 8.18 GB/s
 working set per call: binCV 115200 B, OpenCV 921600 B (three buffers)
[BENCH] bitwiseAnd             binCV uint32        0.00274 ns/px   137.03 GB/s
[BENCH] bitwiseAnd             binCV uint64        0.00362 ns/px   103.52 GB/s
[BENCH] bitwiseAnd             OpenCV CV_8U        0.02887 ns/px   103.90 GB/s
[BENCH] bitwiseOr              binCV uint32        0.00384 ns/px    97.77 GB/s
[BENCH] bitwiseOr              binCV uint64        0.00279 ns/px   134.21 GB/s
[BENCH] bitwiseOr              OpenCV CV_8U        0.02768 ns/px   108.36 GB/s
[BENCH] bitwiseXor             binCV uint32        0.00360 ns/px   104.20 GB/s
[BENCH] bitwiseXor             binCV uint64        0.00360 ns/px   104.05 GB/s
[BENCH] bitwiseXor             OpenCV CV_8U        0.02787 ns/px   107.66 GB/s
[BENCH] bitwiseNot             binCV uint32        0.00352 ns/px    71.07 GB/s
[BENCH] bitwiseNot             binCV uint64        0.00349 ns/px    71.61 GB/s
[BENCH] bitwiseNot             OpenCV CV_8U        0.07006 ns/px    28.55 GB/s

 OP           IMPLEMENTATION       ns/pixel       GB/s    vs OpenCV
 ---------------------------------------------------------------------
 bitwiseAnd   binCV uint32          0.00274     137.03       10.55x
 bitwiseAnd   binCV uint64          0.00362     103.52        7.97x
 bitwiseAnd   OpenCV CV_8U          0.02887     103.90        1.00x
 bitwiseOr    binCV uint32          0.00384      97.77        7.22x
 bitwiseOr    binCV uint64          0.00279     134.21        9.91x
 bitwiseOr    OpenCV CV_8U          0.02768     108.36        1.00x
 bitwiseXor   binCV uint32          0.00360     104.20        7.74x
 bitwiseXor   binCV uint64          0.00360     104.05        7.73x
 bitwiseXor   OpenCV CV_8U          0.02787     107.66        1.00x
 bitwiseNot   binCV uint32          0.00352      71.07       19.92x
 bitwiseNot   binCV uint64          0.00349      71.61       20.07x
 bitwiseNot   OpenCV CV_8U          0.07006      28.55        1.00x
 ratio > 1 means binCV is faster. sink=1477850447293116430

================ 1024 x 1024 (1048576 pixels) ================
 footprint per buffer: binCV uint32 131072 B, binCV uint64 131072 B, OpenCV CV_8U 1048576 B (8.0x)
 bitwiseAnd   set pixels: binCV   261799 OpenCV   261799 agree
 bitwiseOr    set pixels: binCV   787067 OpenCV   787067 agree
 bitwiseXor   set pixels: binCV   525268 OpenCV   525268 agree
 bitwiseNot   set pixels: binCV   523860 OpenCV   523860 agree
 physical bound (1 read + 1 write word copy, fastest batch; worst in parentheses):
 131072 B buffer 131.47 GB/s (54.42) 1048576 B buffer 108.92 GB/s (54.75)
 std::memcpy at the same footprints (context only, NOT the bound, and not monotonic in size): 8.36 GB/s, 7.68 GB/s
 working set per call: binCV 393216 B, OpenCV 3145728 B (three buffers)
[BENCH] bitwiseAnd             binCV uint32        0.00326 ns/px   114.98 GB/s
[BENCH] bitwiseAnd             binCV uint64        0.00366 ns/px   102.44 GB/s
[BENCH] bitwiseAnd             OpenCV CV_8U        0.03062 ns/px    97.98 GB/s
[BENCH] bitwiseOr              binCV uint32        0.00364 ns/px   102.90 GB/s
[BENCH] bitwiseOr              binCV uint64        0.00300 ns/px   125.00 GB/s
[BENCH] bitwiseOr              OpenCV CV_8U        0.03011 ns/px    99.64 GB/s
[BENCH] bitwiseXor             binCV uint32        0.00359 ns/px   104.46 GB/s
[BENCH] bitwiseXor             binCV uint64        0.00367 ns/px   102.06 GB/s
[BENCH] bitwiseXor             OpenCV CV_8U        0.03222 ns/px    93.10 GB/s
[BENCH] bitwiseNot             binCV uint32        0.00356 ns/px    70.18 GB/s
[BENCH] bitwiseNot             binCV uint64        0.00350 ns/px    71.35 GB/s
[BENCH] bitwiseNot             OpenCV CV_8U        0.06479 ns/px    30.87 GB/s

 OP           IMPLEMENTATION       ns/pixel       GB/s    vs OpenCV
 ---------------------------------------------------------------------
 bitwiseAnd   binCV uint32          0.00326     114.98        9.39x
 bitwiseAnd   binCV uint64          0.00366     102.44        8.36x
 bitwiseAnd   OpenCV CV_8U          0.03062      97.98        1.00x
 bitwiseOr    binCV uint32          0.00364     102.90        8.26x
 bitwiseOr    binCV uint64          0.00300     125.00       10.04x
 bitwiseOr    OpenCV CV_8U          0.03011      99.64        1.00x
 bitwiseXor   binCV uint32          0.00359     104.46        8.98x
 bitwiseXor   binCV uint64          0.00367     102.06        8.77x
 bitwiseXor   OpenCV CV_8U          0.03222      93.10        1.00x
 bitwiseNot   binCV uint32          0.00356      70.18       18.19x
 bitwiseNot   binCV uint64          0.00350      71.35       18.49x
 bitwiseNot   OpenCV CV_8U          0.06479      30.87        1.00x
 ratio > 1 means binCV is faster. sink=7133838513715812137

================ 8192 x 4096 (33554432 pixels) ================
 footprint per buffer: binCV uint32 4194304 B, binCV uint64 4194304 B, OpenCV CV_8U 33554432 B (8.0x)
 bitwiseAnd   set pixels: binCV  8389345 OpenCV  8389345 agree
 bitwiseOr    set pixels: binCV 25165591 OpenCV 25165591 agree
 bitwiseXor   set pixels: binCV 16776246 OpenCV 16776246 agree
 bitwiseNot   set pixels: binCV 16778496 OpenCV 16778496 agree
 physical bound (1 read + 1 write word copy, fastest batch; worst in parentheses):
 4194304 B buffer 105.77 GB/s (51.76) 33554432 B buffer 16.52 GB/s (7.18)
 std::memcpy at the same footprints (context only, NOT the bound, and not monotonic in size): 7.01 GB/s, 26.32 GB/s
 working set per call: binCV 12582912 B, OpenCV 100663296 B (three buffers)
[BENCH] bitwiseAnd             binCV uint32        0.01213 ns/px    30.93 GB/s
[BENCH] bitwiseAnd             binCV uint64        0.00996 ns/px    37.65 GB/s
[BENCH] bitwiseAnd             OpenCV CV_8U        0.15822 ns/px    18.96 GB/s
[BENCH] bitwiseOr              binCV uint32        0.01335 ns/px    28.10 GB/s
[BENCH] bitwiseOr              binCV uint64        0.01212 ns/px    30.93 GB/s
[BENCH] bitwiseOr              OpenCV CV_8U        0.16227 ns/px    18.49 GB/s
[BENCH] bitwiseXor             binCV uint32        0.01136 ns/px    33.01 GB/s
[BENCH] bitwiseXor             binCV uint64        0.00901 ns/px    41.63 GB/s
[BENCH] bitwiseXor             OpenCV CV_8U        0.18818 ns/px    15.94 GB/s
[BENCH] bitwiseNot             binCV uint32        0.00565 ns/px    44.22 GB/s
[BENCH] bitwiseNot             binCV uint64        0.00540 ns/px    46.28 GB/s
[BENCH] bitwiseNot             OpenCV CV_8U        0.08294 ns/px    24.11 GB/s

 OP           IMPLEMENTATION       ns/pixel       GB/s    vs OpenCV
 ---------------------------------------------------------------------
 bitwiseAnd   binCV uint32          0.01213      30.93       13.05x
 bitwiseAnd   binCV uint64          0.00996      37.65       15.89x
 bitwiseAnd   OpenCV CV_8U          0.15822      18.96        1.00x
 bitwiseOr    binCV uint32          0.01335      28.10       12.16x
 bitwiseOr    binCV uint64          0.01212      30.93       13.38x
 bitwiseOr    OpenCV CV_8U          0.16227      18.49        1.00x
 bitwiseXor   binCV uint32          0.01136      33.01       16.56x
 bitwiseXor   binCV uint64          0.00901      41.63       20.89x
 bitwiseXor   OpenCV CV_8U          0.18818      15.94        1.00x
 bitwiseNot   binCV uint32          0.00565      44.22       14.67x
 bitwiseNot   binCV uint64          0.00540      46.28       15.35x
 bitwiseNot   OpenCV CV_8U          0.08294      24.11        1.00x
 ratio > 1 means binCV is faster. sink=13722616457346937563
### run 12
=== Benchmark Config ===
Width: 640, Height: 480, Iterations: 100, DType: uint8, Sparsity: 1

logic kernels vs OpenCV on the same binary content as CV_8U
(the denominator is what a user runs today without binCV)
OpenCV 4.8.0-dev, cv::getNumThreads() = 1; binCV is single-threaded
 OpenCV build:    Configuration:               Release
 OpenCV build:    Baseline:                    SSE SSE2 SSE3
 OpenCV build:    Dispatched code generation:  SSE4_1 SSE4_2 FP16 AVX AVX2 AVX512_SKX

================ 640 x 480 (307200 pixels) ================
 footprint per buffer: binCV uint32 38400 B, binCV uint64 38400 B, OpenCV CV_8U 307200 B (8.0x)
 bitwiseAnd   set pixels: binCV    76512 OpenCV    76512 agree
 bitwiseOr    set pixels: binCV   230224 OpenCV   230224 agree
 bitwiseXor   set pixels: binCV   153712 OpenCV   153712 agree
 bitwiseNot   set pixels: binCV   153774 OpenCV   153774 agree
 physical bound (1 read + 1 write word copy, fastest batch; worst in parentheses):
 38400 B buffer 140.40 GB/s (57.95) 307200 B buffer 114.91 GB/s (83.33)
 std::memcpy at the same footprints (context only, NOT the bound, and not monotonic in size): 126.61 GB/s, 8.23 GB/s
 working set per call: binCV 115200 B, OpenCV 921600 B (three buffers)
[BENCH] bitwiseAnd             binCV uint32        0.00389 ns/px    96.47 GB/s
[BENCH] bitwiseAnd             binCV uint64        0.00369 ns/px   101.73 GB/s
[BENCH] bitwiseAnd             OpenCV CV_8U        0.02911 ns/px   103.05 GB/s
[BENCH] bitwiseOr              binCV uint32        0.00370 ns/px   101.46 GB/s
[BENCH] bitwiseOr              binCV uint64        0.00279 ns/px   134.49 GB/s
[BENCH] bitwiseOr              OpenCV CV_8U        0.02828 ns/px   106.10 GB/s
[BENCH] bitwiseXor             binCV uint32        0.00364 ns/px   102.90 GB/s
[BENCH] bitwiseXor             binCV uint64        0.00355 ns/px   105.58 GB/s
[BENCH] bitwiseXor             OpenCV CV_8U        0.02756 ns/px   108.86 GB/s
[BENCH] bitwiseNot             binCV uint32        0.00376 ns/px    66.56 GB/s
[BENCH] bitwiseNot             binCV uint64        0.00350 ns/px    71.49 GB/s
[BENCH] bitwiseNot             OpenCV CV_8U        0.06209 ns/px    32.21 GB/s

 OP           IMPLEMENTATION       ns/pixel       GB/s    vs OpenCV
 ---------------------------------------------------------------------
 bitwiseAnd   binCV uint32          0.00389      96.47        7.49x
 bitwiseAnd   binCV uint64          0.00369     101.73        7.90x
 bitwiseAnd   OpenCV CV_8U          0.02911     103.05        1.00x
 bitwiseOr    binCV uint32          0.00370     101.46        7.65x
 bitwiseOr    binCV uint64          0.00279     134.49       10.14x
 bitwiseOr    OpenCV CV_8U          0.02828     106.10        1.00x
 bitwiseXor   binCV uint32          0.00364     102.90        7.56x
 bitwiseXor   binCV uint64          0.00355     105.58        7.76x
 bitwiseXor   OpenCV CV_8U          0.02756     108.86        1.00x
 bitwiseNot   binCV uint32          0.00376      66.56       16.53x
 bitwiseNot   binCV uint64          0.00350      71.49       17.75x
 bitwiseNot   OpenCV CV_8U          0.06209      32.21        1.00x
 ratio > 1 means binCV is faster. sink=7078044515486657142

================ 1024 x 1024 (1048576 pixels) ================
 footprint per buffer: binCV uint32 131072 B, binCV uint64 131072 B, OpenCV CV_8U 1048576 B (8.0x)
 bitwiseAnd   set pixels: binCV   261799 OpenCV   261799 agree
 bitwiseOr    set pixels: binCV   787067 OpenCV   787067 agree
 bitwiseXor   set pixels: binCV   525268 OpenCV   525268 agree
 bitwiseNot   set pixels: binCV   523860 OpenCV   523860 agree
 physical bound (1 read + 1 write word copy, fastest batch; worst in parentheses):
 131072 B buffer 132.41 GB/s (46.82) 1048576 B buffer 112.48 GB/s (63.10)
 std::memcpy at the same footprints (context only, NOT the bound, and not monotonic in size): 8.27 GB/s, 7.14 GB/s
 working set per call: binCV 393216 B, OpenCV 3145728 B (three buffers)
[BENCH] bitwiseAnd             binCV uint32        0.00334 ns/px   112.30 GB/s
[BENCH] bitwiseAnd             binCV uint64        0.00375 ns/px    99.93 GB/s
[BENCH] bitwiseAnd             OpenCV CV_8U        0.02955 ns/px   101.53 GB/s
[BENCH] bitwiseOr              binCV uint32        0.00382 ns/px    98.10 GB/s
[BENCH] bitwiseOr              binCV uint64        0.00334 ns/px   112.30 GB/s
[BENCH] bitwiseOr              OpenCV CV_8U        0.02763 ns/px   108.59 GB/s
[BENCH] bitwiseXor             binCV uint32        0.00373 ns/px   100.60 GB/s
[BENCH] bitwiseXor             binCV uint64        0.00377 ns/px    99.56 GB/s
[BENCH] bitwiseXor             OpenCV CV_8U        0.02823 ns/px   106.28 GB/s
[BENCH] bitwiseNot             binCV uint32        0.00350 ns/px    71.39 GB/s
[BENCH] bitwiseNot             binCV uint64        0.00357 ns/px    70.10 GB/s
[BENCH] bitwiseNot             OpenCV CV_8U        0.06327 ns/px    31.61 GB/s

 OP           IMPLEMENTATION       ns/pixel       GB/s    vs OpenCV
 ---------------------------------------------------------------------
 bitwiseAnd   binCV uint32          0.00334     112.30        8.85x
 bitwiseAnd   binCV uint64          0.00375      99.93        7.87x
 bitwiseAnd   OpenCV CV_8U          0.02955     101.53        1.00x
 bitwiseOr    binCV uint32          0.00382      98.10        7.23x
 bitwiseOr    binCV uint64          0.00334     112.30        8.27x
 bitwiseOr    OpenCV CV_8U          0.02763     108.59        1.00x
 bitwiseXor   binCV uint32          0.00373     100.60        7.57x
 bitwiseXor   binCV uint64          0.00377      99.56        7.49x
 bitwiseXor   OpenCV CV_8U          0.02823     106.28        1.00x
 bitwiseNot   binCV uint32          0.00350      71.39       18.07x
 bitwiseNot   binCV uint64          0.00357      70.10       17.74x
 bitwiseNot   OpenCV CV_8U          0.06327      31.61        1.00x
 ratio > 1 means binCV is faster. sink=6203624474124182875

================ 8192 x 4096 (33554432 pixels) ================
 footprint per buffer: binCV uint32 4194304 B, binCV uint64 4194304 B, OpenCV CV_8U 33554432 B (8.0x)
 bitwiseAnd   set pixels: binCV  8389345 OpenCV  8389345 agree
 bitwiseOr    set pixels: binCV 25165591 OpenCV 25165591 agree
 bitwiseXor   set pixels: binCV 16776246 OpenCV 16776246 agree
 bitwiseNot   set pixels: binCV 16778496 OpenCV 16778496 agree
 physical bound (1 read + 1 write word copy, fastest batch; worst in parentheses):
 4194304 B buffer 104.41 GB/s (46.91) 33554432 B buffer 16.99 GB/s (8.72)
 std::memcpy at the same footprints (context only, NOT the bound, and not monotonic in size): 7.40 GB/s, 26.56 GB/s
 working set per call: binCV 12582912 B, OpenCV 100663296 B (three buffers)
[BENCH] bitwiseAnd             binCV uint32        0.01616 ns/px    23.21 GB/s
[BENCH] bitwiseAnd             binCV uint64        0.00982 ns/px    38.19 GB/s
[BENCH] bitwiseAnd             OpenCV CV_8U        0.16374 ns/px    18.32 GB/s
[BENCH] bitwiseOr              binCV uint32        0.01005 ns/px    37.33 GB/s
[BENCH] bitwiseOr              binCV uint64        0.01074 ns/px    34.91 GB/s
[BENCH] bitwiseOr              OpenCV CV_8U        0.20673 ns/px    14.51 GB/s
[BENCH] bitwiseXor             binCV uint32        0.00969 ns/px    38.71 GB/s
[BENCH] bitwiseXor             binCV uint64        0.01044 ns/px    35.93 GB/s
[BENCH] bitwiseXor             OpenCV CV_8U        0.15661 ns/px    19.16 GB/s
[BENCH] bitwiseNot             binCV uint32        0.00508 ns/px    49.19 GB/s
[BENCH] bitwiseNot             binCV uint64        0.00421 ns/px    59.36 GB/s
[BENCH] bitwiseNot             OpenCV CV_8U        0.09979 ns/px    20.04 GB/s

 OP           IMPLEMENTATION       ns/pixel       GB/s    vs OpenCV
 ---------------------------------------------------------------------
 bitwiseAnd   binCV uint32          0.01616      23.21       10.13x
 bitwiseAnd   binCV uint64          0.00982      38.19       16.68x
 bitwiseAnd   OpenCV CV_8U          0.16374      18.32        1.00x
 bitwiseOr    binCV uint32          0.01005      37.33       20.58x
 bitwiseOr    binCV uint64          0.01074      34.91       19.25x
 bitwiseOr    OpenCV CV_8U          0.20673      14.51        1.00x
 bitwiseXor   binCV uint32          0.00969      38.71       16.17x
 bitwiseXor   binCV uint64          0.01044      35.93       15.01x
 bitwiseXor   OpenCV CV_8U          0.15661      19.16        1.00x
 bitwiseNot   binCV uint32          0.00508      49.19       19.64x
 bitwiseNot   binCV uint64          0.00421      59.36       23.70x
 bitwiseNot   OpenCV CV_8U          0.09979      20.04        1.00x
 ratio > 1 means binCV is faster. sink=4263826912785218310
### run 13
=== Benchmark Config ===
Width: 640, Height: 480, Iterations: 100, DType: uint8, Sparsity: 1

logic kernels vs OpenCV on the same binary content as CV_8U
(the denominator is what a user runs today without binCV)
OpenCV 4.8.0-dev, cv::getNumThreads() = 1; binCV is single-threaded
 OpenCV build:    Configuration:               Release
 OpenCV build:    Baseline:                    SSE SSE2 SSE3
 OpenCV build:    Dispatched code generation:  SSE4_1 SSE4_2 FP16 AVX AVX2 AVX512_SKX

================ 640 x 480 (307200 pixels) ================
 footprint per buffer: binCV uint32 38400 B, binCV uint64 38400 B, OpenCV CV_8U 307200 B (8.0x)
 bitwiseAnd   set pixels: binCV    76512 OpenCV    76512 agree
 bitwiseOr    set pixels: binCV   230224 OpenCV   230224 agree
 bitwiseXor   set pixels: binCV   153712 OpenCV   153712 agree
 bitwiseNot   set pixels: binCV   153774 OpenCV   153774 agree
 physical bound (1 read + 1 write word copy, fastest batch; worst in parentheses):
 38400 B buffer 144.04 GB/s (60.12) 307200 B buffer 115.05 GB/s (67.81)
 std::memcpy at the same footprints (context only, NOT the bound, and not monotonic in size): 131.06 GB/s, 8.52 GB/s
 working set per call: binCV 115200 B, OpenCV 921600 B (three buffers)
[BENCH] bitwiseAnd             binCV uint32        0.00289 ns/px   129.96 GB/s
[BENCH] bitwiseAnd             binCV uint64        0.00389 ns/px    96.41 GB/s
[BENCH] bitwiseAnd             OpenCV CV_8U        0.02753 ns/px   108.97 GB/s
[BENCH] bitwiseOr              binCV uint32        0.00366 ns/px   102.34 GB/s
[BENCH] bitwiseOr              binCV uint64        0.00285 ns/px   131.36 GB/s
[BENCH] bitwiseOr              OpenCV CV_8U        0.02894 ns/px   103.67 GB/s
[BENCH] bitwiseXor             binCV uint32        0.00356 ns/px   105.42 GB/s
[BENCH] bitwiseXor             binCV uint64        0.00353 ns/px   106.29 GB/s
[BENCH] bitwiseXor             OpenCV CV_8U        0.02766 ns/px   108.47 GB/s
[BENCH] bitwiseNot             binCV uint32        0.00360 ns/px    69.49 GB/s
[BENCH] bitwiseNot             binCV uint64        0.00348 ns/px    71.74 GB/s
[BENCH] bitwiseNot             OpenCV CV_8U        0.06516 ns/px    30.69 GB/s

 OP           IMPLEMENTATION       ns/pixel       GB/s    vs OpenCV
 ---------------------------------------------------------------------
 bitwiseAnd   binCV uint32          0.00289     129.96        9.54x
 bitwiseAnd   binCV uint64          0.00389      96.41        7.08x
 bitwiseAnd   OpenCV CV_8U          0.02753     108.97        1.00x
 bitwiseOr    binCV uint32          0.00366     102.34        7.90x
 bitwiseOr    binCV uint64          0.00285     131.36       10.14x
 bitwiseOr    OpenCV CV_8U          0.02894     103.67        1.00x
 bitwiseXor   binCV uint32          0.00356     105.42        7.78x
 bitwiseXor   binCV uint64          0.00353     106.29        7.84x
 bitwiseXor   OpenCV CV_8U          0.02766     108.47        1.00x
 bitwiseNot   binCV uint32          0.00360      69.49       18.11x
 bitwiseNot   binCV uint64          0.00348      71.74       18.70x
 bitwiseNot   OpenCV CV_8U          0.06516      30.69        1.00x
 ratio > 1 means binCV is faster. sink=17966315050420311895

================ 1024 x 1024 (1048576 pixels) ================
 footprint per buffer: binCV uint32 131072 B, binCV uint64 131072 B, OpenCV CV_8U 1048576 B (8.0x)
 bitwiseAnd   set pixels: binCV   261799 OpenCV   261799 agree
 bitwiseOr    set pixels: binCV   787067 OpenCV   787067 agree
 bitwiseXor   set pixels: binCV   525268 OpenCV   525268 agree
 bitwiseNot   set pixels: binCV   523860 OpenCV   523860 agree
 physical bound (1 read + 1 write word copy, fastest batch; worst in parentheses):
 131072 B buffer 128.16 GB/s (59.43) 1048576 B buffer 113.35 GB/s (78.07)
 std::memcpy at the same footprints (context only, NOT the bound, and not monotonic in size): 8.38 GB/s, 6.82 GB/s
 working set per call: binCV 393216 B, OpenCV 3145728 B (three buffers)
[BENCH] bitwiseAnd             binCV uint32        0.00312 ns/px   120.28 GB/s
[BENCH] bitwiseAnd             binCV uint64        0.00359 ns/px   104.55 GB/s
[BENCH] bitwiseAnd             OpenCV CV_8U        0.03095 ns/px    96.94 GB/s
[BENCH] bitwiseOr              binCV uint32        0.00364 ns/px   102.95 GB/s
[BENCH] bitwiseOr              binCV uint64        0.00298 ns/px   125.77 GB/s
[BENCH] bitwiseOr              OpenCV CV_8U        0.02925 ns/px   102.58 GB/s
[BENCH] bitwiseXor             binCV uint32        0.00359 ns/px   104.34 GB/s
[BENCH] bitwiseXor             binCV uint64        0.00361 ns/px   103.82 GB/s
[BENCH] bitwiseXor             OpenCV CV_8U        0.03005 ns/px    99.82 GB/s
[BENCH] bitwiseNot             binCV uint32        0.00354 ns/px    70.66 GB/s
[BENCH] bitwiseNot             binCV uint64        0.00352 ns/px    70.96 GB/s
[BENCH] bitwiseNot             OpenCV CV_8U        0.06341 ns/px    31.54 GB/s

 OP           IMPLEMENTATION       ns/pixel       GB/s    vs OpenCV
 ---------------------------------------------------------------------
 bitwiseAnd   binCV uint32          0.00312     120.28        9.93x
 bitwiseAnd   binCV uint64          0.00359     104.55        8.63x
 bitwiseAnd   OpenCV CV_8U          0.03095      96.94        1.00x
 bitwiseOr    binCV uint32          0.00364     102.95        8.03x
 bitwiseOr    binCV uint64          0.00298     125.77        9.81x
 bitwiseOr    OpenCV CV_8U          0.02925     102.58        1.00x
 bitwiseXor   binCV uint32          0.00359     104.34        8.36x
 bitwiseXor   binCV uint64          0.00361     103.82        8.32x
 bitwiseXor   OpenCV CV_8U          0.03005      99.82        1.00x
 bitwiseNot   binCV uint32          0.00354      70.66       17.92x
 bitwiseNot   binCV uint64          0.00352      70.96       18.00x
 bitwiseNot   OpenCV CV_8U          0.06341      31.54        1.00x
 ratio > 1 means binCV is faster. sink=8964270104783410882

================ 8192 x 4096 (33554432 pixels) ================
 footprint per buffer: binCV uint32 4194304 B, binCV uint64 4194304 B, OpenCV CV_8U 33554432 B (8.0x)
 bitwiseAnd   set pixels: binCV  8389345 OpenCV  8389345 agree
 bitwiseOr    set pixels: binCV 25165591 OpenCV 25165591 agree
 bitwiseXor   set pixels: binCV 16776246 OpenCV 16776246 agree
 bitwiseNot   set pixels: binCV 16778496 OpenCV 16778496 agree
 physical bound (1 read + 1 write word copy, fastest batch; worst in parentheses):
 4194304 B buffer 102.38 GB/s (63.42) 33554432 B buffer 17.22 GB/s (7.18)
 std::memcpy at the same footprints (context only, NOT the bound, and not monotonic in size): 6.95 GB/s, 24.90 GB/s
 working set per call: binCV 12582912 B, OpenCV 100663296 B (three buffers)
[BENCH] bitwiseAnd             binCV uint32        0.01006 ns/px    37.29 GB/s
[BENCH] bitwiseAnd             binCV uint64        0.00980 ns/px    38.25 GB/s
[BENCH] bitwiseAnd             OpenCV CV_8U        0.21275 ns/px    14.10 GB/s
[BENCH] bitwiseOr              binCV uint32        0.01086 ns/px    34.53 GB/s
[BENCH] bitwiseOr              binCV uint64        0.01041 ns/px    36.03 GB/s
[BENCH] bitwiseOr              OpenCV CV_8U        0.16264 ns/px    18.45 GB/s
[BENCH] bitwiseXor             binCV uint32        0.01009 ns/px    37.18 GB/s
[BENCH] bitwiseXor             binCV uint64        0.01840 ns/px    20.38 GB/s
[BENCH] bitwiseXor             OpenCV CV_8U        0.18703 ns/px    16.04 GB/s
[BENCH] bitwiseNot             binCV uint32        0.00582 ns/px    42.98 GB/s
[BENCH] bitwiseNot             binCV uint64        0.00573 ns/px    43.63 GB/s
[BENCH] bitwiseNot             OpenCV CV_8U        0.08269 ns/px    24.19 GB/s

 OP           IMPLEMENTATION       ns/pixel       GB/s    vs OpenCV
 ---------------------------------------------------------------------
 bitwiseAnd   binCV uint32          0.01006      37.29       21.15x
 bitwiseAnd   binCV uint64          0.00980      38.25       21.70x
 bitwiseAnd   OpenCV CV_8U          0.21275      14.10        1.00x
 bitwiseOr    binCV uint32          0.01086      34.53       14.98x
 bitwiseOr    binCV uint64          0.01041      36.03       15.63x
 bitwiseOr    OpenCV CV_8U          0.16264      18.45        1.00x
 bitwiseXor   binCV uint32          0.01009      37.18       18.54x
 bitwiseXor   binCV uint64          0.01840      20.38       10.16x
 bitwiseXor   OpenCV CV_8U          0.18703      16.04        1.00x
 bitwiseNot   binCV uint32          0.00582      42.98       14.22x
 bitwiseNot   binCV uint64          0.00573      43.63       14.43x
 bitwiseNot   OpenCV CV_8U          0.08269      24.19        1.00x
 ratio > 1 means binCV is faster. sink=14610786090848859143
### run 14
=== Benchmark Config ===
Width: 640, Height: 480, Iterations: 100, DType: uint8, Sparsity: 1

logic kernels vs OpenCV on the same binary content as CV_8U
(the denominator is what a user runs today without binCV)
OpenCV 4.8.0-dev, cv::getNumThreads() = 1; binCV is single-threaded
 OpenCV build:    Configuration:               Release
 OpenCV build:    Baseline:                    SSE SSE2 SSE3
 OpenCV build:    Dispatched code generation:  SSE4_1 SSE4_2 FP16 AVX AVX2 AVX512_SKX

================ 640 x 480 (307200 pixels) ================
 footprint per buffer: binCV uint32 38400 B, binCV uint64 38400 B, OpenCV CV_8U 307200 B (8.0x)
 bitwiseAnd   set pixels: binCV    76512 OpenCV    76512 agree
 bitwiseOr    set pixels: binCV   230224 OpenCV   230224 agree
 bitwiseXor   set pixels: binCV   153712 OpenCV   153712 agree
 bitwiseNot   set pixels: binCV   153774 OpenCV   153774 agree
 physical bound (1 read + 1 write word copy, fastest batch; worst in parentheses):
 38400 B buffer 141.41 GB/s (43.75) 307200 B buffer 114.00 GB/s (67.87)
 std::memcpy at the same footprints (context only, NOT the bound, and not monotonic in size): 131.70 GB/s, 8.34 GB/s
 working set per call: binCV 115200 B, OpenCV 921600 B (three buffers)
[BENCH] bitwiseAnd             binCV uint32        0.00281 ns/px   133.51 GB/s
[BENCH] bitwiseAnd             binCV uint64        0.00375 ns/px   100.05 GB/s
[BENCH] bitwiseAnd             OpenCV CV_8U        0.03001 ns/px    99.97 GB/s
[BENCH] bitwiseOr              binCV uint32        0.00383 ns/px    97.98 GB/s
[BENCH] bitwiseOr              binCV uint64        0.00279 ns/px   134.53 GB/s
[BENCH] bitwiseOr              OpenCV CV_8U        0.02734 ns/px   109.75 GB/s
[BENCH] bitwiseXor             binCV uint32        0.00355 ns/px   105.55 GB/s
[BENCH] bitwiseXor             binCV uint64        0.00355 ns/px   105.77 GB/s
[BENCH] bitwiseXor             OpenCV CV_8U        0.02764 ns/px   108.54 GB/s
[BENCH] bitwiseNot             binCV uint32        0.00348 ns/px    71.93 GB/s
[BENCH] bitwiseNot             binCV uint64        0.00369 ns/px    67.71 GB/s
[BENCH] bitwiseNot             OpenCV CV_8U        0.06414 ns/px    31.18 GB/s

 OP           IMPLEMENTATION       ns/pixel       GB/s    vs OpenCV
 ---------------------------------------------------------------------
 bitwiseAnd   binCV uint32          0.00281     133.51       10.68x
 bitwiseAnd   binCV uint64          0.00375     100.05        8.01x
 bitwiseAnd   OpenCV CV_8U          0.03001      99.97        1.00x
 bitwiseOr    binCV uint32          0.00383      97.98        7.14x
 bitwiseOr    binCV uint64          0.00279     134.53        9.81x
 bitwiseOr    OpenCV CV_8U          0.02734     109.75        1.00x
 bitwiseXor   binCV uint32          0.00355     105.55        7.78x
 bitwiseXor   binCV uint64          0.00355     105.77        7.80x
 bitwiseXor   OpenCV CV_8U          0.02764     108.54        1.00x
 bitwiseNot   binCV uint32          0.00348      71.93       18.45x
 bitwiseNot   binCV uint64          0.00369      67.71       17.37x
 bitwiseNot   OpenCV CV_8U          0.06414      31.18        1.00x
 ratio > 1 means binCV is faster. sink=15790469283269822802

================ 1024 x 1024 (1048576 pixels) ================
 footprint per buffer: binCV uint32 131072 B, binCV uint64 131072 B, OpenCV CV_8U 1048576 B (8.0x)
 bitwiseAnd   set pixels: binCV   261799 OpenCV   261799 agree
 bitwiseOr    set pixels: binCV   787067 OpenCV   787067 agree
 bitwiseXor   set pixels: binCV   525268 OpenCV   525268 agree
 bitwiseNot   set pixels: binCV   523860 OpenCV   523860 agree
 physical bound (1 read + 1 write word copy, fastest batch; worst in parentheses):
 131072 B buffer 126.15 GB/s (81.95) 1048576 B buffer 108.10 GB/s (44.94)
 std::memcpy at the same footprints (context only, NOT the bound, and not monotonic in size): 8.06 GB/s, 7.31 GB/s
 working set per call: binCV 393216 B, OpenCV 3145728 B (three buffers)
[BENCH] bitwiseAnd             binCV uint32        0.00303 ns/px   123.82 GB/s
[BENCH] bitwiseAnd             binCV uint64        0.00357 ns/px   105.04 GB/s
[BENCH] bitwiseAnd             OpenCV CV_8U        0.03020 ns/px    99.33 GB/s
[BENCH] bitwiseOr              binCV uint32        0.00365 ns/px   102.72 GB/s
[BENCH] bitwiseOr              binCV uint64        0.00301 ns/px   124.46 GB/s
[BENCH] bitwiseOr              OpenCV CV_8U        0.03266 ns/px    91.86 GB/s
[BENCH] bitwiseXor             binCV uint32        0.00358 ns/px   104.76 GB/s
[BENCH] bitwiseXor             binCV uint64        0.00370 ns/px   101.46 GB/s
[BENCH] bitwiseXor             OpenCV CV_8U        0.03036 ns/px    98.80 GB/s
[BENCH] bitwiseNot             binCV uint32        0.00352 ns/px    70.94 GB/s
[BENCH] bitwiseNot             binCV uint64        0.00362 ns/px    69.15 GB/s
[BENCH] bitwiseNot             OpenCV CV_8U        0.06279 ns/px    31.85 GB/s

 OP           IMPLEMENTATION       ns/pixel       GB/s    vs OpenCV
 ---------------------------------------------------------------------
 bitwiseAnd   binCV uint32          0.00303     123.82        9.97x
 bitwiseAnd   binCV uint64          0.00357     105.04        8.46x
 bitwiseAnd   OpenCV CV_8U          0.03020      99.33        1.00x
 bitwiseOr    binCV uint32          0.00365     102.72        8.94x
 bitwiseOr    binCV uint64          0.00301     124.46       10.84x
 bitwiseOr    OpenCV CV_8U          0.03266      91.86        1.00x
 bitwiseXor   binCV uint32          0.00358     104.76        8.48x
 bitwiseXor   binCV uint64          0.00370     101.46        8.22x
 bitwiseXor   OpenCV CV_8U          0.03036      98.80        1.00x
 bitwiseNot   binCV uint32          0.00352      70.94       17.82x
 bitwiseNot   binCV uint64          0.00362      69.15       17.37x
 bitwiseNot   OpenCV CV_8U          0.06279      31.85        1.00x
 ratio > 1 means binCV is faster. sink=8710876390707195593

================ 8192 x 4096 (33554432 pixels) ================
 footprint per buffer: binCV uint32 4194304 B, binCV uint64 4194304 B, OpenCV CV_8U 33554432 B (8.0x)
 bitwiseAnd   set pixels: binCV  8389345 OpenCV  8389345 agree
 bitwiseOr    set pixels: binCV 25165591 OpenCV 25165591 agree
 bitwiseXor   set pixels: binCV 16776246 OpenCV 16776246 agree
 bitwiseNot   set pixels: binCV 16778496 OpenCV 16778496 agree
 physical bound (1 read + 1 write word copy, fastest batch; worst in parentheses):
 4194304 B buffer 102.58 GB/s (57.71) 33554432 B buffer 18.56 GB/s (8.88)
 std::memcpy at the same footprints (context only, NOT the bound, and not monotonic in size): 7.15 GB/s, 26.25 GB/s
 working set per call: binCV 12582912 B, OpenCV 100663296 B (three buffers)
[BENCH] bitwiseAnd             binCV uint32        0.00999 ns/px    37.53 GB/s
[BENCH] bitwiseAnd             binCV uint64        0.01016 ns/px    36.91 GB/s
[BENCH] bitwiseAnd             OpenCV CV_8U        0.15501 ns/px    19.35 GB/s
[BENCH] bitwiseOr              binCV uint32        0.01301 ns/px    28.81 GB/s
[BENCH] bitwiseOr              binCV uint64        0.00984 ns/px    38.12 GB/s
[BENCH] bitwiseOr              OpenCV CV_8U        0.16321 ns/px    18.38 GB/s
[BENCH] bitwiseXor             binCV uint32        0.00999 ns/px    37.55 GB/s
[BENCH] bitwiseXor             binCV uint64        0.01016 ns/px    36.91 GB/s
[BENCH] bitwiseXor             OpenCV CV_8U        0.17257 ns/px    17.38 GB/s
[BENCH] bitwiseNot             binCV uint32        0.00569 ns/px    43.94 GB/s
[BENCH] bitwiseNot             binCV uint64        0.00565 ns/px    44.21 GB/s
[BENCH] bitwiseNot             OpenCV CV_8U        0.08766 ns/px    22.82 GB/s

 OP           IMPLEMENTATION       ns/pixel       GB/s    vs OpenCV
 ---------------------------------------------------------------------
 bitwiseAnd   binCV uint32          0.00999      37.53       15.51x
 bitwiseAnd   binCV uint64          0.01016      36.91       15.26x
 bitwiseAnd   OpenCV CV_8U          0.15501      19.35        1.00x
 bitwiseOr    binCV uint32          0.01301      28.81       12.54x
 bitwiseOr    binCV uint64          0.00984      38.12       16.59x
 bitwiseOr    OpenCV CV_8U          0.16321      18.38        1.00x
 bitwiseXor   binCV uint32          0.00999      37.55       17.28x
 bitwiseXor   binCV uint64          0.01016      36.91       16.99x
 bitwiseXor   OpenCV CV_8U          0.17257      17.38        1.00x
 bitwiseNot   binCV uint32          0.00569      43.94       15.41x
 bitwiseNot   binCV uint64          0.00565      44.21       15.50x
 bitwiseNot   OpenCV CV_8U          0.08766      22.82        1.00x
 ratio > 1 means binCV is faster. sink=6287743782904039900
### run 15
=== Benchmark Config ===
Width: 640, Height: 480, Iterations: 100, DType: uint8, Sparsity: 1

logic kernels vs OpenCV on the same binary content as CV_8U
(the denominator is what a user runs today without binCV)
OpenCV 4.8.0-dev, cv::getNumThreads() = 1; binCV is single-threaded
 OpenCV build:    Configuration:               Release
 OpenCV build:    Baseline:                    SSE SSE2 SSE3
 OpenCV build:    Dispatched code generation:  SSE4_1 SSE4_2 FP16 AVX AVX2 AVX512_SKX

================ 640 x 480 (307200 pixels) ================
 footprint per buffer: binCV uint32 38400 B, binCV uint64 38400 B, OpenCV CV_8U 307200 B (8.0x)
 bitwiseAnd   set pixels: binCV    76512 OpenCV    76512 agree
 bitwiseOr    set pixels: binCV   230224 OpenCV   230224 agree
 bitwiseXor   set pixels: binCV   153712 OpenCV   153712 agree
 bitwiseNot   set pixels: binCV   153774 OpenCV   153774 agree
 physical bound (1 read + 1 write word copy, fastest batch; worst in parentheses):
 38400 B buffer 142.37 GB/s (70.49) 307200 B buffer 109.66 GB/s (43.32)
 std::memcpy at the same footprints (context only, NOT the bound, and not monotonic in size): 132.22 GB/s, 8.27 GB/s
 working set per call: binCV 115200 B, OpenCV 921600 B (three buffers)
[BENCH] bitwiseAnd             binCV uint32        0.00267 ns/px   140.49 GB/s
[BENCH] bitwiseAnd             binCV uint64        0.00356 ns/px   105.33 GB/s
[BENCH] bitwiseAnd             OpenCV CV_8U        0.02906 ns/px   103.24 GB/s
[BENCH] bitwiseOr              binCV uint32        0.00377 ns/px    99.44 GB/s
[BENCH] bitwiseOr              binCV uint64        0.00328 ns/px   114.21 GB/s
[BENCH] bitwiseOr              OpenCV CV_8U        0.02845 ns/px   105.45 GB/s
[BENCH] bitwiseXor             binCV uint32        0.00355 ns/px   105.71 GB/s
[BENCH] bitwiseXor             binCV uint64        0.00366 ns/px   102.58 GB/s
[BENCH] bitwiseXor             OpenCV CV_8U        0.02782 ns/px   107.83 GB/s
[BENCH] bitwiseNot             binCV uint32        0.00346 ns/px    72.19 GB/s
[BENCH] bitwiseNot             binCV uint64        0.00353 ns/px    70.91 GB/s
[BENCH] bitwiseNot             OpenCV CV_8U        0.06526 ns/px    30.65 GB/s

 OP           IMPLEMENTATION       ns/pixel       GB/s    vs OpenCV
 ---------------------------------------------------------------------
 bitwiseAnd   binCV uint32          0.00267     140.49       10.89x
 bitwiseAnd   binCV uint64          0.00356     105.33        8.16x
 bitwiseAnd   OpenCV CV_8U          0.02906     103.24        1.00x
 bitwiseOr    binCV uint32          0.00377      99.44        7.54x
 bitwiseOr    binCV uint64          0.00328     114.21        8.66x
 bitwiseOr    OpenCV CV_8U          0.02845     105.45        1.00x
 bitwiseXor   binCV uint32          0.00355     105.71        7.84x
 bitwiseXor   binCV uint64          0.00366     102.58        7.61x
 bitwiseXor   OpenCV CV_8U          0.02782     107.83        1.00x
 bitwiseNot   binCV uint32          0.00346      72.19       18.85x
 bitwiseNot   binCV uint64          0.00353      70.91       18.51x
 bitwiseNot   OpenCV CV_8U          0.06526      30.65        1.00x
 ratio > 1 means binCV is faster. sink=3552356097357734214

================ 1024 x 1024 (1048576 pixels) ================
 footprint per buffer: binCV uint32 131072 B, binCV uint64 131072 B, OpenCV CV_8U 1048576 B (8.0x)
 bitwiseAnd   set pixels: binCV   261799 OpenCV   261799 agree
 bitwiseOr    set pixels: binCV   787067 OpenCV   787067 agree
 bitwiseXor   set pixels: binCV   525268 OpenCV   525268 agree
 bitwiseNot   set pixels: binCV   523860 OpenCV   523860 agree
 physical bound (1 read + 1 write word copy, fastest batch; worst in parentheses):
 131072 B buffer 133.29 GB/s (45.76) 1048576 B buffer 108.16 GB/s (64.20)
 std::memcpy at the same footprints (context only, NOT the bound, and not monotonic in size): 8.19 GB/s, 7.74 GB/s
 working set per call: binCV 393216 B, OpenCV 3145728 B (three buffers)
[BENCH] bitwiseAnd             binCV uint32        0.00299 ns/px   125.44 GB/s
[BENCH] bitwiseAnd             binCV uint64        0.00362 ns/px   103.63 GB/s
[BENCH] bitwiseAnd             OpenCV CV_8U        0.03351 ns/px    89.54 GB/s
[BENCH] bitwiseOr              binCV uint32        0.00360 ns/px   104.10 GB/s
[BENCH] bitwiseOr              binCV uint64        0.00309 ns/px   121.49 GB/s
[BENCH] bitwiseOr              OpenCV CV_8U        0.03017 ns/px    99.42 GB/s
[BENCH] bitwiseXor             binCV uint32        0.00355 ns/px   105.58 GB/s
[BENCH] bitwiseXor             binCV uint64        0.00363 ns/px   103.23 GB/s
[BENCH] bitwiseXor             OpenCV CV_8U        0.03014 ns/px    99.55 GB/s
[BENCH] bitwiseNot             binCV uint32        0.00348 ns/px    71.87 GB/s
[BENCH] bitwiseNot             binCV uint64        0.00351 ns/px    71.32 GB/s
[BENCH] bitwiseNot             OpenCV CV_8U        0.06179 ns/px    32.37 GB/s

 OP           IMPLEMENTATION       ns/pixel       GB/s    vs OpenCV
 ---------------------------------------------------------------------
 bitwiseAnd   binCV uint32          0.00299     125.44       11.21x
 bitwiseAnd   binCV uint64          0.00362     103.63        9.26x
 bitwiseAnd   OpenCV CV_8U          0.03351      89.54        1.00x
 bitwiseOr    binCV uint32          0.00360     104.10        8.38x
 bitwiseOr    binCV uint64          0.00309     121.49        9.78x
 bitwiseOr    OpenCV CV_8U          0.03017      99.42        1.00x
 bitwiseXor   binCV uint32          0.00355     105.58        8.49x
 bitwiseXor   binCV uint64          0.00363     103.23        8.30x
 bitwiseXor   OpenCV CV_8U          0.03014      99.55        1.00x
 bitwiseNot   binCV uint32          0.00348      71.87       17.76x
 bitwiseNot   binCV uint64          0.00351      71.32       17.63x
 bitwiseNot   OpenCV CV_8U          0.06179      32.37        1.00x
 ratio > 1 means binCV is faster. sink=9864922633414651464

================ 8192 x 4096 (33554432 pixels) ================
 footprint per buffer: binCV uint32 4194304 B, binCV uint64 4194304 B, OpenCV CV_8U 33554432 B (8.0x)
 bitwiseAnd   set pixels: binCV  8389345 OpenCV  8389345 agree
 bitwiseOr    set pixels: binCV 25165591 OpenCV 25165591 agree
 bitwiseXor   set pixels: binCV 16776246 OpenCV 16776246 agree
 bitwiseNot   set pixels: binCV 16778496 OpenCV 16778496 agree
 physical bound (1 read + 1 write word copy, fastest batch; worst in parentheses):
 4194304 B buffer 97.63 GB/s (45.30) 33554432 B buffer 16.13 GB/s (8.64)
 std::memcpy at the same footprints (context only, NOT the bound, and not monotonic in size): 7.10 GB/s, 26.10 GB/s
 working set per call: binCV 12582912 B, OpenCV 100663296 B (three buffers)
[BENCH] bitwiseAnd             binCV uint32        0.01107 ns/px    33.89 GB/s
[BENCH] bitwiseAnd             binCV uint64        0.01213 ns/px    30.91 GB/s
[BENCH] bitwiseAnd             OpenCV CV_8U        0.16205 ns/px    18.51 GB/s
[BENCH] bitwiseOr              binCV uint32        0.00993 ns/px    37.75 GB/s
[BENCH] bitwiseOr              binCV uint64        0.01384 ns/px    27.09 GB/s
[BENCH] bitwiseOr              OpenCV CV_8U        0.18546 ns/px    16.18 GB/s
[BENCH] bitwiseXor             binCV uint32        0.00986 ns/px    38.04 GB/s
[BENCH] bitwiseXor             binCV uint64        0.01025 ns/px    36.59 GB/s
[BENCH] bitwiseXor             OpenCV CV_8U        0.15763 ns/px    19.03 GB/s
[BENCH] bitwiseNot             binCV uint32        0.00559 ns/px    44.71 GB/s
[BENCH] bitwiseNot             binCV uint64        0.00551 ns/px    45.41 GB/s
[BENCH] bitwiseNot             OpenCV CV_8U        0.08802 ns/px    22.72 GB/s

 OP           IMPLEMENTATION       ns/pixel       GB/s    vs OpenCV
 ---------------------------------------------------------------------
 bitwiseAnd   binCV uint32          0.01107      33.89       14.64x
 bitwiseAnd   binCV uint64          0.01213      30.91       13.36x
 bitwiseAnd   OpenCV CV_8U          0.16205      18.51        1.00x
 bitwiseOr    binCV uint32          0.00993      37.75       18.67x
 bitwiseOr    binCV uint64          0.01384      27.09       13.40x
 bitwiseOr    OpenCV CV_8U          0.18546      16.18        1.00x
 bitwiseXor   binCV uint32          0.00986      38.04       15.99x
 bitwiseXor   binCV uint64          0.01025      36.59       15.38x
 bitwiseXor   OpenCV CV_8U          0.15763      19.03        1.00x
 bitwiseNot   binCV uint32          0.00559      44.71       15.74x
 bitwiseNot   binCV uint64          0.00551      45.41       15.99x
 bitwiseNot   OpenCV CV_8U          0.08802      22.72        1.00x
 ratio > 1 means binCV is faster. sink=10629420970039545915
### run 16
=== Benchmark Config ===
Width: 640, Height: 480, Iterations: 100, DType: uint8, Sparsity: 1

logic kernels vs OpenCV on the same binary content as CV_8U
(the denominator is what a user runs today without binCV)
OpenCV 4.8.0-dev, cv::getNumThreads() = 1; binCV is single-threaded
 OpenCV build:    Configuration:               Release
 OpenCV build:    Baseline:                    SSE SSE2 SSE3
 OpenCV build:    Dispatched code generation:  SSE4_1 SSE4_2 FP16 AVX AVX2 AVX512_SKX

================ 640 x 480 (307200 pixels) ================
 footprint per buffer: binCV uint32 38400 B, binCV uint64 38400 B, OpenCV CV_8U 307200 B (8.0x)
 bitwiseAnd   set pixels: binCV    76512 OpenCV    76512 agree
 bitwiseOr    set pixels: binCV   230224 OpenCV   230224 agree
 bitwiseXor   set pixels: binCV   153712 OpenCV   153712 agree
 bitwiseNot   set pixels: binCV   153774 OpenCV   153774 agree
 physical bound (1 read + 1 write word copy, fastest batch; worst in parentheses):
 38400 B buffer 141.25 GB/s (64.72) 307200 B buffer 107.21 GB/s (37.94)
 std::memcpy at the same footprints (context only, NOT the bound, and not monotonic in size): 131.42 GB/s, 8.51 GB/s
 working set per call: binCV 115200 B, OpenCV 921600 B (three buffers)
[BENCH] bitwiseAnd             binCV uint32        0.00277 ns/px   135.17 GB/s
[BENCH] bitwiseAnd             binCV uint64        0.00356 ns/px   105.23 GB/s
[BENCH] bitwiseAnd             OpenCV CV_8U        0.02776 ns/px   108.09 GB/s
[BENCH] bitwiseOr              binCV uint32        0.00356 ns/px   105.25 GB/s
[BENCH] bitwiseOr              binCV uint64        0.00292 ns/px   128.38 GB/s
[BENCH] bitwiseOr              OpenCV CV_8U        0.02857 ns/px   105.02 GB/s
[BENCH] bitwiseXor             binCV uint32        0.00356 ns/px   105.41 GB/s
[BENCH] bitwiseXor             binCV uint64        0.00362 ns/px   103.66 GB/s
[BENCH] bitwiseXor             OpenCV CV_8U        0.02744 ns/px   109.32 GB/s
[BENCH] bitwiseNot             binCV uint32        0.00348 ns/px    71.82 GB/s
[BENCH] bitwiseNot             binCV uint64        0.00348 ns/px    71.85 GB/s
[BENCH] bitwiseNot             OpenCV CV_8U        0.06208 ns/px    32.22 GB/s

 OP           IMPLEMENTATION       ns/pixel       GB/s    vs OpenCV
 ---------------------------------------------------------------------
 bitwiseAnd   binCV uint32          0.00277     135.17       10.00x
 bitwiseAnd   binCV uint64          0.00356     105.23        7.79x
 bitwiseAnd   OpenCV CV_8U          0.02776     108.09        1.00x
 bitwiseOr    binCV uint32          0.00356     105.25        8.02x
 bitwiseOr    binCV uint64          0.00292     128.38        9.78x
 bitwiseOr    OpenCV CV_8U          0.02857     105.02        1.00x
 bitwiseXor   binCV uint32          0.00356     105.41        7.71x
 bitwiseXor   binCV uint64          0.00362     103.66        7.59x
 bitwiseXor   OpenCV CV_8U          0.02744     109.32        1.00x
 bitwiseNot   binCV uint32          0.00348      71.82       17.83x
 bitwiseNot   binCV uint64          0.00348      71.85       17.84x
 bitwiseNot   OpenCV CV_8U          0.06208      32.22        1.00x
 ratio > 1 means binCV is faster. sink=16223813245649441586

================ 1024 x 1024 (1048576 pixels) ================
 footprint per buffer: binCV uint32 131072 B, binCV uint64 131072 B, OpenCV CV_8U 1048576 B (8.0x)
 bitwiseAnd   set pixels: binCV   261799 OpenCV   261799 agree
 bitwiseOr    set pixels: binCV   787067 OpenCV   787067 agree
 bitwiseXor   set pixels: binCV   525268 OpenCV   525268 agree
 bitwiseNot   set pixels: binCV   523860 OpenCV   523860 agree
 physical bound (1 read + 1 write word copy, fastest batch; worst in parentheses):
 131072 B buffer 115.66 GB/s (53.53) 1048576 B buffer 111.36 GB/s (64.40)
 std::memcpy at the same footprints (context only, NOT the bound, and not monotonic in size): 8.15 GB/s, 7.78 GB/s
 working set per call: binCV 393216 B, OpenCV 3145728 B (three buffers)
[BENCH] bitwiseAnd             binCV uint32        0.00305 ns/px   123.05 GB/s
[BENCH] bitwiseAnd             binCV uint64        0.00359 ns/px   104.52 GB/s
[BENCH] bitwiseAnd             OpenCV CV_8U        0.02967 ns/px   101.10 GB/s
[BENCH] bitwiseOr              binCV uint32        0.00364 ns/px   103.03 GB/s
[BENCH] bitwiseOr              binCV uint64        0.00298 ns/px   126.03 GB/s
[BENCH] bitwiseOr              OpenCV CV_8U        0.02932 ns/px   102.32 GB/s
[BENCH] bitwiseXor             binCV uint32        0.00370 ns/px   101.47 GB/s
[BENCH] bitwiseXor             binCV uint64        0.00379 ns/px    98.87 GB/s
[BENCH] bitwiseXor             OpenCV CV_8U        0.02991 ns/px   100.30 GB/s
[BENCH] bitwiseNot             binCV uint32        0.00351 ns/px    71.27 GB/s
[BENCH] bitwiseNot             binCV uint64        0.00349 ns/px    71.68 GB/s
[BENCH] bitwiseNot             OpenCV CV_8U        0.06265 ns/px    31.92 GB/s

 OP           IMPLEMENTATION       ns/pixel       GB/s    vs OpenCV
 ---------------------------------------------------------------------
 bitwiseAnd   binCV uint32          0.00305     123.05        9.74x
 bitwiseAnd   binCV uint64          0.00359     104.52        8.27x
 bitwiseAnd   OpenCV CV_8U          0.02967     101.10        1.00x
 bitwiseOr    binCV uint32          0.00364     103.03        8.06x
 bitwiseOr    binCV uint64          0.00298     126.03        9.85x
 bitwiseOr    OpenCV CV_8U          0.02932     102.32        1.00x
 bitwiseXor   binCV uint32          0.00370     101.47        8.09x
 bitwiseXor   binCV uint64          0.00379      98.87        7.89x
 bitwiseXor   OpenCV CV_8U          0.02991     100.30        1.00x
 bitwiseNot   binCV uint32          0.00351      71.27       17.86x
 bitwiseNot   binCV uint64          0.00349      71.68       17.96x
 bitwiseNot   OpenCV CV_8U          0.06265      31.92        1.00x
 ratio > 1 means binCV is faster. sink=823583460333415572

================ 8192 x 4096 (33554432 pixels) ================
 footprint per buffer: binCV uint32 4194304 B, binCV uint64 4194304 B, OpenCV CV_8U 33554432 B (8.0x)
 bitwiseAnd   set pixels: binCV  8389345 OpenCV  8389345 agree
 bitwiseOr    set pixels: binCV 25165591 OpenCV 25165591 agree
 bitwiseXor   set pixels: binCV 16776246 OpenCV 16776246 agree
 bitwiseNot   set pixels: binCV 16778496 OpenCV 16778496 agree
 physical bound (1 read + 1 write word copy, fastest batch; worst in parentheses):
 4194304 B buffer 100.58 GB/s (44.13) 33554432 B buffer 17.37 GB/s (12.79)
 std::memcpy at the same footprints (context only, NOT the bound, and not monotonic in size): 6.94 GB/s, 25.06 GB/s
 working set per call: binCV 12582912 B, OpenCV 100663296 B (three buffers)
[BENCH] bitwiseAnd             binCV uint32        0.01462 ns/px    25.66 GB/s
[BENCH] bitwiseAnd             binCV uint64        0.00992 ns/px    37.82 GB/s
[BENCH] bitwiseAnd             OpenCV CV_8U        0.16067 ns/px    18.67 GB/s
[BENCH] bitwiseOr              binCV uint32        0.01073 ns/px    34.94 GB/s
[BENCH] bitwiseOr              binCV uint64        0.01041 ns/px    36.04 GB/s
[BENCH] bitwiseOr              OpenCV CV_8U        0.15816 ns/px    18.97 GB/s
[BENCH] bitwiseXor             binCV uint32        0.01122 ns/px    33.41 GB/s
[BENCH] bitwiseXor             binCV uint64        0.01017 ns/px    36.87 GB/s
[BENCH] bitwiseXor             OpenCV CV_8U        0.17577 ns/px    17.07 GB/s
[BENCH] bitwiseNot             binCV uint32        0.00524 ns/px    47.74 GB/s
[BENCH] bitwiseNot             binCV uint64        0.00535 ns/px    46.73 GB/s
[BENCH] bitwiseNot             OpenCV CV_8U        0.08209 ns/px    24.36 GB/s

 OP           IMPLEMENTATION       ns/pixel       GB/s    vs OpenCV
 ---------------------------------------------------------------------
 bitwiseAnd   binCV uint32          0.01462      25.66       10.99x
 bitwiseAnd   binCV uint64          0.00992      37.82       16.20x
 bitwiseAnd   OpenCV CV_8U          0.16067      18.67        1.00x
 bitwiseOr    binCV uint32          0.01073      34.94       14.74x
 bitwiseOr    binCV uint64          0.01041      36.04       15.20x
 bitwiseOr    OpenCV CV_8U          0.15816      18.97        1.00x
 bitwiseXor   binCV uint32          0.01122      33.41       15.66x
 bitwiseXor   binCV uint64          0.01017      36.87       17.28x
 bitwiseXor   OpenCV CV_8U          0.17577      17.07        1.00x
 bitwiseNot   binCV uint32          0.00524      47.74       15.67x
 bitwiseNot   binCV uint64          0.00535      46.73       15.34x
 bitwiseNot   OpenCV CV_8U          0.08209      24.36        1.00x
 ratio > 1 means binCV is faster. sink=541764946008161856
### run 17
=== Benchmark Config ===
Width: 640, Height: 480, Iterations: 100, DType: uint8, Sparsity: 1

logic kernels vs OpenCV on the same binary content as CV_8U
(the denominator is what a user runs today without binCV)
OpenCV 4.8.0-dev, cv::getNumThreads() = 1; binCV is single-threaded
 OpenCV build:    Configuration:               Release
 OpenCV build:    Baseline:                    SSE SSE2 SSE3
 OpenCV build:    Dispatched code generation:  SSE4_1 SSE4_2 FP16 AVX AVX2 AVX512_SKX

================ 640 x 480 (307200 pixels) ================
 footprint per buffer: binCV uint32 38400 B, binCV uint64 38400 B, OpenCV CV_8U 307200 B (8.0x)
 bitwiseAnd   set pixels: binCV    76512 OpenCV    76512 agree
 bitwiseOr    set pixels: binCV   230224 OpenCV   230224 agree
 bitwiseXor   set pixels: binCV   153712 OpenCV   153712 agree
 bitwiseNot   set pixels: binCV   153774 OpenCV   153774 agree
 physical bound (1 read + 1 write word copy, fastest batch; worst in parentheses):
 38400 B buffer 141.97 GB/s (42.97) 307200 B buffer 108.21 GB/s (84.41)
 std::memcpy at the same footprints (context only, NOT the bound, and not monotonic in size): 131.59 GB/s, 8.31 GB/s
 working set per call: binCV 115200 B, OpenCV 921600 B (three buffers)
[BENCH] bitwiseAnd             binCV uint32        0.00283 ns/px   132.66 GB/s
[BENCH] bitwiseAnd             binCV uint64        0.00442 ns/px    84.76 GB/s
[BENCH] bitwiseAnd             OpenCV CV_8U        0.02880 ns/px   104.17 GB/s
[BENCH] bitwiseOr              binCV uint32        0.00354 ns/px   105.89 GB/s
[BENCH] bitwiseOr              binCV uint64        0.00288 ns/px   130.39 GB/s
[BENCH] bitwiseOr              OpenCV CV_8U        0.02784 ns/px   107.74 GB/s
[BENCH] bitwiseXor             binCV uint32        0.00353 ns/px   106.33 GB/s
[BENCH] bitwiseXor             binCV uint64        0.00362 ns/px   103.45 GB/s
[BENCH] bitwiseXor             OpenCV CV_8U        0.02735 ns/px   109.69 GB/s
[BENCH] bitwiseNot             binCV uint32        0.00352 ns/px    71.05 GB/s
[BENCH] bitwiseNot             binCV uint64        0.00350 ns/px    71.51 GB/s
[BENCH] bitwiseNot             OpenCV CV_8U        0.06968 ns/px    28.70 GB/s

 OP           IMPLEMENTATION       ns/pixel       GB/s    vs OpenCV
 ---------------------------------------------------------------------
 bitwiseAnd   binCV uint32          0.00283     132.66       10.19x
 bitwiseAnd   binCV uint64          0.00442      84.76        6.51x
 bitwiseAnd   OpenCV CV_8U          0.02880     104.17        1.00x
 bitwiseOr    binCV uint32          0.00354     105.89        7.86x
 bitwiseOr    binCV uint64          0.00288     130.39        9.68x
 bitwiseOr    OpenCV CV_8U          0.02784     107.74        1.00x
 bitwiseXor   binCV uint32          0.00353     106.33        7.75x
 bitwiseXor   binCV uint64          0.00362     103.45        7.54x
 bitwiseXor   OpenCV CV_8U          0.02735     109.69        1.00x
 bitwiseNot   binCV uint32          0.00352      71.05       19.80x
 bitwiseNot   binCV uint64          0.00350      71.51       19.93x
 bitwiseNot   OpenCV CV_8U          0.06968      28.70        1.00x
 ratio > 1 means binCV is faster. sink=9615015937781211530

================ 1024 x 1024 (1048576 pixels) ================
 footprint per buffer: binCV uint32 131072 B, binCV uint64 131072 B, OpenCV CV_8U 1048576 B (8.0x)
 bitwiseAnd   set pixels: binCV   261799 OpenCV   261799 agree
 bitwiseOr    set pixels: binCV   787067 OpenCV   787067 agree
 bitwiseXor   set pixels: binCV   525268 OpenCV   525268 agree
 bitwiseNot   set pixels: binCV   523860 OpenCV   523860 agree
 physical bound (1 read + 1 write word copy, fastest batch; worst in parentheses):
 131072 B buffer 127.41 GB/s (98.65) 1048576 B buffer 111.34 GB/s (49.96)
 std::memcpy at the same footprints (context only, NOT the bound, and not monotonic in size): 8.44 GB/s, 6.81 GB/s
 working set per call: binCV 393216 B, OpenCV 3145728 B (three buffers)
[BENCH] bitwiseAnd             binCV uint32        0.00302 ns/px   124.04 GB/s
[BENCH] bitwiseAnd             binCV uint64        0.00360 ns/px   104.20 GB/s
[BENCH] bitwiseAnd             OpenCV CV_8U        0.03134 ns/px    95.73 GB/s
[BENCH] bitwiseOr              binCV uint32        0.00361 ns/px   103.83 GB/s
[BENCH] bitwiseOr              binCV uint64        0.00302 ns/px   124.22 GB/s
[BENCH] bitwiseOr              OpenCV CV_8U        0.03898 ns/px    76.96 GB/s
[BENCH] bitwiseXor             binCV uint32        0.00358 ns/px   104.62 GB/s
[BENCH] bitwiseXor             binCV uint64        0.00359 ns/px   104.41 GB/s
[BENCH] bitwiseXor             OpenCV CV_8U        0.03037 ns/px    98.78 GB/s
[BENCH] bitwiseNot             binCV uint32        0.00353 ns/px    70.74 GB/s
[BENCH] bitwiseNot             binCV uint64        0.00348 ns/px    71.91 GB/s
[BENCH] bitwiseNot             OpenCV CV_8U        0.06095 ns/px    32.81 GB/s

 OP           IMPLEMENTATION       ns/pixel       GB/s    vs OpenCV
 ---------------------------------------------------------------------
 bitwiseAnd   binCV uint32          0.00302     124.04       10.37x
 bitwiseAnd   binCV uint64          0.00360     104.20        8.71x
 bitwiseAnd   OpenCV CV_8U          0.03134      95.73        1.00x
 bitwiseOr    binCV uint32          0.00361     103.83       10.79x
 bitwiseOr    binCV uint64          0.00302     124.22       12.91x
 bitwiseOr    OpenCV CV_8U          0.03898      76.96        1.00x
 bitwiseXor   binCV uint32          0.00358     104.62        8.47x
 bitwiseXor   binCV uint64          0.00359     104.41        8.46x
 bitwiseXor   OpenCV CV_8U          0.03037      98.78        1.00x
 bitwiseNot   binCV uint32          0.00353      70.74       17.25x
 bitwiseNot   binCV uint64          0.00348      71.91       17.53x
 bitwiseNot   OpenCV CV_8U          0.06095      32.81        1.00x
 ratio > 1 means binCV is faster. sink=16339420541762986382

================ 8192 x 4096 (33554432 pixels) ================
 footprint per buffer: binCV uint32 4194304 B, binCV uint64 4194304 B, OpenCV CV_8U 33554432 B (8.0x)
 bitwiseAnd   set pixels: binCV  8389345 OpenCV  8389345 agree
 bitwiseOr    set pixels: binCV 25165591 OpenCV 25165591 agree
 bitwiseXor   set pixels: binCV 16776246 OpenCV 16776246 agree
 bitwiseNot   set pixels: binCV 16778496 OpenCV 16778496 agree
 physical bound (1 read + 1 write word copy, fastest batch; worst in parentheses):
 4194304 B buffer 106.12 GB/s (58.19) 33554432 B buffer 16.85 GB/s (5.59)
 std::memcpy at the same footprints (context only, NOT the bound, and not monotonic in size): 6.81 GB/s, 26.81 GB/s
 working set per call: binCV 12582912 B, OpenCV 100663296 B (three buffers)
[BENCH] bitwiseAnd             binCV uint32        0.00974 ns/px    38.51 GB/s
[BENCH] bitwiseAnd             binCV uint64        0.01154 ns/px    32.50 GB/s
[BENCH] bitwiseAnd             OpenCV CV_8U        0.16090 ns/px    18.64 GB/s
[BENCH] bitwiseOr              binCV uint32        0.01074 ns/px    34.90 GB/s
[BENCH] bitwiseOr              binCV uint64        0.01132 ns/px    33.13 GB/s
[BENCH] bitwiseOr              OpenCV CV_8U        0.16431 ns/px    18.26 GB/s
[BENCH] bitwiseXor             binCV uint32        0.01027 ns/px    36.50 GB/s
[BENCH] bitwiseXor             binCV uint64        0.01002 ns/px    37.44 GB/s
[BENCH] bitwiseXor             OpenCV CV_8U        0.17173 ns/px    17.47 GB/s
[BENCH] bitwiseNot             binCV uint32        0.00599 ns/px    41.75 GB/s
[BENCH] bitwiseNot             binCV uint64        0.00558 ns/px    44.83 GB/s
[BENCH] bitwiseNot             OpenCV CV_8U        0.08182 ns/px    24.45 GB/s

 OP           IMPLEMENTATION       ns/pixel       GB/s    vs OpenCV
 ---------------------------------------------------------------------
 bitwiseAnd   binCV uint32          0.00974      38.51       16.52x
 bitwiseAnd   binCV uint64          0.01154      32.50       13.95x
 bitwiseAnd   OpenCV CV_8U          0.16090      18.64        1.00x
 bitwiseOr    binCV uint32          0.01074      34.90       15.29x
 bitwiseOr    binCV uint64          0.01132      33.13       14.52x
 bitwiseOr    OpenCV CV_8U          0.16431      18.26        1.00x
 bitwiseXor   binCV uint32          0.01027      36.50       16.72x
 bitwiseXor   binCV uint64          0.01002      37.44       17.14x
 bitwiseXor   OpenCV CV_8U          0.17173      17.47        1.00x
 bitwiseNot   binCV uint32          0.00599      41.75       13.66x
 bitwiseNot   binCV uint64          0.00558      44.83       14.67x
 bitwiseNot   OpenCV CV_8U          0.08182      24.45        1.00x
 ratio > 1 means binCV is faster. sink=5397882482693120299
### run 18
=== Benchmark Config ===
Width: 640, Height: 480, Iterations: 100, DType: uint8, Sparsity: 1

logic kernels vs OpenCV on the same binary content as CV_8U
(the denominator is what a user runs today without binCV)
OpenCV 4.8.0-dev, cv::getNumThreads() = 1; binCV is single-threaded
 OpenCV build:    Configuration:               Release
 OpenCV build:    Baseline:                    SSE SSE2 SSE3
 OpenCV build:    Dispatched code generation:  SSE4_1 SSE4_2 FP16 AVX AVX2 AVX512_SKX

================ 640 x 480 (307200 pixels) ================
 footprint per buffer: binCV uint32 38400 B, binCV uint64 38400 B, OpenCV CV_8U 307200 B (8.0x)
 bitwiseAnd   set pixels: binCV    76512 OpenCV    76512 agree
 bitwiseOr    set pixels: binCV   230224 OpenCV   230224 agree
 bitwiseXor   set pixels: binCV   153712 OpenCV   153712 agree
 bitwiseNot   set pixels: binCV   153774 OpenCV   153774 agree
 physical bound (1 read + 1 write word copy, fastest batch; worst in parentheses):
 38400 B buffer 142.10 GB/s (57.57) 307200 B buffer 111.10 GB/s (76.90)
 std::memcpy at the same footprints (context only, NOT the bound, and not monotonic in size): 124.56 GB/s, 7.99 GB/s
 working set per call: binCV 115200 B, OpenCV 921600 B (three buffers)
[BENCH] bitwiseAnd             binCV uint32        0.00289 ns/px   129.73 GB/s
[BENCH] bitwiseAnd             binCV uint64        0.00351 ns/px   106.85 GB/s
[BENCH] bitwiseAnd             OpenCV CV_8U        0.02810 ns/px   106.76 GB/s
[BENCH] bitwiseOr              binCV uint32        0.00353 ns/px   106.17 GB/s
[BENCH] bitwiseOr              binCV uint64        0.00274 ns/px   137.07 GB/s
[BENCH] bitwiseOr              OpenCV CV_8U        0.02729 ns/px   109.94 GB/s
[BENCH] bitwiseXor             binCV uint32        0.00351 ns/px   106.76 GB/s
[BENCH] bitwiseXor             binCV uint64        0.00352 ns/px   106.63 GB/s
[BENCH] bitwiseXor             OpenCV CV_8U        0.02749 ns/px   109.13 GB/s
[BENCH] bitwiseNot             binCV uint32        0.00344 ns/px    72.70 GB/s
[BENCH] bitwiseNot             binCV uint64        0.00359 ns/px    69.70 GB/s
[BENCH] bitwiseNot             OpenCV CV_8U        0.06211 ns/px    32.20 GB/s

 OP           IMPLEMENTATION       ns/pixel       GB/s    vs OpenCV
 ---------------------------------------------------------------------
 bitwiseAnd   binCV uint32          0.00289     129.73        9.72x
 bitwiseAnd   binCV uint64          0.00351     106.85        8.01x
 bitwiseAnd   OpenCV CV_8U          0.02810     106.76        1.00x
 bitwiseOr    binCV uint32          0.00353     106.17        7.73x
 bitwiseOr    binCV uint64          0.00274     137.07        9.97x
 bitwiseOr    OpenCV CV_8U          0.02729     109.94        1.00x
 bitwiseXor   binCV uint32          0.00351     106.76        7.83x
 bitwiseXor   binCV uint64          0.00352     106.63        7.82x
 bitwiseXor   OpenCV CV_8U          0.02749     109.13        1.00x
 bitwiseNot   binCV uint32          0.00344      72.70       18.06x
 bitwiseNot   binCV uint64          0.00359      69.70       17.32x
 bitwiseNot   OpenCV CV_8U          0.06211      32.20        1.00x
 ratio > 1 means binCV is faster. sink=14375974600546024773

================ 1024 x 1024 (1048576 pixels) ================
 footprint per buffer: binCV uint32 131072 B, binCV uint64 131072 B, OpenCV CV_8U 1048576 B (8.0x)
 bitwiseAnd   set pixels: binCV   261799 OpenCV   261799 agree
 bitwiseOr    set pixels: binCV   787067 OpenCV   787067 agree
 bitwiseXor   set pixels: binCV   525268 OpenCV   525268 agree
 bitwiseNot   set pixels: binCV   523860 OpenCV   523860 agree
 physical bound (1 read + 1 write word copy, fastest batch; worst in parentheses):
 131072 B buffer 114.02 GB/s (66.78) 1048576 B buffer 109.04 GB/s (89.31)
 std::memcpy at the same footprints (context only, NOT the bound, and not monotonic in size): 8.16 GB/s, 7.53 GB/s
 working set per call: binCV 393216 B, OpenCV 3145728 B (three buffers)
[BENCH] bitwiseAnd             binCV uint32        0.00301 ns/px   124.78 GB/s
[BENCH] bitwiseAnd             binCV uint64        0.00360 ns/px   104.31 GB/s
[BENCH] bitwiseAnd             OpenCV CV_8U        0.03061 ns/px    98.01 GB/s
[BENCH] bitwiseOr              binCV uint32        0.00367 ns/px   102.17 GB/s
[BENCH] bitwiseOr              binCV uint64        0.00310 ns/px   120.84 GB/s
[BENCH] bitwiseOr              OpenCV CV_8U        0.03054 ns/px    98.22 GB/s
[BENCH] bitwiseXor             binCV uint32        0.00357 ns/px   105.17 GB/s
[BENCH] bitwiseXor             binCV uint64        0.00357 ns/px   105.02 GB/s
[BENCH] bitwiseXor             OpenCV CV_8U        0.02956 ns/px   101.48 GB/s
[BENCH] bitwiseNot             binCV uint32        0.00351 ns/px    71.23 GB/s
[BENCH] bitwiseNot             binCV uint64        0.00352 ns/px    71.02 GB/s
[BENCH] bitwiseNot             OpenCV CV_8U        0.06176 ns/px    32.38 GB/s

 OP           IMPLEMENTATION       ns/pixel       GB/s    vs OpenCV
 ---------------------------------------------------------------------
 bitwiseAnd   binCV uint32          0.00301     124.78       10.19x
 bitwiseAnd   binCV uint64          0.00360     104.31        8.51x
 bitwiseAnd   OpenCV CV_8U          0.03061      98.01        1.00x
 bitwiseOr    binCV uint32          0.00367     102.17        8.32x
 bitwiseOr    binCV uint64          0.00310     120.84        9.84x
 bitwiseOr    OpenCV CV_8U          0.03054      98.22        1.00x
 bitwiseXor   binCV uint32          0.00357     105.17        8.29x
 bitwiseXor   binCV uint64          0.00357     105.02        8.28x
 bitwiseXor   OpenCV CV_8U          0.02956     101.48        1.00x
 bitwiseNot   binCV uint32          0.00351      71.23       17.60x
 bitwiseNot   binCV uint64          0.00352      71.02       17.55x
 bitwiseNot   OpenCV CV_8U          0.06176      32.38        1.00x
 ratio > 1 means binCV is faster. sink=9874673074817510844

================ 8192 x 4096 (33554432 pixels) ================
 footprint per buffer: binCV uint32 4194304 B, binCV uint64 4194304 B, OpenCV CV_8U 33554432 B (8.0x)
 bitwiseAnd   set pixels: binCV  8389345 OpenCV  8389345 agree
 bitwiseOr    set pixels: binCV 25165591 OpenCV 25165591 agree
 bitwiseXor   set pixels: binCV 16776246 OpenCV 16776246 agree
 bitwiseNot   set pixels: binCV 16778496 OpenCV 16778496 agree
 physical bound (1 read + 1 write word copy, fastest batch; worst in parentheses):
 4194304 B buffer 103.80 GB/s (61.95) 33554432 B buffer 16.95 GB/s (8.09)
 std::memcpy at the same footprints (context only, NOT the bound, and not monotonic in size): 7.82 GB/s, 26.73 GB/s
 working set per call: binCV 12582912 B, OpenCV 100663296 B (three buffers)
[BENCH] bitwiseAnd             binCV uint32        0.00915 ns/px    41.00 GB/s
[BENCH] bitwiseAnd             binCV uint64        0.01307 ns/px    28.70 GB/s
[BENCH] bitwiseAnd             OpenCV CV_8U        0.15510 ns/px    19.34 GB/s
[BENCH] bitwiseOr              binCV uint32        0.01877 ns/px    19.98 GB/s
[BENCH] bitwiseOr              binCV uint64        0.01072 ns/px    34.97 GB/s
[BENCH] bitwiseOr              OpenCV CV_8U        0.19564 ns/px    15.33 GB/s
[BENCH] bitwiseXor             binCV uint32        0.01033 ns/px    36.32 GB/s
[BENCH] bitwiseXor             binCV uint64        0.01005 ns/px    37.32 GB/s
[BENCH] bitwiseXor             OpenCV CV_8U        0.18625 ns/px    16.11 GB/s
[BENCH] bitwiseNot             binCV uint32        0.00611 ns/px    40.89 GB/s
[BENCH] bitwiseNot             binCV uint64        0.00674 ns/px    37.12 GB/s
[BENCH] bitwiseNot             OpenCV CV_8U        0.08131 ns/px    24.60 GB/s

 OP           IMPLEMENTATION       ns/pixel       GB/s    vs OpenCV
 ---------------------------------------------------------------------
 bitwiseAnd   binCV uint32          0.00915      41.00       16.96x
 bitwiseAnd   binCV uint64          0.01307      28.70       11.87x
 bitwiseAnd   OpenCV CV_8U          0.15510      19.34        1.00x
 bitwiseOr    binCV uint32          0.01877      19.98       10.42x
 bitwiseOr    binCV uint64          0.01072      34.97       18.24x
 bitwiseOr    OpenCV CV_8U          0.19564      15.33        1.00x
 bitwiseXor   binCV uint32          0.01033      36.32       18.04x
 bitwiseXor   binCV uint64          0.01005      37.32       18.53x
 bitwiseXor   OpenCV CV_8U          0.18625      16.11        1.00x
 bitwiseNot   binCV uint32          0.00611      40.89       13.30x
 bitwiseNot   binCV uint64          0.00674      37.12       12.07x
 bitwiseNot   OpenCV CV_8U          0.08131      24.60        1.00x
 ratio > 1 means binCV is faster. sink=4136515702524432909
### run 19
=== Benchmark Config ===
Width: 640, Height: 480, Iterations: 100, DType: uint8, Sparsity: 1

logic kernels vs OpenCV on the same binary content as CV_8U
(the denominator is what a user runs today without binCV)
OpenCV 4.8.0-dev, cv::getNumThreads() = 1; binCV is single-threaded
 OpenCV build:    Configuration:               Release
 OpenCV build:    Baseline:                    SSE SSE2 SSE3
 OpenCV build:    Dispatched code generation:  SSE4_1 SSE4_2 FP16 AVX AVX2 AVX512_SKX

================ 640 x 480 (307200 pixels) ================
 footprint per buffer: binCV uint32 38400 B, binCV uint64 38400 B, OpenCV CV_8U 307200 B (8.0x)
 bitwiseAnd   set pixels: binCV    76512 OpenCV    76512 agree
 bitwiseOr    set pixels: binCV   230224 OpenCV   230224 agree
 bitwiseXor   set pixels: binCV   153712 OpenCV   153712 agree
 bitwiseNot   set pixels: binCV   153774 OpenCV   153774 agree
 physical bound (1 read + 1 write word copy, fastest batch; worst in parentheses):
 38400 B buffer 142.23 GB/s (93.57) 307200 B buffer 116.97 GB/s (44.98)
 std::memcpy at the same footprints (context only, NOT the bound, and not monotonic in size): 131.11 GB/s, 8.47 GB/s
 working set per call: binCV 115200 B, OpenCV 921600 B (three buffers)
[BENCH] bitwiseAnd             binCV uint32        0.00265 ns/px   141.59 GB/s
[BENCH] bitwiseAnd             binCV uint64        0.00376 ns/px    99.68 GB/s
[BENCH] bitwiseAnd             OpenCV CV_8U        0.02873 ns/px   104.44 GB/s
[BENCH] bitwiseOr              binCV uint32        0.00452 ns/px    82.94 GB/s
[BENCH] bitwiseOr              binCV uint64        0.00281 ns/px   133.68 GB/s
[BENCH] bitwiseOr              OpenCV CV_8U        0.02827 ns/px   106.12 GB/s
[BENCH] bitwiseXor             binCV uint32        0.00365 ns/px   102.87 GB/s
[BENCH] bitwiseXor             binCV uint64        0.00364 ns/px   103.11 GB/s
[BENCH] bitwiseXor             OpenCV CV_8U        0.02763 ns/px   108.59 GB/s
[BENCH] bitwiseNot             binCV uint32        0.00358 ns/px    69.93 GB/s
[BENCH] bitwiseNot             binCV uint64        0.00354 ns/px    70.53 GB/s
[BENCH] bitwiseNot             OpenCV CV_8U        0.06286 ns/px    31.82 GB/s

 OP           IMPLEMENTATION       ns/pixel       GB/s    vs OpenCV
 ---------------------------------------------------------------------
 bitwiseAnd   binCV uint32          0.00265     141.59       10.85x
 bitwiseAnd   binCV uint64          0.00376      99.68        7.64x
 bitwiseAnd   OpenCV CV_8U          0.02873     104.44        1.00x
 bitwiseOr    binCV uint32          0.00452      82.94        6.25x
 bitwiseOr    binCV uint64          0.00281     133.68       10.08x
 bitwiseOr    OpenCV CV_8U          0.02827     106.12        1.00x
 bitwiseXor   binCV uint32          0.00365     102.87        7.58x
 bitwiseXor   binCV uint64          0.00364     103.11        7.60x
 bitwiseXor   OpenCV CV_8U          0.02763     108.59        1.00x
 bitwiseNot   binCV uint32          0.00358      69.93       17.58x
 bitwiseNot   binCV uint64          0.00354      70.53       17.73x
 bitwiseNot   OpenCV CV_8U          0.06286      31.82        1.00x
 ratio > 1 means binCV is faster. sink=13414615912239374767

================ 1024 x 1024 (1048576 pixels) ================
 footprint per buffer: binCV uint32 131072 B, binCV uint64 131072 B, OpenCV CV_8U 1048576 B (8.0x)
 bitwiseAnd   set pixels: binCV   261799 OpenCV   261799 agree
 bitwiseOr    set pixels: binCV   787067 OpenCV   787067 agree
 bitwiseXor   set pixels: binCV   525268 OpenCV   525268 agree
 bitwiseNot   set pixels: binCV   523860 OpenCV   523860 agree
 physical bound (1 read + 1 write word copy, fastest batch; worst in parentheses):
 131072 B buffer 117.58 GB/s (74.01) 1048576 B buffer 106.21 GB/s (69.94)
 std::memcpy at the same footprints (context only, NOT the bound, and not monotonic in size): 8.06 GB/s, 6.08 GB/s
 working set per call: binCV 393216 B, OpenCV 3145728 B (three buffers)
[BENCH] bitwiseAnd             binCV uint32        0.00308 ns/px   121.89 GB/s
[BENCH] bitwiseAnd             binCV uint64        0.00364 ns/px   103.09 GB/s
[BENCH] bitwiseAnd             OpenCV CV_8U        0.03076 ns/px    97.53 GB/s
[BENCH] bitwiseOr              binCV uint32        0.00358 ns/px   104.62 GB/s
[BENCH] bitwiseOr              binCV uint64        0.00301 ns/px   124.58 GB/s
[BENCH] bitwiseOr              OpenCV CV_8U        0.03080 ns/px    97.41 GB/s
[BENCH] bitwiseXor             binCV uint32        0.00354 ns/px   105.96 GB/s
[BENCH] bitwiseXor             binCV uint64        0.00359 ns/px   104.50 GB/s
[BENCH] bitwiseXor             OpenCV CV_8U        0.02971 ns/px   100.99 GB/s
[BENCH] bitwiseNot             binCV uint32        0.00348 ns/px    71.74 GB/s
[BENCH] bitwiseNot             binCV uint64        0.00360 ns/px    69.47 GB/s
[BENCH] bitwiseNot             OpenCV CV_8U        0.06313 ns/px    31.68 GB/s

 OP           IMPLEMENTATION       ns/pixel       GB/s    vs OpenCV
 ---------------------------------------------------------------------
 bitwiseAnd   binCV uint32          0.00308     121.89       10.00x
 bitwiseAnd   binCV uint64          0.00364     103.09        8.46x
 bitwiseAnd   OpenCV CV_8U          0.03076      97.53        1.00x
 bitwiseOr    binCV uint32          0.00358     104.62        8.59x
 bitwiseOr    binCV uint64          0.00301     124.58       10.23x
 bitwiseOr    OpenCV CV_8U          0.03080      97.41        1.00x
 bitwiseXor   binCV uint32          0.00354     105.96        8.39x
 bitwiseXor   binCV uint64          0.00359     104.50        8.28x
 bitwiseXor   OpenCV CV_8U          0.02971     100.99        1.00x
 bitwiseNot   binCV uint32          0.00348      71.74       18.12x
 bitwiseNot   binCV uint64          0.00360      69.47       17.54x
 bitwiseNot   OpenCV CV_8U          0.06313      31.68        1.00x
 ratio > 1 means binCV is faster. sink=7266286455700358240

================ 8192 x 4096 (33554432 pixels) ================
 footprint per buffer: binCV uint32 4194304 B, binCV uint64 4194304 B, OpenCV CV_8U 33554432 B (8.0x)
 bitwiseAnd   set pixels: binCV  8389345 OpenCV  8389345 agree
 bitwiseOr    set pixels: binCV 25165591 OpenCV 25165591 agree
 bitwiseXor   set pixels: binCV 16776246 OpenCV 16776246 agree
 bitwiseNot   set pixels: binCV 16778496 OpenCV 16778496 agree
 physical bound (1 read + 1 write word copy, fastest batch; worst in parentheses):
 4194304 B buffer 103.85 GB/s (59.64) 33554432 B buffer 18.35 GB/s (7.92)
 std::memcpy at the same footprints (context only, NOT the bound, and not monotonic in size): 7.16 GB/s, 20.81 GB/s
 working set per call: binCV 12582912 B, OpenCV 100663296 B (three buffers)
[BENCH] bitwiseAnd             binCV uint32        0.00979 ns/px    38.30 GB/s
[BENCH] bitwiseAnd             binCV uint64        0.01086 ns/px    34.53 GB/s
[BENCH] bitwiseAnd             OpenCV CV_8U        0.14257 ns/px    21.04 GB/s
[BENCH] bitwiseOr              binCV uint32        0.01180 ns/px    31.78 GB/s
[BENCH] bitwiseOr              binCV uint64        0.00993 ns/px    37.78 GB/s
[BENCH] bitwiseOr              OpenCV CV_8U        0.14443 ns/px    20.77 GB/s
[BENCH] bitwiseXor             binCV uint32        0.01011 ns/px    37.09 GB/s
[BENCH] bitwiseXor             binCV uint64        0.01123 ns/px    33.41 GB/s
[BENCH] bitwiseXor             OpenCV CV_8U        0.17092 ns/px    17.55 GB/s
[BENCH] bitwiseNot             binCV uint32        0.00749 ns/px    33.38 GB/s
[BENCH] bitwiseNot             binCV uint64        0.00495 ns/px    50.50 GB/s
[BENCH] bitwiseNot             OpenCV CV_8U        0.09202 ns/px    21.74 GB/s

 OP           IMPLEMENTATION       ns/pixel       GB/s    vs OpenCV
 ---------------------------------------------------------------------
 bitwiseAnd   binCV uint32          0.00979      38.30       14.56x
 bitwiseAnd   binCV uint64          0.01086      34.53       13.13x
 bitwiseAnd   OpenCV CV_8U          0.14257      21.04        1.00x
 bitwiseOr    binCV uint32          0.01180      31.78       12.24x
 bitwiseOr    binCV uint64          0.00993      37.78       14.55x
 bitwiseOr    OpenCV CV_8U          0.14443      20.77        1.00x
 bitwiseXor   binCV uint32          0.01011      37.09       16.91x
 bitwiseXor   binCV uint64          0.01123      33.41       15.23x
 bitwiseXor   OpenCV CV_8U          0.17092      17.55        1.00x
 bitwiseNot   binCV uint32          0.00749      33.38       12.29x
 bitwiseNot   binCV uint64          0.00495      50.50       18.59x
 bitwiseNot   OpenCV CV_8U          0.09202      21.74        1.00x
 ratio > 1 means binCV is faster. sink=15062862757476837328
### run 20
=== Benchmark Config ===
Width: 640, Height: 480, Iterations: 100, DType: uint8, Sparsity: 1

logic kernels vs OpenCV on the same binary content as CV_8U
(the denominator is what a user runs today without binCV)
OpenCV 4.8.0-dev, cv::getNumThreads() = 1; binCV is single-threaded
 OpenCV build:    Configuration:               Release
 OpenCV build:    Baseline:                    SSE SSE2 SSE3
 OpenCV build:    Dispatched code generation:  SSE4_1 SSE4_2 FP16 AVX AVX2 AVX512_SKX

================ 640 x 480 (307200 pixels) ================
 footprint per buffer: binCV uint32 38400 B, binCV uint64 38400 B, OpenCV CV_8U 307200 B (8.0x)
 bitwiseAnd   set pixels: binCV    76512 OpenCV    76512 agree
 bitwiseOr    set pixels: binCV   230224 OpenCV   230224 agree
 bitwiseXor   set pixels: binCV   153712 OpenCV   153712 agree
 bitwiseNot   set pixels: binCV   153774 OpenCV   153774 agree
 physical bound (1 read + 1 write word copy, fastest batch; worst in parentheses):
 38400 B buffer 142.77 GB/s (94.09) 307200 B buffer 120.19 GB/s (48.43)
 std::memcpy at the same footprints (context only, NOT the bound, and not monotonic in size): 131.38 GB/s, 8.42 GB/s
 working set per call: binCV 115200 B, OpenCV 921600 B (three buffers)
[BENCH] bitwiseAnd             binCV uint32        0.00273 ns/px   137.29 GB/s
[BENCH] bitwiseAnd             binCV uint64        0.00360 ns/px   104.17 GB/s
[BENCH] bitwiseAnd             OpenCV CV_8U        0.02933 ns/px   102.29 GB/s
[BENCH] bitwiseOr              binCV uint32        0.00373 ns/px   100.42 GB/s
[BENCH] bitwiseOr              binCV uint64        0.00277 ns/px   135.20 GB/s
[BENCH] bitwiseOr              OpenCV CV_8U        0.02738 ns/px   109.56 GB/s
[BENCH] bitwiseXor             binCV uint32        0.00352 ns/px   106.52 GB/s
[BENCH] bitwiseXor             binCV uint64        0.00350 ns/px   107.07 GB/s
[BENCH] bitwiseXor             OpenCV CV_8U        0.02785 ns/px   107.72 GB/s
[BENCH] bitwiseNot             binCV uint32        0.00351 ns/px    71.30 GB/s
[BENCH] bitwiseNot             binCV uint64        0.00347 ns/px    71.95 GB/s
[BENCH] bitwiseNot             OpenCV CV_8U        0.06229 ns/px    32.11 GB/s

 OP           IMPLEMENTATION       ns/pixel       GB/s    vs OpenCV
 ---------------------------------------------------------------------
 bitwiseAnd   binCV uint32          0.00273     137.29       10.74x
 bitwiseAnd   binCV uint64          0.00360     104.17        8.15x
 bitwiseAnd   OpenCV CV_8U          0.02933     102.29        1.00x
 bitwiseOr    binCV uint32          0.00373     100.42        7.33x
 bitwiseOr    binCV uint64          0.00277     135.20        9.87x
 bitwiseOr    OpenCV CV_8U          0.02738     109.56        1.00x
 bitwiseXor   binCV uint32          0.00352     106.52        7.91x
 bitwiseXor   binCV uint64          0.00350     107.07        7.95x
 bitwiseXor   OpenCV CV_8U          0.02785     107.72        1.00x
 bitwiseNot   binCV uint32          0.00351      71.30       17.77x
 bitwiseNot   binCV uint64          0.00347      71.95       17.93x
 bitwiseNot   OpenCV CV_8U          0.06229      32.11        1.00x
 ratio > 1 means binCV is faster. sink=736046526226859404

================ 1024 x 1024 (1048576 pixels) ================
 footprint per buffer: binCV uint32 131072 B, binCV uint64 131072 B, OpenCV CV_8U 1048576 B (8.0x)
 bitwiseAnd   set pixels: binCV   261799 OpenCV   261799 agree
 bitwiseOr    set pixels: binCV   787067 OpenCV   787067 agree
 bitwiseXor   set pixels: binCV   525268 OpenCV   525268 agree
 bitwiseNot   set pixels: binCV   523860 OpenCV   523860 agree
 physical bound (1 read + 1 write word copy, fastest batch; worst in parentheses):
 131072 B buffer 133.16 GB/s (42.14) 1048576 B buffer 107.63 GB/s (71.84)
 std::memcpy at the same footprints (context only, NOT the bound, and not monotonic in size): 8.50 GB/s, 6.81 GB/s
 working set per call: binCV 393216 B, OpenCV 3145728 B (three buffers)
[BENCH] bitwiseAnd             binCV uint32        0.00297 ns/px   126.16 GB/s
[BENCH] bitwiseAnd             binCV uint64        0.00434 ns/px    86.39 GB/s
[BENCH] bitwiseAnd             OpenCV CV_8U        0.02997 ns/px   100.10 GB/s
[BENCH] bitwiseOr              binCV uint32        0.00365 ns/px   102.61 GB/s
[BENCH] bitwiseOr              binCV uint64        0.00305 ns/px   123.04 GB/s
[BENCH] bitwiseOr              OpenCV CV_8U        0.03054 ns/px    98.22 GB/s
[BENCH] bitwiseXor             binCV uint32        0.00373 ns/px   100.49 GB/s
[BENCH] bitwiseXor             binCV uint64        0.00370 ns/px   101.27 GB/s
[BENCH] bitwiseXor             OpenCV CV_8U        0.03080 ns/px    97.41 GB/s
[BENCH] bitwiseNot             binCV uint32        0.00441 ns/px    56.64 GB/s
[BENCH] bitwiseNot             binCV uint64        0.00360 ns/px    69.42 GB/s
[BENCH] bitwiseNot             OpenCV CV_8U        0.07170 ns/px    27.89 GB/s

 OP           IMPLEMENTATION       ns/pixel       GB/s    vs OpenCV
 ---------------------------------------------------------------------
 bitwiseAnd   binCV uint32          0.00297     126.16       10.08x
 bitwiseAnd   binCV uint64          0.00434      86.39        6.90x
 bitwiseAnd   OpenCV CV_8U          0.02997     100.10        1.00x
 bitwiseOr    binCV uint32          0.00365     102.61        8.36x
 bitwiseOr    binCV uint64          0.00305     123.04       10.02x
 bitwiseOr    OpenCV CV_8U          0.03054      98.22        1.00x
 bitwiseXor   binCV uint32          0.00373     100.49        8.25x
 bitwiseXor   binCV uint64          0.00370     101.27        8.32x
 bitwiseXor   OpenCV CV_8U          0.03080      97.41        1.00x
 bitwiseNot   binCV uint32          0.00441      56.64       16.25x
 bitwiseNot   binCV uint64          0.00360      69.42       19.91x
 bitwiseNot   OpenCV CV_8U          0.07170      27.89        1.00x
 ratio > 1 means binCV is faster. sink=15207513293726271868

================ 8192 x 4096 (33554432 pixels) ================
 footprint per buffer: binCV uint32 4194304 B, binCV uint64 4194304 B, OpenCV CV_8U 33554432 B (8.0x)
 bitwiseAnd   set pixels: binCV  8389345 OpenCV  8389345 agree
 bitwiseOr    set pixels: binCV 25165591 OpenCV 25165591 agree
 bitwiseXor   set pixels: binCV 16776246 OpenCV 16776246 agree
 bitwiseNot   set pixels: binCV 16778496 OpenCV 16778496 agree
 physical bound (1 read + 1 write word copy, fastest batch; worst in parentheses):
 4194304 B buffer 105.37 GB/s (25.54) 33554432 B buffer 18.22 GB/s (8.59)
 std::memcpy at the same footprints (context only, NOT the bound, and not monotonic in size): 6.58 GB/s, 26.35 GB/s
 working set per call: binCV 12582912 B, OpenCV 100663296 B (three buffers)
[BENCH] bitwiseAnd             binCV uint32        0.03525 ns/px    10.64 GB/s
[BENCH] bitwiseAnd             binCV uint64        0.01120 ns/px    33.48 GB/s
[BENCH] bitwiseAnd             OpenCV CV_8U        0.17321 ns/px    17.32 GB/s
[BENCH] bitwiseOr              binCV uint32        0.01164 ns/px    32.23 GB/s
[BENCH] bitwiseOr              binCV uint64        0.00987 ns/px    38.00 GB/s
[BENCH] bitwiseOr              OpenCV CV_8U        0.17840 ns/px    16.82 GB/s
[BENCH] bitwiseXor             binCV uint32        0.02645 ns/px    14.18 GB/s
[BENCH] bitwiseXor             binCV uint64        0.01118 ns/px    33.55 GB/s
[BENCH] bitwiseXor             OpenCV CV_8U        0.16692 ns/px    17.97 GB/s
[BENCH] bitwiseNot             binCV uint32        0.00627 ns/px    39.89 GB/s
[BENCH] bitwiseNot             binCV uint64        0.00553 ns/px    45.20 GB/s
[BENCH] bitwiseNot             OpenCV CV_8U        0.08513 ns/px    23.49 GB/s

 OP           IMPLEMENTATION       ns/pixel       GB/s    vs OpenCV
 ---------------------------------------------------------------------
 bitwiseAnd   binCV uint32          0.03525      10.64        4.91x
 bitwiseAnd   binCV uint64          0.01120      33.48       15.47x
 bitwiseAnd   OpenCV CV_8U          0.17321      17.32        1.00x
 bitwiseOr    binCV uint32          0.01164      32.23       15.33x
 bitwiseOr    binCV uint64          0.00987      38.00       18.08x
 bitwiseOr    OpenCV CV_8U          0.17840      16.82        1.00x
 bitwiseXor   binCV uint32          0.02645      14.18        6.31x
 bitwiseXor   binCV uint64          0.01118      33.55       14.93x
 bitwiseXor   OpenCV CV_8U          0.16692      17.97        1.00x
 bitwiseNot   binCV uint32          0.00627      39.89       13.58x
 bitwiseNot   binCV uint64          0.00553      45.20       15.39x
 bitwiseNot   OpenCV CV_8U          0.08513      23.49        1.00x
 ratio > 1 means binCV is faster. sink=13506939868669193780
### run 21
=== Benchmark Config ===
Width: 640, Height: 480, Iterations: 100, DType: uint8, Sparsity: 1

logic kernels vs OpenCV on the same binary content as CV_8U
(the denominator is what a user runs today without binCV)
OpenCV 4.8.0-dev, cv::getNumThreads() = 1; binCV is single-threaded
 OpenCV build:    Configuration:               Release
 OpenCV build:    Baseline:                    SSE SSE2 SSE3
 OpenCV build:    Dispatched code generation:  SSE4_1 SSE4_2 FP16 AVX AVX2 AVX512_SKX

================ 640 x 480 (307200 pixels) ================
 footprint per buffer: binCV uint32 38400 B, binCV uint64 38400 B, OpenCV CV_8U 307200 B (8.0x)
 bitwiseAnd   set pixels: binCV    76512 OpenCV    76512 agree
 bitwiseOr    set pixels: binCV   230224 OpenCV   230224 agree
 bitwiseXor   set pixels: binCV   153712 OpenCV   153712 agree
 bitwiseNot   set pixels: binCV   153774 OpenCV   153774 agree
 physical bound (1 read + 1 write word copy, fastest batch; worst in parentheses):
 38400 B buffer 138.42 GB/s (40.17) 307200 B buffer 118.64 GB/s (87.74)
 std::memcpy at the same footprints (context only, NOT the bound, and not monotonic in size): 131.87 GB/s, 8.49 GB/s
 working set per call: binCV 115200 B, OpenCV 921600 B (three buffers)
[BENCH] bitwiseAnd             binCV uint32        0.00282 ns/px   132.87 GB/s
[BENCH] bitwiseAnd             binCV uint64        0.00386 ns/px    97.17 GB/s
[BENCH] bitwiseAnd             OpenCV CV_8U        0.02945 ns/px   101.88 GB/s
[BENCH] bitwiseOr              binCV uint32        0.00359 ns/px   104.37 GB/s
[BENCH] bitwiseOr              binCV uint64        0.00273 ns/px   137.14 GB/s
[BENCH] bitwiseOr              OpenCV CV_8U        0.02755 ns/px   108.88 GB/s
[BENCH] bitwiseXor             binCV uint32        0.00352 ns/px   106.60 GB/s
[BENCH] bitwiseXor             binCV uint64        0.00359 ns/px   104.42 GB/s
[BENCH] bitwiseXor             OpenCV CV_8U        0.02827 ns/px   106.11 GB/s
[BENCH] bitwiseNot             binCV uint32        0.00354 ns/px    70.56 GB/s
[BENCH] bitwiseNot             binCV uint64        0.00375 ns/px    66.71 GB/s
[BENCH] bitwiseNot             OpenCV CV_8U        0.07488 ns/px    26.71 GB/s

 OP           IMPLEMENTATION       ns/pixel       GB/s    vs OpenCV
 ---------------------------------------------------------------------
 bitwiseAnd   binCV uint32          0.00282     132.87       10.43x
 bitwiseAnd   binCV uint64          0.00386      97.17        7.63x
 bitwiseAnd   OpenCV CV_8U          0.02945     101.88        1.00x
 bitwiseOr    binCV uint32          0.00359     104.37        7.67x
 bitwiseOr    binCV uint64          0.00273     137.14       10.08x
 bitwiseOr    OpenCV CV_8U          0.02755     108.88        1.00x
 bitwiseXor   binCV uint32          0.00352     106.60        8.04x
 bitwiseXor   binCV uint64          0.00359     104.42        7.87x
 bitwiseXor   OpenCV CV_8U          0.02827     106.11        1.00x
 bitwiseNot   binCV uint32          0.00354      70.56       21.13x
 bitwiseNot   binCV uint64          0.00375      66.71       19.98x
 bitwiseNot   OpenCV CV_8U          0.07488      26.71        1.00x
 ratio > 1 means binCV is faster. sink=1827044084862939691

================ 1024 x 1024 (1048576 pixels) ================
 footprint per buffer: binCV uint32 131072 B, binCV uint64 131072 B, OpenCV CV_8U 1048576 B (8.0x)
 bitwiseAnd   set pixels: binCV   261799 OpenCV   261799 agree
 bitwiseOr    set pixels: binCV   787067 OpenCV   787067 agree
 bitwiseXor   set pixels: binCV   525268 OpenCV   525268 agree
 bitwiseNot   set pixels: binCV   523860 OpenCV   523860 agree
 physical bound (1 read + 1 write word copy, fastest batch; worst in parentheses):
 131072 B buffer 120.25 GB/s (70.59) 1048576 B buffer 108.90 GB/s (51.09)
 std::memcpy at the same footprints (context only, NOT the bound, and not monotonic in size): 8.53 GB/s, 7.29 GB/s
 working set per call: binCV 393216 B, OpenCV 3145728 B (three buffers)
[BENCH] bitwiseAnd             binCV uint32        0.00304 ns/px   123.36 GB/s
[BENCH] bitwiseAnd             binCV uint64        0.00356 ns/px   105.45 GB/s
[BENCH] bitwiseAnd             OpenCV CV_8U        0.03113 ns/px    96.38 GB/s
[BENCH] bitwiseOr              binCV uint32        0.00364 ns/px   103.15 GB/s
[BENCH] bitwiseOr              binCV uint64        0.00295 ns/px   127.17 GB/s
[BENCH] bitwiseOr              OpenCV CV_8U        0.02958 ns/px   101.44 GB/s
[BENCH] bitwiseXor             binCV uint32        0.00356 ns/px   105.33 GB/s
[BENCH] bitwiseXor             binCV uint64        0.00364 ns/px   103.13 GB/s
[BENCH] bitwiseXor             OpenCV CV_8U        0.03074 ns/px    97.59 GB/s
[BENCH] bitwiseNot             binCV uint32        0.00348 ns/px    71.87 GB/s
[BENCH] bitwiseNot             binCV uint64        0.00357 ns/px    70.05 GB/s
[BENCH] bitwiseNot             OpenCV CV_8U        0.06133 ns/px    32.61 GB/s

 OP           IMPLEMENTATION       ns/pixel       GB/s    vs OpenCV
 ---------------------------------------------------------------------
 bitwiseAnd   binCV uint32          0.00304     123.36       10.24x
 bitwiseAnd   binCV uint64          0.00356     105.45        8.75x
 bitwiseAnd   OpenCV CV_8U          0.03113      96.38        1.00x
 bitwiseOr    binCV uint32          0.00364     103.15        8.14x
 bitwiseOr    binCV uint64          0.00295     127.17       10.03x
 bitwiseOr    OpenCV CV_8U          0.02958     101.44        1.00x
 bitwiseXor   binCV uint32          0.00356     105.33        8.63x
 bitwiseXor   binCV uint64          0.00364     103.13        8.45x
 bitwiseXor   OpenCV CV_8U          0.03074      97.59        1.00x
 bitwiseNot   binCV uint32          0.00348      71.87       17.63x
 bitwiseNot   binCV uint64          0.00357      70.05       17.19x
 bitwiseNot   OpenCV CV_8U          0.06133      32.61        1.00x
 ratio > 1 means binCV is faster. sink=12850867461194370158

================ 8192 x 4096 (33554432 pixels) ================
 footprint per buffer: binCV uint32 4194304 B, binCV uint64 4194304 B, OpenCV CV_8U 33554432 B (8.0x)
 bitwiseAnd   set pixels: binCV  8389345 OpenCV  8389345 agree
 bitwiseOr    set pixels: binCV 25165591 OpenCV 25165591 agree
 bitwiseXor   set pixels: binCV 16776246 OpenCV 16776246 agree
 bitwiseNot   set pixels: binCV 16778496 OpenCV 16778496 agree
 physical bound (1 read + 1 write word copy, fastest batch; worst in parentheses):
 4194304 B buffer 103.63 GB/s (69.06) 33554432 B buffer 16.34 GB/s (5.50)
 std::memcpy at the same footprints (context only, NOT the bound, and not monotonic in size): 8.75 GB/s, 25.48 GB/s
 working set per call: binCV 12582912 B, OpenCV 100663296 B (three buffers)
[BENCH] bitwiseAnd             binCV uint32        0.01131 ns/px    33.16 GB/s
[BENCH] bitwiseAnd             binCV uint64        0.01071 ns/px    35.02 GB/s
[BENCH] bitwiseAnd             OpenCV CV_8U        0.17819 ns/px    16.84 GB/s
[BENCH] bitwiseOr              binCV uint32        0.01083 ns/px    34.64 GB/s
[BENCH] bitwiseOr              binCV uint64        0.01059 ns/px    35.42 GB/s
[BENCH] bitwiseOr              OpenCV CV_8U        0.16438 ns/px    18.25 GB/s
[BENCH] bitwiseXor             binCV uint32        0.01003 ns/px    37.37 GB/s
[BENCH] bitwiseXor             binCV uint64        0.01018 ns/px    36.85 GB/s
[BENCH] bitwiseXor             OpenCV CV_8U        0.16235 ns/px    18.48 GB/s
[BENCH] bitwiseNot             binCV uint32        0.00636 ns/px    39.29 GB/s
[BENCH] bitwiseNot             binCV uint64        0.00611 ns/px    40.88 GB/s
[BENCH] bitwiseNot             OpenCV CV_8U        0.08736 ns/px    22.89 GB/s

 OP           IMPLEMENTATION       ns/pixel       GB/s    vs OpenCV
 ---------------------------------------------------------------------
 bitwiseAnd   binCV uint32          0.01131      33.16       15.76x
 bitwiseAnd   binCV uint64          0.01071      35.02       16.64x
 bitwiseAnd   OpenCV CV_8U          0.17819      16.84        1.00x
 bitwiseOr    binCV uint32          0.01083      34.64       15.18x
 bitwiseOr    binCV uint64          0.01059      35.42       15.53x
 bitwiseOr    OpenCV CV_8U          0.16438      18.25        1.00x
 bitwiseXor   binCV uint32          0.01003      37.37       16.18x
 bitwiseXor   binCV uint64          0.01018      36.85       15.96x
 bitwiseXor   OpenCV CV_8U          0.16235      18.48        1.00x
 bitwiseNot   binCV uint32          0.00636      39.29       13.73x
 bitwiseNot   binCV uint64          0.00611      40.88       14.29x
 bitwiseNot   OpenCV CV_8U          0.08736      22.89        1.00x
 ratio > 1 means binCV is faster. sink=6208128588625737009
### run 22
=== Benchmark Config ===
Width: 640, Height: 480, Iterations: 100, DType: uint8, Sparsity: 1

logic kernels vs OpenCV on the same binary content as CV_8U
(the denominator is what a user runs today without binCV)
OpenCV 4.8.0-dev, cv::getNumThreads() = 1; binCV is single-threaded
 OpenCV build:    Configuration:               Release
 OpenCV build:    Baseline:                    SSE SSE2 SSE3
 OpenCV build:    Dispatched code generation:  SSE4_1 SSE4_2 FP16 AVX AVX2 AVX512_SKX

================ 640 x 480 (307200 pixels) ================
 footprint per buffer: binCV uint32 38400 B, binCV uint64 38400 B, OpenCV CV_8U 307200 B (8.0x)
 bitwiseAnd   set pixels: binCV    76512 OpenCV    76512 agree
 bitwiseOr    set pixels: binCV   230224 OpenCV   230224 agree
 bitwiseXor   set pixels: binCV   153712 OpenCV   153712 agree
 bitwiseNot   set pixels: binCV   153774 OpenCV   153774 agree
 physical bound (1 read + 1 write word copy, fastest batch; worst in parentheses):
 38400 B buffer 139.17 GB/s (54.42) 307200 B buffer 113.19 GB/s (77.61)
 std::memcpy at the same footprints (context only, NOT the bound, and not monotonic in size): 130.69 GB/s, 8.34 GB/s
 working set per call: binCV 115200 B, OpenCV 921600 B (three buffers)
[BENCH] bitwiseAnd             binCV uint32        0.00272 ns/px   137.79 GB/s
[BENCH] bitwiseAnd             binCV uint64        0.00364 ns/px   103.09 GB/s
[BENCH] bitwiseAnd             OpenCV CV_8U        0.02799 ns/px   107.18 GB/s
[BENCH] bitwiseOr              binCV uint32        0.00378 ns/px    99.29 GB/s
[BENCH] bitwiseOr              binCV uint64        0.00305 ns/px   122.86 GB/s
[BENCH] bitwiseOr              OpenCV CV_8U        0.02901 ns/px   103.40 GB/s
[BENCH] bitwiseXor             binCV uint32        0.00380 ns/px    98.78 GB/s
[BENCH] bitwiseXor             binCV uint64        0.00363 ns/px   103.28 GB/s
[BENCH] bitwiseXor             OpenCV CV_8U        0.02730 ns/px   109.90 GB/s
[BENCH] bitwiseNot             binCV uint32        0.00357 ns/px    70.02 GB/s
[BENCH] bitwiseNot             binCV uint64        0.00363 ns/px    68.86 GB/s
[BENCH] bitwiseNot             OpenCV CV_8U        0.07250 ns/px    27.59 GB/s

 OP           IMPLEMENTATION       ns/pixel       GB/s    vs OpenCV
 ---------------------------------------------------------------------
 bitwiseAnd   binCV uint32          0.00272     137.79       10.28x
 bitwiseAnd   binCV uint64          0.00364     103.09        7.69x
 bitwiseAnd   OpenCV CV_8U          0.02799     107.18        1.00x
 bitwiseOr    binCV uint32          0.00378      99.29        7.68x
 bitwiseOr    binCV uint64          0.00305     122.86        9.51x
 bitwiseOr    OpenCV CV_8U          0.02901     103.40        1.00x
 bitwiseXor   binCV uint32          0.00380      98.78        7.19x
 bitwiseXor   binCV uint64          0.00363     103.28        7.52x
 bitwiseXor   OpenCV CV_8U          0.02730     109.90        1.00x
 bitwiseNot   binCV uint32          0.00357      70.02       20.30x
 bitwiseNot   binCV uint64          0.00363      68.86       19.97x
 bitwiseNot   OpenCV CV_8U          0.07250      27.59        1.00x
 ratio > 1 means binCV is faster. sink=12162252435771510947

================ 1024 x 1024 (1048576 pixels) ================
 footprint per buffer: binCV uint32 131072 B, binCV uint64 131072 B, OpenCV CV_8U 1048576 B (8.0x)
 bitwiseAnd   set pixels: binCV   261799 OpenCV   261799 agree
 bitwiseOr    set pixels: binCV   787067 OpenCV   787067 agree
 bitwiseXor   set pixels: binCV   525268 OpenCV   525268 agree
 bitwiseNot   set pixels: binCV   523860 OpenCV   523860 agree
 physical bound (1 read + 1 write word copy, fastest batch; worst in parentheses):
 131072 B buffer 132.65 GB/s (79.41) 1048576 B buffer 109.47 GB/s (88.33)
 std::memcpy at the same footprints (context only, NOT the bound, and not monotonic in size): 8.19 GB/s, 7.51 GB/s
 working set per call: binCV 393216 B, OpenCV 3145728 B (three buffers)
[BENCH] bitwiseAnd             binCV uint32        0.00307 ns/px   122.09 GB/s
[BENCH] bitwiseAnd             binCV uint64        0.00362 ns/px   103.56 GB/s
[BENCH] bitwiseAnd             OpenCV CV_8U        0.03102 ns/px    96.70 GB/s
[BENCH] bitwiseOr              binCV uint32        0.00367 ns/px   102.27 GB/s
[BENCH] bitwiseOr              binCV uint64        0.00304 ns/px   123.34 GB/s
[BENCH] bitwiseOr              OpenCV CV_8U        0.03130 ns/px    95.85 GB/s
[BENCH] bitwiseXor             binCV uint32        0.00367 ns/px   102.25 GB/s
[BENCH] bitwiseXor             binCV uint64        0.00839 ns/px    44.70 GB/s
[BENCH] bitwiseXor             OpenCV CV_8U        0.03089 ns/px    97.12 GB/s
[BENCH] bitwiseNot             binCV uint32        0.00356 ns/px    70.14 GB/s
[BENCH] bitwiseNot             binCV uint64        0.00358 ns/px    69.89 GB/s
[BENCH] bitwiseNot             OpenCV CV_8U        0.06117 ns/px    32.69 GB/s

 OP           IMPLEMENTATION       ns/pixel       GB/s    vs OpenCV
 ---------------------------------------------------------------------
 bitwiseAnd   binCV uint32          0.00307     122.09       10.10x
 bitwiseAnd   binCV uint64          0.00362     103.56        8.57x
 bitwiseAnd   OpenCV CV_8U          0.03102      96.70        1.00x
 bitwiseOr    binCV uint32          0.00367     102.27        8.54x
 bitwiseOr    binCV uint64          0.00304     123.34       10.29x
 bitwiseOr    OpenCV CV_8U          0.03130      95.85        1.00x
 bitwiseXor   binCV uint32          0.00367     102.25        8.42x
 bitwiseXor   binCV uint64          0.00839      44.70        3.68x
 bitwiseXor   OpenCV CV_8U          0.03089      97.12        1.00x
 bitwiseNot   binCV uint32          0.00356      70.14       17.16x
 bitwiseNot   binCV uint64          0.00358      69.89       17.10x
 bitwiseNot   OpenCV CV_8U          0.06117      32.69        1.00x
 ratio > 1 means binCV is faster. sink=3264130098221267667

================ 8192 x 4096 (33554432 pixels) ================
 footprint per buffer: binCV uint32 4194304 B, binCV uint64 4194304 B, OpenCV CV_8U 33554432 B (8.0x)
 bitwiseAnd   set pixels: binCV  8389345 OpenCV  8389345 agree
 bitwiseOr    set pixels: binCV 25165591 OpenCV 25165591 agree
 bitwiseXor   set pixels: binCV 16776246 OpenCV 16776246 agree
 bitwiseNot   set pixels: binCV 16778496 OpenCV 16778496 agree
 physical bound (1 read + 1 write word copy, fastest batch; worst in parentheses):
 4194304 B buffer 98.23 GB/s (55.71) 33554432 B buffer 16.45 GB/s (6.13)
 std::memcpy at the same footprints (context only, NOT the bound, and not monotonic in size): 7.21 GB/s, 25.49 GB/s
 working set per call: binCV 12582912 B, OpenCV 100663296 B (three buffers)
[BENCH] bitwiseAnd             binCV uint32        0.00961 ns/px    39.03 GB/s
[BENCH] bitwiseAnd             binCV uint64        0.00999 ns/px    37.53 GB/s
[BENCH] bitwiseAnd             OpenCV CV_8U        0.16275 ns/px    18.43 GB/s
[BENCH] bitwiseOr              binCV uint32        0.01017 ns/px    36.89 GB/s
[BENCH] bitwiseOr              binCV uint64        0.00993 ns/px    37.78 GB/s
[BENCH] bitwiseOr              OpenCV CV_8U        0.16829 ns/px    17.83 GB/s
[BENCH] bitwiseXor             binCV uint32        0.01210 ns/px    30.98 GB/s
[BENCH] bitwiseXor             binCV uint64        0.01052 ns/px    35.63 GB/s
[BENCH] bitwiseXor             OpenCV CV_8U        0.15906 ns/px    18.86 GB/s
[BENCH] bitwiseNot             binCV uint32        0.01171 ns/px    21.34 GB/s
[BENCH] bitwiseNot             binCV uint64        0.00547 ns/px    45.72 GB/s
[BENCH] bitwiseNot             OpenCV CV_8U        0.08280 ns/px    24.15 GB/s

 OP           IMPLEMENTATION       ns/pixel       GB/s    vs OpenCV
 ---------------------------------------------------------------------
 bitwiseAnd   binCV uint32          0.00961      39.03       16.94x
 bitwiseAnd   binCV uint64          0.00999      37.53       16.29x
 bitwiseAnd   OpenCV CV_8U          0.16275      18.43        1.00x
 bitwiseOr    binCV uint32          0.01017      36.89       16.55x
 bitwiseOr    binCV uint64          0.00993      37.78       16.95x
 bitwiseOr    OpenCV CV_8U          0.16829      17.83        1.00x
 bitwiseXor   binCV uint32          0.01210      30.98       13.14x
 bitwiseXor   binCV uint64          0.01052      35.63       15.11x
 bitwiseXor   OpenCV CV_8U          0.15906      18.86        1.00x
 bitwiseNot   binCV uint32          0.01171      21.34        7.07x
 bitwiseNot   binCV uint64          0.00547      45.72       15.14x
 bitwiseNot   OpenCV CV_8U          0.08280      24.15        1.00x
 ratio > 1 means binCV is faster. sink=15183340347670076754
### run 23
=== Benchmark Config ===
Width: 640, Height: 480, Iterations: 100, DType: uint8, Sparsity: 1

logic kernels vs OpenCV on the same binary content as CV_8U
(the denominator is what a user runs today without binCV)
OpenCV 4.8.0-dev, cv::getNumThreads() = 1; binCV is single-threaded
 OpenCV build:    Configuration:               Release
 OpenCV build:    Baseline:                    SSE SSE2 SSE3
 OpenCV build:    Dispatched code generation:  SSE4_1 SSE4_2 FP16 AVX AVX2 AVX512_SKX

================ 640 x 480 (307200 pixels) ================
 footprint per buffer: binCV uint32 38400 B, binCV uint64 38400 B, OpenCV CV_8U 307200 B (8.0x)
 bitwiseAnd   set pixels: binCV    76512 OpenCV    76512 agree
 bitwiseOr    set pixels: binCV   230224 OpenCV   230224 agree
 bitwiseXor   set pixels: binCV   153712 OpenCV   153712 agree
 bitwiseNot   set pixels: binCV   153774 OpenCV   153774 agree
 physical bound (1 read + 1 write word copy, fastest batch; worst in parentheses):
 38400 B buffer 141.46 GB/s (83.43) 307200 B buffer 107.61 GB/s (44.04)
 std::memcpy at the same footprints (context only, NOT the bound, and not monotonic in size): 131.56 GB/s, 8.05 GB/s
 working set per call: binCV 115200 B, OpenCV 921600 B (three buffers)
[BENCH] bitwiseAnd             binCV uint32        0.00274 ns/px   136.98 GB/s
[BENCH] bitwiseAnd             binCV uint64        0.00385 ns/px    97.51 GB/s
[BENCH] bitwiseAnd             OpenCV CV_8U        0.02807 ns/px   106.86 GB/s
[BENCH] bitwiseOr              binCV uint32        0.00354 ns/px   106.05 GB/s
[BENCH] bitwiseOr              binCV uint64        0.00275 ns/px   136.25 GB/s
[BENCH] bitwiseOr              OpenCV CV_8U        0.02748 ns/px   109.18 GB/s
[BENCH] bitwiseXor             binCV uint32        0.00355 ns/px   105.57 GB/s
[BENCH] bitwiseXor             binCV uint64        0.00369 ns/px   101.70 GB/s
[BENCH] bitwiseXor             OpenCV CV_8U        0.02758 ns/px   108.78 GB/s
[BENCH] bitwiseNot             binCV uint32        0.00347 ns/px    71.97 GB/s
[BENCH] bitwiseNot             binCV uint64        0.00350 ns/px    71.46 GB/s
[BENCH] bitwiseNot             OpenCV CV_8U        0.07293 ns/px    27.43 GB/s

 OP           IMPLEMENTATION       ns/pixel       GB/s    vs OpenCV
 ---------------------------------------------------------------------
 bitwiseAnd   binCV uint32          0.00274     136.98       10.25x
 bitwiseAnd   binCV uint64          0.00385      97.51        7.30x
 bitwiseAnd   OpenCV CV_8U          0.02807     106.86        1.00x
 bitwiseOr    binCV uint32          0.00354     106.05        7.77x
 bitwiseOr    binCV uint64          0.00275     136.25        9.98x
 bitwiseOr    OpenCV CV_8U          0.02748     109.18        1.00x
 bitwiseXor   binCV uint32          0.00355     105.57        7.76x
 bitwiseXor   binCV uint64          0.00369     101.70        7.48x
 bitwiseXor   OpenCV CV_8U          0.02758     108.78        1.00x
 bitwiseNot   binCV uint32          0.00347      71.97       20.99x
 bitwiseNot   binCV uint64          0.00350      71.46       20.85x
 bitwiseNot   OpenCV CV_8U          0.07293      27.43        1.00x
 ratio > 1 means binCV is faster. sink=12491440339532554928

================ 1024 x 1024 (1048576 pixels) ================
 footprint per buffer: binCV uint32 131072 B, binCV uint64 131072 B, OpenCV CV_8U 1048576 B (8.0x)
 bitwiseAnd   set pixels: binCV   261799 OpenCV   261799 agree
 bitwiseOr    set pixels: binCV   787067 OpenCV   787067 agree
 bitwiseXor   set pixels: binCV   525268 OpenCV   525268 agree
 bitwiseNot   set pixels: binCV   523860 OpenCV   523860 agree
 physical bound (1 read + 1 write word copy, fastest batch; worst in parentheses):
 131072 B buffer 126.28 GB/s (57.30) 1048576 B buffer 110.08 GB/s (74.54)
 std::memcpy at the same footprints (context only, NOT the bound, and not monotonic in size): 8.17 GB/s, 7.37 GB/s
 working set per call: binCV 393216 B, OpenCV 3145728 B (three buffers)
[BENCH] bitwiseAnd             binCV uint32        0.00313 ns/px   119.99 GB/s
[BENCH] bitwiseAnd             binCV uint64        0.00382 ns/px    98.12 GB/s
[BENCH] bitwiseAnd             OpenCV CV_8U        0.03007 ns/px    99.78 GB/s
[BENCH] bitwiseOr              binCV uint32        0.00378 ns/px    99.28 GB/s
[BENCH] bitwiseOr              binCV uint64        0.00301 ns/px   124.52 GB/s
[BENCH] bitwiseOr              OpenCV CV_8U        0.03023 ns/px    99.23 GB/s
[BENCH] bitwiseXor             binCV uint32        0.00367 ns/px   102.13 GB/s
[BENCH] bitwiseXor             binCV uint64        0.00360 ns/px   104.12 GB/s
[BENCH] bitwiseXor             OpenCV CV_8U        0.03124 ns/px    96.04 GB/s
[BENCH] bitwiseNot             binCV uint32        0.00483 ns/px    51.75 GB/s
[BENCH] bitwiseNot             binCV uint64        0.00352 ns/px    70.92 GB/s
[BENCH] bitwiseNot             OpenCV CV_8U        0.06352 ns/px    31.49 GB/s

 OP           IMPLEMENTATION       ns/pixel       GB/s    vs OpenCV
 ---------------------------------------------------------------------
 bitwiseAnd   binCV uint32          0.00313     119.99        9.62x
 bitwiseAnd   binCV uint64          0.00382      98.12        7.87x
 bitwiseAnd   OpenCV CV_8U          0.03007      99.78        1.00x
 bitwiseOr    binCV uint32          0.00378      99.28        8.00x
 bitwiseOr    binCV uint64          0.00301     124.52       10.04x
 bitwiseOr    OpenCV CV_8U          0.03023      99.23        1.00x
 bitwiseXor   binCV uint32          0.00367     102.13        8.51x
 bitwiseXor   binCV uint64          0.00360     104.12        8.67x
 bitwiseXor   OpenCV CV_8U          0.03124      96.04        1.00x
 bitwiseNot   binCV uint32          0.00483      51.75       13.15x
 bitwiseNot   binCV uint64          0.00352      70.92       18.02x
 bitwiseNot   OpenCV CV_8U          0.06352      31.49        1.00x
 ratio > 1 means binCV is faster. sink=338486271824051911

================ 8192 x 4096 (33554432 pixels) ================
 footprint per buffer: binCV uint32 4194304 B, binCV uint64 4194304 B, OpenCV CV_8U 33554432 B (8.0x)
 bitwiseAnd   set pixels: binCV  8389345 OpenCV  8389345 agree
 bitwiseOr    set pixels: binCV 25165591 OpenCV 25165591 agree
 bitwiseXor   set pixels: binCV 16776246 OpenCV 16776246 agree
 bitwiseNot   set pixels: binCV 16778496 OpenCV 16778496 agree
 physical bound (1 read + 1 write word copy, fastest batch; worst in parentheses):
 4194304 B buffer 96.90 GB/s (25.95) 33554432 B buffer 16.80 GB/s (8.20)
 std::memcpy at the same footprints (context only, NOT the bound, and not monotonic in size): 7.13 GB/s, 26.55 GB/s
 working set per call: binCV 12582912 B, OpenCV 100663296 B (three buffers)
[BENCH] bitwiseAnd             binCV uint32        0.01227 ns/px    30.56 GB/s
[BENCH] bitwiseAnd             binCV uint64        0.01380 ns/px    27.18 GB/s
[BENCH] bitwiseAnd             OpenCV CV_8U        0.16707 ns/px    17.96 GB/s
[BENCH] bitwiseOr              binCV uint32        0.01026 ns/px    36.56 GB/s
[BENCH] bitwiseOr              binCV uint64        0.00961 ns/px    39.03 GB/s
[BENCH] bitwiseOr              OpenCV CV_8U        0.18780 ns/px    15.97 GB/s
[BENCH] bitwiseXor             binCV uint32        0.01353 ns/px    27.72 GB/s
[BENCH] bitwiseXor             binCV uint64        0.01002 ns/px    37.43 GB/s
[BENCH] bitwiseXor             OpenCV CV_8U        0.15865 ns/px    18.91 GB/s
[BENCH] bitwiseNot             binCV uint32        0.00570 ns/px    43.89 GB/s
[BENCH] bitwiseNot             binCV uint64        0.00547 ns/px    45.68 GB/s
[BENCH] bitwiseNot             OpenCV CV_8U        0.08485 ns/px    23.57 GB/s

 OP           IMPLEMENTATION       ns/pixel       GB/s    vs OpenCV
 ---------------------------------------------------------------------
 bitwiseAnd   binCV uint32          0.01227      30.56       13.62x
 bitwiseAnd   binCV uint64          0.01380      27.18       12.11x
 bitwiseAnd   OpenCV CV_8U          0.16707      17.96        1.00x
 bitwiseOr    binCV uint32          0.01026      36.56       18.31x
 bitwiseOr    binCV uint64          0.00961      39.03       19.55x
 bitwiseOr    OpenCV CV_8U          0.18780      15.97        1.00x
 bitwiseXor   binCV uint32          0.01353      27.72       11.73x
 bitwiseXor   binCV uint64          0.01002      37.43       15.83x
 bitwiseXor   OpenCV CV_8U          0.15865      18.91        1.00x
 bitwiseNot   binCV uint32          0.00570      43.89       14.90x
 bitwiseNot   binCV uint64          0.00547      45.68       15.50x
 bitwiseNot   OpenCV CV_8U          0.08485      23.57        1.00x
 ratio > 1 means binCV is faster. sink=14477440485777215153
### run 24
=== Benchmark Config ===
Width: 640, Height: 480, Iterations: 100, DType: uint8, Sparsity: 1

logic kernels vs OpenCV on the same binary content as CV_8U
(the denominator is what a user runs today without binCV)
OpenCV 4.8.0-dev, cv::getNumThreads() = 1; binCV is single-threaded
 OpenCV build:    Configuration:               Release
 OpenCV build:    Baseline:                    SSE SSE2 SSE3
 OpenCV build:    Dispatched code generation:  SSE4_1 SSE4_2 FP16 AVX AVX2 AVX512_SKX

================ 640 x 480 (307200 pixels) ================
 footprint per buffer: binCV uint32 38400 B, binCV uint64 38400 B, OpenCV CV_8U 307200 B (8.0x)
 bitwiseAnd   set pixels: binCV    76512 OpenCV    76512 agree
 bitwiseOr    set pixels: binCV   230224 OpenCV   230224 agree
 bitwiseXor   set pixels: binCV   153712 OpenCV   153712 agree
 bitwiseNot   set pixels: binCV   153774 OpenCV   153774 agree
 physical bound (1 read + 1 write word copy, fastest batch; worst in parentheses):
 38400 B buffer 141.66 GB/s (43.69) 307200 B buffer 107.67 GB/s (80.12)
 std::memcpy at the same footprints (context only, NOT the bound, and not monotonic in size): 131.75 GB/s, 8.12 GB/s
 working set per call: binCV 115200 B, OpenCV 921600 B (three buffers)
[BENCH] bitwiseAnd             binCV uint32        0.00272 ns/px   137.81 GB/s
[BENCH] bitwiseAnd             binCV uint64        0.00374 ns/px   100.30 GB/s
[BENCH] bitwiseAnd             OpenCV CV_8U        0.02892 ns/px   103.73 GB/s
[BENCH] bitwiseOr              binCV uint32        0.00355 ns/px   105.68 GB/s
[BENCH] bitwiseOr              binCV uint64        0.00280 ns/px   134.10 GB/s
[BENCH] bitwiseOr              OpenCV CV_8U        0.02756 ns/px   108.84 GB/s
[BENCH] bitwiseXor             binCV uint32        0.00355 ns/px   105.54 GB/s
[BENCH] bitwiseXor             binCV uint64        0.00352 ns/px   106.51 GB/s
[BENCH] bitwiseXor             OpenCV CV_8U        0.03078 ns/px    97.45 GB/s
[BENCH] bitwiseNot             binCV uint32        0.00367 ns/px    68.09 GB/s
[BENCH] bitwiseNot             binCV uint64        0.00348 ns/px    71.80 GB/s
[BENCH] bitwiseNot             OpenCV CV_8U        0.06321 ns/px    31.64 GB/s

 OP           IMPLEMENTATION       ns/pixel       GB/s    vs OpenCV
 ---------------------------------------------------------------------
 bitwiseAnd   binCV uint32          0.00272     137.81       10.63x
 bitwiseAnd   binCV uint64          0.00374     100.30        7.74x
 bitwiseAnd   OpenCV CV_8U          0.02892     103.73        1.00x
 bitwiseOr    binCV uint32          0.00355     105.68        7.77x
 bitwiseOr    binCV uint64          0.00280     134.10        9.86x
 bitwiseOr    OpenCV CV_8U          0.02756     108.84        1.00x
 bitwiseXor   binCV uint32          0.00355     105.54        8.66x
 bitwiseXor   binCV uint64          0.00352     106.51        8.74x
 bitwiseXor   OpenCV CV_8U          0.03078      97.45        1.00x
 bitwiseNot   binCV uint32          0.00367      68.09       17.22x
 bitwiseNot   binCV uint64          0.00348      71.80       18.15x
 bitwiseNot   OpenCV CV_8U          0.06321      31.64        1.00x
 ratio > 1 means binCV is faster. sink=1463646743027704671

================ 1024 x 1024 (1048576 pixels) ================
 footprint per buffer: binCV uint32 131072 B, binCV uint64 131072 B, OpenCV CV_8U 1048576 B (8.0x)
 bitwiseAnd   set pixels: binCV   261799 OpenCV   261799 agree
 bitwiseOr    set pixels: binCV   787067 OpenCV   787067 agree
 bitwiseXor   set pixels: binCV   525268 OpenCV   525268 agree
 bitwiseNot   set pixels: binCV   523860 OpenCV   523860 agree
 physical bound (1 read + 1 write word copy, fastest batch; worst in parentheses):
 131072 B buffer 131.71 GB/s (39.87) 1048576 B buffer 103.83 GB/s (62.90)
 std::memcpy at the same footprints (context only, NOT the bound, and not monotonic in size): 8.24 GB/s, 7.08 GB/s
 working set per call: binCV 393216 B, OpenCV 3145728 B (three buffers)
[BENCH] bitwiseAnd             binCV uint32        0.00301 ns/px   124.56 GB/s
[BENCH] bitwiseAnd             binCV uint64        0.00360 ns/px   104.08 GB/s
[BENCH] bitwiseAnd             OpenCV CV_8U        0.03091 ns/px    97.06 GB/s
[BENCH] bitwiseOr              binCV uint32        0.00361 ns/px   103.83 GB/s
[BENCH] bitwiseOr              binCV uint64        0.00303 ns/px   123.90 GB/s
[BENCH] bitwiseOr              OpenCV CV_8U        0.03036 ns/px    98.82 GB/s
[BENCH] bitwiseXor             binCV uint32        0.00364 ns/px   103.06 GB/s
[BENCH] bitwiseXor             binCV uint64        0.00399 ns/px    94.06 GB/s
[BENCH] bitwiseXor             OpenCV CV_8U        0.03086 ns/px    97.20 GB/s
[BENCH] bitwiseNot             binCV uint32        0.00374 ns/px    66.84 GB/s
[BENCH] bitwiseNot             binCV uint64        0.00371 ns/px    67.31 GB/s
[BENCH] bitwiseNot             OpenCV CV_8U        0.06121 ns/px    32.68 GB/s

 OP           IMPLEMENTATION       ns/pixel       GB/s    vs OpenCV
 ---------------------------------------------------------------------
 bitwiseAnd   binCV uint32          0.00301     124.56       10.27x
 bitwiseAnd   binCV uint64          0.00360     104.08        8.58x
 bitwiseAnd   OpenCV CV_8U          0.03091      97.06        1.00x
 bitwiseOr    binCV uint32          0.00361     103.83        8.41x
 bitwiseOr    binCV uint64          0.00303     123.90       10.03x
 bitwiseOr    OpenCV CV_8U          0.03036      98.82        1.00x
 bitwiseXor   binCV uint32          0.00364     103.06        8.48x
 bitwiseXor   binCV uint64          0.00399      94.06        7.74x
 bitwiseXor   OpenCV CV_8U          0.03086      97.20        1.00x
 bitwiseNot   binCV uint32          0.00374      66.84       16.36x
 bitwiseNot   binCV uint64          0.00371      67.31       16.48x
 bitwiseNot   OpenCV CV_8U          0.06121      32.68        1.00x
 ratio > 1 means binCV is faster. sink=3471588776415104183

================ 8192 x 4096 (33554432 pixels) ================
 footprint per buffer: binCV uint32 4194304 B, binCV uint64 4194304 B, OpenCV CV_8U 33554432 B (8.0x)
 bitwiseAnd   set pixels: binCV  8389345 OpenCV  8389345 agree
 bitwiseOr    set pixels: binCV 25165591 OpenCV 25165591 agree
 bitwiseXor   set pixels: binCV 16776246 OpenCV 16776246 agree
 bitwiseNot   set pixels: binCV 16778496 OpenCV 16778496 agree
 physical bound (1 read + 1 write word copy, fastest batch; worst in parentheses):
 4194304 B buffer 107.68 GB/s (81.23) 33554432 B buffer 17.91 GB/s (7.47)
 std::memcpy at the same footprints (context only, NOT the bound, and not monotonic in size): 6.88 GB/s, 25.12 GB/s
 working set per call: binCV 12582912 B, OpenCV 100663296 B (three buffers)
[BENCH] bitwiseAnd             binCV uint32        0.00970 ns/px    38.66 GB/s
[BENCH] bitwiseAnd             binCV uint64        0.00998 ns/px    37.58 GB/s
[BENCH] bitwiseAnd             OpenCV CV_8U        0.15462 ns/px    19.40 GB/s
[BENCH] bitwiseOr              binCV uint32        0.01145 ns/px    32.74 GB/s
[BENCH] bitwiseOr              binCV uint64        0.01014 ns/px    36.98 GB/s
[BENCH] bitwiseOr              OpenCV CV_8U        0.16270 ns/px    18.44 GB/s
[BENCH] bitwiseXor             binCV uint32        0.01000 ns/px    37.51 GB/s
[BENCH] bitwiseXor             binCV uint64        0.00997 ns/px    37.60 GB/s
[BENCH] bitwiseXor             OpenCV CV_8U        0.15619 ns/px    19.21 GB/s
[BENCH] bitwiseNot             binCV uint32        0.00598 ns/px    41.78 GB/s
[BENCH] bitwiseNot             binCV uint64        0.00557 ns/px    44.90 GB/s
[BENCH] bitwiseNot             OpenCV CV_8U        0.08780 ns/px    22.78 GB/s

 OP           IMPLEMENTATION       ns/pixel       GB/s    vs OpenCV
 ---------------------------------------------------------------------
 bitwiseAnd   binCV uint32          0.00970      38.66       15.94x
 bitwiseAnd   binCV uint64          0.00998      37.58       15.49x
 bitwiseAnd   OpenCV CV_8U          0.15462      19.40        1.00x
 bitwiseOr    binCV uint32          0.01145      32.74       14.21x
 bitwiseOr    binCV uint64          0.01014      36.98       16.04x
 bitwiseOr    OpenCV CV_8U          0.16270      18.44        1.00x
 bitwiseXor   binCV uint32          0.01000      37.51       15.62x
 bitwiseXor   binCV uint64          0.00997      37.60       15.66x
 bitwiseXor   OpenCV CV_8U          0.15619      19.21        1.00x
 bitwiseNot   binCV uint32          0.00598      41.78       14.67x
 bitwiseNot   binCV uint64          0.00557      44.90       15.77x
 bitwiseNot   OpenCV CV_8U          0.08780      22.78        1.00x
 ratio > 1 means binCV is faster. sink=6568492088797449770
### run 25
=== Benchmark Config ===
Width: 640, Height: 480, Iterations: 100, DType: uint8, Sparsity: 1

logic kernels vs OpenCV on the same binary content as CV_8U
(the denominator is what a user runs today without binCV)
OpenCV 4.8.0-dev, cv::getNumThreads() = 1; binCV is single-threaded
 OpenCV build:    Configuration:               Release
 OpenCV build:    Baseline:                    SSE SSE2 SSE3
 OpenCV build:    Dispatched code generation:  SSE4_1 SSE4_2 FP16 AVX AVX2 AVX512_SKX

================ 640 x 480 (307200 pixels) ================
 footprint per buffer: binCV uint32 38400 B, binCV uint64 38400 B, OpenCV CV_8U 307200 B (8.0x)
 bitwiseAnd   set pixels: binCV    76512 OpenCV    76512 agree
 bitwiseOr    set pixels: binCV   230224 OpenCV   230224 agree
 bitwiseXor   set pixels: binCV   153712 OpenCV   153712 agree
 bitwiseNot   set pixels: binCV   153774 OpenCV   153774 agree
 physical bound (1 read + 1 write word copy, fastest batch; worst in parentheses):
 38400 B buffer 140.36 GB/s (100.73) 307200 B buffer 112.10 GB/s (42.62)
 std::memcpy at the same footprints (context only, NOT the bound, and not monotonic in size): 131.74 GB/s, 8.38 GB/s
 working set per call: binCV 115200 B, OpenCV 921600 B (three buffers)
[BENCH] bitwiseAnd             binCV uint32        0.00282 ns/px   132.78 GB/s
[BENCH] bitwiseAnd             binCV uint64        0.00353 ns/px   106.24 GB/s
[BENCH] bitwiseAnd             OpenCV CV_8U        0.02937 ns/px   102.15 GB/s
[BENCH] bitwiseOr              binCV uint32        0.00409 ns/px    91.76 GB/s
[BENCH] bitwiseOr              binCV uint64        0.00288 ns/px   130.40 GB/s
[BENCH] bitwiseOr              OpenCV CV_8U        0.02943 ns/px   101.92 GB/s
[BENCH] bitwiseXor             binCV uint32        0.00354 ns/px   105.97 GB/s
[BENCH] bitwiseXor             binCV uint64        0.00354 ns/px   105.91 GB/s
[BENCH] bitwiseXor             OpenCV CV_8U        0.02764 ns/px   108.53 GB/s
[BENCH] bitwiseNot             binCV uint32        0.00346 ns/px    72.27 GB/s
[BENCH] bitwiseNot             binCV uint64        0.00350 ns/px    71.45 GB/s
[BENCH] bitwiseNot             OpenCV CV_8U        0.07988 ns/px    25.04 GB/s

 OP           IMPLEMENTATION       ns/pixel       GB/s    vs OpenCV
 ---------------------------------------------------------------------
 bitwiseAnd   binCV uint32          0.00282     132.78       10.40x
 bitwiseAnd   binCV uint64          0.00353     106.24        8.32x
 bitwiseAnd   OpenCV CV_8U          0.02937     102.15        1.00x
 bitwiseOr    binCV uint32          0.00409      91.76        7.20x
 bitwiseOr    binCV uint64          0.00288     130.40       10.24x
 bitwiseOr    OpenCV CV_8U          0.02943     101.92        1.00x
 bitwiseXor   binCV uint32          0.00354     105.97        7.81x
 bitwiseXor   binCV uint64          0.00354     105.91        7.81x
 bitwiseXor   OpenCV CV_8U          0.02764     108.53        1.00x
 bitwiseNot   binCV uint32          0.00346      72.27       23.09x
 bitwiseNot   binCV uint64          0.00350      71.45       22.83x
 bitwiseNot   OpenCV CV_8U          0.07988      25.04        1.00x
 ratio > 1 means binCV is faster. sink=8851384300268680170

================ 1024 x 1024 (1048576 pixels) ================
 footprint per buffer: binCV uint32 131072 B, binCV uint64 131072 B, OpenCV CV_8U 1048576 B (8.0x)
 bitwiseAnd   set pixels: binCV   261799 OpenCV   261799 agree
 bitwiseOr    set pixels: binCV   787067 OpenCV   787067 agree
 bitwiseXor   set pixels: binCV   525268 OpenCV   525268 agree
 bitwiseNot   set pixels: binCV   523860 OpenCV   523860 agree
 physical bound (1 read + 1 write word copy, fastest batch; worst in parentheses):
 131072 B buffer 114.91 GB/s (65.66) 1048576 B buffer 109.88 GB/s (88.35)
 std::memcpy at the same footprints (context only, NOT the bound, and not monotonic in size): 8.09 GB/s, 7.79 GB/s
 working set per call: binCV 393216 B, OpenCV 3145728 B (three buffers)
[BENCH] bitwiseAnd             binCV uint32        0.00303 ns/px   123.66 GB/s
[BENCH] bitwiseAnd             binCV uint64        0.00360 ns/px   104.07 GB/s
[BENCH] bitwiseAnd             OpenCV CV_8U        0.03145 ns/px    95.38 GB/s
[BENCH] bitwiseOr              binCV uint32        0.00361 ns/px   103.80 GB/s
[BENCH] bitwiseOr              binCV uint64        0.00308 ns/px   121.74 GB/s
[BENCH] bitwiseOr              OpenCV CV_8U        0.03023 ns/px    99.23 GB/s
[BENCH] bitwiseXor             binCV uint32        0.00356 ns/px   105.43 GB/s
[BENCH] bitwiseXor             binCV uint64        0.00388 ns/px    96.64 GB/s
[BENCH] bitwiseXor             OpenCV CV_8U        0.03154 ns/px    95.12 GB/s
[BENCH] bitwiseNot             binCV uint32        0.00352 ns/px    70.98 GB/s
[BENCH] bitwiseNot             binCV uint64        0.00353 ns/px    70.91 GB/s
[BENCH] bitwiseNot             OpenCV CV_8U        0.06140 ns/px    32.58 GB/s

 OP           IMPLEMENTATION       ns/pixel       GB/s    vs OpenCV
 ---------------------------------------------------------------------
 bitwiseAnd   binCV uint32          0.00303     123.66       10.37x
 bitwiseAnd   binCV uint64          0.00360     104.07        8.73x
 bitwiseAnd   OpenCV CV_8U          0.03145      95.38        1.00x
 bitwiseOr    binCV uint32          0.00361     103.80        8.37x
 bitwiseOr    binCV uint64          0.00308     121.74        9.82x
 bitwiseOr    OpenCV CV_8U          0.03023      99.23        1.00x
 bitwiseXor   binCV uint32          0.00356     105.43        8.87x
 bitwiseXor   binCV uint64          0.00388      96.64        8.13x
 bitwiseXor   OpenCV CV_8U          0.03154      95.12        1.00x
 bitwiseNot   binCV uint32          0.00352      70.98       17.43x
 bitwiseNot   binCV uint64          0.00353      70.91       17.41x
 bitwiseNot   OpenCV CV_8U          0.06140      32.58        1.00x
 ratio > 1 means binCV is faster. sink=3751064864647905297

================ 8192 x 4096 (33554432 pixels) ================
 footprint per buffer: binCV uint32 4194304 B, binCV uint64 4194304 B, OpenCV CV_8U 33554432 B (8.0x)
 bitwiseAnd   set pixels: binCV  8389345 OpenCV  8389345 agree
 bitwiseOr    set pixels: binCV 25165591 OpenCV 25165591 agree
 bitwiseXor   set pixels: binCV 16776246 OpenCV 16776246 agree
 bitwiseNot   set pixels: binCV 16778496 OpenCV 16778496 agree
 physical bound (1 read + 1 write word copy, fastest batch; worst in parentheses):
 4194304 B buffer 104.24 GB/s (76.35) 33554432 B buffer 16.42 GB/s (5.83)
 std::memcpy at the same footprints (context only, NOT the bound, and not monotonic in size): 5.94 GB/s, 26.50 GB/s
 working set per call: binCV 12582912 B, OpenCV 100663296 B (three buffers)
[BENCH] bitwiseAnd             binCV uint32        0.00994 ns/px    37.74 GB/s
[BENCH] bitwiseAnd             binCV uint64        0.01502 ns/px    24.96 GB/s
[BENCH] bitwiseAnd             OpenCV CV_8U        0.20072 ns/px    14.95 GB/s
[BENCH] bitwiseOr              binCV uint32        0.01016 ns/px    36.91 GB/s
[BENCH] bitwiseOr              binCV uint64        0.01018 ns/px    36.83 GB/s
[BENCH] bitwiseOr              OpenCV CV_8U        0.16129 ns/px    18.60 GB/s
[BENCH] bitwiseXor             binCV uint32        0.00987 ns/px    38.01 GB/s
[BENCH] bitwiseXor             binCV uint64        0.01135 ns/px    33.03 GB/s
[BENCH] bitwiseXor             OpenCV CV_8U        0.16020 ns/px    18.73 GB/s
[BENCH] bitwiseNot             binCV uint32        0.00579 ns/px    43.17 GB/s
[BENCH] bitwiseNot             binCV uint64        0.00431 ns/px    57.96 GB/s
[BENCH] bitwiseNot             OpenCV CV_8U        0.07624 ns/px    26.23 GB/s

 OP           IMPLEMENTATION       ns/pixel       GB/s    vs OpenCV
 ---------------------------------------------------------------------
 bitwiseAnd   binCV uint32          0.00994      37.74       20.20x
 bitwiseAnd   binCV uint64          0.01502      24.96       13.36x
 bitwiseAnd   OpenCV CV_8U          0.20072      14.95        1.00x
 bitwiseOr    binCV uint32          0.01016      36.91       15.87x
 bitwiseOr    binCV uint64          0.01018      36.83       15.84x
 bitwiseOr    OpenCV CV_8U          0.16129      18.60        1.00x
 bitwiseXor   binCV uint32          0.00987      38.01       16.24x
 bitwiseXor   binCV uint64          0.01135      33.03       14.11x
 bitwiseXor   OpenCV CV_8U          0.16020      18.73        1.00x
 bitwiseNot   binCV uint32          0.00579      43.17       13.16x
 bitwiseNot   binCV uint64          0.00431      57.96       17.68x
 bitwiseNot   OpenCV CV_8U          0.07624      26.23        1.00x
 IMPLAUSIBLE: 26.23 GB/s is more than 1.5x the 16.42 GB/s copy-loop bound at this footprint -- treat this row as a broken measurement
 ratio > 1 means binCV is faster. sink=4904413422162810023

AT LEAST ONE SIZE DID NOT MEASURE CLEANLY -- exiting non-zero. Do not
quote any number above without reading why.
### run 25 EXIT 1
### run 26
=== Benchmark Config ===
Width: 640, Height: 480, Iterations: 100, DType: uint8, Sparsity: 1

logic kernels vs OpenCV on the same binary content as CV_8U
(the denominator is what a user runs today without binCV)
OpenCV 4.8.0-dev, cv::getNumThreads() = 1; binCV is single-threaded
 OpenCV build:    Configuration:               Release
 OpenCV build:    Baseline:                    SSE SSE2 SSE3
 OpenCV build:    Dispatched code generation:  SSE4_1 SSE4_2 FP16 AVX AVX2 AVX512_SKX

================ 640 x 480 (307200 pixels) ================
 footprint per buffer: binCV uint32 38400 B, binCV uint64 38400 B, OpenCV CV_8U 307200 B (8.0x)
 bitwiseAnd   set pixels: binCV    76512 OpenCV    76512 agree
 bitwiseOr    set pixels: binCV   230224 OpenCV   230224 agree
 bitwiseXor   set pixels: binCV   153712 OpenCV   153712 agree
 bitwiseNot   set pixels: binCV   153774 OpenCV   153774 agree
 physical bound (1 read + 1 write word copy, fastest batch; worst in parentheses):
 38400 B buffer 141.07 GB/s (101.69) 307200 B buffer 111.95 GB/s (43.93)
 std::memcpy at the same footprints (context only, NOT the bound, and not monotonic in size): 129.82 GB/s, 8.12 GB/s
 working set per call: binCV 115200 B, OpenCV 921600 B (three buffers)
[BENCH] bitwiseAnd             binCV uint32        0.00295 ns/px   127.10 GB/s
[BENCH] bitwiseAnd             binCV uint64        0.00378 ns/px    99.10 GB/s
[BENCH] bitwiseAnd             OpenCV CV_8U        0.02859 ns/px   104.93 GB/s
[BENCH] bitwiseOr              binCV uint32        0.00367 ns/px   102.27 GB/s
[BENCH] bitwiseOr              binCV uint64        0.00288 ns/px   130.06 GB/s
[BENCH] bitwiseOr              OpenCV CV_8U        0.02786 ns/px   107.67 GB/s
[BENCH] bitwiseXor             binCV uint32        0.00360 ns/px   104.21 GB/s
[BENCH] bitwiseXor             binCV uint64        0.00362 ns/px   103.68 GB/s
[BENCH] bitwiseXor             OpenCV CV_8U        0.02749 ns/px   109.14 GB/s
[BENCH] bitwiseNot             binCV uint32        0.00346 ns/px    72.22 GB/s
[BENCH] bitwiseNot             binCV uint64        0.00348 ns/px    71.80 GB/s
[BENCH] bitwiseNot             OpenCV CV_8U        0.06686 ns/px    29.91 GB/s

 OP           IMPLEMENTATION       ns/pixel       GB/s    vs OpenCV
 ---------------------------------------------------------------------
 bitwiseAnd   binCV uint32          0.00295     127.10        9.69x
 bitwiseAnd   binCV uint64          0.00378      99.10        7.55x
 bitwiseAnd   OpenCV CV_8U          0.02859     104.93        1.00x
 bitwiseOr    binCV uint32          0.00367     102.27        7.60x
 bitwiseOr    binCV uint64          0.00288     130.06        9.66x
 bitwiseOr    OpenCV CV_8U          0.02786     107.67        1.00x
 bitwiseXor   binCV uint32          0.00360     104.21        7.64x
 bitwiseXor   binCV uint64          0.00362     103.68        7.60x
 bitwiseXor   OpenCV CV_8U          0.02749     109.14        1.00x
 bitwiseNot   binCV uint32          0.00346      72.22       19.31x
 bitwiseNot   binCV uint64          0.00348      71.80       19.20x
 bitwiseNot   OpenCV CV_8U          0.06686      29.91        1.00x
 ratio > 1 means binCV is faster. sink=16134434814402619239

================ 1024 x 1024 (1048576 pixels) ================
 footprint per buffer: binCV uint32 131072 B, binCV uint64 131072 B, OpenCV CV_8U 1048576 B (8.0x)
 bitwiseAnd   set pixels: binCV   261799 OpenCV   261799 agree
 bitwiseOr    set pixels: binCV   787067 OpenCV   787067 agree
 bitwiseXor   set pixels: binCV   525268 OpenCV   525268 agree
 bitwiseNot   set pixels: binCV   523860 OpenCV   523860 agree
 physical bound (1 read + 1 write word copy, fastest batch; worst in parentheses):
 131072 B buffer 124.97 GB/s (50.28) 1048576 B buffer 108.69 GB/s (87.38)
 std::memcpy at the same footprints (context only, NOT the bound, and not monotonic in size): 8.28 GB/s, 7.20 GB/s
 working set per call: binCV 393216 B, OpenCV 3145728 B (three buffers)
[BENCH] bitwiseAnd             binCV uint32        0.00310 ns/px   120.99 GB/s
[BENCH] bitwiseAnd             binCV uint64        0.00377 ns/px    99.42 GB/s
[BENCH] bitwiseAnd             OpenCV CV_8U        0.03066 ns/px    97.85 GB/s
[BENCH] bitwiseOr              binCV uint32        0.00361 ns/px   103.83 GB/s
[BENCH] bitwiseOr              binCV uint64        0.00303 ns/px   123.57 GB/s
[BENCH] bitwiseOr              OpenCV CV_8U        0.03051 ns/px    98.32 GB/s
[BENCH] bitwiseXor             binCV uint32        0.00368 ns/px   101.88 GB/s
[BENCH] bitwiseXor             binCV uint64        0.00360 ns/px   104.07 GB/s
[BENCH] bitwiseXor             OpenCV CV_8U        0.03025 ns/px    99.18 GB/s
[BENCH] bitwiseNot             binCV uint32        0.00370 ns/px    67.59 GB/s
[BENCH] bitwiseNot             binCV uint64        0.00348 ns/px    71.76 GB/s
[BENCH] bitwiseNot             OpenCV CV_8U        0.06197 ns/px    32.27 GB/s

 OP           IMPLEMENTATION       ns/pixel       GB/s    vs OpenCV
 ---------------------------------------------------------------------
 bitwiseAnd   binCV uint32          0.00310     120.99        9.89x
 bitwiseAnd   binCV uint64          0.00377      99.42        8.13x
 bitwiseAnd   OpenCV CV_8U          0.03066      97.85        1.00x
 bitwiseOr    binCV uint32          0.00361     103.83        8.45x
 bitwiseOr    binCV uint64          0.00303     123.57       10.06x
 bitwiseOr    OpenCV CV_8U          0.03051      98.32        1.00x
 bitwiseXor   binCV uint32          0.00368     101.88        8.22x
 bitwiseXor   binCV uint64          0.00360     104.07        8.39x
 bitwiseXor   OpenCV CV_8U          0.03025      99.18        1.00x
 bitwiseNot   binCV uint32          0.00370      67.59       16.75x
 bitwiseNot   binCV uint64          0.00348      71.76       17.79x
 bitwiseNot   OpenCV CV_8U          0.06197      32.27        1.00x
 ratio > 1 means binCV is faster. sink=2330345773248696130

================ 8192 x 4096 (33554432 pixels) ================
 footprint per buffer: binCV uint32 4194304 B, binCV uint64 4194304 B, OpenCV CV_8U 33554432 B (8.0x)
 bitwiseAnd   set pixels: binCV  8389345 OpenCV  8389345 agree
 bitwiseOr    set pixels: binCV 25165591 OpenCV 25165591 agree
 bitwiseXor   set pixels: binCV 16776246 OpenCV 16776246 agree
 bitwiseNot   set pixels: binCV 16778496 OpenCV 16778496 agree
 physical bound (1 read + 1 write word copy, fastest batch; worst in parentheses):
 4194304 B buffer 107.24 GB/s (63.10) 33554432 B buffer 17.02 GB/s (9.00)
 std::memcpy at the same footprints (context only, NOT the bound, and not monotonic in size): 7.15 GB/s, 24.56 GB/s
 working set per call: binCV 12582912 B, OpenCV 100663296 B (three buffers)
[BENCH] bitwiseAnd             binCV uint32        0.00959 ns/px    39.09 GB/s
[BENCH] bitwiseAnd             binCV uint64        0.01070 ns/px    35.03 GB/s
[BENCH] bitwiseAnd             OpenCV CV_8U        0.16935 ns/px    17.71 GB/s
[BENCH] bitwiseOr              binCV uint32        0.01014 ns/px    37.00 GB/s
[BENCH] bitwiseOr              binCV uint64        0.01246 ns/px    30.09 GB/s
[BENCH] bitwiseOr              OpenCV CV_8U        0.16717 ns/px    17.95 GB/s
[BENCH] bitwiseXor             binCV uint32        0.00998 ns/px    37.59 GB/s
[BENCH] bitwiseXor             binCV uint64        0.01172 ns/px    32.00 GB/s
[BENCH] bitwiseXor             OpenCV CV_8U        0.17922 ns/px    16.74 GB/s
[BENCH] bitwiseNot             binCV uint32        0.01018 ns/px    24.56 GB/s
[BENCH] bitwiseNot             binCV uint64        0.00513 ns/px    48.71 GB/s
[BENCH] bitwiseNot             OpenCV CV_8U        0.09136 ns/px    21.89 GB/s

 OP           IMPLEMENTATION       ns/pixel       GB/s    vs OpenCV
 ---------------------------------------------------------------------
 bitwiseAnd   binCV uint32          0.00959      39.09       17.65x
 bitwiseAnd   binCV uint64          0.01070      35.03       15.82x
 bitwiseAnd   OpenCV CV_8U          0.16935      17.71        1.00x
 bitwiseOr    binCV uint32          0.01014      37.00       16.49x
 bitwiseOr    binCV uint64          0.01246      30.09       13.41x
 bitwiseOr    OpenCV CV_8U          0.16717      17.95        1.00x
 bitwiseXor   binCV uint32          0.00998      37.59       17.96x
 bitwiseXor   binCV uint64          0.01172      32.00       15.29x
 bitwiseXor   OpenCV CV_8U          0.17922      16.74        1.00x
 bitwiseNot   binCV uint32          0.01018      24.56        8.98x
 bitwiseNot   binCV uint64          0.00513      48.71       17.80x
 bitwiseNot   OpenCV CV_8U          0.09136      21.89        1.00x
 ratio > 1 means binCV is faster. sink=10674961527856949760
### run 27
=== Benchmark Config ===
Width: 640, Height: 480, Iterations: 100, DType: uint8, Sparsity: 1

logic kernels vs OpenCV on the same binary content as CV_8U
(the denominator is what a user runs today without binCV)
OpenCV 4.8.0-dev, cv::getNumThreads() = 1; binCV is single-threaded
 OpenCV build:    Configuration:               Release
 OpenCV build:    Baseline:                    SSE SSE2 SSE3
 OpenCV build:    Dispatched code generation:  SSE4_1 SSE4_2 FP16 AVX AVX2 AVX512_SKX

================ 640 x 480 (307200 pixels) ================
 footprint per buffer: binCV uint32 38400 B, binCV uint64 38400 B, OpenCV CV_8U 307200 B (8.0x)
 bitwiseAnd   set pixels: binCV    76512 OpenCV    76512 agree
 bitwiseOr    set pixels: binCV   230224 OpenCV   230224 agree
 bitwiseXor   set pixels: binCV   153712 OpenCV   153712 agree
 bitwiseNot   set pixels: binCV   153774 OpenCV   153774 agree
 physical bound (1 read + 1 write word copy, fastest batch; worst in parentheses):
 38400 B buffer 142.82 GB/s (78.91) 307200 B buffer 113.73 GB/s (40.81)
 std::memcpy at the same footprints (context only, NOT the bound, and not monotonic in size): 131.40 GB/s, 7.89 GB/s
 working set per call: binCV 115200 B, OpenCV 921600 B (three buffers)
[BENCH] bitwiseAnd             binCV uint32        0.00269 ns/px   139.33 GB/s
[BENCH] bitwiseAnd             binCV uint64        0.00352 ns/px   106.63 GB/s
[BENCH] bitwiseAnd             OpenCV CV_8U        0.02765 ns/px   108.50 GB/s
[BENCH] bitwiseOr              binCV uint32        0.00349 ns/px   107.36 GB/s
[BENCH] bitwiseOr              binCV uint64        0.00277 ns/px   135.24 GB/s
[BENCH] bitwiseOr              OpenCV CV_8U        0.02807 ns/px   106.87 GB/s
[BENCH] bitwiseXor             binCV uint32        0.00370 ns/px   101.31 GB/s
[BENCH] bitwiseXor             binCV uint64        0.00352 ns/px   106.52 GB/s
[BENCH] bitwiseXor             OpenCV CV_8U        0.02746 ns/px   109.26 GB/s
[BENCH] bitwiseNot             binCV uint32        0.00345 ns/px    72.45 GB/s
[BENCH] bitwiseNot             binCV uint64        0.00352 ns/px    70.99 GB/s
[BENCH] bitwiseNot             OpenCV CV_8U        0.06852 ns/px    29.19 GB/s

 OP           IMPLEMENTATION       ns/pixel       GB/s    vs OpenCV
 ---------------------------------------------------------------------
 bitwiseAnd   binCV uint32          0.00269     139.33       10.27x
 bitwiseAnd   binCV uint64          0.00352     106.63        7.86x
 bitwiseAnd   OpenCV CV_8U          0.02765     108.50        1.00x
 bitwiseOr    binCV uint32          0.00349     107.36        8.04x
 bitwiseOr    binCV uint64          0.00277     135.24       10.12x
 bitwiseOr    OpenCV CV_8U          0.02807     106.87        1.00x
 bitwiseXor   binCV uint32          0.00370     101.31        7.42x
 bitwiseXor   binCV uint64          0.00352     106.52        7.80x
 bitwiseXor   OpenCV CV_8U          0.02746     109.26        1.00x
 bitwiseNot   binCV uint32          0.00345      72.45       19.86x
 bitwiseNot   binCV uint64          0.00352      70.99       19.46x
 bitwiseNot   OpenCV CV_8U          0.06852      29.19        1.00x
 ratio > 1 means binCV is faster. sink=15607377694361245654

================ 1024 x 1024 (1048576 pixels) ================
 footprint per buffer: binCV uint32 131072 B, binCV uint64 131072 B, OpenCV CV_8U 1048576 B (8.0x)
 bitwiseAnd   set pixels: binCV   261799 OpenCV   261799 agree
 bitwiseOr    set pixels: binCV   787067 OpenCV   787067 agree
 bitwiseXor   set pixels: binCV   525268 OpenCV   525268 agree
 bitwiseNot   set pixels: binCV   523860 OpenCV   523860 agree
 physical bound (1 read + 1 write word copy, fastest batch; worst in parentheses):
 131072 B buffer 120.32 GB/s (45.05) 1048576 B buffer 115.95 GB/s (75.28)
 std::memcpy at the same footprints (context only, NOT the bound, and not monotonic in size): 8.23 GB/s, 7.37 GB/s
 working set per call: binCV 393216 B, OpenCV 3145728 B (three buffers)
[BENCH] bitwiseAnd             binCV uint32        0.00295 ns/px   127.11 GB/s
[BENCH] bitwiseAnd             binCV uint64        0.00365 ns/px   102.70 GB/s
[BENCH] bitwiseAnd             OpenCV CV_8U        0.03247 ns/px    92.38 GB/s
[BENCH] bitwiseOr              binCV uint32        0.00365 ns/px   102.72 GB/s
[BENCH] bitwiseOr              binCV uint64        0.00300 ns/px   125.01 GB/s
[BENCH] bitwiseOr              OpenCV CV_8U        0.02953 ns/px   101.60 GB/s
[BENCH] bitwiseXor             binCV uint32        0.00360 ns/px   104.16 GB/s
[BENCH] bitwiseXor             binCV uint64        0.00358 ns/px   104.67 GB/s
[BENCH] bitwiseXor             OpenCV CV_8U        0.03083 ns/px    97.31 GB/s
[BENCH] bitwiseNot             binCV uint32        0.00412 ns/px    60.68 GB/s
[BENCH] bitwiseNot             binCV uint64        0.00351 ns/px    71.21 GB/s
[BENCH] bitwiseNot             OpenCV CV_8U        0.06126 ns/px    32.65 GB/s

 OP           IMPLEMENTATION       ns/pixel       GB/s    vs OpenCV
 ---------------------------------------------------------------------
 bitwiseAnd   binCV uint32          0.00295     127.11       11.01x
 bitwiseAnd   binCV uint64          0.00365     102.70        8.89x
 bitwiseAnd   OpenCV CV_8U          0.03247      92.38        1.00x
 bitwiseOr    binCV uint32          0.00365     102.72        8.09x
 bitwiseOr    binCV uint64          0.00300     125.01        9.84x
 bitwiseOr    OpenCV CV_8U          0.02953     101.60        1.00x
 bitwiseXor   binCV uint32          0.00360     104.16        8.56x
 bitwiseXor   binCV uint64          0.00358     104.67        8.60x
 bitwiseXor   OpenCV CV_8U          0.03083      97.31        1.00x
 bitwiseNot   binCV uint32          0.00412      60.68       14.87x
 bitwiseNot   binCV uint64          0.00351      71.21       17.45x
 bitwiseNot   OpenCV CV_8U          0.06126      32.65        1.00x
 ratio > 1 means binCV is faster. sink=12791592541498755094

================ 8192 x 4096 (33554432 pixels) ================
 footprint per buffer: binCV uint32 4194304 B, binCV uint64 4194304 B, OpenCV CV_8U 33554432 B (8.0x)
 bitwiseAnd   set pixels: binCV  8389345 OpenCV  8389345 agree
 bitwiseOr    set pixels: binCV 25165591 OpenCV 25165591 agree
 bitwiseXor   set pixels: binCV 16776246 OpenCV 16776246 agree
 bitwiseNot   set pixels: binCV 16778496 OpenCV 16778496 agree
 physical bound (1 read + 1 write word copy, fastest batch; worst in parentheses):
 4194304 B buffer 101.05 GB/s (40.56) 33554432 B buffer 16.64 GB/s (8.11)
 std::memcpy at the same footprints (context only, NOT the bound, and not monotonic in size): 6.30 GB/s, 17.71 GB/s
 working set per call: binCV 12582912 B, OpenCV 100663296 B (three buffers)
[BENCH] bitwiseAnd             binCV uint32        0.01090 ns/px    34.39 GB/s
[BENCH] bitwiseAnd             binCV uint64        0.00998 ns/px    37.57 GB/s
[BENCH] bitwiseAnd             OpenCV CV_8U        0.15955 ns/px    18.80 GB/s
[BENCH] bitwiseOr              binCV uint32        0.01324 ns/px    28.32 GB/s
[BENCH] bitwiseOr              binCV uint64        0.00958 ns/px    39.14 GB/s
[BENCH] bitwiseOr              OpenCV CV_8U        0.16183 ns/px    18.54 GB/s
[BENCH] bitwiseXor             binCV uint32        0.01198 ns/px    31.29 GB/s
[BENCH] bitwiseXor             binCV uint64        0.01233 ns/px    30.42 GB/s
[BENCH] bitwiseXor             OpenCV CV_8U        0.15987 ns/px    18.77 GB/s
[BENCH] bitwiseNot             binCV uint32        0.00585 ns/px    42.73 GB/s
[BENCH] bitwiseNot             binCV uint64        0.00636 ns/px    39.30 GB/s
[BENCH] bitwiseNot             OpenCV CV_8U        0.08715 ns/px    22.95 GB/s

 OP           IMPLEMENTATION       ns/pixel       GB/s    vs OpenCV
 ---------------------------------------------------------------------
 bitwiseAnd   binCV uint32          0.01090      34.39       14.63x
 bitwiseAnd   binCV uint64          0.00998      37.57       15.98x
 bitwiseAnd   OpenCV CV_8U          0.15955      18.80        1.00x
 bitwiseOr    binCV uint32          0.01324      28.32       12.22x
 bitwiseOr    binCV uint64          0.00958      39.14       16.89x
 bitwiseOr    OpenCV CV_8U          0.16183      18.54        1.00x
 bitwiseXor   binCV uint32          0.01198      31.29       13.34x
 bitwiseXor   binCV uint64          0.01233      30.42       12.97x
 bitwiseXor   OpenCV CV_8U          0.15987      18.77        1.00x
 bitwiseNot   binCV uint32          0.00585      42.73       14.90x
 bitwiseNot   binCV uint64          0.00636      39.30       13.70x
 bitwiseNot   OpenCV CV_8U          0.08715      22.95        1.00x
 ratio > 1 means binCV is faster. sink=15956859146334752146
### run 28
=== Benchmark Config ===
Width: 640, Height: 480, Iterations: 100, DType: uint8, Sparsity: 1

logic kernels vs OpenCV on the same binary content as CV_8U
(the denominator is what a user runs today without binCV)
OpenCV 4.8.0-dev, cv::getNumThreads() = 1; binCV is single-threaded
 OpenCV build:    Configuration:               Release
 OpenCV build:    Baseline:                    SSE SSE2 SSE3
 OpenCV build:    Dispatched code generation:  SSE4_1 SSE4_2 FP16 AVX AVX2 AVX512_SKX

================ 640 x 480 (307200 pixels) ================
 footprint per buffer: binCV uint32 38400 B, binCV uint64 38400 B, OpenCV CV_8U 307200 B (8.0x)
 bitwiseAnd   set pixels: binCV    76512 OpenCV    76512 agree
 bitwiseOr    set pixels: binCV   230224 OpenCV   230224 agree
 bitwiseXor   set pixels: binCV   153712 OpenCV   153712 agree
 bitwiseNot   set pixels: binCV   153774 OpenCV   153774 agree
 physical bound (1 read + 1 write word copy, fastest batch; worst in parentheses):
 38400 B buffer 142.53 GB/s (109.06) 307200 B buffer 115.21 GB/s (63.81)
 std::memcpy at the same footprints (context only, NOT the bound, and not monotonic in size): 125.79 GB/s, 6.23 GB/s
 working set per call: binCV 115200 B, OpenCV 921600 B (three buffers)
[BENCH] bitwiseAnd             binCV uint32        0.00297 ns/px   126.37 GB/s
[BENCH] bitwiseAnd             binCV uint64        0.00351 ns/px   106.91 GB/s
[BENCH] bitwiseAnd             OpenCV CV_8U        0.02777 ns/px   108.04 GB/s
[BENCH] bitwiseOr              binCV uint32        0.00350 ns/px   107.18 GB/s
[BENCH] bitwiseOr              binCV uint64        0.00270 ns/px   138.91 GB/s
[BENCH] bitwiseOr              OpenCV CV_8U        0.02740 ns/px   109.48 GB/s
[BENCH] bitwiseXor             binCV uint32        0.00393 ns/px    95.30 GB/s
[BENCH] bitwiseXor             binCV uint64        0.00352 ns/px   106.57 GB/s
[BENCH] bitwiseXor             OpenCV CV_8U        0.02790 ns/px   107.52 GB/s
[BENCH] bitwiseNot             binCV uint32        0.00353 ns/px    70.89 GB/s
[BENCH] bitwiseNot             binCV uint64        0.00349 ns/px    71.70 GB/s
[BENCH] bitwiseNot             OpenCV CV_8U        0.06261 ns/px    31.95 GB/s

 OP           IMPLEMENTATION       ns/pixel       GB/s    vs OpenCV
 ---------------------------------------------------------------------
 bitwiseAnd   binCV uint32          0.00297     126.37        9.36x
 bitwiseAnd   binCV uint64          0.00351     106.91        7.92x
 bitwiseAnd   OpenCV CV_8U          0.02777     108.04        1.00x
 bitwiseOr    binCV uint32          0.00350     107.18        7.83x
 bitwiseOr    binCV uint64          0.00270     138.91       10.15x
 bitwiseOr    OpenCV CV_8U          0.02740     109.48        1.00x
 bitwiseXor   binCV uint32          0.00393      95.30        7.09x
 bitwiseXor   binCV uint64          0.00352     106.57        7.93x
 bitwiseXor   OpenCV CV_8U          0.02790     107.52        1.00x
 bitwiseNot   binCV uint32          0.00353      70.89       17.75x
 bitwiseNot   binCV uint64          0.00349      71.70       17.95x
 bitwiseNot   OpenCV CV_8U          0.06261      31.95        1.00x
 ratio > 1 means binCV is faster. sink=8003397322021854673

================ 1024 x 1024 (1048576 pixels) ================
 footprint per buffer: binCV uint32 131072 B, binCV uint64 131072 B, OpenCV CV_8U 1048576 B (8.0x)
 bitwiseAnd   set pixels: binCV   261799 OpenCV   261799 agree
 bitwiseOr    set pixels: binCV   787067 OpenCV   787067 agree
 bitwiseXor   set pixels: binCV   525268 OpenCV   525268 agree
 bitwiseNot   set pixels: binCV   523860 OpenCV   523860 agree
 physical bound (1 read + 1 write word copy, fastest batch; worst in parentheses):
 131072 B buffer 137.57 GB/s (51.04) 1048576 B buffer 107.99 GB/s (89.97)
 std::memcpy at the same footprints (context only, NOT the bound, and not monotonic in size): 8.53 GB/s, 7.94 GB/s
 working set per call: binCV 393216 B, OpenCV 3145728 B (three buffers)
[BENCH] bitwiseAnd             binCV uint32        0.00321 ns/px   116.91 GB/s
[BENCH] bitwiseAnd             binCV uint64        0.00358 ns/px   104.64 GB/s
[BENCH] bitwiseAnd             OpenCV CV_8U        0.03039 ns/px    98.71 GB/s
[BENCH] bitwiseOr              binCV uint32        0.00359 ns/px   104.57 GB/s
[BENCH] bitwiseOr              binCV uint64        0.00294 ns/px   127.44 GB/s
[BENCH] bitwiseOr              OpenCV CV_8U        0.03050 ns/px    98.36 GB/s
[BENCH] bitwiseXor             binCV uint32        0.00364 ns/px   103.03 GB/s
[BENCH] bitwiseXor             binCV uint64        0.00360 ns/px   104.13 GB/s
[BENCH] bitwiseXor             OpenCV CV_8U        0.03098 ns/px    96.85 GB/s
[BENCH] bitwiseNot             binCV uint32        0.00354 ns/px    70.71 GB/s
[BENCH] bitwiseNot             binCV uint64        0.00353 ns/px    70.89 GB/s
[BENCH] bitwiseNot             OpenCV CV_8U        0.06113 ns/px    32.72 GB/s

 OP           IMPLEMENTATION       ns/pixel       GB/s    vs OpenCV
 ---------------------------------------------------------------------
 bitwiseAnd   binCV uint32          0.00321     116.91        9.47x
 bitwiseAnd   binCV uint64          0.00358     104.64        8.48x
 bitwiseAnd   OpenCV CV_8U          0.03039      98.71        1.00x
 bitwiseOr    binCV uint32          0.00359     104.57        8.51x
 bitwiseOr    binCV uint64          0.00294     127.44       10.37x
 bitwiseOr    OpenCV CV_8U          0.03050      98.36        1.00x
 bitwiseXor   binCV uint32          0.00364     103.03        8.51x
 bitwiseXor   binCV uint64          0.00360     104.13        8.60x
 bitwiseXor   OpenCV CV_8U          0.03098      96.85        1.00x
 bitwiseNot   binCV uint32          0.00354      70.71       17.29x
 bitwiseNot   binCV uint64          0.00353      70.89       17.34x
 bitwiseNot   OpenCV CV_8U          0.06113      32.72        1.00x
 ratio > 1 means binCV is faster. sink=12221391072540878137

================ 8192 x 4096 (33554432 pixels) ================
 footprint per buffer: binCV uint32 4194304 B, binCV uint64 4194304 B, OpenCV CV_8U 33554432 B (8.0x)
 bitwiseAnd   set pixels: binCV  8389345 OpenCV  8389345 agree
 bitwiseOr    set pixels: binCV 25165591 OpenCV 25165591 agree
 bitwiseXor   set pixels: binCV 16776246 OpenCV 16776246 agree
 bitwiseNot   set pixels: binCV 16778496 OpenCV 16778496 agree
 physical bound (1 read + 1 write word copy, fastest batch; worst in parentheses):
 4194304 B buffer 108.24 GB/s (71.16) 33554432 B buffer 16.68 GB/s (8.70)
 std::memcpy at the same footprints (context only, NOT the bound, and not monotonic in size): 6.60 GB/s, 17.55 GB/s
 working set per call: binCV 12582912 B, OpenCV 100663296 B (three buffers)
[BENCH] bitwiseAnd             binCV uint32        0.01083 ns/px    34.62 GB/s
[BENCH] bitwiseAnd             binCV uint64        0.00991 ns/px    37.82 GB/s
[BENCH] bitwiseAnd             OpenCV CV_8U        0.16090 ns/px    18.65 GB/s
[BENCH] bitwiseOr              binCV uint32        0.01014 ns/px    36.99 GB/s
[BENCH] bitwiseOr              binCV uint64        0.01039 ns/px    36.10 GB/s
[BENCH] bitwiseOr              OpenCV CV_8U        0.18423 ns/px    16.28 GB/s
[BENCH] bitwiseXor             binCV uint32        0.01035 ns/px    36.25 GB/s
[BENCH] bitwiseXor             binCV uint64        0.00998 ns/px    37.56 GB/s
[BENCH] bitwiseXor             OpenCV CV_8U        0.18603 ns/px    16.13 GB/s
[BENCH] bitwiseNot             binCV uint32        0.00564 ns/px    44.31 GB/s
[BENCH] bitwiseNot             binCV uint64        0.00523 ns/px    47.78 GB/s
[BENCH] bitwiseNot             OpenCV CV_8U        0.11547 ns/px    17.32 GB/s

 OP           IMPLEMENTATION       ns/pixel       GB/s    vs OpenCV
 ---------------------------------------------------------------------
 bitwiseAnd   binCV uint32          0.01083      34.62       14.85x
 bitwiseAnd   binCV uint64          0.00991      37.82       16.23x
 bitwiseAnd   OpenCV CV_8U          0.16090      18.65        1.00x
 bitwiseOr    binCV uint32          0.01014      36.99       18.17x
 bitwiseOr    binCV uint64          0.01039      36.10       17.73x
 bitwiseOr    OpenCV CV_8U          0.18423      16.28        1.00x
 bitwiseXor   binCV uint32          0.01035      36.25       17.98x
 bitwiseXor   binCV uint64          0.00998      37.56       18.63x
 bitwiseXor   OpenCV CV_8U          0.18603      16.13        1.00x
 bitwiseNot   binCV uint32          0.00564      44.31       20.47x
 bitwiseNot   binCV uint64          0.00523      47.78       22.07x
 bitwiseNot   OpenCV CV_8U          0.11547      17.32        1.00x
 ratio > 1 means binCV is faster. sink=284884530690163173
### run 29
=== Benchmark Config ===
Width: 640, Height: 480, Iterations: 100, DType: uint8, Sparsity: 1

logic kernels vs OpenCV on the same binary content as CV_8U
(the denominator is what a user runs today without binCV)
OpenCV 4.8.0-dev, cv::getNumThreads() = 1; binCV is single-threaded
 OpenCV build:    Configuration:               Release
 OpenCV build:    Baseline:                    SSE SSE2 SSE3
 OpenCV build:    Dispatched code generation:  SSE4_1 SSE4_2 FP16 AVX AVX2 AVX512_SKX

================ 640 x 480 (307200 pixels) ================
 footprint per buffer: binCV uint32 38400 B, binCV uint64 38400 B, OpenCV CV_8U 307200 B (8.0x)
 bitwiseAnd   set pixels: binCV    76512 OpenCV    76512 agree
 bitwiseOr    set pixels: binCV   230224 OpenCV   230224 agree
 bitwiseXor   set pixels: binCV   153712 OpenCV   153712 agree
 bitwiseNot   set pixels: binCV   153774 OpenCV   153774 agree
 physical bound (1 read + 1 write word copy, fastest batch; worst in parentheses):
 38400 B buffer 142.19 GB/s (85.41) 307200 B buffer 111.48 GB/s (77.22)
 std::memcpy at the same footprints (context only, NOT the bound, and not monotonic in size): 131.89 GB/s, 8.30 GB/s
 working set per call: binCV 115200 B, OpenCV 921600 B (three buffers)
[BENCH] bitwiseAnd             binCV uint32        0.00273 ns/px   137.31 GB/s
[BENCH] bitwiseAnd             binCV uint64        0.00387 ns/px    96.92 GB/s
[BENCH] bitwiseAnd             OpenCV CV_8U        0.02922 ns/px   102.67 GB/s
[BENCH] bitwiseOr              binCV uint32        0.00362 ns/px   103.66 GB/s
[BENCH] bitwiseOr              binCV uint64        0.00268 ns/px   140.04 GB/s
[BENCH] bitwiseOr              OpenCV CV_8U        0.02750 ns/px   109.10 GB/s
[BENCH] bitwiseXor             binCV uint32        0.00346 ns/px   108.33 GB/s
[BENCH] bitwiseXor             binCV uint64        0.00377 ns/px    99.38 GB/s
[BENCH] bitwiseXor             OpenCV CV_8U        0.02749 ns/px   109.14 GB/s
[BENCH] bitwiseNot             binCV uint32        0.00353 ns/px    70.77 GB/s
[BENCH] bitwiseNot             binCV uint64        0.00352 ns/px    71.01 GB/s
[BENCH] bitwiseNot             OpenCV CV_8U        0.07491 ns/px    26.70 GB/s

 OP           IMPLEMENTATION       ns/pixel       GB/s    vs OpenCV
 ---------------------------------------------------------------------
 bitwiseAnd   binCV uint32          0.00273     137.31       10.70x
 bitwiseAnd   binCV uint64          0.00387      96.92        7.55x
 bitwiseAnd   OpenCV CV_8U          0.02922     102.67        1.00x
 bitwiseOr    binCV uint32          0.00362     103.66        7.60x
 bitwiseOr    binCV uint64          0.00268     140.04       10.27x
 bitwiseOr    OpenCV CV_8U          0.02750     109.10        1.00x
 bitwiseXor   binCV uint32          0.00346     108.33        7.94x
 bitwiseXor   binCV uint64          0.00377      99.38        7.28x
 bitwiseXor   OpenCV CV_8U          0.02749     109.14        1.00x
 bitwiseNot   binCV uint32          0.00353      70.77       21.21x
 bitwiseNot   binCV uint64          0.00352      71.01       21.28x
 bitwiseNot   OpenCV CV_8U          0.07491      26.70        1.00x
 ratio > 1 means binCV is faster. sink=4972915077112957541

================ 1024 x 1024 (1048576 pixels) ================
 footprint per buffer: binCV uint32 131072 B, binCV uint64 131072 B, OpenCV CV_8U 1048576 B (8.0x)
 bitwiseAnd   set pixels: binCV   261799 OpenCV   261799 agree
 bitwiseOr    set pixels: binCV   787067 OpenCV   787067 agree
 bitwiseXor   set pixels: binCV   525268 OpenCV   525268 agree
 bitwiseNot   set pixels: binCV   523860 OpenCV   523860 agree
 physical bound (1 read + 1 write word copy, fastest batch; worst in parentheses):
 131072 B buffer 128.46 GB/s (46.93) 1048576 B buffer 114.96 GB/s (98.14)
 std::memcpy at the same footprints (context only, NOT the bound, and not monotonic in size): 8.36 GB/s, 7.56 GB/s
 working set per call: binCV 393216 B, OpenCV 3145728 B (three buffers)
[BENCH] bitwiseAnd             binCV uint32        0.00306 ns/px   122.60 GB/s
[BENCH] bitwiseAnd             binCV uint64        0.00361 ns/px   103.73 GB/s
[BENCH] bitwiseAnd             OpenCV CV_8U        0.03071 ns/px    97.68 GB/s
[BENCH] bitwiseOr              binCV uint32        0.00434 ns/px    86.40 GB/s
[BENCH] bitwiseOr              binCV uint64        0.00301 ns/px   124.66 GB/s
[BENCH] bitwiseOr              OpenCV CV_8U        0.03068 ns/px    97.79 GB/s
[BENCH] bitwiseXor             binCV uint32        0.00366 ns/px   102.33 GB/s
[BENCH] bitwiseXor             binCV uint64        0.00363 ns/px   103.36 GB/s
[BENCH] bitwiseXor             OpenCV CV_8U        0.03043 ns/px    98.58 GB/s
[BENCH] bitwiseNot             binCV uint32        0.00347 ns/px    72.10 GB/s
[BENCH] bitwiseNot             binCV uint64        0.00364 ns/px    68.72 GB/s
[BENCH] bitwiseNot             OpenCV CV_8U        0.06301 ns/px    31.74 GB/s

 OP           IMPLEMENTATION       ns/pixel       GB/s    vs OpenCV
 ---------------------------------------------------------------------
 bitwiseAnd   binCV uint32          0.00306     122.60       10.04x
 bitwiseAnd   binCV uint64          0.00361     103.73        8.50x
 bitwiseAnd   OpenCV CV_8U          0.03071      97.68        1.00x
 bitwiseOr    binCV uint32          0.00434      86.40        7.07x
 bitwiseOr    binCV uint64          0.00301     124.66       10.20x
 bitwiseOr    OpenCV CV_8U          0.03068      97.79        1.00x
 bitwiseXor   binCV uint32          0.00366     102.33        8.30x
 bitwiseXor   binCV uint64          0.00363     103.36        8.39x
 bitwiseXor   OpenCV CV_8U          0.03043      98.58        1.00x
 bitwiseNot   binCV uint32          0.00347      72.10       18.17x
 bitwiseNot   binCV uint64          0.00364      68.72       17.32x
 bitwiseNot   OpenCV CV_8U          0.06301      31.74        1.00x
 ratio > 1 means binCV is faster. sink=13566828181361948136

================ 8192 x 4096 (33554432 pixels) ================
 footprint per buffer: binCV uint32 4194304 B, binCV uint64 4194304 B, OpenCV CV_8U 33554432 B (8.0x)
 bitwiseAnd   set pixels: binCV  8389345 OpenCV  8389345 agree
 bitwiseOr    set pixels: binCV 25165591 OpenCV 25165591 agree
 bitwiseXor   set pixels: binCV 16776246 OpenCV 16776246 agree
 bitwiseNot   set pixels: binCV 16778496 OpenCV 16778496 agree
 physical bound (1 read + 1 write word copy, fastest batch; worst in parentheses):
 4194304 B buffer 98.02 GB/s (43.18) 33554432 B buffer 16.75 GB/s (8.31)
 std::memcpy at the same footprints (context only, NOT the bound, and not monotonic in size): 7.20 GB/s, 25.60 GB/s
 working set per call: binCV 12582912 B, OpenCV 100663296 B (three buffers)
[BENCH] bitwiseAnd             binCV uint32        0.02419 ns/px    15.50 GB/s
[BENCH] bitwiseAnd             binCV uint64        0.01041 ns/px    36.03 GB/s
[BENCH] bitwiseAnd             OpenCV CV_8U        0.16595 ns/px    18.08 GB/s
[BENCH] bitwiseOr              binCV uint32        0.00995 ns/px    37.70 GB/s
[BENCH] bitwiseOr              binCV uint64        0.01060 ns/px    35.37 GB/s
[BENCH] bitwiseOr              OpenCV CV_8U        0.15523 ns/px    19.33 GB/s
[BENCH] bitwiseXor             binCV uint32        0.01018 ns/px    36.84 GB/s
[BENCH] bitwiseXor             binCV uint64        0.01164 ns/px    32.23 GB/s
[BENCH] bitwiseXor             OpenCV CV_8U        0.17485 ns/px    17.16 GB/s
[BENCH] bitwiseNot             binCV uint32        0.00571 ns/px    43.75 GB/s
[BENCH] bitwiseNot             binCV uint64        0.00445 ns/px    56.19 GB/s
[BENCH] bitwiseNot             OpenCV CV_8U        0.08526 ns/px    23.46 GB/s

 OP           IMPLEMENTATION       ns/pixel       GB/s    vs OpenCV
 ---------------------------------------------------------------------
 bitwiseAnd   binCV uint32          0.02419      15.50        6.86x
 bitwiseAnd   binCV uint64          0.01041      36.03       15.95x
 bitwiseAnd   OpenCV CV_8U          0.16595      18.08        1.00x
 bitwiseOr    binCV uint32          0.00995      37.70       15.61x
 bitwiseOr    binCV uint64          0.01060      35.37       14.64x
 bitwiseOr    OpenCV CV_8U          0.15523      19.33        1.00x
 bitwiseXor   binCV uint32          0.01018      36.84       17.18x
 bitwiseXor   binCV uint64          0.01164      32.23       15.03x
 bitwiseXor   OpenCV CV_8U          0.17485      17.16        1.00x
 bitwiseNot   binCV uint32          0.00571      43.75       14.92x
 bitwiseNot   binCV uint64          0.00445      56.19       19.16x
 bitwiseNot   OpenCV CV_8U          0.08526      23.46        1.00x
 ratio > 1 means binCV is faster. sink=9646312946750699621
### run 30
=== Benchmark Config ===
Width: 640, Height: 480, Iterations: 100, DType: uint8, Sparsity: 1

logic kernels vs OpenCV on the same binary content as CV_8U
(the denominator is what a user runs today without binCV)
OpenCV 4.8.0-dev, cv::getNumThreads() = 1; binCV is single-threaded
 OpenCV build:    Configuration:               Release
 OpenCV build:    Baseline:                    SSE SSE2 SSE3
 OpenCV build:    Dispatched code generation:  SSE4_1 SSE4_2 FP16 AVX AVX2 AVX512_SKX

================ 640 x 480 (307200 pixels) ================
 footprint per buffer: binCV uint32 38400 B, binCV uint64 38400 B, OpenCV CV_8U 307200 B (8.0x)
 bitwiseAnd   set pixels: binCV    76512 OpenCV    76512 agree
 bitwiseOr    set pixels: binCV   230224 OpenCV   230224 agree
 bitwiseXor   set pixels: binCV   153712 OpenCV   153712 agree
 bitwiseNot   set pixels: binCV   153774 OpenCV   153774 agree
 physical bound (1 read + 1 write word copy, fastest batch; worst in parentheses):
 38400 B buffer 140.76 GB/s (59.87) 307200 B buffer 117.88 GB/s (75.77)
 std::memcpy at the same footprints (context only, NOT the bound, and not monotonic in size): 130.57 GB/s, 8.33 GB/s
 working set per call: binCV 115200 B, OpenCV 921600 B (three buffers)
[BENCH] bitwiseAnd             binCV uint32        0.00290 ns/px   129.16 GB/s
[BENCH] bitwiseAnd             binCV uint64        0.00396 ns/px    94.59 GB/s
[BENCH] bitwiseAnd             OpenCV CV_8U        0.02762 ns/px   108.63 GB/s
[BENCH] bitwiseOr              binCV uint32        0.00353 ns/px   106.22 GB/s
[BENCH] bitwiseOr              binCV uint64        0.00300 ns/px   124.87 GB/s
[BENCH] bitwiseOr              OpenCV CV_8U        0.02732 ns/px   109.79 GB/s
[BENCH] bitwiseXor             binCV uint32        0.00354 ns/px   105.80 GB/s
[BENCH] bitwiseXor             binCV uint64        0.00360 ns/px   104.18 GB/s
[BENCH] bitwiseXor             OpenCV CV_8U        0.03181 ns/px    94.30 GB/s
[BENCH] bitwiseNot             binCV uint32        0.00347 ns/px    72.01 GB/s
[BENCH] bitwiseNot             binCV uint64        0.00356 ns/px    70.31 GB/s
[BENCH] bitwiseNot             OpenCV CV_8U        0.06548 ns/px    30.55 GB/s

 OP           IMPLEMENTATION       ns/pixel       GB/s    vs OpenCV
 ---------------------------------------------------------------------
 bitwiseAnd   binCV uint32          0.00290     129.16        9.51x
 bitwiseAnd   binCV uint64          0.00396      94.59        6.97x
 bitwiseAnd   OpenCV CV_8U          0.02762     108.63        1.00x
 bitwiseOr    binCV uint32          0.00353     106.22        7.74x
 bitwiseOr    binCV uint64          0.00300     124.87        9.10x
 bitwiseOr    OpenCV CV_8U          0.02732     109.79        1.00x
 bitwiseXor   binCV uint32          0.00354     105.80        8.98x
 bitwiseXor   binCV uint64          0.00360     104.18        8.84x
 bitwiseXor   OpenCV CV_8U          0.03181      94.30        1.00x
 bitwiseNot   binCV uint32          0.00347      72.01       18.86x
 bitwiseNot   binCV uint64          0.00356      70.31       18.41x
 bitwiseNot   OpenCV CV_8U          0.06548      30.55        1.00x
 ratio > 1 means binCV is faster. sink=5467485906767886540

================ 1024 x 1024 (1048576 pixels) ================
 footprint per buffer: binCV uint32 131072 B, binCV uint64 131072 B, OpenCV CV_8U 1048576 B (8.0x)
 bitwiseAnd   set pixels: binCV   261799 OpenCV   261799 agree
 bitwiseOr    set pixels: binCV   787067 OpenCV   787067 agree
 bitwiseXor   set pixels: binCV   525268 OpenCV   525268 agree
 bitwiseNot   set pixels: binCV   523860 OpenCV   523860 agree
 physical bound (1 read + 1 write word copy, fastest batch; worst in parentheses):
 131072 B buffer 125.36 GB/s (67.46) 1048576 B buffer 108.47 GB/s (52.09)
 std::memcpy at the same footprints (context only, NOT the bound, and not monotonic in size): 8.14 GB/s, 7.43 GB/s
 working set per call: binCV 393216 B, OpenCV 3145728 B (three buffers)
[BENCH] bitwiseAnd             binCV uint32        0.00301 ns/px   124.60 GB/s
[BENCH] bitwiseAnd             binCV uint64        0.00362 ns/px   103.65 GB/s
[BENCH] bitwiseAnd             OpenCV CV_8U        0.02948 ns/px   101.78 GB/s
[BENCH] bitwiseOr              binCV uint32        0.00360 ns/px   104.10 GB/s
[BENCH] bitwiseOr              binCV uint64        0.00311 ns/px   120.62 GB/s
[BENCH] bitwiseOr              OpenCV CV_8U        0.02934 ns/px   102.25 GB/s
[BENCH] bitwiseXor             binCV uint32        0.00360 ns/px   104.18 GB/s
[BENCH] bitwiseXor             binCV uint64        0.00360 ns/px   104.15 GB/s
[BENCH] bitwiseXor             OpenCV CV_8U        0.03120 ns/px    96.15 GB/s
[BENCH] bitwiseNot             binCV uint32        0.00349 ns/px    71.72 GB/s
[BENCH] bitwiseNot             binCV uint64        0.00352 ns/px    70.93 GB/s
[BENCH] bitwiseNot             OpenCV CV_8U        0.06341 ns/px    31.54 GB/s

 OP           IMPLEMENTATION       ns/pixel       GB/s    vs OpenCV
 ---------------------------------------------------------------------
 bitwiseAnd   binCV uint32          0.00301     124.60        9.79x
 bitwiseAnd   binCV uint64          0.00362     103.65        8.15x
 bitwiseAnd   OpenCV CV_8U          0.02948     101.78        1.00x
 bitwiseOr    binCV uint32          0.00360     104.10        8.14x
 bitwiseOr    binCV uint64          0.00311     120.62        9.44x
 bitwiseOr    OpenCV CV_8U          0.02934     102.25        1.00x
 bitwiseXor   binCV uint32          0.00360     104.18        8.67x
 bitwiseXor   binCV uint64          0.00360     104.15        8.67x
 bitwiseXor   OpenCV CV_8U          0.03120      96.15        1.00x
 bitwiseNot   binCV uint32          0.00349      71.72       18.19x
 bitwiseNot   binCV uint64          0.00352      70.93       17.99x
 bitwiseNot   OpenCV CV_8U          0.06341      31.54        1.00x
 ratio > 1 means binCV is faster. sink=10686382648699773819

================ 8192 x 4096 (33554432 pixels) ================
 footprint per buffer: binCV uint32 4194304 B, binCV uint64 4194304 B, OpenCV CV_8U 33554432 B (8.0x)
 bitwiseAnd   set pixels: binCV  8389345 OpenCV  8389345 agree
 bitwiseOr    set pixels: binCV 25165591 OpenCV 25165591 agree
 bitwiseXor   set pixels: binCV 16776246 OpenCV 16776246 agree
 bitwiseNot   set pixels: binCV 16778496 OpenCV 16778496 agree
 physical bound (1 read + 1 write word copy, fastest batch; worst in parentheses):
 4194304 B buffer 104.74 GB/s (67.26) 33554432 B buffer 16.41 GB/s (6.52)
 std::memcpy at the same footprints (context only, NOT the bound, and not monotonic in size): 7.21 GB/s, 26.84 GB/s
 working set per call: binCV 12582912 B, OpenCV 100663296 B (three buffers)
[BENCH] bitwiseAnd             binCV uint32        0.00974 ns/px    38.52 GB/s
[BENCH] bitwiseAnd             binCV uint64        0.01296 ns/px    28.94 GB/s
[BENCH] bitwiseAnd             OpenCV CV_8U        0.15791 ns/px    19.00 GB/s
[BENCH] bitwiseOr              binCV uint32        0.01045 ns/px    35.87 GB/s
[BENCH] bitwiseOr              binCV uint64        0.01028 ns/px    36.49 GB/s
[BENCH] bitwiseOr              OpenCV CV_8U        0.17043 ns/px    17.60 GB/s
[BENCH] bitwiseXor             binCV uint32        0.01004 ns/px    37.37 GB/s
[BENCH] bitwiseXor             binCV uint64        0.00921 ns/px    40.73 GB/s
[BENCH] bitwiseXor             OpenCV CV_8U        0.15255 ns/px    19.67 GB/s
[BENCH] bitwiseNot             binCV uint32        0.00570 ns/px    43.89 GB/s
[BENCH] bitwiseNot             binCV uint64        0.00597 ns/px    41.90 GB/s
[BENCH] bitwiseNot             OpenCV CV_8U        0.09073 ns/px    22.04 GB/s

 OP           IMPLEMENTATION       ns/pixel       GB/s    vs OpenCV
 ---------------------------------------------------------------------
 bitwiseAnd   binCV uint32          0.00974      38.52       16.22x
 bitwiseAnd   binCV uint64          0.01296      28.94       12.19x
 bitwiseAnd   OpenCV CV_8U          0.15791      19.00        1.00x
 bitwiseOr    binCV uint32          0.01045      35.87       16.30x
 bitwiseOr    binCV uint64          0.01028      36.49       16.58x
 bitwiseOr    OpenCV CV_8U          0.17043      17.60        1.00x
 bitwiseXor   binCV uint32          0.01004      37.37       15.20x
 bitwiseXor   binCV uint64          0.00921      40.73       16.57x
 bitwiseXor   OpenCV CV_8U          0.15255      19.67        1.00x
 bitwiseNot   binCV uint32          0.00570      43.89       15.93x
 bitwiseNot   binCV uint64          0.00597      41.90       15.21x
 bitwiseNot   OpenCV CV_8U          0.09073      22.04        1.00x
 ratio > 1 means binCV is faster. sink=11430442696141629740

# loadavg at end: 2.47 2.15 2.41 1/1320 11876
# date:     2026-09-21T17:15:52-07:00
# done

# ---- aggregate (scripts/aggregate_launches.py --ratio t1:bitwiseAnd OpenCV CV_8U/t1:bitwiseAnd binCV uint32) ----
#
# 2 of 30 launches EXITED NON-ZERO and are included in every figure below:
#     logic-x86_64-launches-repeat.log  run 3  exit 1
#     logic-x86_64-launches-repeat.log  run 25  exit 1
#   The benchmark exits non-zero when it has decided one of its own
#   rows is not a measurement. Read the log before quoting a figure
#   these launches contribute to.
# 30 launches parsed from 1 path(s); bootstrap 10000 resamples, seed 12345
#
# row                            n     median        min        max    r2r  scatter  within     ci95 of the median     +/-   minres
# b1 / bitwiseAnd OpenCV CV_8U  30    0.02876    0.02752    0.03001  1.090     8.7%      --  [ 0.02808,  0.02908]   1.72%   1.024x
# b1 / bitwiseAnd binCV uint32  30   0.002820   0.002650   0.003890  1.468    44.0%      --  [0.002740, 0.002880]   2.48%   1.029x
# b1 / bitwiseAnd binCV uint64  30   0.003680   0.003510   0.004420  1.259    24.7%      --  [0.003590, 0.003770]   2.45%   1.025x
# b1 / bitwiseNot OpenCV CV_8U  30    0.06459    0.06174    0.07988  1.294    28.1%      --  [ 0.06304,  0.06652]   2.69%   1.030x
# b1 / bitwiseNot binCV uint32  30   0.003515   0.003440   0.003760  1.093     9.1%      --  [0.003480, 0.003545]   0.92%   1.010x
# b1 / bitwiseNot binCV uint64  30   0.003500   0.003460   0.003800  1.098     9.7%      --  [0.003490, 0.003540]   0.71%   1.011x
# b1 / bitwiseOr OpenCV CV_8U   30    0.02797    0.02729    0.03620  1.326    31.9%      --  [ 0.02756,  0.02844]   1.59%   1.017x
# b1 / bitwiseOr binCV uint32   30   0.003640   0.003490   0.004520  1.295    28.3%      --  [0.003580, 0.003750]   2.34%   1.030x
# b1 / bitwiseOr binCV uint64   30   0.002800   0.002680   0.003280  1.224    21.4%      --  [0.002770, 0.002875]   1.88%   1.027x
# b1 / bitwiseXor OpenCV CV_8U  30    0.02765    0.02730    0.03181  1.165    16.3%      --  [ 0.02757,  0.02786]   0.52%   1.008x
# b1 / bitwiseXor binCV uint32  30   0.003585   0.003460   0.005590  1.616    59.4%      --  [0.003550, 0.003635]   1.19%   1.014x
# b1 / bitwiseXor binCV uint64  30   0.003580   0.003500   0.003770  1.077     7.5%      --  [0.003545, 0.003620]   1.05%   1.011x
# b2 / bitwiseAnd OpenCV CV_8U  30    0.03064    0.02935    0.04034  1.374    35.9%      --  [ 0.03019,  0.03098]   1.31%   1.015x
# b2 / bitwiseAnd binCV uint32  30   0.003040   0.002950   0.003490  1.183    17.8%      --  [0.003020, 0.003075]   0.90%   1.012x
# b2 / bitwiseAnd binCV uint64  30   0.003620   0.003530   0.007970  2.258   122.7%      --  [0.003600, 0.003660]   0.83%   1.011x
# b2 / bitwiseNot OpenCV CV_8U  30    0.06203    0.06077    0.07170  1.180    17.6%      --  [ 0.06138,  0.06290]   1.23%   1.014x
# b2 / bitwiseNot binCV uint32  30   0.003540   0.003470   0.004830  1.392    38.4%      --  [0.003510, 0.003590]   1.13%   1.014x
# b2 / bitwiseNot binCV uint64  30   0.003545   0.003480   0.004490  1.290    28.5%      --  [0.003520, 0.003590]   0.99%   1.013x
# b2 / bitwiseOr OpenCV CV_8U   30    0.03020    0.02763    0.03898  1.411    37.6%      --  [ 0.02998,  0.03050]   0.88%   1.010x
# b2 / bitwiseOr binCV uint32   30   0.003650   0.003580   0.004340  1.212    20.8%      --  [0.003640, 0.003680]   0.55%   1.008x
# b2 / bitwiseOr binCV uint64   30   0.003020   0.002940   0.003340  1.136    13.2%      --  [0.003010, 0.003045]   0.58%   1.008x
# b2 / bitwiseXor OpenCV CV_8U  30    0.03064    0.02823    0.03523  1.248    22.8%      --  [ 0.03025,  0.03087]   1.01%   1.013x
# b2 / bitwiseXor binCV uint32  30   0.003650   0.003540   0.003780  1.068     6.6%      --  [0.003590, 0.003685]   1.30%   1.017x
# b2 / bitwiseXor binCV uint64  30   0.003630   0.003560   0.008390  2.357   133.1%      --  [0.003600, 0.003715]   1.58%   1.023x
# b3 / bitwiseAnd OpenCV CV_8U  30     0.1640     0.1426     0.2127  1.492    42.8%      --  [  0.1609,   0.1698]   2.71%   1.035x
# b3 / bitwiseAnd binCV uint32  30    0.01035   0.009150    0.03525  3.852   252.2%      --  [0.009985,  0.01119]   5.82%   1.081x
# b3 / bitwiseAnd binCV uint64  30    0.01070   0.009510    0.01610  1.693    61.6%      --  [0.009985,  0.01128]   6.03%   1.072x
# b3 / bitwiseNot OpenCV CV_8U  30    0.08519    0.07624     0.1155  1.515    46.0%      --  [ 0.08380,  0.08721]   2.00%   1.024x
# b3 / bitwiseNot binCV uint32  30   0.005835   0.004890    0.01171  2.395   116.9%      --  [0.005695, 0.006140]   3.81%   1.052x
# b3 / bitwiseNot binCV uint64  30   0.005520   0.004210   0.007910  1.879    67.0%      --  [0.005375, 0.005645]   2.45%   1.027x
# b3 / bitwiseOr OpenCV CV_8U   30     0.1677     0.1444     0.2067  1.431    37.1%      --  [  0.1630,   0.1751]   3.62%   1.044x
# b3 / bitwiseOr binCV uint32   30    0.01085   0.008880    0.02717  3.060   168.6%      --  [ 0.01035,  0.01226]   8.76%   1.130x
# b3 / bitwiseOr binCV uint64   30    0.01055   0.008880    0.01384  1.559    47.0%      --  [ 0.01026,  0.01103]   3.63%   1.046x
# b3 / bitwiseXor OpenCV CV_8U  30     0.1683     0.1461     0.1882  1.288    25.0%      --  [  0.1624,   0.1721]   2.90%   1.037x
# b3 / bitwiseXor binCV uint32  30    0.01034   0.009690    0.02645  2.730   162.1%      --  [ 0.01007,  0.01129]   5.92%   1.092x
# b3 / bitwiseXor binCV uint64  30    0.01048   0.009010    0.02014  2.235   106.2%      --  [ 0.01018,  0.01120]   4.91%   1.069x
# t1 / bitwiseAnd OpenCV CV_8U  30    0.02876    0.02752    0.03001  1.090     8.7%      --  [ 0.02808,  0.02908]   1.72%   1.024x
# t1 / bitwiseAnd binCV uint32  30   0.002820   0.002650   0.003890  1.468    44.0%      --  [0.002740, 0.002880]   2.48%   1.029x
# t1 / bitwiseAnd binCV uint64  30   0.003680   0.003510   0.004420  1.259    24.7%      --  [0.003590, 0.003770]   2.45%   1.025x
# t1 / bitwiseNot OpenCV CV_8U  30    0.06459    0.06174    0.07988  1.294    28.1%      --  [ 0.06304,  0.06652]   2.69%   1.030x
# t1 / bitwiseNot binCV uint32  30   0.003515   0.003440   0.003760  1.093     9.1%      --  [0.003480, 0.003545]   0.92%   1.010x
# t1 / bitwiseNot binCV uint64  30   0.003500   0.003460   0.003800  1.098     9.7%      --  [0.003490, 0.003540]   0.71%   1.011x
# t1 / bitwiseOr OpenCV CV_8U   30    0.02797    0.02729    0.03620  1.326    31.9%      --  [ 0.02756,  0.02844]   1.59%   1.017x
# t1 / bitwiseOr binCV uint32   30   0.003640   0.003490   0.004520  1.295    28.3%      --  [0.003580, 0.003750]   2.34%   1.030x
# t1 / bitwiseOr binCV uint64   30   0.002800   0.002680   0.003280  1.224    21.4%      --  [0.002770, 0.002875]   1.88%   1.027x
# t1 / bitwiseXor OpenCV CV_8U  30    0.02765    0.02730    0.03181  1.165    16.3%      --  [ 0.02757,  0.02786]   0.52%   1.008x
# t1 / bitwiseXor binCV uint32  30   0.003585   0.003460   0.005590  1.616    59.4%      --  [0.003550, 0.003635]   1.19%   1.014x
# t1 / bitwiseXor binCV uint64  30   0.003580   0.003500   0.003770  1.077     7.5%      --  [0.003545, 0.003620]   1.05%   1.011x
# t2 / bitwiseAnd OpenCV CV_8U  30    0.03064    0.02935    0.04034  1.374    35.9%      --  [ 0.03019,  0.03098]   1.31%   1.015x
# t2 / bitwiseAnd binCV uint32  30   0.003040   0.002950   0.003490  1.183    17.8%      --  [0.003020, 0.003075]   0.90%   1.012x
# t2 / bitwiseAnd binCV uint64  30   0.003620   0.003530   0.007970  2.258   122.7%      --  [0.003600, 0.003660]   0.83%   1.011x
# t2 / bitwiseNot OpenCV CV_8U  30    0.06203    0.06077    0.07170  1.180    17.6%      --  [ 0.06138,  0.06290]   1.23%   1.014x
# t2 / bitwiseNot binCV uint32  30   0.003540   0.003470   0.004830  1.392    38.4%      --  [0.003510, 0.003590]   1.13%   1.014x
# t2 / bitwiseNot binCV uint64  30   0.003545   0.003480   0.004490  1.290    28.5%      --  [0.003520, 0.003590]   0.99%   1.013x
# t2 / bitwiseOr OpenCV CV_8U   30    0.03020    0.02763    0.03898  1.411    37.6%      --  [ 0.02998,  0.03050]   0.88%   1.010x
# t2 / bitwiseOr binCV uint32   30   0.003650   0.003580   0.004340  1.212    20.8%      --  [0.003640, 0.003680]   0.55%   1.008x
# t2 / bitwiseOr binCV uint64   30   0.003020   0.002940   0.003340  1.136    13.2%      --  [0.003010, 0.003045]   0.58%   1.008x
# t2 / bitwiseXor OpenCV CV_8U  30    0.03064    0.02823    0.03523  1.248    22.8%      --  [ 0.03025,  0.03087]   1.01%   1.013x
# t2 / bitwiseXor binCV uint32  30   0.003650   0.003540   0.003780  1.068     6.6%      --  [0.003590, 0.003685]   1.30%   1.017x
# t2 / bitwiseXor binCV uint64  30   0.003630   0.003560   0.008390  2.357   133.1%      --  [0.003600, 0.003715]   1.58%   1.023x
# t3 / bitwiseAnd OpenCV CV_8U  30     0.1640     0.1426     0.2127  1.492    42.8%      --  [  0.1609,   0.1698]   2.71%   1.035x
# t3 / bitwiseAnd binCV uint32  30    0.01035   0.009150    0.03525  3.852   252.2%      --  [0.009985,  0.01119]   5.82%   1.081x
# t3 / bitwiseAnd binCV uint64  30    0.01070   0.009510    0.01610  1.693    61.6%      --  [0.009985,  0.01128]   6.03%   1.072x
# t3 / bitwiseNot OpenCV CV_8U  30    0.08519    0.07624     0.1155  1.515    46.0%      --  [ 0.08380,  0.08721]   2.00%   1.024x
# t3 / bitwiseNot binCV uint32  30   0.005835   0.004890    0.01171  2.395   116.9%      --  [0.005695, 0.006140]   3.81%   1.052x
# t3 / bitwiseNot binCV uint64  30   0.005520   0.004210   0.007910  1.879    67.0%      --  [0.005375, 0.005645]   2.45%   1.027x
# t3 / bitwiseOr OpenCV CV_8U   30     0.1677     0.1444     0.2067  1.431    37.1%      --  [  0.1630,   0.1751]   3.62%   1.044x
# t3 / bitwiseOr binCV uint32   30    0.01085   0.008880    0.02717  3.060   168.6%      --  [ 0.01035,  0.01226]   8.76%   1.130x
# t3 / bitwiseOr binCV uint64   30    0.01055   0.008880    0.01384  1.559    47.0%      --  [ 0.01026,  0.01103]   3.63%   1.046x
# t3 / bitwiseXor OpenCV CV_8U  30     0.1683     0.1461     0.1882  1.288    25.0%      --  [  0.1624,   0.1721]   2.90%   1.037x
# t3 / bitwiseXor binCV uint32  30    0.01034   0.009690    0.02645  2.730   162.1%      --  [ 0.01007,  0.01129]   5.92%   1.092x
# t3 / bitwiseXor binCV uint64  30    0.01048   0.009010    0.02014  2.235   106.2%      --  [ 0.01018,  0.01120]   4.91%   1.069x
#
# RATIO  t1:bitwiseAnd OpenCV CV_8U  /  t1:bitwiseAnd binCV uint32   over 30 launches
#   paired per launch (the published estimator)
#     median 10.2036   min 7.4833   max 10.8839   scatter 33.3%
#     bootstrap 95% CI of the median: [9.9359, 10.4291]   +/- 2.42%
#     launches with the ratio above 1.00: 30 of 30
#     smallest resolvable difference at 30 launches: 1.027x
#   ratio of the two medians, same launches
#     point 10.2004   bootstrap 95% CI: [9.8927, 10.5201]
#     the two intervals differ by 0.42% and 0.89% of the median at the two ends.
#     Say which estimator a quoted interval came from. The paired one is what the
#     committed logs publish.
#
#   median   median of the per-launch medians -- the value to quote.
#   r2r      run-to-run scatter as a factor, max/min of those medians.
#   scatter  (max-min)/median ACROSS launches: Timing::spreadPct()'s own
#            arithmetic, so it reads directly against the next column.
#   within   median of the per-launch spread column -- what one launch
#            reports about itself, and all it can report.
#   minres   smallest difference these launches resolve on this row,
#            max(hi/median, median/lo). Derived from the row's scatter;
#            whether it is small ENOUGH is a per-case call, so state the
#            difference with --resolve rather than reading a bar into it.
#
#   tables in a launch, in order:
#     b1       working set per call: binCV 115200 B, OpenCV 921600 B (thr
#     b2       working set per call: binCV 393216 B, OpenCV 3145728 B (th
#     b3       working set per call: binCV 12582912 B, OpenCV 100663296 B
#     t1       working set per call: binCV 115200 B, OpenCV 921600 B (thr | OP  IMPLEMENTATION  ns/pixel  GB/s  vs OpenCV
#     t2       working set per call: binCV 393216 B, OpenCV 3145728 B (th | OP  IMPLEMENTATION  ns/pixel  GB/s  vs OpenCV
#     t3       working set per call: binCV 12582912 B, OpenCV 100663296 B | OP  IMPLEMENTATION  ns/pixel  GB/s  vs OpenCV
