# launch sweep -- 30 separate processes of one benchmark
# benchmark: ./build/benchmark/logic_benchmark 
# launches: 30
# arch:     x86_64
# host:     AMD Ryzen 5 5600X 6-Core Processor
# kernel:   5.15.167.4-microsoft-standard-WSL2
# compiler: g++ (Ubuntu 11.4.0-1ubuntu1~22.04) 11.4.0
# commit:   ac33cf1
# governor: none (this host exposes no cpufreq)
# pinning:  taskset -c 2
# sleep between launches: 0s
# date:     2026-09-21T15:21:35-07:00
# loadavg at start: 1.95 1.94 2.53 1/1318 21987
# NO launch is discarded -- a cold start is part of what varies between
# launches, and trimming it would trim the tail this sweep measures.

### run 1
=== Benchmark Config ===
Width: 640, Height: 480, Iterations: 100, DType: uint8, Sparsity: 1

logic kernels vs OpenCV on the same binary content as CV_8U
(the denominator is what a user runs today without binCV)
OpenCV 4.8.0-dev, cv::getNumThreads() = 1; binCV is single-threaded
 OpenCV build:    Configuration:               Release
 OpenCV build:    Baseline:                    SSE SSE2 SSE3
 OpenCV build:    Dispatched code generation:  SSE4_1 SSE4_2 FP16 AVX AVX2 AVX512_SKX

================ 640 x 480 (307200 pixels) ================
 footprint per buffer: binCV uint32 38400 B, binCV uint64 38400 B, OpenCV CV_8U 307200 B (8.0x)
 bitwiseAnd   set pixels: binCV    76512 OpenCV    76512 agree
 bitwiseOr    set pixels: binCV   230224 OpenCV   230224 agree
 bitwiseXor   set pixels: binCV   153712 OpenCV   153712 agree
 bitwiseNot   set pixels: binCV   153774 OpenCV   153774 agree
 physical bound (1 read + 1 write word copy, fastest batch; worst in parentheses):
 38400 B buffer 141.97 GB/s (50.23) 307200 B buffer 118.84 GB/s (56.57)
 std::memcpy at the same footprints (context only, NOT the bound, and not monotonic in size): 131.48 GB/s, 8.36 GB/s
 working set per call: binCV 115200 B, OpenCV 921600 B (three buffers)
[BENCH] bitwiseAnd             binCV uint32        0.00277 ns/px   135.29 GB/s
[BENCH] bitwiseAnd             binCV uint64        0.00380 ns/px    98.73 GB/s
[BENCH] bitwiseAnd             OpenCV CV_8U        0.02754 ns/px   108.95 GB/s
[BENCH] bitwiseOr              binCV uint32        0.00355 ns/px   105.72 GB/s
[BENCH] bitwiseOr              binCV uint64        0.00282 ns/px   132.92 GB/s
[BENCH] bitwiseOr              OpenCV CV_8U        0.02791 ns/px   107.50 GB/s
[BENCH] bitwiseXor             binCV uint32        0.00359 ns/px   104.50 GB/s
[BENCH] bitwiseXor             binCV uint64        0.00370 ns/px   101.41 GB/s
[BENCH] bitwiseXor             OpenCV CV_8U        0.02749 ns/px   109.12 GB/s
[BENCH] bitwiseNot             binCV uint32        0.00348 ns/px    71.84 GB/s
[BENCH] bitwiseNot             binCV uint64        0.00352 ns/px    71.01 GB/s
[BENCH] bitwiseNot             OpenCV CV_8U        0.06211 ns/px    32.20 GB/s

 OP           IMPLEMENTATION       ns/pixel       GB/s    vs OpenCV
 ---------------------------------------------------------------------
 bitwiseAnd   binCV uint32          0.00277     135.29        9.93x
 bitwiseAnd   binCV uint64          0.00380      98.73        7.25x
 bitwiseAnd   OpenCV CV_8U          0.02754     108.95        1.00x
 bitwiseOr    binCV uint32          0.00355     105.72        7.87x
 bitwiseOr    binCV uint64          0.00282     132.92        9.89x
 bitwiseOr    OpenCV CV_8U          0.02791     107.50        1.00x
 bitwiseXor   binCV uint32          0.00359     104.50        7.66x
 bitwiseXor   binCV uint64          0.00370     101.41        7.43x
 bitwiseXor   OpenCV CV_8U          0.02749     109.12        1.00x
 bitwiseNot   binCV uint32          0.00348      71.84       17.85x
 bitwiseNot   binCV uint64          0.00352      71.01       17.64x
 bitwiseNot   OpenCV CV_8U          0.06211      32.20        1.00x
 ratio > 1 means binCV is faster. sink=9648047347233548284

================ 1024 x 1024 (1048576 pixels) ================
 footprint per buffer: binCV uint32 131072 B, binCV uint64 131072 B, OpenCV CV_8U 1048576 B (8.0x)
 bitwiseAnd   set pixels: binCV   261799 OpenCV   261799 agree
 bitwiseOr    set pixels: binCV   787067 OpenCV   787067 agree
 bitwiseXor   set pixels: binCV   525268 OpenCV   525268 agree
 bitwiseNot   set pixels: binCV   523860 OpenCV   523860 agree
 physical bound (1 read + 1 write word copy, fastest batch; worst in parentheses):
 131072 B buffer 127.02 GB/s (75.18) 1048576 B buffer 110.45 GB/s (49.72)
 std::memcpy at the same footprints (context only, NOT the bound, and not monotonic in size): 8.63 GB/s, 6.97 GB/s
 working set per call: binCV 393216 B, OpenCV 3145728 B (three buffers)
[BENCH] bitwiseAnd             binCV uint32        0.00297 ns/px   126.16 GB/s
[BENCH] bitwiseAnd             binCV uint64        0.00365 ns/px   102.78 GB/s
[BENCH] bitwiseAnd             OpenCV CV_8U        0.03106 ns/px    96.60 GB/s
[BENCH] bitwiseOr              binCV uint32        0.00385 ns/px    97.28 GB/s
[BENCH] bitwiseOr              binCV uint64        0.00299 ns/px   125.47 GB/s
[BENCH] bitwiseOr              OpenCV CV_8U        0.03420 ns/px    87.72 GB/s
[BENCH] bitwiseXor             binCV uint32        0.00373 ns/px   100.58 GB/s
[BENCH] bitwiseXor             binCV uint64        0.00360 ns/px   104.04 GB/s
[BENCH] bitwiseXor             OpenCV CV_8U        0.03046 ns/px    98.48 GB/s
[BENCH] bitwiseNot             binCV uint32        0.00353 ns/px    70.91 GB/s
[BENCH] bitwiseNot             binCV uint64        0.00347 ns/px    71.99 GB/s
[BENCH] bitwiseNot             OpenCV CV_8U        0.06235 ns/px    32.08 GB/s

 OP           IMPLEMENTATION       ns/pixel       GB/s    vs OpenCV
 ---------------------------------------------------------------------
 bitwiseAnd   binCV uint32          0.00297     126.16       10.45x
 bitwiseAnd   binCV uint64          0.00365     102.78        8.51x
 bitwiseAnd   OpenCV CV_8U          0.03106      96.60        1.00x
 bitwiseOr    binCV uint32          0.00385      97.28        8.87x
 bitwiseOr    binCV uint64          0.00299     125.47       11.44x
 bitwiseOr    OpenCV CV_8U          0.03420      87.72        1.00x
 bitwiseXor   binCV uint32          0.00373     100.58        8.17x
 bitwiseXor   binCV uint64          0.00360     104.04        8.45x
 bitwiseXor   OpenCV CV_8U          0.03046      98.48        1.00x
 bitwiseNot   binCV uint32          0.00353      70.91       17.69x
 bitwiseNot   binCV uint64          0.00347      71.99       17.95x
 bitwiseNot   OpenCV CV_8U          0.06235      32.08        1.00x
 ratio > 1 means binCV is faster. sink=12144678031140276218

================ 8192 x 4096 (33554432 pixels) ================
 footprint per buffer: binCV uint32 4194304 B, binCV uint64 4194304 B, OpenCV CV_8U 33554432 B (8.0x)
 bitwiseAnd   set pixels: binCV  8389345 OpenCV  8389345 agree
 bitwiseOr    set pixels: binCV 25165591 OpenCV 25165591 agree
 bitwiseXor   set pixels: binCV 16776246 OpenCV 16776246 agree
 bitwiseNot   set pixels: binCV 16778496 OpenCV 16778496 agree
 physical bound (1 read + 1 write word copy, fastest batch; worst in parentheses):
 4194304 B buffer 107.01 GB/s (65.72) 33554432 B buffer 16.48 GB/s (5.59)
 std::memcpy at the same footprints (context only, NOT the bound, and not monotonic in size): 7.24 GB/s, 25.79 GB/s
 working set per call: binCV 12582912 B, OpenCV 100663296 B (three buffers)
[BENCH] bitwiseAnd             binCV uint32        0.01007 ns/px    37.25 GB/s
[BENCH] bitwiseAnd             binCV uint64        0.01377 ns/px    27.24 GB/s
[BENCH] bitwiseAnd             OpenCV CV_8U        0.15962 ns/px    18.80 GB/s
[BENCH] bitwiseOr              binCV uint32        0.01103 ns/px    33.99 GB/s
[BENCH] bitwiseOr              binCV uint64        0.01039 ns/px    36.10 GB/s
[BENCH] bitwiseOr              OpenCV CV_8U        0.14609 ns/px    20.54 GB/s
[BENCH] bitwiseXor             binCV uint32        0.02090 ns/px    17.94 GB/s
[BENCH] bitwiseXor             binCV uint64        0.01331 ns/px    28.17 GB/s
[BENCH] bitwiseXor             OpenCV CV_8U        0.16171 ns/px    18.55 GB/s
[BENCH] bitwiseNot             binCV uint32        0.00566 ns/px    44.18 GB/s
[BENCH] bitwiseNot             binCV uint64        0.00533 ns/px    46.87 GB/s
[BENCH] bitwiseNot             OpenCV CV_8U        0.08765 ns/px    22.82 GB/s

 OP           IMPLEMENTATION       ns/pixel       GB/s    vs OpenCV
 ---------------------------------------------------------------------
 bitwiseAnd   binCV uint32          0.01007      37.25       15.86x
 bitwiseAnd   binCV uint64          0.01377      27.24       11.59x
 bitwiseAnd   OpenCV CV_8U          0.15962      18.80        1.00x
 bitwiseOr    binCV uint32          0.01103      33.99       13.24x
 bitwiseOr    binCV uint64          0.01039      36.10       14.06x
 bitwiseOr    OpenCV CV_8U          0.14609      20.54        1.00x
 bitwiseXor   binCV uint32          0.02090      17.94        7.74x
 bitwiseXor   binCV uint64          0.01331      28.17       12.15x
 bitwiseXor   OpenCV CV_8U          0.16171      18.55        1.00x
 bitwiseNot   binCV uint32          0.00566      44.18       15.49x
 bitwiseNot   binCV uint64          0.00533      46.87       16.43x
 bitwiseNot   OpenCV CV_8U          0.08765      22.82        1.00x
 ratio > 1 means binCV is faster. sink=4651083453009971454
### run 2
=== Benchmark Config ===
Width: 640, Height: 480, Iterations: 100, DType: uint8, Sparsity: 1

logic kernels vs OpenCV on the same binary content as CV_8U
(the denominator is what a user runs today without binCV)
OpenCV 4.8.0-dev, cv::getNumThreads() = 1; binCV is single-threaded
 OpenCV build:    Configuration:               Release
 OpenCV build:    Baseline:                    SSE SSE2 SSE3
 OpenCV build:    Dispatched code generation:  SSE4_1 SSE4_2 FP16 AVX AVX2 AVX512_SKX

================ 640 x 480 (307200 pixels) ================
 footprint per buffer: binCV uint32 38400 B, binCV uint64 38400 B, OpenCV CV_8U 307200 B (8.0x)
 bitwiseAnd   set pixels: binCV    76512 OpenCV    76512 agree
 bitwiseOr    set pixels: binCV   230224 OpenCV   230224 agree
 bitwiseXor   set pixels: binCV   153712 OpenCV   153712 agree
 bitwiseNot   set pixels: binCV   153774 OpenCV   153774 agree
 physical bound (1 read + 1 write word copy, fastest batch; worst in parentheses):
 38400 B buffer 142.06 GB/s (42.37) 307200 B buffer 111.23 GB/s (71.83)
 std::memcpy at the same footprints (context only, NOT the bound, and not monotonic in size): 131.25 GB/s, 8.32 GB/s
 working set per call: binCV 115200 B, OpenCV 921600 B (three buffers)
[BENCH] bitwiseAnd             binCV uint32        0.00268 ns/px   139.94 GB/s
[BENCH] bitwiseAnd             binCV uint64        0.00463 ns/px    81.04 GB/s
[BENCH] bitwiseAnd             OpenCV CV_8U        0.02767 ns/px   108.43 GB/s
[BENCH] bitwiseOr              binCV uint32        0.00382 ns/px    98.17 GB/s
[BENCH] bitwiseOr              binCV uint64        0.00273 ns/px   137.48 GB/s
[BENCH] bitwiseOr              OpenCV CV_8U        0.02759 ns/px   108.72 GB/s
[BENCH] bitwiseXor             binCV uint32        0.00355 ns/px   105.75 GB/s
[BENCH] bitwiseXor             binCV uint64        0.00354 ns/px   105.87 GB/s
[BENCH] bitwiseXor             OpenCV CV_8U        0.03012 ns/px    99.61 GB/s
[BENCH] bitwiseNot             binCV uint32        0.00351 ns/px    71.27 GB/s
[BENCH] bitwiseNot             binCV uint64        0.00345 ns/px    72.43 GB/s
[BENCH] bitwiseNot             OpenCV CV_8U        0.06217 ns/px    32.17 GB/s

 OP           IMPLEMENTATION       ns/pixel       GB/s    vs OpenCV
 ---------------------------------------------------------------------
 bitwiseAnd   binCV uint32          0.00268     139.94       10.32x
 bitwiseAnd   binCV uint64          0.00463      81.04        5.98x
 bitwiseAnd   OpenCV CV_8U          0.02767     108.43        1.00x
 bitwiseOr    binCV uint32          0.00382      98.17        7.22x
 bitwiseOr    binCV uint64          0.00273     137.48       10.12x
 bitwiseOr    OpenCV CV_8U          0.02759     108.72        1.00x
 bitwiseXor   binCV uint32          0.00355     105.75        8.49x
 bitwiseXor   binCV uint64          0.00354     105.87        8.50x
 bitwiseXor   OpenCV CV_8U          0.03012      99.61        1.00x
 bitwiseNot   binCV uint32          0.00351      71.27       17.72x
 bitwiseNot   binCV uint64          0.00345      72.43       18.01x
 bitwiseNot   OpenCV CV_8U          0.06217      32.17        1.00x
 ratio > 1 means binCV is faster. sink=4587258779745425587

================ 1024 x 1024 (1048576 pixels) ================
 footprint per buffer: binCV uint32 131072 B, binCV uint64 131072 B, OpenCV CV_8U 1048576 B (8.0x)
 bitwiseAnd   set pixels: binCV   261799 OpenCV   261799 agree
 bitwiseOr    set pixels: binCV   787067 OpenCV   787067 agree
 bitwiseXor   set pixels: binCV   525268 OpenCV   525268 agree
 bitwiseNot   set pixels: binCV   523860 OpenCV   523860 agree
 physical bound (1 read + 1 write word copy, fastest batch; worst in parentheses):
 131072 B buffer 127.79 GB/s (82.98) 1048576 B buffer 110.93 GB/s (45.99)
 std::memcpy at the same footprints (context only, NOT the bound, and not monotonic in size): 8.44 GB/s, 7.33 GB/s
 working set per call: binCV 393216 B, OpenCV 3145728 B (three buffers)
[BENCH] bitwiseAnd             binCV uint32        0.00309 ns/px   121.28 GB/s
[BENCH] bitwiseAnd             binCV uint64        0.00361 ns/px   103.78 GB/s
[BENCH] bitwiseAnd             OpenCV CV_8U        0.02955 ns/px   101.51 GB/s
[BENCH] bitwiseOr              binCV uint32        0.00367 ns/px   102.31 GB/s
[BENCH] bitwiseOr              binCV uint64        0.00304 ns/px   123.33 GB/s
[BENCH] bitwiseOr              OpenCV CV_8U        0.03741 ns/px    80.20 GB/s
[BENCH] bitwiseXor             binCV uint32        0.00357 ns/px   105.01 GB/s
[BENCH] bitwiseXor             binCV uint64        0.00360 ns/px   104.17 GB/s
[BENCH] bitwiseXor             OpenCV CV_8U        0.03110 ns/px    96.46 GB/s
[BENCH] bitwiseNot             binCV uint32        0.00359 ns/px    69.73 GB/s
[BENCH] bitwiseNot             binCV uint64        0.00358 ns/px    69.79 GB/s
[BENCH] bitwiseNot             OpenCV CV_8U        0.06334 ns/px    31.58 GB/s

 OP           IMPLEMENTATION       ns/pixel       GB/s    vs OpenCV
 ---------------------------------------------------------------------
 bitwiseAnd   binCV uint32          0.00309     121.28        9.56x
 bitwiseAnd   binCV uint64          0.00361     103.78        8.18x
 bitwiseAnd   OpenCV CV_8U          0.02955     101.51        1.00x
 bitwiseOr    binCV uint32          0.00367     102.31       10.21x
 bitwiseOr    binCV uint64          0.00304     123.33       12.30x
 bitwiseOr    OpenCV CV_8U          0.03741      80.20        1.00x
 bitwiseXor   binCV uint32          0.00357     105.01        8.71x
 bitwiseXor   binCV uint64          0.00360     104.17        8.64x
 bitwiseXor   OpenCV CV_8U          0.03110      96.46        1.00x
 bitwiseNot   binCV uint32          0.00359      69.73       17.67x
 bitwiseNot   binCV uint64          0.00358      69.79       17.68x
 bitwiseNot   OpenCV CV_8U          0.06334      31.58        1.00x
 ratio > 1 means binCV is faster. sink=6775390736422270047

================ 8192 x 4096 (33554432 pixels) ================
 footprint per buffer: binCV uint32 4194304 B, binCV uint64 4194304 B, OpenCV CV_8U 33554432 B (8.0x)
 bitwiseAnd   set pixels: binCV  8389345 OpenCV  8389345 agree
 bitwiseOr    set pixels: binCV 25165591 OpenCV 25165591 agree
 bitwiseXor   set pixels: binCV 16776246 OpenCV 16776246 agree
 bitwiseNot   set pixels: binCV 16778496 OpenCV 16778496 agree
 physical bound (1 read + 1 write word copy, fastest batch; worst in parentheses):
 4194304 B buffer 101.43 GB/s (64.25) 33554432 B buffer 16.46 GB/s (5.94)
 std::memcpy at the same footprints (context only, NOT the bound, and not monotonic in size): 6.86 GB/s, 26.85 GB/s
 working set per call: binCV 12582912 B, OpenCV 100663296 B (three buffers)
[BENCH] bitwiseAnd             binCV uint32        0.01020 ns/px    36.77 GB/s
[BENCH] bitwiseAnd             binCV uint64        0.01023 ns/px    36.67 GB/s
[BENCH] bitwiseAnd             OpenCV CV_8U        0.18428 ns/px    16.28 GB/s
[BENCH] bitwiseOr              binCV uint32        0.01195 ns/px    31.37 GB/s
[BENCH] bitwiseOr              binCV uint64        0.01027 ns/px    36.52 GB/s
[BENCH] bitwiseOr              OpenCV CV_8U        0.17874 ns/px    16.78 GB/s
[BENCH] bitwiseXor             binCV uint32        0.01368 ns/px    27.41 GB/s
[BENCH] bitwiseXor             binCV uint64        0.01962 ns/px    19.11 GB/s
[BENCH] bitwiseXor             OpenCV CV_8U        0.18273 ns/px    16.42 GB/s
[BENCH] bitwiseNot             binCV uint32        0.00533 ns/px    46.88 GB/s
[BENCH] bitwiseNot             binCV uint64        0.00572 ns/px    43.70 GB/s
[BENCH] bitwiseNot             OpenCV CV_8U        0.08292 ns/px    24.12 GB/s

 OP           IMPLEMENTATION       ns/pixel       GB/s    vs OpenCV
 ---------------------------------------------------------------------
 bitwiseAnd   binCV uint32          0.01020      36.77       18.07x
 bitwiseAnd   binCV uint64          0.01023      36.67       18.02x
 bitwiseAnd   OpenCV CV_8U          0.18428      16.28        1.00x
 bitwiseOr    binCV uint32          0.01195      31.37       14.95x
 bitwiseOr    binCV uint64          0.01027      36.52       17.41x
 bitwiseOr    OpenCV CV_8U          0.17874      16.78        1.00x
 bitwiseXor   binCV uint32          0.01368      27.41       13.36x
 bitwiseXor   binCV uint64          0.01962      19.11        9.31x
 bitwiseXor   OpenCV CV_8U          0.18273      16.42        1.00x
 bitwiseNot   binCV uint32          0.00533      46.88       15.55x
 bitwiseNot   binCV uint64          0.00572      43.70       14.50x
 bitwiseNot   OpenCV CV_8U          0.08292      24.12        1.00x
 ratio > 1 means binCV is faster. sink=1833598278170430356
### run 3
=== Benchmark Config ===
Width: 640, Height: 480, Iterations: 100, DType: uint8, Sparsity: 1

logic kernels vs OpenCV on the same binary content as CV_8U
(the denominator is what a user runs today without binCV)
OpenCV 4.8.0-dev, cv::getNumThreads() = 1; binCV is single-threaded
 OpenCV build:    Configuration:               Release
 OpenCV build:    Baseline:                    SSE SSE2 SSE3
 OpenCV build:    Dispatched code generation:  SSE4_1 SSE4_2 FP16 AVX AVX2 AVX512_SKX

================ 640 x 480 (307200 pixels) ================
 footprint per buffer: binCV uint32 38400 B, binCV uint64 38400 B, OpenCV CV_8U 307200 B (8.0x)
 bitwiseAnd   set pixels: binCV    76512 OpenCV    76512 agree
 bitwiseOr    set pixels: binCV   230224 OpenCV   230224 agree
 bitwiseXor   set pixels: binCV   153712 OpenCV   153712 agree
 bitwiseNot   set pixels: binCV   153774 OpenCV   153774 agree
 physical bound (1 read + 1 write word copy, fastest batch; worst in parentheses):
 38400 B buffer 141.29 GB/s (51.60) 307200 B buffer 114.37 GB/s (66.43)
 std::memcpy at the same footprints (context only, NOT the bound, and not monotonic in size): 131.85 GB/s, 8.27 GB/s
 working set per call: binCV 115200 B, OpenCV 921600 B (three buffers)
[BENCH] bitwiseAnd             binCV uint32        0.00295 ns/px   127.07 GB/s
[BENCH] bitwiseAnd             binCV uint64        0.00378 ns/px    99.32 GB/s
[BENCH] bitwiseAnd             OpenCV CV_8U        0.02836 ns/px   105.77 GB/s
[BENCH] bitwiseOr              binCV uint32        0.00356 ns/px   105.42 GB/s
[BENCH] bitwiseOr              binCV uint64        0.00284 ns/px   132.10 GB/s
[BENCH] bitwiseOr              OpenCV CV_8U        0.02767 ns/px   108.43 GB/s
[BENCH] bitwiseXor             binCV uint32        0.00372 ns/px   100.85 GB/s
[BENCH] bitwiseXor             binCV uint64        0.00371 ns/px   101.07 GB/s
[BENCH] bitwiseXor             OpenCV CV_8U        0.02752 ns/px   109.03 GB/s
[BENCH] bitwiseNot             binCV uint32        0.00359 ns/px    69.68 GB/s
[BENCH] bitwiseNot             binCV uint64        0.00348 ns/px    71.87 GB/s
[BENCH] bitwiseNot             OpenCV CV_8U        0.06232 ns/px    32.09 GB/s

 OP           IMPLEMENTATION       ns/pixel       GB/s    vs OpenCV
 ---------------------------------------------------------------------
 bitwiseAnd   binCV uint32          0.00295     127.07        9.61x
 bitwiseAnd   binCV uint64          0.00378      99.32        7.51x
 bitwiseAnd   OpenCV CV_8U          0.02836     105.77        1.00x
 bitwiseOr    binCV uint32          0.00356     105.42        7.78x
 bitwiseOr    binCV uint64          0.00284     132.10        9.75x
 bitwiseOr    OpenCV CV_8U          0.02767     108.43        1.00x
 bitwiseXor   binCV uint32          0.00372     100.85        7.40x
 bitwiseXor   binCV uint64          0.00371     101.07        7.42x
 bitwiseXor   OpenCV CV_8U          0.02752     109.03        1.00x
 bitwiseNot   binCV uint32          0.00359      69.68       17.37x
 bitwiseNot   binCV uint64          0.00348      71.87       17.92x
 bitwiseNot   OpenCV CV_8U          0.06232      32.09        1.00x
 ratio > 1 means binCV is faster. sink=2417343502834644570

================ 1024 x 1024 (1048576 pixels) ================
 footprint per buffer: binCV uint32 131072 B, binCV uint64 131072 B, OpenCV CV_8U 1048576 B (8.0x)
 bitwiseAnd   set pixels: binCV   261799 OpenCV   261799 agree
 bitwiseOr    set pixels: binCV   787067 OpenCV   787067 agree
 bitwiseXor   set pixels: binCV   525268 OpenCV   525268 agree
 bitwiseNot   set pixels: binCV   523860 OpenCV   523860 agree
 physical bound (1 read + 1 write word copy, fastest batch; worst in parentheses):
 131072 B buffer 132.80 GB/s (86.62) 1048576 B buffer 109.56 GB/s (65.64)
 std::memcpy at the same footprints (context only, NOT the bound, and not monotonic in size): 8.56 GB/s, 7.83 GB/s
 working set per call: binCV 393216 B, OpenCV 3145728 B (three buffers)
[BENCH] bitwiseAnd             binCV uint32        0.00309 ns/px   121.45 GB/s
[BENCH] bitwiseAnd             binCV uint64        0.00362 ns/px   103.70 GB/s
[BENCH] bitwiseAnd             OpenCV CV_8U        0.03035 ns/px    98.84 GB/s
[BENCH] bitwiseOr              binCV uint32        0.00367 ns/px   102.15 GB/s
[BENCH] bitwiseOr              binCV uint64        0.00296 ns/px   126.52 GB/s
[BENCH] bitwiseOr              OpenCV CV_8U        0.02947 ns/px   101.80 GB/s
[BENCH] bitwiseXor             binCV uint32        0.00365 ns/px   102.74 GB/s
[BENCH] bitwiseXor             binCV uint64        0.00359 ns/px   104.54 GB/s
[BENCH] bitwiseXor             OpenCV CV_8U        0.03011 ns/px    99.63 GB/s
[BENCH] bitwiseNot             binCV uint32        0.00352 ns/px    71.03 GB/s
[BENCH] bitwiseNot             binCV uint64        0.00360 ns/px    69.49 GB/s
[BENCH] bitwiseNot             OpenCV CV_8U        0.06116 ns/px    32.70 GB/s

 OP           IMPLEMENTATION       ns/pixel       GB/s    vs OpenCV
 ---------------------------------------------------------------------
 bitwiseAnd   binCV uint32          0.00309     121.45        9.83x
 bitwiseAnd   binCV uint64          0.00362     103.70        8.39x
 bitwiseAnd   OpenCV CV_8U          0.03035      98.84        1.00x
 bitwiseOr    binCV uint32          0.00367     102.15        8.03x
 bitwiseOr    binCV uint64          0.00296     126.52        9.94x
 bitwiseOr    OpenCV CV_8U          0.02947     101.80        1.00x
 bitwiseXor   binCV uint32          0.00365     102.74        8.25x
 bitwiseXor   binCV uint64          0.00359     104.54        8.39x
 bitwiseXor   OpenCV CV_8U          0.03011      99.63        1.00x
 bitwiseNot   binCV uint32          0.00352      71.03       17.38x
 bitwiseNot   binCV uint64          0.00360      69.49       17.00x
 bitwiseNot   OpenCV CV_8U          0.06116      32.70        1.00x
 ratio > 1 means binCV is faster. sink=10200014328664570578

================ 8192 x 4096 (33554432 pixels) ================
 footprint per buffer: binCV uint32 4194304 B, binCV uint64 4194304 B, OpenCV CV_8U 33554432 B (8.0x)
 bitwiseAnd   set pixels: binCV  8389345 OpenCV  8389345 agree
 bitwiseOr    set pixels: binCV 25165591 OpenCV 25165591 agree
 bitwiseXor   set pixels: binCV 16776246 OpenCV 16776246 agree
 bitwiseNot   set pixels: binCV 16778496 OpenCV 16778496 agree
 physical bound (1 read + 1 write word copy, fastest batch; worst in parentheses):
 4194304 B buffer 100.10 GB/s (77.41) 33554432 B buffer 16.59 GB/s (6.46)
 std::memcpy at the same footprints (context only, NOT the bound, and not monotonic in size): 7.07 GB/s, 26.76 GB/s
 working set per call: binCV 12582912 B, OpenCV 100663296 B (three buffers)
[BENCH] bitwiseAnd             binCV uint32        0.00962 ns/px    38.99 GB/s
[BENCH] bitwiseAnd             binCV uint64        0.01109 ns/px    33.82 GB/s
[BENCH] bitwiseAnd             OpenCV CV_8U        0.20359 ns/px    14.74 GB/s
[BENCH] bitwiseOr              binCV uint32        0.00955 ns/px    39.28 GB/s
[BENCH] bitwiseOr              binCV uint64        0.00977 ns/px    38.40 GB/s
[BENCH] bitwiseOr              OpenCV CV_8U        0.16213 ns/px    18.50 GB/s
[BENCH] bitwiseXor             binCV uint32        0.00983 ns/px    38.15 GB/s
[BENCH] bitwiseXor             binCV uint64        0.01042 ns/px    35.98 GB/s
[BENCH] bitwiseXor             OpenCV CV_8U        0.15771 ns/px    19.02 GB/s
[BENCH] bitwiseNot             binCV uint32        0.00518 ns/px    48.25 GB/s
[BENCH] bitwiseNot             binCV uint64        0.00612 ns/px    40.83 GB/s
[BENCH] bitwiseNot             OpenCV CV_8U        0.08496 ns/px    23.54 GB/s

 OP           IMPLEMENTATION       ns/pixel       GB/s    vs OpenCV
 ---------------------------------------------------------------------
 bitwiseAnd   binCV uint32          0.00962      38.99       21.17x
 bitwiseAnd   binCV uint64          0.01109      33.82       18.36x
 bitwiseAnd   OpenCV CV_8U          0.20359      14.74        1.00x
 bitwiseOr    binCV uint32          0.00955      39.28       16.98x
 bitwiseOr    binCV uint64          0.00977      38.40       16.60x
 bitwiseOr    OpenCV CV_8U          0.16213      18.50        1.00x
 bitwiseXor   binCV uint32          0.00983      38.15       16.04x
 bitwiseXor   binCV uint64          0.01042      35.98       15.13x
 bitwiseXor   OpenCV CV_8U          0.15771      19.02        1.00x
 bitwiseNot   binCV uint32          0.00518      48.25       16.40x
 bitwiseNot   binCV uint64          0.00612      40.83       13.88x
 bitwiseNot   OpenCV CV_8U          0.08496      23.54        1.00x
 ratio > 1 means binCV is faster. sink=5486628557320841885
### run 4
=== Benchmark Config ===
Width: 640, Height: 480, Iterations: 100, DType: uint8, Sparsity: 1

logic kernels vs OpenCV on the same binary content as CV_8U
(the denominator is what a user runs today without binCV)
OpenCV 4.8.0-dev, cv::getNumThreads() = 1; binCV is single-threaded
 OpenCV build:    Configuration:               Release
 OpenCV build:    Baseline:                    SSE SSE2 SSE3
 OpenCV build:    Dispatched code generation:  SSE4_1 SSE4_2 FP16 AVX AVX2 AVX512_SKX

================ 640 x 480 (307200 pixels) ================
 footprint per buffer: binCV uint32 38400 B, binCV uint64 38400 B, OpenCV CV_8U 307200 B (8.0x)
 bitwiseAnd   set pixels: binCV    76512 OpenCV    76512 agree
 bitwiseOr    set pixels: binCV   230224 OpenCV   230224 agree
 bitwiseXor   set pixels: binCV   153712 OpenCV   153712 agree
 bitwiseNot   set pixels: binCV   153774 OpenCV   153774 agree
 physical bound (1 read + 1 write word copy, fastest batch; worst in parentheses):
 38400 B buffer 142.56 GB/s (72.38) 307200 B buffer 115.02 GB/s (36.78)
 std::memcpy at the same footprints (context only, NOT the bound, and not monotonic in size): 131.26 GB/s, 8.49 GB/s
 working set per call: binCV 115200 B, OpenCV 921600 B (three buffers)
[BENCH] bitwiseAnd             binCV uint32        0.00278 ns/px   134.86 GB/s
[BENCH] bitwiseAnd             binCV uint64        0.00357 ns/px   104.96 GB/s
[BENCH] bitwiseAnd             OpenCV CV_8U        0.02749 ns/px   109.12 GB/s
[BENCH] bitwiseOr              binCV uint32        0.00362 ns/px   103.46 GB/s
[BENCH] bitwiseOr              binCV uint64        0.00287 ns/px   130.76 GB/s
[BENCH] bitwiseOr              OpenCV CV_8U        0.02897 ns/px   103.57 GB/s
[BENCH] bitwiseXor             binCV uint32        0.00353 ns/px   106.08 GB/s
[BENCH] bitwiseXor             binCV uint64        0.00363 ns/px   103.23 GB/s
[BENCH] bitwiseXor             OpenCV CV_8U        0.02736 ns/px   109.63 GB/s
[BENCH] bitwiseNot             binCV uint32        0.00347 ns/px    72.01 GB/s
[BENCH] bitwiseNot             binCV uint64        0.00403 ns/px    62.08 GB/s
[BENCH] bitwiseNot             OpenCV CV_8U        0.06284 ns/px    31.82 GB/s

 OP           IMPLEMENTATION       ns/pixel       GB/s    vs OpenCV
 ---------------------------------------------------------------------
 bitwiseAnd   binCV uint32          0.00278     134.86        9.89x
 bitwiseAnd   binCV uint64          0.00357     104.96        7.70x
 bitwiseAnd   OpenCV CV_8U          0.02749     109.12        1.00x
 bitwiseOr    binCV uint32          0.00362     103.46        7.99x
 bitwiseOr    binCV uint64          0.00287     130.76       10.10x
 bitwiseOr    OpenCV CV_8U          0.02897     103.57        1.00x
 bitwiseXor   binCV uint32          0.00353     106.08        7.74x
 bitwiseXor   binCV uint64          0.00363     103.23        7.53x
 bitwiseXor   OpenCV CV_8U          0.02736     109.63        1.00x
 bitwiseNot   binCV uint32          0.00347      72.01       18.10x
 bitwiseNot   binCV uint64          0.00403      62.08       15.61x
 bitwiseNot   OpenCV CV_8U          0.06284      31.82        1.00x
 ratio > 1 means binCV is faster. sink=949036659216621861

================ 1024 x 1024 (1048576 pixels) ================
 footprint per buffer: binCV uint32 131072 B, binCV uint64 131072 B, OpenCV CV_8U 1048576 B (8.0x)
 bitwiseAnd   set pixels: binCV   261799 OpenCV   261799 agree
 bitwiseOr    set pixels: binCV   787067 OpenCV   787067 agree
 bitwiseXor   set pixels: binCV   525268 OpenCV   525268 agree
 bitwiseNot   set pixels: binCV   523860 OpenCV   523860 agree
 physical bound (1 read + 1 write word copy, fastest batch; worst in parentheses):
 131072 B buffer 125.38 GB/s (97.91) 1048576 B buffer 107.09 GB/s (73.22)
 std::memcpy at the same footprints (context only, NOT the bound, and not monotonic in size): 8.08 GB/s, 7.22 GB/s
 working set per call: binCV 393216 B, OpenCV 3145728 B (three buffers)
[BENCH] bitwiseAnd             binCV uint32        0.00308 ns/px   121.57 GB/s
[BENCH] bitwiseAnd             binCV uint64        0.00359 ns/px   104.48 GB/s
[BENCH] bitwiseAnd             OpenCV CV_8U        0.02928 ns/px   102.46 GB/s
[BENCH] bitwiseOr              binCV uint32        0.00366 ns/px   102.37 GB/s
[BENCH] bitwiseOr              binCV uint64        0.00305 ns/px   123.05 GB/s
[BENCH] bitwiseOr              OpenCV CV_8U        0.03050 ns/px    98.35 GB/s
[BENCH] bitwiseXor             binCV uint32        0.00367 ns/px   102.11 GB/s
[BENCH] bitwiseXor             binCV uint64        0.00357 ns/px   105.10 GB/s
[BENCH] bitwiseXor             OpenCV CV_8U        0.02882 ns/px   104.11 GB/s
[BENCH] bitwiseNot             binCV uint32        0.00349 ns/px    71.64 GB/s
[BENCH] bitwiseNot             binCV uint64        0.00354 ns/px    70.59 GB/s
[BENCH] bitwiseNot             OpenCV CV_8U        0.06171 ns/px    32.41 GB/s

 OP           IMPLEMENTATION       ns/pixel       GB/s    vs OpenCV
 ---------------------------------------------------------------------
 bitwiseAnd   binCV uint32          0.00308     121.57        9.49x
 bitwiseAnd   binCV uint64          0.00359     104.48        8.16x
 bitwiseAnd   OpenCV CV_8U          0.02928     102.46        1.00x
 bitwiseOr    binCV uint32          0.00366     102.37        8.33x
 bitwiseOr    binCV uint64          0.00305     123.05       10.01x
 bitwiseOr    OpenCV CV_8U          0.03050      98.35        1.00x
 bitwiseXor   binCV uint32          0.00367     102.11        7.85x
 bitwiseXor   binCV uint64          0.00357     105.10        8.08x
 bitwiseXor   OpenCV CV_8U          0.02882     104.11        1.00x
 bitwiseNot   binCV uint32          0.00349      71.64       17.68x
 bitwiseNot   binCV uint64          0.00354      70.59       17.42x
 bitwiseNot   OpenCV CV_8U          0.06171      32.41        1.00x
 ratio > 1 means binCV is faster. sink=8204617986454905984

================ 8192 x 4096 (33554432 pixels) ================
 footprint per buffer: binCV uint32 4194304 B, binCV uint64 4194304 B, OpenCV CV_8U 33554432 B (8.0x)
 bitwiseAnd   set pixels: binCV  8389345 OpenCV  8389345 agree
 bitwiseOr    set pixels: binCV 25165591 OpenCV 25165591 agree
 bitwiseXor   set pixels: binCV 16776246 OpenCV 16776246 agree
 bitwiseNot   set pixels: binCV 16778496 OpenCV 16778496 agree
 physical bound (1 read + 1 write word copy, fastest batch; worst in parentheses):
 4194304 B buffer 107.79 GB/s (71.74) 33554432 B buffer 17.05 GB/s (7.14)
 std::memcpy at the same footprints (context only, NOT the bound, and not monotonic in size): 9.05 GB/s, 26.09 GB/s
 working set per call: binCV 12582912 B, OpenCV 100663296 B (three buffers)
[BENCH] bitwiseAnd             binCV uint32        0.01094 ns/px    34.27 GB/s
[BENCH] bitwiseAnd             binCV uint64        0.01209 ns/px    31.01 GB/s
[BENCH] bitwiseAnd             OpenCV CV_8U        0.17244 ns/px    17.40 GB/s
[BENCH] bitwiseOr              binCV uint32        0.01199 ns/px    31.28 GB/s
[BENCH] bitwiseOr              binCV uint64        0.01107 ns/px    33.87 GB/s
[BENCH] bitwiseOr              OpenCV CV_8U        0.16385 ns/px    18.31 GB/s
[BENCH] bitwiseXor             binCV uint32        0.01486 ns/px    25.23 GB/s
[BENCH] bitwiseXor             binCV uint64        0.01005 ns/px    37.31 GB/s
[BENCH] bitwiseXor             OpenCV CV_8U        0.20172 ns/px    14.87 GB/s
[BENCH] bitwiseNot             binCV uint32        0.00599 ns/px    41.72 GB/s
[BENCH] bitwiseNot             binCV uint64        0.00541 ns/px    46.19 GB/s
[BENCH] bitwiseNot             OpenCV CV_8U        0.08444 ns/px    23.68 GB/s

 OP           IMPLEMENTATION       ns/pixel       GB/s    vs OpenCV
 ---------------------------------------------------------------------
 bitwiseAnd   binCV uint32          0.01094      34.27       15.76x
 bitwiseAnd   binCV uint64          0.01209      31.01       14.26x
 bitwiseAnd   OpenCV CV_8U          0.17244      17.40        1.00x
 bitwiseOr    binCV uint32          0.01199      31.28       13.67x
 bitwiseOr    binCV uint64          0.01107      33.87       14.80x
 bitwiseOr    OpenCV CV_8U          0.16385      18.31        1.00x
 bitwiseXor   binCV uint32          0.01486      25.23       13.57x
 bitwiseXor   binCV uint64          0.01005      37.31       20.07x
 bitwiseXor   OpenCV CV_8U          0.20172      14.87        1.00x
 bitwiseNot   binCV uint32          0.00599      41.72       14.09x
 bitwiseNot   binCV uint64          0.00541      46.19       15.60x
 bitwiseNot   OpenCV CV_8U          0.08444      23.68        1.00x
 ratio > 1 means binCV is faster. sink=13876368075076130908
### run 5
=== Benchmark Config ===
Width: 640, Height: 480, Iterations: 100, DType: uint8, Sparsity: 1

logic kernels vs OpenCV on the same binary content as CV_8U
(the denominator is what a user runs today without binCV)
OpenCV 4.8.0-dev, cv::getNumThreads() = 1; binCV is single-threaded
 OpenCV build:    Configuration:               Release
 OpenCV build:    Baseline:                    SSE SSE2 SSE3
 OpenCV build:    Dispatched code generation:  SSE4_1 SSE4_2 FP16 AVX AVX2 AVX512_SKX

================ 640 x 480 (307200 pixels) ================
 footprint per buffer: binCV uint32 38400 B, binCV uint64 38400 B, OpenCV CV_8U 307200 B (8.0x)
 bitwiseAnd   set pixels: binCV    76512 OpenCV    76512 agree
 bitwiseOr    set pixels: binCV   230224 OpenCV   230224 agree
 bitwiseXor   set pixels: binCV   153712 OpenCV   153712 agree
 bitwiseNot   set pixels: binCV   153774 OpenCV   153774 agree
 physical bound (1 read + 1 write word copy, fastest batch; worst in parentheses):
 38400 B buffer 142.72 GB/s (79.05) 307200 B buffer 116.02 GB/s (49.07)
 std::memcpy at the same footprints (context only, NOT the bound, and not monotonic in size): 131.44 GB/s, 8.29 GB/s
 working set per call: binCV 115200 B, OpenCV 921600 B (three buffers)
[BENCH] bitwiseAnd             binCV uint32        0.00280 ns/px   134.07 GB/s
[BENCH] bitwiseAnd             binCV uint64        0.00353 ns/px   106.15 GB/s
[BENCH] bitwiseAnd             OpenCV CV_8U        0.02756 ns/px   108.85 GB/s
[BENCH] bitwiseOr              binCV uint32        0.00361 ns/px   103.82 GB/s
[BENCH] bitwiseOr              binCV uint64        0.00275 ns/px   136.53 GB/s
[BENCH] bitwiseOr              OpenCV CV_8U        0.02901 ns/px   103.41 GB/s
[BENCH] bitwiseXor             binCV uint32        0.00359 ns/px   104.36 GB/s
[BENCH] bitwiseXor             binCV uint64        0.00353 ns/px   106.17 GB/s
[BENCH] bitwiseXor             OpenCV CV_8U        0.02739 ns/px   109.54 GB/s
[BENCH] bitwiseNot             binCV uint32        0.00351 ns/px    71.13 GB/s
[BENCH] bitwiseNot             binCV uint64        0.00353 ns/px    70.85 GB/s
[BENCH] bitwiseNot             OpenCV CV_8U        0.07519 ns/px    26.60 GB/s

 OP           IMPLEMENTATION       ns/pixel       GB/s    vs OpenCV
 ---------------------------------------------------------------------
 bitwiseAnd   binCV uint32          0.00280     134.07        9.85x
 bitwiseAnd   binCV uint64          0.00353     106.15        7.80x
 bitwiseAnd   OpenCV CV_8U          0.02756     108.85        1.00x
 bitwiseOr    binCV uint32          0.00361     103.82        8.03x
 bitwiseOr    binCV uint64          0.00275     136.53       10.56x
 bitwiseOr    OpenCV CV_8U          0.02901     103.41        1.00x
 bitwiseXor   binCV uint32          0.00359     104.36        7.62x
 bitwiseXor   binCV uint64          0.00353     106.17        7.75x
 bitwiseXor   OpenCV CV_8U          0.02739     109.54        1.00x
 bitwiseNot   binCV uint32          0.00351      71.13       21.39x
 bitwiseNot   binCV uint64          0.00353      70.85       21.31x
 bitwiseNot   OpenCV CV_8U          0.07519      26.60        1.00x
 ratio > 1 means binCV is faster. sink=6217733748809579572

================ 1024 x 1024 (1048576 pixels) ================
 footprint per buffer: binCV uint32 131072 B, binCV uint64 131072 B, OpenCV CV_8U 1048576 B (8.0x)
 bitwiseAnd   set pixels: binCV   261799 OpenCV   261799 agree
 bitwiseOr    set pixels: binCV   787067 OpenCV   787067 agree
 bitwiseXor   set pixels: binCV   525268 OpenCV   525268 agree
 bitwiseNot   set pixels: binCV   523860 OpenCV   523860 agree
 physical bound (1 read + 1 write word copy, fastest batch; worst in parentheses):
 131072 B buffer 126.99 GB/s (42.67) 1048576 B buffer 100.86 GB/s (54.84)
 std::memcpy at the same footprints (context only, NOT the bound, and not monotonic in size): 8.43 GB/s, 7.45 GB/s
 working set per call: binCV 393216 B, OpenCV 3145728 B (three buffers)
[BENCH] bitwiseAnd             binCV uint32        0.00304 ns/px   123.31 GB/s
[BENCH] bitwiseAnd             binCV uint64        0.00375 ns/px   100.11 GB/s
[BENCH] bitwiseAnd             OpenCV CV_8U        0.02926 ns/px   102.54 GB/s
[BENCH] bitwiseOr              binCV uint32        0.00369 ns/px   101.76 GB/s
[BENCH] bitwiseOr              binCV uint64        0.00298 ns/px   125.79 GB/s
[BENCH] bitwiseOr              OpenCV CV_8U        0.02922 ns/px   102.65 GB/s
[BENCH] bitwiseXor             binCV uint32        0.00365 ns/px   102.63 GB/s
[BENCH] bitwiseXor             binCV uint64        0.00366 ns/px   102.32 GB/s
[BENCH] bitwiseXor             OpenCV CV_8U        0.03009 ns/px    99.71 GB/s
[BENCH] bitwiseNot             binCV uint32        0.00356 ns/px    70.22 GB/s
[BENCH] bitwiseNot             binCV uint64        0.00350 ns/px    71.45 GB/s
[BENCH] bitwiseNot             OpenCV CV_8U        0.06251 ns/px    32.00 GB/s

 OP           IMPLEMENTATION       ns/pixel       GB/s    vs OpenCV
 ---------------------------------------------------------------------
 bitwiseAnd   binCV uint32          0.00304     123.31        9.62x
 bitwiseAnd   binCV uint64          0.00375     100.11        7.81x
 bitwiseAnd   OpenCV CV_8U          0.02926     102.54        1.00x
 bitwiseOr    binCV uint32          0.00369     101.76        7.93x
 bitwiseOr    binCV uint64          0.00298     125.79        9.80x
 bitwiseOr    OpenCV CV_8U          0.02922     102.65        1.00x
 bitwiseXor   binCV uint32          0.00365     102.63        8.23x
 bitwiseXor   binCV uint64          0.00366     102.32        8.21x
 bitwiseXor   OpenCV CV_8U          0.03009      99.71        1.00x
 bitwiseNot   binCV uint32          0.00356      70.22       17.56x
 bitwiseNot   binCV uint64          0.00350      71.45       17.86x
 bitwiseNot   OpenCV CV_8U          0.06251      32.00        1.00x
 ratio > 1 means binCV is faster. sink=2194756057965761138

================ 8192 x 4096 (33554432 pixels) ================
 footprint per buffer: binCV uint32 4194304 B, binCV uint64 4194304 B, OpenCV CV_8U 33554432 B (8.0x)
 bitwiseAnd   set pixels: binCV  8389345 OpenCV  8389345 agree
 bitwiseOr    set pixels: binCV 25165591 OpenCV 25165591 agree
 bitwiseXor   set pixels: binCV 16776246 OpenCV 16776246 agree
 bitwiseNot   set pixels: binCV 16778496 OpenCV 16778496 agree
 physical bound (1 read + 1 write word copy, fastest batch; worst in parentheses):
 4194304 B buffer 102.48 GB/s (51.89) 33554432 B buffer 17.10 GB/s (8.30)
 std::memcpy at the same footprints (context only, NOT the bound, and not monotonic in size): 7.09 GB/s, 26.90 GB/s
 working set per call: binCV 12582912 B, OpenCV 100663296 B (three buffers)
[BENCH] bitwiseAnd             binCV uint32        0.01338 ns/px    28.03 GB/s
[BENCH] bitwiseAnd             binCV uint64        0.01120 ns/px    33.49 GB/s
[BENCH] bitwiseAnd             OpenCV CV_8U        0.16413 ns/px    18.28 GB/s
[BENCH] bitwiseOr              binCV uint32        0.00985 ns/px    38.08 GB/s
[BENCH] bitwiseOr              binCV uint64        0.01113 ns/px    33.68 GB/s
[BENCH] bitwiseOr              OpenCV CV_8U        0.16233 ns/px    18.48 GB/s
[BENCH] bitwiseXor             binCV uint32        0.01255 ns/px    29.87 GB/s
[BENCH] bitwiseXor             binCV uint64        0.01170 ns/px    32.06 GB/s
[BENCH] bitwiseXor             OpenCV CV_8U        0.17345 ns/px    17.30 GB/s
[BENCH] bitwiseNot             binCV uint32        0.00581 ns/px    43.03 GB/s
[BENCH] bitwiseNot             binCV uint64        0.00574 ns/px    43.58 GB/s
[BENCH] bitwiseNot             OpenCV CV_8U        0.08708 ns/px    22.97 GB/s

 OP           IMPLEMENTATION       ns/pixel       GB/s    vs OpenCV
 ---------------------------------------------------------------------
 bitwiseAnd   binCV uint32          0.01338      28.03       12.27x
 bitwiseAnd   binCV uint64          0.01120      33.49       14.66x
 bitwiseAnd   OpenCV CV_8U          0.16413      18.28        1.00x
 bitwiseOr    binCV uint32          0.00985      38.08       16.48x
 bitwiseOr    binCV uint64          0.01113      33.68       14.58x
 bitwiseOr    OpenCV CV_8U          0.16233      18.48        1.00x
 bitwiseXor   binCV uint32          0.01255      29.87       13.82x
 bitwiseXor   binCV uint64          0.01170      32.06       14.83x
 bitwiseXor   OpenCV CV_8U          0.17345      17.30        1.00x
 bitwiseNot   binCV uint32          0.00581      43.03       14.99x
 bitwiseNot   binCV uint64          0.00574      43.58       15.18x
 bitwiseNot   OpenCV CV_8U          0.08708      22.97        1.00x
 ratio > 1 means binCV is faster. sink=2282372386009166144
### run 6
=== Benchmark Config ===
Width: 640, Height: 480, Iterations: 100, DType: uint8, Sparsity: 1

logic kernels vs OpenCV on the same binary content as CV_8U
(the denominator is what a user runs today without binCV)
OpenCV 4.8.0-dev, cv::getNumThreads() = 1; binCV is single-threaded
 OpenCV build:    Configuration:               Release
 OpenCV build:    Baseline:                    SSE SSE2 SSE3
 OpenCV build:    Dispatched code generation:  SSE4_1 SSE4_2 FP16 AVX AVX2 AVX512_SKX

================ 640 x 480 (307200 pixels) ================
 footprint per buffer: binCV uint32 38400 B, binCV uint64 38400 B, OpenCV CV_8U 307200 B (8.0x)
 bitwiseAnd   set pixels: binCV    76512 OpenCV    76512 agree
 bitwiseOr    set pixels: binCV   230224 OpenCV   230224 agree
 bitwiseXor   set pixels: binCV   153712 OpenCV   153712 agree
 bitwiseNot   set pixels: binCV   153774 OpenCV   153774 agree
 physical bound (1 read + 1 write word copy, fastest batch; worst in parentheses):
 38400 B buffer 140.18 GB/s (78.74) 307200 B buffer 112.07 GB/s (65.97)
 std::memcpy at the same footprints (context only, NOT the bound, and not monotonic in size): 131.23 GB/s, 8.00 GB/s
 working set per call: binCV 115200 B, OpenCV 921600 B (three buffers)
[BENCH] bitwiseAnd             binCV uint32        0.00335 ns/px   111.93 GB/s
[BENCH] bitwiseAnd             binCV uint64        0.00424 ns/px    88.46 GB/s
[BENCH] bitwiseAnd             OpenCV CV_8U        0.02809 ns/px   106.82 GB/s
[BENCH] bitwiseOr              binCV uint32        0.00447 ns/px    83.98 GB/s
[BENCH] bitwiseOr              binCV uint64        0.00276 ns/px   135.70 GB/s
[BENCH] bitwiseOr              OpenCV CV_8U        0.03029 ns/px    99.05 GB/s
[BENCH] bitwiseXor             binCV uint32        0.00480 ns/px    78.09 GB/s
[BENCH] bitwiseXor             binCV uint64        0.00421 ns/px    89.14 GB/s
[BENCH] bitwiseXor             OpenCV CV_8U        0.02846 ns/px   105.41 GB/s
[BENCH] bitwiseNot             binCV uint32        0.00360 ns/px    69.50 GB/s
[BENCH] bitwiseNot             binCV uint64        0.00373 ns/px    66.98 GB/s
[BENCH] bitwiseNot             OpenCV CV_8U        0.06479 ns/px    30.87 GB/s

 OP           IMPLEMENTATION       ns/pixel       GB/s    vs OpenCV
 ---------------------------------------------------------------------
 bitwiseAnd   binCV uint32          0.00335     111.93        8.38x
 bitwiseAnd   binCV uint64          0.00424      88.46        6.62x
 bitwiseAnd   OpenCV CV_8U          0.02809     106.82        1.00x
 bitwiseOr    binCV uint32          0.00447      83.98        6.78x
 bitwiseOr    binCV uint64          0.00276     135.70       10.96x
 bitwiseOr    OpenCV CV_8U          0.03029      99.05        1.00x
 bitwiseXor   binCV uint32          0.00480      78.09        5.93x
 bitwiseXor   binCV uint64          0.00421      89.14        6.77x
 bitwiseXor   OpenCV CV_8U          0.02846     105.41        1.00x
 bitwiseNot   binCV uint32          0.00360      69.50       18.01x
 bitwiseNot   binCV uint64          0.00373      66.98       17.36x
 bitwiseNot   OpenCV CV_8U          0.06479      30.87        1.00x
 ratio > 1 means binCV is faster. sink=2452512463530058865

================ 1024 x 1024 (1048576 pixels) ================
 footprint per buffer: binCV uint32 131072 B, binCV uint64 131072 B, OpenCV CV_8U 1048576 B (8.0x)
 bitwiseAnd   set pixels: binCV   261799 OpenCV   261799 agree
 bitwiseOr    set pixels: binCV   787067 OpenCV   787067 agree
 bitwiseXor   set pixels: binCV   525268 OpenCV   525268 agree
 bitwiseNot   set pixels: binCV   523860 OpenCV   523860 agree
 physical bound (1 read + 1 write word copy, fastest batch; worst in parentheses):
 131072 B buffer 122.28 GB/s (65.72) 1048576 B buffer 110.54 GB/s (48.71)
 std::memcpy at the same footprints (context only, NOT the bound, and not monotonic in size): 8.13 GB/s, 8.79 GB/s
 working set per call: binCV 393216 B, OpenCV 3145728 B (three buffers)
[BENCH] bitwiseAnd             binCV uint32        0.00308 ns/px   121.58 GB/s
[BENCH] bitwiseAnd             binCV uint64        0.00398 ns/px    94.16 GB/s
[BENCH] bitwiseAnd             OpenCV CV_8U        0.03136 ns/px    95.65 GB/s
[BENCH] bitwiseOr              binCV uint32        0.00433 ns/px    86.61 GB/s
[BENCH] bitwiseOr              binCV uint64        0.00332 ns/px   112.94 GB/s
[BENCH] bitwiseOr              OpenCV CV_8U        0.03257 ns/px    92.11 GB/s
[BENCH] bitwiseXor             binCV uint32        0.00372 ns/px   100.89 GB/s
[BENCH] bitwiseXor             binCV uint64        0.00359 ns/px   104.33 GB/s
[BENCH] bitwiseXor             OpenCV CV_8U        0.03017 ns/px    99.45 GB/s
[BENCH] bitwiseNot             binCV uint32        0.00349 ns/px    71.56 GB/s
[BENCH] bitwiseNot             binCV uint64        0.00360 ns/px    69.43 GB/s
[BENCH] bitwiseNot             OpenCV CV_8U        0.06862 ns/px    29.15 GB/s

 OP           IMPLEMENTATION       ns/pixel       GB/s    vs OpenCV
 ---------------------------------------------------------------------
 bitwiseAnd   binCV uint32          0.00308     121.58       10.17x
 bitwiseAnd   binCV uint64          0.00398      94.16        7.88x
 bitwiseAnd   OpenCV CV_8U          0.03136      95.65        1.00x
 bitwiseOr    binCV uint32          0.00433      86.61        7.52x
 bitwiseOr    binCV uint64          0.00332     112.94        9.81x
 bitwiseOr    OpenCV CV_8U          0.03257      92.11        1.00x
 bitwiseXor   binCV uint32          0.00372     100.89        8.12x
 bitwiseXor   binCV uint64          0.00359     104.33        8.39x
 bitwiseXor   OpenCV CV_8U          0.03017      99.45        1.00x
 bitwiseNot   binCV uint32          0.00349      71.56       19.64x
 bitwiseNot   binCV uint64          0.00360      69.43       19.06x
 bitwiseNot   OpenCV CV_8U          0.06862      29.15        1.00x
 ratio > 1 means binCV is faster. sink=9645969217575508731

================ 8192 x 4096 (33554432 pixels) ================
 footprint per buffer: binCV uint32 4194304 B, binCV uint64 4194304 B, OpenCV CV_8U 33554432 B (8.0x)
 bitwiseAnd   set pixels: binCV  8389345 OpenCV  8389345 agree
 bitwiseOr    set pixels: binCV 25165591 OpenCV 25165591 agree
 bitwiseXor   set pixels: binCV 16776246 OpenCV 16776246 agree
 bitwiseNot   set pixels: binCV 16778496 OpenCV 16778496 agree
 physical bound (1 read + 1 write word copy, fastest batch; worst in parentheses):
 4194304 B buffer 104.00 GB/s (63.35) 33554432 B buffer 16.85 GB/s (6.83)
 std::memcpy at the same footprints (context only, NOT the bound, and not monotonic in size): 6.95 GB/s, 26.84 GB/s
 working set per call: binCV 12582912 B, OpenCV 100663296 B (three buffers)
[BENCH] bitwiseAnd             binCV uint32        0.00964 ns/px    38.92 GB/s
[BENCH] bitwiseAnd             binCV uint64        0.01117 ns/px    33.56 GB/s
[BENCH] bitwiseAnd             OpenCV CV_8U        0.16444 ns/px    18.24 GB/s
[BENCH] bitwiseOr              binCV uint32        0.01004 ns/px    37.35 GB/s
[BENCH] bitwiseOr              binCV uint64        0.01297 ns/px    28.91 GB/s
[BENCH] bitwiseOr              OpenCV CV_8U        0.17496 ns/px    17.15 GB/s
[BENCH] bitwiseXor             binCV uint32        0.00965 ns/px    38.85 GB/s
[BENCH] bitwiseXor             binCV uint64        0.01065 ns/px    35.23 GB/s
[BENCH] bitwiseXor             OpenCV CV_8U        0.15836 ns/px    18.94 GB/s
[BENCH] bitwiseNot             binCV uint32        0.00590 ns/px    42.36 GB/s
[BENCH] bitwiseNot             binCV uint64        0.00599 ns/px    41.71 GB/s
[BENCH] bitwiseNot             OpenCV CV_8U        0.09900 ns/px    20.20 GB/s

 OP           IMPLEMENTATION       ns/pixel       GB/s    vs OpenCV
 ---------------------------------------------------------------------
 bitwiseAnd   binCV uint32          0.00964      38.92       17.07x
 bitwiseAnd   binCV uint64          0.01117      33.56       14.72x
 bitwiseAnd   OpenCV CV_8U          0.16444      18.24        1.00x
 bitwiseOr    binCV uint32          0.01004      37.35       17.42x
 bitwiseOr    binCV uint64          0.01297      28.91       13.49x
 bitwiseOr    OpenCV CV_8U          0.17496      17.15        1.00x
 bitwiseXor   binCV uint32          0.00965      38.85       16.41x
 bitwiseXor   binCV uint64          0.01065      35.23       14.88x
 bitwiseXor   OpenCV CV_8U          0.15836      18.94        1.00x
 bitwiseNot   binCV uint32          0.00590      42.36       16.77x
 bitwiseNot   binCV uint64          0.00599      41.71       16.52x
 bitwiseNot   OpenCV CV_8U          0.09900      20.20        1.00x
 ratio > 1 means binCV is faster. sink=7743090386267794380
### run 7
=== Benchmark Config ===
Width: 640, Height: 480, Iterations: 100, DType: uint8, Sparsity: 1

logic kernels vs OpenCV on the same binary content as CV_8U
(the denominator is what a user runs today without binCV)
OpenCV 4.8.0-dev, cv::getNumThreads() = 1; binCV is single-threaded
 OpenCV build:    Configuration:               Release
 OpenCV build:    Baseline:                    SSE SSE2 SSE3
 OpenCV build:    Dispatched code generation:  SSE4_1 SSE4_2 FP16 AVX AVX2 AVX512_SKX

================ 640 x 480 (307200 pixels) ================
 footprint per buffer: binCV uint32 38400 B, binCV uint64 38400 B, OpenCV CV_8U 307200 B (8.0x)
 bitwiseAnd   set pixels: binCV    76512 OpenCV    76512 agree
 bitwiseOr    set pixels: binCV   230224 OpenCV   230224 agree
 bitwiseXor   set pixels: binCV   153712 OpenCV   153712 agree
 bitwiseNot   set pixels: binCV   153774 OpenCV   153774 agree
 physical bound (1 read + 1 write word copy, fastest batch; worst in parentheses):
 38400 B buffer 142.50 GB/s (62.72) 307200 B buffer 117.45 GB/s (83.15)
 std::memcpy at the same footprints (context only, NOT the bound, and not monotonic in size): 127.96 GB/s, 8.45 GB/s
 working set per call: binCV 115200 B, OpenCV 921600 B (three buffers)
[BENCH] bitwiseAnd             binCV uint32        0.00267 ns/px   140.52 GB/s
[BENCH] bitwiseAnd             binCV uint64        0.00383 ns/px    97.93 GB/s
[BENCH] bitwiseAnd             OpenCV CV_8U        0.02909 ns/px   103.13 GB/s
[BENCH] bitwiseOr              binCV uint32        0.00352 ns/px   106.41 GB/s
[BENCH] bitwiseOr              binCV uint64        0.00283 ns/px   132.64 GB/s
[BENCH] bitwiseOr              OpenCV CV_8U        0.02797 ns/px   107.25 GB/s
[BENCH] bitwiseXor             binCV uint32        0.00378 ns/px    99.13 GB/s
[BENCH] bitwiseXor             binCV uint64        0.00357 ns/px   104.90 GB/s
[BENCH] bitwiseXor             OpenCV CV_8U        0.02785 ns/px   107.73 GB/s
[BENCH] bitwiseNot             binCV uint32        0.00388 ns/px    64.50 GB/s
[BENCH] bitwiseNot             binCV uint64        0.00347 ns/px    72.02 GB/s
[BENCH] bitwiseNot             OpenCV CV_8U        0.06156 ns/px    32.49 GB/s

 OP           IMPLEMENTATION       ns/pixel       GB/s    vs OpenCV
 ---------------------------------------------------------------------
 bitwiseAnd   binCV uint32          0.00267     140.52       10.90x
 bitwiseAnd   binCV uint64          0.00383      97.93        7.60x
 bitwiseAnd   OpenCV CV_8U          0.02909     103.13        1.00x
 bitwiseOr    binCV uint32          0.00352     106.41        7.94x
 bitwiseOr    binCV uint64          0.00283     132.64        9.89x
 bitwiseOr    OpenCV CV_8U          0.02797     107.25        1.00x
 bitwiseXor   binCV uint32          0.00378      99.13        7.36x
 bitwiseXor   binCV uint64          0.00357     104.90        7.79x
 bitwiseXor   OpenCV CV_8U          0.02785     107.73        1.00x
 bitwiseNot   binCV uint32          0.00388      64.50       15.88x
 bitwiseNot   binCV uint64          0.00347      72.02       17.73x
 bitwiseNot   OpenCV CV_8U          0.06156      32.49        1.00x
 ratio > 1 means binCV is faster. sink=3573643312518307111

================ 1024 x 1024 (1048576 pixels) ================
 footprint per buffer: binCV uint32 131072 B, binCV uint64 131072 B, OpenCV CV_8U 1048576 B (8.0x)
 bitwiseAnd   set pixels: binCV   261799 OpenCV   261799 agree
 bitwiseOr    set pixels: binCV   787067 OpenCV   787067 agree
 bitwiseXor   set pixels: binCV   525268 OpenCV   525268 agree
 bitwiseNot   set pixels: binCV   523860 OpenCV   523860 agree
 physical bound (1 read + 1 write word copy, fastest batch; worst in parentheses):
 131072 B buffer 95.77 GB/s (46.30) 1048576 B buffer 105.40 GB/s (66.37)
 std::memcpy at the same footprints (context only, NOT the bound, and not monotonic in size): 8.63 GB/s, 7.55 GB/s
 working set per call: binCV 393216 B, OpenCV 3145728 B (three buffers)
[BENCH] bitwiseAnd             binCV uint32        0.00306 ns/px   122.41 GB/s
[BENCH] bitwiseAnd             binCV uint64        0.00376 ns/px    99.62 GB/s
[BENCH] bitwiseAnd             OpenCV CV_8U        0.02990 ns/px   100.33 GB/s
[BENCH] bitwiseOr              binCV uint32        0.00372 ns/px   100.73 GB/s
[BENCH] bitwiseOr              binCV uint64        0.00304 ns/px   123.40 GB/s
[BENCH] bitwiseOr              OpenCV CV_8U        0.02946 ns/px   101.85 GB/s
[BENCH] bitwiseXor             binCV uint32        0.00392 ns/px    95.65 GB/s
[BENCH] bitwiseXor             binCV uint64        0.00359 ns/px   104.40 GB/s
[BENCH] bitwiseXor             OpenCV CV_8U        0.02989 ns/px   100.37 GB/s
[BENCH] bitwiseNot             binCV uint32        0.00353 ns/px    70.92 GB/s
[BENCH] bitwiseNot             binCV uint64        0.00348 ns/px    71.85 GB/s
[BENCH] bitwiseNot             OpenCV CV_8U        0.06075 ns/px    32.92 GB/s

 OP           IMPLEMENTATION       ns/pixel       GB/s    vs OpenCV
 ---------------------------------------------------------------------
 bitwiseAnd   binCV uint32          0.00306     122.41        9.76x
 bitwiseAnd   binCV uint64          0.00376      99.62        7.94x
 bitwiseAnd   OpenCV CV_8U          0.02990     100.33        1.00x
 bitwiseOr    binCV uint32          0.00372     100.73        7.91x
 bitwiseOr    binCV uint64          0.00304     123.40        9.69x
 bitwiseOr    OpenCV CV_8U          0.02946     101.85        1.00x
 bitwiseXor   binCV uint32          0.00392      95.65        7.62x
 bitwiseXor   binCV uint64          0.00359     104.40        8.32x
 bitwiseXor   OpenCV CV_8U          0.02989     100.37        1.00x
 bitwiseNot   binCV uint32          0.00353      70.92       17.23x
 bitwiseNot   binCV uint64          0.00348      71.85       17.46x
 bitwiseNot   OpenCV CV_8U          0.06075      32.92        1.00x
 ratio > 1 means binCV is faster. sink=2605261058190615280

================ 8192 x 4096 (33554432 pixels) ================
 footprint per buffer: binCV uint32 4194304 B, binCV uint64 4194304 B, OpenCV CV_8U 33554432 B (8.0x)
 bitwiseAnd   set pixels: binCV  8389345 OpenCV  8389345 agree
 bitwiseOr    set pixels: binCV 25165591 OpenCV 25165591 agree
 bitwiseXor   set pixels: binCV 16776246 OpenCV 16776246 agree
 bitwiseNot   set pixels: binCV 16778496 OpenCV 16778496 agree
 physical bound (1 read + 1 write word copy, fastest batch; worst in parentheses):
 4194304 B buffer 98.98 GB/s (59.03) 33554432 B buffer 18.43 GB/s (7.64)
 std::memcpy at the same footprints (context only, NOT the bound, and not monotonic in size): 6.33 GB/s, 25.47 GB/s
 working set per call: binCV 12582912 B, OpenCV 100663296 B (three buffers)
[BENCH] bitwiseAnd             binCV uint32        0.01084 ns/px    34.59 GB/s
[BENCH] bitwiseAnd             binCV uint64        0.01008 ns/px    37.21 GB/s
[BENCH] bitwiseAnd             OpenCV CV_8U        0.16124 ns/px    18.61 GB/s
[BENCH] bitwiseOr              binCV uint32        0.01718 ns/px    21.83 GB/s
[BENCH] bitwiseOr              binCV uint64        0.01071 ns/px    35.01 GB/s
[BENCH] bitwiseOr              OpenCV CV_8U        0.15706 ns/px    19.10 GB/s
[BENCH] bitwiseXor             binCV uint32        0.00968 ns/px    38.75 GB/s
[BENCH] bitwiseXor             binCV uint64        0.01056 ns/px    35.52 GB/s
[BENCH] bitwiseXor             OpenCV CV_8U        0.15988 ns/px    18.76 GB/s
[BENCH] bitwiseNot             binCV uint32        0.00557 ns/px    44.92 GB/s
[BENCH] bitwiseNot             binCV uint64        0.00574 ns/px    43.55 GB/s
[BENCH] bitwiseNot             OpenCV CV_8U        0.08264 ns/px    24.20 GB/s

 OP           IMPLEMENTATION       ns/pixel       GB/s    vs OpenCV
 ---------------------------------------------------------------------
 bitwiseAnd   binCV uint32          0.01084      34.59       14.87x
 bitwiseAnd   binCV uint64          0.01008      37.21       16.00x
 bitwiseAnd   OpenCV CV_8U          0.16124      18.61        1.00x
 bitwiseOr    binCV uint32          0.01718      21.83        9.14x
 bitwiseOr    binCV uint64          0.01071      35.01       14.66x
 bitwiseOr    OpenCV CV_8U          0.15706      19.10        1.00x
 bitwiseXor   binCV uint32          0.00968      38.75       16.52x
 bitwiseXor   binCV uint64          0.01056      35.52       15.14x
 bitwiseXor   OpenCV CV_8U          0.15988      18.76        1.00x
 bitwiseNot   binCV uint32          0.00557      44.92       14.85x
 bitwiseNot   binCV uint64          0.00574      43.55       14.39x
 bitwiseNot   OpenCV CV_8U          0.08264      24.20        1.00x
 ratio > 1 means binCV is faster. sink=9397026448391758403
### run 8
=== Benchmark Config ===
Width: 640, Height: 480, Iterations: 100, DType: uint8, Sparsity: 1

logic kernels vs OpenCV on the same binary content as CV_8U
(the denominator is what a user runs today without binCV)
OpenCV 4.8.0-dev, cv::getNumThreads() = 1; binCV is single-threaded
 OpenCV build:    Configuration:               Release
 OpenCV build:    Baseline:                    SSE SSE2 SSE3
 OpenCV build:    Dispatched code generation:  SSE4_1 SSE4_2 FP16 AVX AVX2 AVX512_SKX

================ 640 x 480 (307200 pixels) ================
 footprint per buffer: binCV uint32 38400 B, binCV uint64 38400 B, OpenCV CV_8U 307200 B (8.0x)
 bitwiseAnd   set pixels: binCV    76512 OpenCV    76512 agree
 bitwiseOr    set pixels: binCV   230224 OpenCV   230224 agree
 bitwiseXor   set pixels: binCV   153712 OpenCV   153712 agree
 bitwiseNot   set pixels: binCV   153774 OpenCV   153774 agree
 physical bound (1 read + 1 write word copy, fastest batch; worst in parentheses):
 38400 B buffer 141.61 GB/s (73.73) 307200 B buffer 112.61 GB/s (44.69)
 std::memcpy at the same footprints (context only, NOT the bound, and not monotonic in size): 127.28 GB/s, 8.34 GB/s
 working set per call: binCV 115200 B, OpenCV 921600 B (three buffers)
[BENCH] bitwiseAnd             binCV uint32        0.00297 ns/px   126.33 GB/s
[BENCH] bitwiseAnd             binCV uint64        0.00380 ns/px    98.61 GB/s
[BENCH] bitwiseAnd             OpenCV CV_8U        0.02758 ns/px   108.76 GB/s
[BENCH] bitwiseOr              binCV uint32        0.00357 ns/px   104.92 GB/s
[BENCH] bitwiseOr              binCV uint64        0.00326 ns/px   115.14 GB/s
[BENCH] bitwiseOr              OpenCV CV_8U        0.02757 ns/px   108.82 GB/s
[BENCH] bitwiseXor             binCV uint32        0.00362 ns/px   103.47 GB/s
[BENCH] bitwiseXor             binCV uint64        0.00362 ns/px   103.50 GB/s
[BENCH] bitwiseXor             OpenCV CV_8U        0.02776 ns/px   108.06 GB/s
[BENCH] bitwiseNot             binCV uint32        0.00354 ns/px    70.63 GB/s
[BENCH] bitwiseNot             binCV uint64        0.00350 ns/px    71.48 GB/s
[BENCH] bitwiseNot             OpenCV CV_8U        0.06379 ns/px    31.35 GB/s

 OP           IMPLEMENTATION       ns/pixel       GB/s    vs OpenCV
 ---------------------------------------------------------------------
 bitwiseAnd   binCV uint32          0.00297     126.33        9.29x
 bitwiseAnd   binCV uint64          0.00380      98.61        7.25x
 bitwiseAnd   OpenCV CV_8U          0.02758     108.76        1.00x
 bitwiseOr    binCV uint32          0.00357     104.92        7.71x
 bitwiseOr    binCV uint64          0.00326     115.14        8.46x
 bitwiseOr    OpenCV CV_8U          0.02757     108.82        1.00x
 bitwiseXor   binCV uint32          0.00362     103.47        7.66x
 bitwiseXor   binCV uint64          0.00362     103.50        7.66x
 bitwiseXor   OpenCV CV_8U          0.02776     108.06        1.00x
 bitwiseNot   binCV uint32          0.00354      70.63       18.02x
 bitwiseNot   binCV uint64          0.00350      71.48       18.24x
 bitwiseNot   OpenCV CV_8U          0.06379      31.35        1.00x
 ratio > 1 means binCV is faster. sink=12835195537841970576

================ 1024 x 1024 (1048576 pixels) ================
 footprint per buffer: binCV uint32 131072 B, binCV uint64 131072 B, OpenCV CV_8U 1048576 B (8.0x)
 bitwiseAnd   set pixels: binCV   261799 OpenCV   261799 agree
 bitwiseOr    set pixels: binCV   787067 OpenCV   787067 agree
 bitwiseXor   set pixels: binCV   525268 OpenCV   525268 agree
 bitwiseNot   set pixels: binCV   523860 OpenCV   523860 agree
 physical bound (1 read + 1 write word copy, fastest batch; worst in parentheses):
 131072 B buffer 133.39 GB/s (86.86) 1048576 B buffer 114.55 GB/s (71.59)
 std::memcpy at the same footprints (context only, NOT the bound, and not monotonic in size): 8.37 GB/s, 7.39 GB/s
 working set per call: binCV 393216 B, OpenCV 3145728 B (three buffers)
[BENCH] bitwiseAnd             binCV uint32        0.00331 ns/px   113.19 GB/s
[BENCH] bitwiseAnd             binCV uint64        0.00420 ns/px    89.30 GB/s
[BENCH] bitwiseAnd             OpenCV CV_8U        0.03011 ns/px    99.64 GB/s
[BENCH] bitwiseOr              binCV uint32        0.00368 ns/px   101.86 GB/s
[BENCH] bitwiseOr              binCV uint64        0.00300 ns/px   124.86 GB/s
[BENCH] bitwiseOr              OpenCV CV_8U        0.03015 ns/px    99.50 GB/s
[BENCH] bitwiseXor             binCV uint32        0.00369 ns/px   101.64 GB/s
[BENCH] bitwiseXor             binCV uint64        0.00360 ns/px   104.17 GB/s
[BENCH] bitwiseXor             OpenCV CV_8U        0.03040 ns/px    98.70 GB/s
[BENCH] bitwiseNot             binCV uint32        0.00371 ns/px    67.43 GB/s
[BENCH] bitwiseNot             binCV uint64        0.00347 ns/px    72.03 GB/s
[BENCH] bitwiseNot             OpenCV CV_8U        0.06608 ns/px    30.27 GB/s

 OP           IMPLEMENTATION       ns/pixel       GB/s    vs OpenCV
 ---------------------------------------------------------------------
 bitwiseAnd   binCV uint32          0.00331     113.19        9.09x
 bitwiseAnd   binCV uint64          0.00420      89.30        7.17x
 bitwiseAnd   OpenCV CV_8U          0.03011      99.64        1.00x
 bitwiseOr    binCV uint32          0.00368     101.86        8.19x
 bitwiseOr    binCV uint64          0.00300     124.86       10.04x
 bitwiseOr    OpenCV CV_8U          0.03015      99.50        1.00x
 bitwiseXor   binCV uint32          0.00369     101.64        8.24x
 bitwiseXor   binCV uint64          0.00360     104.17        8.44x
 bitwiseXor   OpenCV CV_8U          0.03040      98.70        1.00x
 bitwiseNot   binCV uint32          0.00371      67.43       17.82x
 bitwiseNot   binCV uint64          0.00347      72.03       19.04x
 bitwiseNot   OpenCV CV_8U          0.06608      30.27        1.00x
 ratio > 1 means binCV is faster. sink=11427940493676013262

================ 8192 x 4096 (33554432 pixels) ================
 footprint per buffer: binCV uint32 4194304 B, binCV uint64 4194304 B, OpenCV CV_8U 33554432 B (8.0x)
 bitwiseAnd   set pixels: binCV  8389345 OpenCV  8389345 agree
 bitwiseOr    set pixels: binCV 25165591 OpenCV 25165591 agree
 bitwiseXor   set pixels: binCV 16776246 OpenCV 16776246 agree
 bitwiseNot   set pixels: binCV 16778496 OpenCV 16778496 agree
 physical bound (1 read + 1 write word copy, fastest batch; worst in parentheses):
 4194304 B buffer 101.48 GB/s (72.59) 33554432 B buffer 16.40 GB/s (9.44)
 std::memcpy at the same footprints (context only, NOT the bound, and not monotonic in size): 8.18 GB/s, 27.13 GB/s
 working set per call: binCV 12582912 B, OpenCV 100663296 B (three buffers)
[BENCH] bitwiseAnd             binCV uint32        0.00980 ns/px    38.26 GB/s
[BENCH] bitwiseAnd             binCV uint64        0.00999 ns/px    37.55 GB/s
[BENCH] bitwiseAnd             OpenCV CV_8U        0.17268 ns/px    17.37 GB/s
[BENCH] bitwiseOr              binCV uint32        0.01044 ns/px    35.90 GB/s
[BENCH] bitwiseOr              binCV uint64        0.00844 ns/px    44.46 GB/s
[BENCH] bitwiseOr              OpenCV CV_8U        0.16393 ns/px    18.30 GB/s
[BENCH] bitwiseXor             binCV uint32        0.01175 ns/px    31.92 GB/s
[BENCH] bitwiseXor             binCV uint64        0.00989 ns/px    37.92 GB/s
[BENCH] bitwiseXor             OpenCV CV_8U        0.17315 ns/px    17.33 GB/s
[BENCH] bitwiseNot             binCV uint32        0.00422 ns/px    59.20 GB/s
[BENCH] bitwiseNot             binCV uint64        0.00574 ns/px    43.55 GB/s
[BENCH] bitwiseNot             OpenCV CV_8U        0.08787 ns/px    22.76 GB/s

 OP           IMPLEMENTATION       ns/pixel       GB/s    vs OpenCV
 ---------------------------------------------------------------------
 bitwiseAnd   binCV uint32          0.00980      38.26       17.62x
 bitwiseAnd   binCV uint64          0.00999      37.55       17.29x
 bitwiseAnd   OpenCV CV_8U          0.17268      17.37        1.00x
 bitwiseOr    binCV uint32          0.01044      35.90       15.70x
 bitwiseOr    binCV uint64          0.00844      44.46       19.43x
 bitwiseOr    OpenCV CV_8U          0.16393      18.30        1.00x
 bitwiseXor   binCV uint32          0.01175      31.92       14.74x
 bitwiseXor   binCV uint64          0.00989      37.92       17.51x
 bitwiseXor   OpenCV CV_8U          0.17315      17.33        1.00x
 bitwiseNot   binCV uint32          0.00422      59.20       20.81x
 bitwiseNot   binCV uint64          0.00574      43.55       15.31x
 bitwiseNot   OpenCV CV_8U          0.08787      22.76        1.00x
 ratio > 1 means binCV is faster. sink=1310197764861095666
### run 9
=== Benchmark Config ===
Width: 640, Height: 480, Iterations: 100, DType: uint8, Sparsity: 1

logic kernels vs OpenCV on the same binary content as CV_8U
(the denominator is what a user runs today without binCV)
OpenCV 4.8.0-dev, cv::getNumThreads() = 1; binCV is single-threaded
 OpenCV build:    Configuration:               Release
 OpenCV build:    Baseline:                    SSE SSE2 SSE3
 OpenCV build:    Dispatched code generation:  SSE4_1 SSE4_2 FP16 AVX AVX2 AVX512_SKX

================ 640 x 480 (307200 pixels) ================
 footprint per buffer: binCV uint32 38400 B, binCV uint64 38400 B, OpenCV CV_8U 307200 B (8.0x)
 bitwiseAnd   set pixels: binCV    76512 OpenCV    76512 agree
 bitwiseOr    set pixels: binCV   230224 OpenCV   230224 agree
 bitwiseXor   set pixels: binCV   153712 OpenCV   153712 agree
 bitwiseNot   set pixels: binCV   153774 OpenCV   153774 agree
 physical bound (1 read + 1 write word copy, fastest batch; worst in parentheses):
 38400 B buffer 141.79 GB/s (54.17) 307200 B buffer 112.52 GB/s (56.97)
 std::memcpy at the same footprints (context only, NOT the bound, and not monotonic in size): 127.46 GB/s, 8.36 GB/s
 working set per call: binCV 115200 B, OpenCV 921600 B (three buffers)
[BENCH] bitwiseAnd             binCV uint32        0.00360 ns/px   104.26 GB/s
[BENCH] bitwiseAnd             binCV uint64        0.00378 ns/px    99.17 GB/s
[BENCH] bitwiseAnd             OpenCV CV_8U        0.02737 ns/px   109.61 GB/s
[BENCH] bitwiseOr              binCV uint32        0.00358 ns/px   104.81 GB/s
[BENCH] bitwiseOr              binCV uint64        0.00273 ns/px   137.55 GB/s
[BENCH] bitwiseOr              OpenCV CV_8U        0.02785 ns/px   107.73 GB/s
[BENCH] bitwiseXor             binCV uint32        0.00361 ns/px   103.84 GB/s
[BENCH] bitwiseXor             binCV uint64        0.00360 ns/px   104.24 GB/s
[BENCH] bitwiseXor             OpenCV CV_8U        0.02719 ns/px   110.32 GB/s
[BENCH] bitwiseNot             binCV uint32        0.00349 ns/px    71.54 GB/s
[BENCH] bitwiseNot             binCV uint64        0.00360 ns/px    69.43 GB/s
[BENCH] bitwiseNot             OpenCV CV_8U        0.06424 ns/px    31.13 GB/s

 OP           IMPLEMENTATION       ns/pixel       GB/s    vs OpenCV
 ---------------------------------------------------------------------
 bitwiseAnd   binCV uint32          0.00360     104.26        7.61x
 bitwiseAnd   binCV uint64          0.00378      99.17        7.24x
 bitwiseAnd   OpenCV CV_8U          0.02737     109.61        1.00x
 bitwiseOr    binCV uint32          0.00358     104.81        7.78x
 bitwiseOr    binCV uint64          0.00273     137.55       10.21x
 bitwiseOr    OpenCV CV_8U          0.02785     107.73        1.00x
 bitwiseXor   binCV uint32          0.00361     103.84        7.53x
 bitwiseXor   binCV uint64          0.00360     104.24        7.56x
 bitwiseXor   OpenCV CV_8U          0.02719     110.32        1.00x
 bitwiseNot   binCV uint32          0.00349      71.54       18.38x
 bitwiseNot   binCV uint64          0.00360      69.43       17.84x
 bitwiseNot   OpenCV CV_8U          0.06424      31.13        1.00x
 ratio > 1 means binCV is faster. sink=14489625128406662095

================ 1024 x 1024 (1048576 pixels) ================
 footprint per buffer: binCV uint32 131072 B, binCV uint64 131072 B, OpenCV CV_8U 1048576 B (8.0x)
 bitwiseAnd   set pixels: binCV   261799 OpenCV   261799 agree
 bitwiseOr    set pixels: binCV   787067 OpenCV   787067 agree
 bitwiseXor   set pixels: binCV   525268 OpenCV   525268 agree
 bitwiseNot   set pixels: binCV   523860 OpenCV   523860 agree
 physical bound (1 read + 1 write word copy, fastest batch; worst in parentheses):
 131072 B buffer 132.49 GB/s (96.95) 1048576 B buffer 111.09 GB/s (51.24)
 std::memcpy at the same footprints (context only, NOT the bound, and not monotonic in size): 8.26 GB/s, 7.49 GB/s
 working set per call: binCV 393216 B, OpenCV 3145728 B (three buffers)
[BENCH] bitwiseAnd             binCV uint32        0.00308 ns/px   121.73 GB/s
[BENCH] bitwiseAnd             binCV uint64        0.00362 ns/px   103.55 GB/s
[BENCH] bitwiseAnd             OpenCV CV_8U        0.02963 ns/px   101.26 GB/s
[BENCH] bitwiseOr              binCV uint32        0.00356 ns/px   105.40 GB/s
[BENCH] bitwiseOr              binCV uint64        0.00305 ns/px   123.15 GB/s
[BENCH] bitwiseOr              OpenCV CV_8U        0.02943 ns/px   101.92 GB/s
[BENCH] bitwiseXor             binCV uint32        0.00364 ns/px   103.01 GB/s
[BENCH] bitwiseXor             binCV uint64        0.00355 ns/px   105.56 GB/s
[BENCH] bitwiseXor             OpenCV CV_8U        0.03015 ns/px    99.51 GB/s
[BENCH] bitwiseNot             binCV uint32        0.00351 ns/px    71.30 GB/s
[BENCH] bitwiseNot             binCV uint64        0.00351 ns/px    71.18 GB/s
[BENCH] bitwiseNot             OpenCV CV_8U        0.06102 ns/px    32.78 GB/s

 OP           IMPLEMENTATION       ns/pixel       GB/s    vs OpenCV
 ---------------------------------------------------------------------
 bitwiseAnd   binCV uint32          0.00308     121.73        9.62x
 bitwiseAnd   binCV uint64          0.00362     103.55        8.18x
 bitwiseAnd   OpenCV CV_8U          0.02963     101.26        1.00x
 bitwiseOr    binCV uint32          0.00356     105.40        8.27x
 bitwiseOr    binCV uint64          0.00305     123.15        9.67x
 bitwiseOr    OpenCV CV_8U          0.02943     101.92        1.00x
 bitwiseXor   binCV uint32          0.00364     103.01        8.28x
 bitwiseXor   binCV uint64          0.00355     105.56        8.49x
 bitwiseXor   OpenCV CV_8U          0.03015      99.51        1.00x
 bitwiseNot   binCV uint32          0.00351      71.30       17.40x
 bitwiseNot   binCV uint64          0.00351      71.18       17.37x
 bitwiseNot   OpenCV CV_8U          0.06102      32.78        1.00x
 ratio > 1 means binCV is faster. sink=17265505030749057023

================ 8192 x 4096 (33554432 pixels) ================
 footprint per buffer: binCV uint32 4194304 B, binCV uint64 4194304 B, OpenCV CV_8U 33554432 B (8.0x)
 bitwiseAnd   set pixels: binCV  8389345 OpenCV  8389345 agree
 bitwiseOr    set pixels: binCV 25165591 OpenCV 25165591 agree
 bitwiseXor   set pixels: binCV 16776246 OpenCV 16776246 agree
 bitwiseNot   set pixels: binCV 16778496 OpenCV 16778496 agree
 physical bound (1 read + 1 write word copy, fastest batch; worst in parentheses):
 4194304 B buffer 108.06 GB/s (66.58) 33554432 B buffer 15.98 GB/s (6.15)
 std::memcpy at the same footprints (context only, NOT the bound, and not monotonic in size): 6.82 GB/s, 26.64 GB/s
 working set per call: binCV 12582912 B, OpenCV 100663296 B (three buffers)
[BENCH] bitwiseAnd             binCV uint32        0.00969 ns/px    38.69 GB/s
[BENCH] bitwiseAnd             binCV uint64        0.01653 ns/px    22.68 GB/s
[BENCH] bitwiseAnd             OpenCV CV_8U        0.17678 ns/px    16.97 GB/s
[BENCH] bitwiseOr              binCV uint32        0.00968 ns/px    38.75 GB/s
[BENCH] bitwiseOr              binCV uint64        0.00958 ns/px    39.13 GB/s
[BENCH] bitwiseOr              OpenCV CV_8U        0.16744 ns/px    17.92 GB/s
[BENCH] bitwiseXor             binCV uint32        0.01667 ns/px    22.50 GB/s
[BENCH] bitwiseXor             binCV uint64        0.01431 ns/px    26.21 GB/s
[BENCH] bitwiseXor             OpenCV CV_8U        0.16800 ns/px    17.86 GB/s
[BENCH] bitwiseNot             binCV uint32        0.00626 ns/px    39.94 GB/s
[BENCH] bitwiseNot             binCV uint64        0.00590 ns/px    42.37 GB/s
[BENCH] bitwiseNot             OpenCV CV_8U        0.08827 ns/px    22.66 GB/s

 OP           IMPLEMENTATION       ns/pixel       GB/s    vs OpenCV
 ---------------------------------------------------------------------
 bitwiseAnd   binCV uint32          0.00969      38.69       18.24x
 bitwiseAnd   binCV uint64          0.01653      22.68       10.69x
 bitwiseAnd   OpenCV CV_8U          0.17678      16.97        1.00x
 bitwiseOr    binCV uint32          0.00968      38.75       17.30x
 bitwiseOr    binCV uint64          0.00958      39.13       17.47x
 bitwiseOr    OpenCV CV_8U          0.16744      17.92        1.00x
 bitwiseXor   binCV uint32          0.01667      22.50       10.08x
 bitwiseXor   binCV uint64          0.01431      26.21       11.74x
 bitwiseXor   OpenCV CV_8U          0.16800      17.86        1.00x
 bitwiseNot   binCV uint32          0.00626      39.94       14.10x
 bitwiseNot   binCV uint64          0.00590      42.37       14.96x
 bitwiseNot   OpenCV CV_8U          0.08827      22.66        1.00x
 ratio > 1 means binCV is faster. sink=14382090027857319105
### run 10
=== Benchmark Config ===
Width: 640, Height: 480, Iterations: 100, DType: uint8, Sparsity: 1

logic kernels vs OpenCV on the same binary content as CV_8U
(the denominator is what a user runs today without binCV)
OpenCV 4.8.0-dev, cv::getNumThreads() = 1; binCV is single-threaded
 OpenCV build:    Configuration:               Release
 OpenCV build:    Baseline:                    SSE SSE2 SSE3
 OpenCV build:    Dispatched code generation:  SSE4_1 SSE4_2 FP16 AVX AVX2 AVX512_SKX

================ 640 x 480 (307200 pixels) ================
 footprint per buffer: binCV uint32 38400 B, binCV uint64 38400 B, OpenCV CV_8U 307200 B (8.0x)
 bitwiseAnd   set pixels: binCV    76512 OpenCV    76512 agree
 bitwiseOr    set pixels: binCV   230224 OpenCV   230224 agree
 bitwiseXor   set pixels: binCV   153712 OpenCV   153712 agree
 bitwiseNot   set pixels: binCV   153774 OpenCV   153774 agree
 physical bound (1 read + 1 write word copy, fastest batch; worst in parentheses):
 38400 B buffer 138.56 GB/s (53.84) 307200 B buffer 107.31 GB/s (63.79)
 std::memcpy at the same footprints (context only, NOT the bound, and not monotonic in size): 129.02 GB/s, 8.12 GB/s
 working set per call: binCV 115200 B, OpenCV 921600 B (three buffers)
[BENCH] bitwiseAnd             binCV uint32        0.00279 ns/px   134.27 GB/s
[BENCH] bitwiseAnd             binCV uint64        0.00363 ns/px   103.44 GB/s
[BENCH] bitwiseAnd             OpenCV CV_8U        0.02899 ns/px   103.47 GB/s
[BENCH] bitwiseOr              binCV uint32        0.00423 ns/px    88.61 GB/s
[BENCH] bitwiseOr              binCV uint64        0.00286 ns/px   131.05 GB/s
[BENCH] bitwiseOr              OpenCV CV_8U        0.02850 ns/px   105.27 GB/s
[BENCH] bitwiseXor             binCV uint32        0.00375 ns/px   100.00 GB/s
[BENCH] bitwiseXor             binCV uint64        0.00362 ns/px   103.72 GB/s
[BENCH] bitwiseXor             OpenCV CV_8U        0.03417 ns/px    87.80 GB/s
[BENCH] bitwiseNot             binCV uint32        0.00351 ns/px    71.17 GB/s
[BENCH] bitwiseNot             binCV uint64        0.00364 ns/px    68.71 GB/s
[BENCH] bitwiseNot             OpenCV CV_8U        0.06315 ns/px    31.67 GB/s

 OP           IMPLEMENTATION       ns/pixel       GB/s    vs OpenCV
 ---------------------------------------------------------------------
 bitwiseAnd   binCV uint32          0.00279     134.27       10.38x
 bitwiseAnd   binCV uint64          0.00363     103.44        8.00x
 bitwiseAnd   OpenCV CV_8U          0.02899     103.47        1.00x
 bitwiseOr    binCV uint32          0.00423      88.61        6.73x
 bitwiseOr    binCV uint64          0.00286     131.05        9.96x
 bitwiseOr    OpenCV CV_8U          0.02850     105.27        1.00x
 bitwiseXor   binCV uint32          0.00375     100.00        9.11x
 bitwiseXor   binCV uint64          0.00362     103.72        9.45x
 bitwiseXor   OpenCV CV_8U          0.03417      87.80        1.00x
 bitwiseNot   binCV uint32          0.00351      71.17       17.98x
 bitwiseNot   binCV uint64          0.00364      68.71       17.35x
 bitwiseNot   OpenCV CV_8U          0.06315      31.67        1.00x
 ratio > 1 means binCV is faster. sink=16250416802257372710

================ 1024 x 1024 (1048576 pixels) ================
 footprint per buffer: binCV uint32 131072 B, binCV uint64 131072 B, OpenCV CV_8U 1048576 B (8.0x)
 bitwiseAnd   set pixels: binCV   261799 OpenCV   261799 agree
 bitwiseOr    set pixels: binCV   787067 OpenCV   787067 agree
 bitwiseXor   set pixels: binCV   525268 OpenCV   525268 agree
 bitwiseNot   set pixels: binCV   523860 OpenCV   523860 agree
 physical bound (1 read + 1 write word copy, fastest batch; worst in parentheses):
 131072 B buffer 121.21 GB/s (81.19) 1048576 B buffer 101.27 GB/s (29.31)
 std::memcpy at the same footprints (context only, NOT the bound, and not monotonic in size): 8.24 GB/s, 7.85 GB/s
 working set per call: binCV 393216 B, OpenCV 3145728 B (three buffers)
[BENCH] bitwiseAnd             binCV uint32        0.00305 ns/px   123.04 GB/s
[BENCH] bitwiseAnd             binCV uint64        0.00368 ns/px   101.85 GB/s
[BENCH] bitwiseAnd             OpenCV CV_8U        0.03099 ns/px    96.81 GB/s
[BENCH] bitwiseOr              binCV uint32        0.00391 ns/px    95.95 GB/s
[BENCH] bitwiseOr              binCV uint64        0.00475 ns/px    79.02 GB/s
[BENCH] bitwiseOr              OpenCV CV_8U        0.03166 ns/px    94.76 GB/s
[BENCH] bitwiseXor             binCV uint32        0.00372 ns/px   100.91 GB/s
[BENCH] bitwiseXor             binCV uint64        0.00366 ns/px   102.60 GB/s
[BENCH] bitwiseXor             OpenCV CV_8U        0.02950 ns/px   101.68 GB/s
[BENCH] bitwiseNot             binCV uint32        0.00370 ns/px    67.52 GB/s
[BENCH] bitwiseNot             binCV uint64        0.00425 ns/px    58.83 GB/s
[BENCH] bitwiseNot             OpenCV CV_8U        0.06201 ns/px    32.25 GB/s

 OP           IMPLEMENTATION       ns/pixel       GB/s    vs OpenCV
 ---------------------------------------------------------------------
 bitwiseAnd   binCV uint32          0.00305     123.04       10.17x
 bitwiseAnd   binCV uint64          0.00368     101.85        8.42x
 bitwiseAnd   OpenCV CV_8U          0.03099      96.81        1.00x
 bitwiseOr    binCV uint32          0.00391      95.95        8.10x
 bitwiseOr    binCV uint64          0.00475      79.02        6.67x
 bitwiseOr    OpenCV CV_8U          0.03166      94.76        1.00x
 bitwiseXor   binCV uint32          0.00372     100.91        7.94x
 bitwiseXor   binCV uint64          0.00366     102.60        8.07x
 bitwiseXor   OpenCV CV_8U          0.02950     101.68        1.00x
 bitwiseNot   binCV uint32          0.00370      67.52       16.75x
 bitwiseNot   binCV uint64          0.00425      58.83       14.59x
 bitwiseNot   OpenCV CV_8U          0.06201      32.25        1.00x
 ratio > 1 means binCV is faster. sink=11059960228453596795

================ 8192 x 4096 (33554432 pixels) ================
 footprint per buffer: binCV uint32 4194304 B, binCV uint64 4194304 B, OpenCV CV_8U 33554432 B (8.0x)
 bitwiseAnd   set pixels: binCV  8389345 OpenCV  8389345 agree
 bitwiseOr    set pixels: binCV 25165591 OpenCV 25165591 agree
 bitwiseXor   set pixels: binCV 16776246 OpenCV 16776246 agree
 bitwiseNot   set pixels: binCV 16778496 OpenCV 16778496 agree
 physical bound (1 read + 1 write word copy, fastest batch; worst in parentheses):
 4194304 B buffer 103.29 GB/s (30.01) 33554432 B buffer 16.48 GB/s (7.39)
 std::memcpy at the same footprints (context only, NOT the bound, and not monotonic in size): 6.49 GB/s, 26.37 GB/s
 working set per call: binCV 12582912 B, OpenCV 100663296 B (three buffers)
[BENCH] bitwiseAnd             binCV uint32        0.01020 ns/px    36.77 GB/s
[BENCH] bitwiseAnd             binCV uint64        0.01338 ns/px    28.02 GB/s
[BENCH] bitwiseAnd             OpenCV CV_8U        0.17548 ns/px    17.10 GB/s
[BENCH] bitwiseOr              binCV uint32        0.01203 ns/px    31.18 GB/s
[BENCH] bitwiseOr              binCV uint64        0.01161 ns/px    32.29 GB/s
[BENCH] bitwiseOr              OpenCV CV_8U        0.22116 ns/px    13.56 GB/s
[BENCH] bitwiseXor             binCV uint32        0.01213 ns/px    30.92 GB/s
[BENCH] bitwiseXor             binCV uint64        0.01007 ns/px    37.24 GB/s
[BENCH] bitwiseXor             OpenCV CV_8U        0.16104 ns/px    18.63 GB/s
[BENCH] bitwiseNot             binCV uint32        0.00565 ns/px    44.22 GB/s
[BENCH] bitwiseNot             binCV uint64        0.00567 ns/px    44.10 GB/s
[BENCH] bitwiseNot             OpenCV CV_8U        0.08353 ns/px    23.94 GB/s

 OP           IMPLEMENTATION       ns/pixel       GB/s    vs OpenCV
 ---------------------------------------------------------------------
 bitwiseAnd   binCV uint32          0.01020      36.77       17.21x
 bitwiseAnd   binCV uint64          0.01338      28.02       13.11x
 bitwiseAnd   OpenCV CV_8U          0.17548      17.10        1.00x
 bitwiseOr    binCV uint32          0.01203      31.18       18.39x
 bitwiseOr    binCV uint64          0.01161      32.29       19.04x
 bitwiseOr    OpenCV CV_8U          0.22116      13.56        1.00x
 bitwiseXor   binCV uint32          0.01213      30.92       13.28x
 bitwiseXor   binCV uint64          0.01007      37.24       15.99x
 bitwiseXor   OpenCV CV_8U          0.16104      18.63        1.00x
 bitwiseNot   binCV uint32          0.00565      44.22       14.77x
 bitwiseNot   binCV uint64          0.00567      44.10       14.74x
 bitwiseNot   OpenCV CV_8U          0.08353      23.94        1.00x
 ratio > 1 means binCV is faster. sink=656975922858161196
### run 11
=== Benchmark Config ===
Width: 640, Height: 480, Iterations: 100, DType: uint8, Sparsity: 1

logic kernels vs OpenCV on the same binary content as CV_8U
(the denominator is what a user runs today without binCV)
OpenCV 4.8.0-dev, cv::getNumThreads() = 1; binCV is single-threaded
 OpenCV build:    Configuration:               Release
 OpenCV build:    Baseline:                    SSE SSE2 SSE3
 OpenCV build:    Dispatched code generation:  SSE4_1 SSE4_2 FP16 AVX AVX2 AVX512_SKX

================ 640 x 480 (307200 pixels) ================
 footprint per buffer: binCV uint32 38400 B, binCV uint64 38400 B, OpenCV CV_8U 307200 B (8.0x)
 bitwiseAnd   set pixels: binCV    76512 OpenCV    76512 agree
 bitwiseOr    set pixels: binCV   230224 OpenCV   230224 agree
 bitwiseXor   set pixels: binCV   153712 OpenCV   153712 agree
 bitwiseNot   set pixels: binCV   153774 OpenCV   153774 agree
 physical bound (1 read + 1 write word copy, fastest batch; worst in parentheses):
 38400 B buffer 143.06 GB/s (74.25) 307200 B buffer 119.17 GB/s (56.56)
 std::memcpy at the same footprints (context only, NOT the bound, and not monotonic in size): 127.51 GB/s, 8.00 GB/s
 working set per call: binCV 115200 B, OpenCV 921600 B (three buffers)
[BENCH] bitwiseAnd             binCV uint32        0.00285 ns/px   131.43 GB/s
[BENCH] bitwiseAnd             binCV uint64        0.00358 ns/px   104.75 GB/s
[BENCH] bitwiseAnd             OpenCV CV_8U        0.02965 ns/px   101.18 GB/s
[BENCH] bitwiseOr              binCV uint32        0.00414 ns/px    90.52 GB/s
[BENCH] bitwiseOr              binCV uint64        0.00283 ns/px   132.55 GB/s
[BENCH] bitwiseOr              OpenCV CV_8U        0.02812 ns/px   106.67 GB/s
[BENCH] bitwiseXor             binCV uint32        0.00389 ns/px    96.43 GB/s
[BENCH] bitwiseXor             binCV uint64        0.00377 ns/px    99.45 GB/s
[BENCH] bitwiseXor             OpenCV CV_8U        0.02812 ns/px   106.68 GB/s
[BENCH] bitwiseNot             binCV uint32        0.00368 ns/px    67.90 GB/s
[BENCH] bitwiseNot             binCV uint64        0.00359 ns/px    69.63 GB/s
[BENCH] bitwiseNot             OpenCV CV_8U        0.06743 ns/px    29.66 GB/s

 OP           IMPLEMENTATION       ns/pixel       GB/s    vs OpenCV
 ---------------------------------------------------------------------
 bitwiseAnd   binCV uint32          0.00285     131.43       10.39x
 bitwiseAnd   binCV uint64          0.00358     104.75        8.28x
 bitwiseAnd   OpenCV CV_8U          0.02965     101.18        1.00x
 bitwiseOr    binCV uint32          0.00414      90.52        6.79x
 bitwiseOr    binCV uint64          0.00283     132.55        9.94x
 bitwiseOr    OpenCV CV_8U          0.02812     106.67        1.00x
 bitwiseXor   binCV uint32          0.00389      96.43        7.23x
 bitwiseXor   binCV uint64          0.00377      99.45        7.46x
 bitwiseXor   OpenCV CV_8U          0.02812     106.68        1.00x
 bitwiseNot   binCV uint32          0.00368      67.90       18.32x
 bitwiseNot   binCV uint64          0.00359      69.63       18.78x
 bitwiseNot   OpenCV CV_8U          0.06743      29.66        1.00x
 ratio > 1 means binCV is faster. sink=9138988149920846019

================ 1024 x 1024 (1048576 pixels) ================
 footprint per buffer: binCV uint32 131072 B, binCV uint64 131072 B, OpenCV CV_8U 1048576 B (8.0x)
 bitwiseAnd   set pixels: binCV   261799 OpenCV   261799 agree
 bitwiseOr    set pixels: binCV   787067 OpenCV   787067 agree
 bitwiseXor   set pixels: binCV   525268 OpenCV   525268 agree
 bitwiseNot   set pixels: binCV   523860 OpenCV   523860 agree
 physical bound (1 read + 1 write word copy, fastest batch; worst in parentheses):
 131072 B buffer 129.26 GB/s (42.80) 1048576 B buffer 108.16 GB/s (65.88)
 std::memcpy at the same footprints (context only, NOT the bound, and not monotonic in size): 8.47 GB/s, 7.27 GB/s
 working set per call: binCV 393216 B, OpenCV 3145728 B (three buffers)
[BENCH] bitwiseAnd             binCV uint32        0.00312 ns/px   120.15 GB/s
[BENCH] bitwiseAnd             binCV uint64        0.00370 ns/px   101.46 GB/s
[BENCH] bitwiseAnd             OpenCV CV_8U        0.03119 ns/px    96.18 GB/s
[BENCH] bitwiseOr              binCV uint32        0.00381 ns/px    98.55 GB/s
[BENCH] bitwiseOr              binCV uint64        0.00320 ns/px   117.12 GB/s
[BENCH] bitwiseOr              OpenCV CV_8U        0.03003 ns/px    99.90 GB/s
[BENCH] bitwiseXor             binCV uint32        0.00371 ns/px   100.97 GB/s
[BENCH] bitwiseXor             binCV uint64        0.00375 ns/px    99.97 GB/s
[BENCH] bitwiseXor             OpenCV CV_8U        0.03034 ns/px    98.87 GB/s
[BENCH] bitwiseNot             binCV uint32        0.00390 ns/px    64.09 GB/s
[BENCH] bitwiseNot             binCV uint64        0.00359 ns/px    69.68 GB/s
[BENCH] bitwiseNot             OpenCV CV_8U        0.06907 ns/px    28.95 GB/s

 OP           IMPLEMENTATION       ns/pixel       GB/s    vs OpenCV
 ---------------------------------------------------------------------
 bitwiseAnd   binCV uint32          0.00312     120.15        9.99x
 bitwiseAnd   binCV uint64          0.00370     101.46        8.44x
 bitwiseAnd   OpenCV CV_8U          0.03119      96.18        1.00x
 bitwiseOr    binCV uint32          0.00381      98.55        7.89x
 bitwiseOr    binCV uint64          0.00320     117.12        9.38x
 bitwiseOr    OpenCV CV_8U          0.03003      99.90        1.00x
 bitwiseXor   binCV uint32          0.00371     100.97        8.17x
 bitwiseXor   binCV uint64          0.00375      99.97        8.09x
 bitwiseXor   OpenCV CV_8U          0.03034      98.87        1.00x
 bitwiseNot   binCV uint32          0.00390      64.09       17.71x
 bitwiseNot   binCV uint64          0.00359      69.68       19.25x
 bitwiseNot   OpenCV CV_8U          0.06907      28.95        1.00x
 ratio > 1 means binCV is faster. sink=11854774610253316148

================ 8192 x 4096 (33554432 pixels) ================
 footprint per buffer: binCV uint32 4194304 B, binCV uint64 4194304 B, OpenCV CV_8U 33554432 B (8.0x)
 bitwiseAnd   set pixels: binCV  8389345 OpenCV  8389345 agree
 bitwiseOr    set pixels: binCV 25165591 OpenCV 25165591 agree
 bitwiseXor   set pixels: binCV 16776246 OpenCV 16776246 agree
 bitwiseNot   set pixels: binCV 16778496 OpenCV 16778496 agree
 physical bound (1 read + 1 write word copy, fastest batch; worst in parentheses):
 4194304 B buffer 97.97 GB/s (38.53) 33554432 B buffer 16.11 GB/s (8.12)
 std::memcpy at the same footprints (context only, NOT the bound, and not monotonic in size): 7.20 GB/s, 25.51 GB/s
 working set per call: binCV 12582912 B, OpenCV 100663296 B (three buffers)
[BENCH] bitwiseAnd             binCV uint32        0.01211 ns/px    30.98 GB/s
[BENCH] bitwiseAnd             binCV uint64        0.02835 ns/px    13.23 GB/s
[BENCH] bitwiseAnd             OpenCV CV_8U        0.18959 ns/px    15.82 GB/s
[BENCH] bitwiseOr              binCV uint32        0.01050 ns/px    35.70 GB/s
[BENCH] bitwiseOr              binCV uint64        0.01111 ns/px    33.76 GB/s
[BENCH] bitwiseOr              OpenCV CV_8U        0.17701 ns/px    16.95 GB/s
[BENCH] bitwiseXor             binCV uint32        0.01935 ns/px    19.38 GB/s
[BENCH] bitwiseXor             binCV uint64        0.01471 ns/px    25.50 GB/s
[BENCH] bitwiseXor             OpenCV CV_8U        0.18699 ns/px    16.04 GB/s
[BENCH] bitwiseNot             binCV uint32        0.00575 ns/px    43.47 GB/s
[BENCH] bitwiseNot             binCV uint64        0.00598 ns/px    41.81 GB/s
[BENCH] bitwiseNot             OpenCV CV_8U        0.09232 ns/px    21.66 GB/s

 OP           IMPLEMENTATION       ns/pixel       GB/s    vs OpenCV
 ---------------------------------------------------------------------
 bitwiseAnd   binCV uint32          0.01211      30.98       15.66x
 bitwiseAnd   binCV uint64          0.02835      13.23        6.69x
 bitwiseAnd   OpenCV CV_8U          0.18959      15.82        1.00x
 bitwiseOr    binCV uint32          0.01050      35.70       16.85x
 bitwiseOr    binCV uint64          0.01111      33.76       15.93x
 bitwiseOr    OpenCV CV_8U          0.17701      16.95        1.00x
 bitwiseXor   binCV uint32          0.01935      19.38        9.67x
 bitwiseXor   binCV uint64          0.01471      25.50       12.71x
 bitwiseXor   OpenCV CV_8U          0.18699      16.04        1.00x
 bitwiseNot   binCV uint32          0.00575      43.47       16.05x
 bitwiseNot   binCV uint64          0.00598      41.81       15.44x
 bitwiseNot   OpenCV CV_8U          0.09232      21.66        1.00x
 ratio > 1 means binCV is faster. sink=7909020882816024155
### run 12
=== Benchmark Config ===
Width: 640, Height: 480, Iterations: 100, DType: uint8, Sparsity: 1

logic kernels vs OpenCV on the same binary content as CV_8U
(the denominator is what a user runs today without binCV)
OpenCV 4.8.0-dev, cv::getNumThreads() = 1; binCV is single-threaded
 OpenCV build:    Configuration:               Release
 OpenCV build:    Baseline:                    SSE SSE2 SSE3
 OpenCV build:    Dispatched code generation:  SSE4_1 SSE4_2 FP16 AVX AVX2 AVX512_SKX

================ 640 x 480 (307200 pixels) ================
 footprint per buffer: binCV uint32 38400 B, binCV uint64 38400 B, OpenCV CV_8U 307200 B (8.0x)
 bitwiseAnd   set pixels: binCV    76512 OpenCV    76512 agree
 bitwiseOr    set pixels: binCV   230224 OpenCV   230224 agree
 bitwiseXor   set pixels: binCV   153712 OpenCV   153712 agree
 bitwiseNot   set pixels: binCV   153774 OpenCV   153774 agree
 physical bound (1 read + 1 write word copy, fastest batch; worst in parentheses):
 38400 B buffer 141.53 GB/s (46.84) 307200 B buffer 109.30 GB/s (62.43)
 std::memcpy at the same footprints (context only, NOT the bound, and not monotonic in size): 130.32 GB/s, 7.99 GB/s
 working set per call: binCV 115200 B, OpenCV 921600 B (three buffers)
[BENCH] bitwiseAnd             binCV uint32        0.00276 ns/px   135.68 GB/s
[BENCH] bitwiseAnd             binCV uint64        0.00399 ns/px    93.89 GB/s
[BENCH] bitwiseAnd             OpenCV CV_8U        0.03027 ns/px    99.10 GB/s
[BENCH] bitwiseOr              binCV uint32        0.00394 ns/px    95.26 GB/s
[BENCH] bitwiseOr              binCV uint64        0.00280 ns/px   134.17 GB/s
[BENCH] bitwiseOr              OpenCV CV_8U        0.02792 ns/px   107.43 GB/s
[BENCH] bitwiseXor             binCV uint32        0.00369 ns/px   101.64 GB/s
[BENCH] bitwiseXor             binCV uint64        0.00393 ns/px    95.43 GB/s
[BENCH] bitwiseXor             OpenCV CV_8U        0.02809 ns/px   106.79 GB/s
[BENCH] bitwiseNot             binCV uint32        0.00356 ns/px    70.26 GB/s
[BENCH] bitwiseNot             binCV uint64        0.00354 ns/px    70.59 GB/s
[BENCH] bitwiseNot             OpenCV CV_8U        0.06401 ns/px    31.24 GB/s

 OP           IMPLEMENTATION       ns/pixel       GB/s    vs OpenCV
 ---------------------------------------------------------------------
 bitwiseAnd   binCV uint32          0.00276     135.68       10.95x
 bitwiseAnd   binCV uint64          0.00399      93.89        7.58x
 bitwiseAnd   OpenCV CV_8U          0.03027      99.10        1.00x
 bitwiseOr    binCV uint32          0.00394      95.26        7.09x
 bitwiseOr    binCV uint64          0.00280     134.17        9.99x
 bitwiseOr    OpenCV CV_8U          0.02792     107.43        1.00x
 bitwiseXor   binCV uint32          0.00369     101.64        7.61x
 bitwiseXor   binCV uint64          0.00393      95.43        7.15x
 bitwiseXor   OpenCV CV_8U          0.02809     106.79        1.00x
 bitwiseNot   binCV uint32          0.00356      70.26       17.99x
 bitwiseNot   binCV uint64          0.00354      70.59       18.08x
 bitwiseNot   OpenCV CV_8U          0.06401      31.24        1.00x
 ratio > 1 means binCV is faster. sink=8440775051470325005

================ 1024 x 1024 (1048576 pixels) ================
 footprint per buffer: binCV uint32 131072 B, binCV uint64 131072 B, OpenCV CV_8U 1048576 B (8.0x)
 bitwiseAnd   set pixels: binCV   261799 OpenCV   261799 agree
 bitwiseOr    set pixels: binCV   787067 OpenCV   787067 agree
 bitwiseXor   set pixels: binCV   525268 OpenCV   525268 agree
 bitwiseNot   set pixels: binCV   523860 OpenCV   523860 agree
 physical bound (1 read + 1 write word copy, fastest batch; worst in parentheses):
 131072 B buffer 116.63 GB/s (53.56) 1048576 B buffer 112.04 GB/s (42.67)
 std::memcpy at the same footprints (context only, NOT the bound, and not monotonic in size): 8.39 GB/s, 6.74 GB/s
 working set per call: binCV 393216 B, OpenCV 3145728 B (three buffers)
[BENCH] bitwiseAnd             binCV uint32        0.00317 ns/px   118.16 GB/s
[BENCH] bitwiseAnd             binCV uint64        0.00374 ns/px   100.23 GB/s
[BENCH] bitwiseAnd             OpenCV CV_8U        0.03078 ns/px    97.47 GB/s
[BENCH] bitwiseOr              binCV uint32        0.00385 ns/px    97.49 GB/s
[BENCH] bitwiseOr              binCV uint64        0.00323 ns/px   116.27 GB/s
[BENCH] bitwiseOr              OpenCV CV_8U        0.03001 ns/px    99.95 GB/s
[BENCH] bitwiseXor             binCV uint32        0.00377 ns/px    99.37 GB/s
[BENCH] bitwiseXor             binCV uint64        0.00373 ns/px   100.67 GB/s
[BENCH] bitwiseXor             OpenCV CV_8U        0.03046 ns/px    98.48 GB/s
[BENCH] bitwiseNot             binCV uint32        0.00368 ns/px    67.96 GB/s
[BENCH] bitwiseNot             binCV uint64        0.00366 ns/px    68.30 GB/s
[BENCH] bitwiseNot             OpenCV CV_8U        0.07401 ns/px    27.02 GB/s

 OP           IMPLEMENTATION       ns/pixel       GB/s    vs OpenCV
 ---------------------------------------------------------------------
 bitwiseAnd   binCV uint32          0.00317     118.16        9.70x
 bitwiseAnd   binCV uint64          0.00374     100.23        8.23x
 bitwiseAnd   OpenCV CV_8U          0.03078      97.47        1.00x
 bitwiseOr    binCV uint32          0.00385      97.49        7.80x
 bitwiseOr    binCV uint64          0.00323     116.27        9.31x
 bitwiseOr    OpenCV CV_8U          0.03001      99.95        1.00x
 bitwiseXor   binCV uint32          0.00377      99.37        8.07x
 bitwiseXor   binCV uint64          0.00373     100.67        8.18x
 bitwiseXor   OpenCV CV_8U          0.03046      98.48        1.00x
 bitwiseNot   binCV uint32          0.00368      67.96       20.12x
 bitwiseNot   binCV uint64          0.00366      68.30       20.22x
 bitwiseNot   OpenCV CV_8U          0.07401      27.02        1.00x
 ratio > 1 means binCV is faster. sink=18269330112177321542

================ 8192 x 4096 (33554432 pixels) ================
 footprint per buffer: binCV uint32 4194304 B, binCV uint64 4194304 B, OpenCV CV_8U 33554432 B (8.0x)
 bitwiseAnd   set pixels: binCV  8389345 OpenCV  8389345 agree
 bitwiseOr    set pixels: binCV 25165591 OpenCV 25165591 agree
 bitwiseXor   set pixels: binCV 16776246 OpenCV 16776246 agree
 bitwiseNot   set pixels: binCV 16778496 OpenCV 16778496 agree
 physical bound (1 read + 1 write word copy, fastest batch; worst in parentheses):
 4194304 B buffer 106.74 GB/s (38.37) 33554432 B buffer 16.14 GB/s (8.47)
 std::memcpy at the same footprints (context only, NOT the bound, and not monotonic in size): 7.29 GB/s, 26.49 GB/s
 working set per call: binCV 12582912 B, OpenCV 100663296 B (three buffers)
[BENCH] bitwiseAnd             binCV uint32        0.01633 ns/px    22.97 GB/s
[BENCH] bitwiseAnd             binCV uint64        0.01058 ns/px    35.45 GB/s
[BENCH] bitwiseAnd             OpenCV CV_8U        0.17854 ns/px    16.80 GB/s
[BENCH] bitwiseOr              binCV uint32        0.01058 ns/px    35.45 GB/s
[BENCH] bitwiseOr              binCV uint64        0.00994 ns/px    37.71 GB/s
[BENCH] bitwiseOr              OpenCV CV_8U        0.15055 ns/px    19.93 GB/s
[BENCH] bitwiseXor             binCV uint32        0.01370 ns/px    27.37 GB/s
[BENCH] bitwiseXor             binCV uint64        0.01136 ns/px    33.00 GB/s
[BENCH] bitwiseXor             OpenCV CV_8U        0.18394 ns/px    16.31 GB/s
[BENCH] bitwiseNot             binCV uint32        0.00499 ns/px    50.14 GB/s
[BENCH] bitwiseNot             binCV uint64        0.00604 ns/px    41.41 GB/s
[BENCH] bitwiseNot             OpenCV CV_8U        0.08727 ns/px    22.92 GB/s

 OP           IMPLEMENTATION       ns/pixel       GB/s    vs OpenCV
 ---------------------------------------------------------------------
 bitwiseAnd   binCV uint32          0.01633      22.97       10.94x
 bitwiseAnd   binCV uint64          0.01058      35.45       16.88x
 bitwiseAnd   OpenCV CV_8U          0.17854      16.80        1.00x
 bitwiseOr    binCV uint32          0.01058      35.45       14.23x
 bitwiseOr    binCV uint64          0.00994      37.71       15.14x
 bitwiseOr    OpenCV CV_8U          0.15055      19.93        1.00x
 bitwiseXor   binCV uint32          0.01370      27.37       13.43x
 bitwiseXor   binCV uint64          0.01136      33.00       16.19x
 bitwiseXor   OpenCV CV_8U          0.18394      16.31        1.00x
 bitwiseNot   binCV uint32          0.00499      50.14       17.50x
 bitwiseNot   binCV uint64          0.00604      41.41       14.46x
 bitwiseNot   OpenCV CV_8U          0.08727      22.92        1.00x
 ratio > 1 means binCV is faster. sink=902667669316436595
### run 13
=== Benchmark Config ===
Width: 640, Height: 480, Iterations: 100, DType: uint8, Sparsity: 1

logic kernels vs OpenCV on the same binary content as CV_8U
(the denominator is what a user runs today without binCV)
OpenCV 4.8.0-dev, cv::getNumThreads() = 1; binCV is single-threaded
 OpenCV build:    Configuration:               Release
 OpenCV build:    Baseline:                    SSE SSE2 SSE3
 OpenCV build:    Dispatched code generation:  SSE4_1 SSE4_2 FP16 AVX AVX2 AVX512_SKX

================ 640 x 480 (307200 pixels) ================
 footprint per buffer: binCV uint32 38400 B, binCV uint64 38400 B, OpenCV CV_8U 307200 B (8.0x)
 bitwiseAnd   set pixels: binCV    76512 OpenCV    76512 agree
 bitwiseOr    set pixels: binCV   230224 OpenCV   230224 agree
 bitwiseXor   set pixels: binCV   153712 OpenCV   153712 agree
 bitwiseNot   set pixels: binCV   153774 OpenCV   153774 agree
 physical bound (1 read + 1 write word copy, fastest batch; worst in parentheses):
 38400 B buffer 133.69 GB/s (52.21) 307200 B buffer 109.64 GB/s (68.15)
 std::memcpy at the same footprints (context only, NOT the bound, and not monotonic in size): 127.08 GB/s, 7.98 GB/s
 working set per call: binCV 115200 B, OpenCV 921600 B (three buffers)
[BENCH] bitwiseAnd             binCV uint32        0.00294 ns/px   127.74 GB/s
[BENCH] bitwiseAnd             binCV uint64        0.00396 ns/px    94.62 GB/s
[BENCH] bitwiseAnd             OpenCV CV_8U        0.02988 ns/px   100.42 GB/s
[BENCH] bitwiseOr              binCV uint32        0.00375 ns/px    99.99 GB/s
[BENCH] bitwiseOr              binCV uint64        0.00276 ns/px   135.69 GB/s
[BENCH] bitwiseOr              OpenCV CV_8U        0.02819 ns/px   106.42 GB/s
[BENCH] bitwiseXor             binCV uint32        0.00368 ns/px   101.95 GB/s
[BENCH] bitwiseXor             binCV uint64        0.00361 ns/px   103.79 GB/s
[BENCH] bitwiseXor             OpenCV CV_8U        0.03193 ns/px    93.94 GB/s
[BENCH] bitwiseNot             binCV uint32        0.00349 ns/px    71.55 GB/s
[BENCH] bitwiseNot             binCV uint64        0.00375 ns/px    66.75 GB/s
[BENCH] bitwiseNot             OpenCV CV_8U        0.06336 ns/px    31.57 GB/s

 OP           IMPLEMENTATION       ns/pixel       GB/s    vs OpenCV
 ---------------------------------------------------------------------
 bitwiseAnd   binCV uint32          0.00294     127.74       10.18x
 bitwiseAnd   binCV uint64          0.00396      94.62        7.54x
 bitwiseAnd   OpenCV CV_8U          0.02988     100.42        1.00x
 bitwiseOr    binCV uint32          0.00375      99.99        7.52x
 bitwiseOr    binCV uint64          0.00276     135.69       10.20x
 bitwiseOr    OpenCV CV_8U          0.02819     106.42        1.00x
 bitwiseXor   binCV uint32          0.00368     101.95        8.68x
 bitwiseXor   binCV uint64          0.00361     103.79        8.84x
 bitwiseXor   OpenCV CV_8U          0.03193      93.94        1.00x
 bitwiseNot   binCV uint32          0.00349      71.55       18.13x
 bitwiseNot   binCV uint64          0.00375      66.75       16.92x
 bitwiseNot   OpenCV CV_8U          0.06336      31.57        1.00x
 ratio > 1 means binCV is faster. sink=12933167553670696909

================ 1024 x 1024 (1048576 pixels) ================
 footprint per buffer: binCV uint32 131072 B, binCV uint64 131072 B, OpenCV CV_8U 1048576 B (8.0x)
 bitwiseAnd   set pixels: binCV   261799 OpenCV   261799 agree
 bitwiseOr    set pixels: binCV   787067 OpenCV   787067 agree
 bitwiseXor   set pixels: binCV   525268 OpenCV   525268 agree
 bitwiseNot   set pixels: binCV   523860 OpenCV   523860 agree
 physical bound (1 read + 1 write word copy, fastest batch; worst in parentheses):
 131072 B buffer 126.71 GB/s (77.69) 1048576 B buffer 113.18 GB/s (36.69)
 std::memcpy at the same footprints (context only, NOT the bound, and not monotonic in size): 8.41 GB/s, 7.43 GB/s
 working set per call: binCV 393216 B, OpenCV 3145728 B (three buffers)
[BENCH] bitwiseAnd             binCV uint32        0.00325 ns/px   115.44 GB/s
[BENCH] bitwiseAnd             binCV uint64        0.00364 ns/px   103.06 GB/s
[BENCH] bitwiseAnd             OpenCV CV_8U        0.02976 ns/px   100.79 GB/s
[BENCH] bitwiseOr              binCV uint32        0.00379 ns/px    98.89 GB/s
[BENCH] bitwiseOr              binCV uint64        0.00320 ns/px   117.31 GB/s
[BENCH] bitwiseOr              OpenCV CV_8U        0.03045 ns/px    98.53 GB/s
[BENCH] bitwiseXor             binCV uint32        0.00382 ns/px    98.12 GB/s
[BENCH] bitwiseXor             binCV uint64        0.00365 ns/px   102.65 GB/s
[BENCH] bitwiseXor             OpenCV CV_8U        0.03050 ns/px    98.37 GB/s
[BENCH] bitwiseNot             binCV uint32        0.00355 ns/px    70.42 GB/s
[BENCH] bitwiseNot             binCV uint64        0.00372 ns/px    67.27 GB/s
[BENCH] bitwiseNot             OpenCV CV_8U        0.06143 ns/px    32.56 GB/s

 OP           IMPLEMENTATION       ns/pixel       GB/s    vs OpenCV
 ---------------------------------------------------------------------
 bitwiseAnd   binCV uint32          0.00325     115.44        9.16x
 bitwiseAnd   binCV uint64          0.00364     103.06        8.18x
 bitwiseAnd   OpenCV CV_8U          0.02976     100.79        1.00x
 bitwiseOr    binCV uint32          0.00379      98.89        8.03x
 bitwiseOr    binCV uint64          0.00320     117.31        9.52x
 bitwiseOr    OpenCV CV_8U          0.03045      98.53        1.00x
 bitwiseXor   binCV uint32          0.00382      98.12        7.98x
 bitwiseXor   binCV uint64          0.00365     102.65        8.35x
 bitwiseXor   OpenCV CV_8U          0.03050      98.37        1.00x
 bitwiseNot   binCV uint32          0.00355      70.42       17.30x
 bitwiseNot   binCV uint64          0.00372      67.27       16.53x
 bitwiseNot   OpenCV CV_8U          0.06143      32.56        1.00x
 ratio > 1 means binCV is faster. sink=17584755381515095830

================ 8192 x 4096 (33554432 pixels) ================
 footprint per buffer: binCV uint32 4194304 B, binCV uint64 4194304 B, OpenCV CV_8U 33554432 B (8.0x)
 bitwiseAnd   set pixels: binCV  8389345 OpenCV  8389345 agree
 bitwiseOr    set pixels: binCV 25165591 OpenCV 25165591 agree
 bitwiseXor   set pixels: binCV 16776246 OpenCV 16776246 agree
 bitwiseNot   set pixels: binCV 16778496 OpenCV 16778496 agree
 physical bound (1 read + 1 write word copy, fastest batch; worst in parentheses):
 4194304 B buffer 98.88 GB/s (41.08) 33554432 B buffer 15.19 GB/s (5.49)
 std::memcpy at the same footprints (context only, NOT the bound, and not monotonic in size): 6.21 GB/s, 24.78 GB/s
 working set per call: binCV 12582912 B, OpenCV 100663296 B (three buffers)
[BENCH] bitwiseAnd             binCV uint32        0.01083 ns/px    34.62 GB/s
[BENCH] bitwiseAnd             binCV uint64        0.01825 ns/px    20.54 GB/s
[BENCH] bitwiseAnd             OpenCV CV_8U        0.19252 ns/px    15.58 GB/s
[BENCH] bitwiseOr              binCV uint32        0.01032 ns/px    36.33 GB/s
[BENCH] bitwiseOr              binCV uint64        0.01035 ns/px    36.23 GB/s
[BENCH] bitwiseOr              OpenCV CV_8U        0.18707 ns/px    16.04 GB/s
[BENCH] bitwiseXor             binCV uint32        0.01107 ns/px    33.87 GB/s
[BENCH] bitwiseXor             binCV uint64        0.01240 ns/px    30.25 GB/s
[BENCH] bitwiseXor             OpenCV CV_8U        0.18631 ns/px    16.10 GB/s
[BENCH] bitwiseNot             binCV uint32        0.00723 ns/px    34.57 GB/s
[BENCH] bitwiseNot             binCV uint64        0.00542 ns/px    46.13 GB/s
[BENCH] bitwiseNot             OpenCV CV_8U        0.08483 ns/px    23.58 GB/s

 OP           IMPLEMENTATION       ns/pixel       GB/s    vs OpenCV
 ---------------------------------------------------------------------
 bitwiseAnd   binCV uint32          0.01083      34.62       17.77x
 bitwiseAnd   binCV uint64          0.01825      20.54       10.55x
 bitwiseAnd   OpenCV CV_8U          0.19252      15.58        1.00x
 bitwiseOr    binCV uint32          0.01032      36.33       18.12x
 bitwiseOr    binCV uint64          0.01035      36.23       18.07x
 bitwiseOr    OpenCV CV_8U          0.18707      16.04        1.00x
 bitwiseXor   binCV uint32          0.01107      33.87       16.83x
 bitwiseXor   binCV uint64          0.01240      30.25       15.03x
 bitwiseXor   OpenCV CV_8U          0.18631      16.10        1.00x
 bitwiseNot   binCV uint32          0.00723      34.57       11.73x
 bitwiseNot   binCV uint64          0.00542      46.13       15.65x
 bitwiseNot   OpenCV CV_8U          0.08483      23.58        1.00x
 IMPLAUSIBLE: 23.58 GB/s is more than 1.5x the 15.19 GB/s copy-loop bound at this footprint -- treat this row as a broken measurement
 ratio > 1 means binCV is faster. sink=15893831243776716486

AT LEAST ONE SIZE DID NOT MEASURE CLEANLY -- exiting non-zero. Do not
quote any number above without reading why.
### run 13 EXIT 1
### run 14
=== Benchmark Config ===
Width: 640, Height: 480, Iterations: 100, DType: uint8, Sparsity: 1

logic kernels vs OpenCV on the same binary content as CV_8U
(the denominator is what a user runs today without binCV)
OpenCV 4.8.0-dev, cv::getNumThreads() = 1; binCV is single-threaded
 OpenCV build:    Configuration:               Release
 OpenCV build:    Baseline:                    SSE SSE2 SSE3
 OpenCV build:    Dispatched code generation:  SSE4_1 SSE4_2 FP16 AVX AVX2 AVX512_SKX

================ 640 x 480 (307200 pixels) ================
 footprint per buffer: binCV uint32 38400 B, binCV uint64 38400 B, OpenCV CV_8U 307200 B (8.0x)
 bitwiseAnd   set pixels: binCV    76512 OpenCV    76512 agree
 bitwiseOr    set pixels: binCV   230224 OpenCV   230224 agree
 bitwiseXor   set pixels: binCV   153712 OpenCV   153712 agree
 bitwiseNot   set pixels: binCV   153774 OpenCV   153774 agree
 physical bound (1 read + 1 write word copy, fastest batch; worst in parentheses):
 38400 B buffer 141.98 GB/s (54.92) 307200 B buffer 114.69 GB/s (66.99)
 std::memcpy at the same footprints (context only, NOT the bound, and not monotonic in size): 125.37 GB/s, 8.39 GB/s
 working set per call: binCV 115200 B, OpenCV 921600 B (three buffers)
[BENCH] bitwiseAnd             binCV uint32        0.00286 ns/px   131.08 GB/s
[BENCH] bitwiseAnd             binCV uint64        0.00406 ns/px    92.35 GB/s
[BENCH] bitwiseAnd             OpenCV CV_8U        0.02932 ns/px   102.33 GB/s
[BENCH] bitwiseOr              binCV uint32        0.00353 ns/px   106.30 GB/s
[BENCH] bitwiseOr              binCV uint64        0.00281 ns/px   133.40 GB/s
[BENCH] bitwiseOr              OpenCV CV_8U        0.02755 ns/px   108.88 GB/s
[BENCH] bitwiseXor             binCV uint32        0.00355 ns/px   105.69 GB/s
[BENCH] bitwiseXor             binCV uint64        0.00365 ns/px   102.67 GB/s
[BENCH] bitwiseXor             OpenCV CV_8U        0.02740 ns/px   109.48 GB/s
[BENCH] bitwiseNot             binCV uint32        0.00398 ns/px    62.84 GB/s
[BENCH] bitwiseNot             binCV uint64        0.00355 ns/px    70.52 GB/s
[BENCH] bitwiseNot             OpenCV CV_8U        0.06216 ns/px    32.17 GB/s

 OP           IMPLEMENTATION       ns/pixel       GB/s    vs OpenCV
 ---------------------------------------------------------------------
 bitwiseAnd   binCV uint32          0.00286     131.08       10.25x
 bitwiseAnd   binCV uint64          0.00406      92.35        7.22x
 bitwiseAnd   OpenCV CV_8U          0.02932     102.33        1.00x
 bitwiseOr    binCV uint32          0.00353     106.30        7.81x
 bitwiseOr    binCV uint64          0.00281     133.40        9.80x
 bitwiseOr    OpenCV CV_8U          0.02755     108.88        1.00x
 bitwiseXor   binCV uint32          0.00355     105.69        7.72x
 bitwiseXor   binCV uint64          0.00365     102.67        7.50x
 bitwiseXor   OpenCV CV_8U          0.02740     109.48        1.00x
 bitwiseNot   binCV uint32          0.00398      62.84       15.63x
 bitwiseNot   binCV uint64          0.00355      70.52       17.53x
 bitwiseNot   OpenCV CV_8U          0.06216      32.17        1.00x
 ratio > 1 means binCV is faster. sink=9032182970731609936

================ 1024 x 1024 (1048576 pixels) ================
 footprint per buffer: binCV uint32 131072 B, binCV uint64 131072 B, OpenCV CV_8U 1048576 B (8.0x)
 bitwiseAnd   set pixels: binCV   261799 OpenCV   261799 agree
 bitwiseOr    set pixels: binCV   787067 OpenCV   787067 agree
 bitwiseXor   set pixels: binCV   525268 OpenCV   525268 agree
 bitwiseNot   set pixels: binCV   523860 OpenCV   523860 agree
 physical bound (1 read + 1 write word copy, fastest batch; worst in parentheses):
 131072 B buffer 128.01 GB/s (83.52) 1048576 B buffer 113.70 GB/s (43.48)
 std::memcpy at the same footprints (context only, NOT the bound, and not monotonic in size): 8.33 GB/s, 6.65 GB/s
 working set per call: binCV 393216 B, OpenCV 3145728 B (three buffers)
[BENCH] bitwiseAnd             binCV uint32        0.00306 ns/px   122.54 GB/s
[BENCH] bitwiseAnd             binCV uint64        0.00375 ns/px    99.89 GB/s
[BENCH] bitwiseAnd             OpenCV CV_8U        0.03081 ns/px    97.37 GB/s
[BENCH] bitwiseOr              binCV uint32        0.00366 ns/px   102.38 GB/s
[BENCH] bitwiseOr              binCV uint64        0.00298 ns/px   125.73 GB/s
[BENCH] bitwiseOr              OpenCV CV_8U        0.03128 ns/px    95.92 GB/s
[BENCH] bitwiseXor             binCV uint32        0.00366 ns/px   102.38 GB/s
[BENCH] bitwiseXor             binCV uint64        0.00360 ns/px   104.15 GB/s
[BENCH] bitwiseXor             OpenCV CV_8U        0.03062 ns/px    97.97 GB/s
[BENCH] bitwiseNot             binCV uint32        0.00356 ns/px    70.25 GB/s
[BENCH] bitwiseNot             binCV uint64        0.00352 ns/px    71.02 GB/s
[BENCH] bitwiseNot             OpenCV CV_8U        0.06231 ns/px    32.10 GB/s

 OP           IMPLEMENTATION       ns/pixel       GB/s    vs OpenCV
 ---------------------------------------------------------------------
 bitwiseAnd   binCV uint32          0.00306     122.54       10.07x
 bitwiseAnd   binCV uint64          0.00375      99.89        8.21x
 bitwiseAnd   OpenCV CV_8U          0.03081      97.37        1.00x
 bitwiseOr    binCV uint32          0.00366     102.38        8.54x
 bitwiseOr    binCV uint64          0.00298     125.73       10.49x
 bitwiseOr    OpenCV CV_8U          0.03128      95.92        1.00x
 bitwiseXor   binCV uint32          0.00366     102.38        8.36x
 bitwiseXor   binCV uint64          0.00360     104.15        8.50x
 bitwiseXor   OpenCV CV_8U          0.03062      97.97        1.00x
 bitwiseNot   binCV uint32          0.00356      70.25       17.51x
 bitwiseNot   binCV uint64          0.00352      71.02       17.70x
 bitwiseNot   OpenCV CV_8U          0.06231      32.10        1.00x
 ratio > 1 means binCV is faster. sink=11513459418222363043

================ 8192 x 4096 (33554432 pixels) ================
 footprint per buffer: binCV uint32 4194304 B, binCV uint64 4194304 B, OpenCV CV_8U 33554432 B (8.0x)
 bitwiseAnd   set pixels: binCV  8389345 OpenCV  8389345 agree
 bitwiseOr    set pixels: binCV 25165591 OpenCV 25165591 agree
 bitwiseXor   set pixels: binCV 16776246 OpenCV 16776246 agree
 bitwiseNot   set pixels: binCV 16778496 OpenCV 16778496 agree
 physical bound (1 read + 1 write word copy, fastest batch; worst in parentheses):
 4194304 B buffer 107.41 GB/s (66.53) 33554432 B buffer 16.75 GB/s (6.28)
 std::memcpy at the same footprints (context only, NOT the bound, and not monotonic in size): 7.09 GB/s, 27.01 GB/s
 working set per call: binCV 12582912 B, OpenCV 100663296 B (three buffers)
[BENCH] bitwiseAnd             binCV uint32        0.00945 ns/px    39.66 GB/s
[BENCH] bitwiseAnd             binCV uint64        0.00974 ns/px    38.51 GB/s
[BENCH] bitwiseAnd             OpenCV CV_8U        0.15496 ns/px    19.36 GB/s
[BENCH] bitwiseOr              binCV uint32        0.01105 ns/px    33.93 GB/s
[BENCH] bitwiseOr              binCV uint64        0.01040 ns/px    36.07 GB/s
[BENCH] bitwiseOr              OpenCV CV_8U        0.16219 ns/px    18.50 GB/s
[BENCH] bitwiseXor             binCV uint32        0.01000 ns/px    37.50 GB/s
[BENCH] bitwiseXor             binCV uint64        0.01032 ns/px    36.32 GB/s
[BENCH] bitwiseXor             OpenCV CV_8U        0.14031 ns/px    21.38 GB/s
[BENCH] bitwiseNot             binCV uint32        0.01351 ns/px    18.50 GB/s
[BENCH] bitwiseNot             binCV uint64        0.00533 ns/px    46.88 GB/s
[BENCH] bitwiseNot             OpenCV CV_8U        0.08371 ns/px    23.89 GB/s

 OP           IMPLEMENTATION       ns/pixel       GB/s    vs OpenCV
 ---------------------------------------------------------------------
 bitwiseAnd   binCV uint32          0.00945      39.66       16.39x
 bitwiseAnd   binCV uint64          0.00974      38.51       15.91x
 bitwiseAnd   OpenCV CV_8U          0.15496      19.36        1.00x
 bitwiseOr    binCV uint32          0.01105      33.93       14.67x
 bitwiseOr    binCV uint64          0.01040      36.07       15.60x
 bitwiseOr    OpenCV CV_8U          0.16219      18.50        1.00x
 bitwiseXor   binCV uint32          0.01000      37.50       14.03x
 bitwiseXor   binCV uint64          0.01032      36.32       13.59x
 bitwiseXor   OpenCV CV_8U          0.14031      21.38        1.00x
 bitwiseNot   binCV uint32          0.01351      18.50        6.19x
 bitwiseNot   binCV uint64          0.00533      46.88       15.70x
 bitwiseNot   OpenCV CV_8U          0.08371      23.89        1.00x
 ratio > 1 means binCV is faster. sink=7829731509919110720
### run 15
=== Benchmark Config ===
Width: 640, Height: 480, Iterations: 100, DType: uint8, Sparsity: 1

logic kernels vs OpenCV on the same binary content as CV_8U
(the denominator is what a user runs today without binCV)
OpenCV 4.8.0-dev, cv::getNumThreads() = 1; binCV is single-threaded
 OpenCV build:    Configuration:               Release
 OpenCV build:    Baseline:                    SSE SSE2 SSE3
 OpenCV build:    Dispatched code generation:  SSE4_1 SSE4_2 FP16 AVX AVX2 AVX512_SKX

================ 640 x 480 (307200 pixels) ================
 footprint per buffer: binCV uint32 38400 B, binCV uint64 38400 B, OpenCV CV_8U 307200 B (8.0x)
 bitwiseAnd   set pixels: binCV    76512 OpenCV    76512 agree
 bitwiseOr    set pixels: binCV   230224 OpenCV   230224 agree
 bitwiseXor   set pixels: binCV   153712 OpenCV   153712 agree
 bitwiseNot   set pixels: binCV   153774 OpenCV   153774 agree
 physical bound (1 read + 1 write word copy, fastest batch; worst in parentheses):
 38400 B buffer 142.07 GB/s (89.93) 307200 B buffer 115.45 GB/s (32.29)
 std::memcpy at the same footprints (context only, NOT the bound, and not monotonic in size): 131.13 GB/s, 8.39 GB/s
 working set per call: binCV 115200 B, OpenCV 921600 B (three buffers)
[BENCH] bitwiseAnd             binCV uint32        0.00281 ns/px   133.49 GB/s
[BENCH] bitwiseAnd             binCV uint64        0.00356 ns/px   105.46 GB/s
[BENCH] bitwiseAnd             OpenCV CV_8U        0.02753 ns/px   108.97 GB/s
[BENCH] bitwiseOr              binCV uint32        0.00379 ns/px    98.99 GB/s
[BENCH] bitwiseOr              binCV uint64        0.00295 ns/px   127.23 GB/s
[BENCH] bitwiseOr              OpenCV CV_8U        0.02803 ns/px   107.03 GB/s
[BENCH] bitwiseXor             binCV uint32        0.00356 ns/px   105.28 GB/s
[BENCH] bitwiseXor             binCV uint64        0.00354 ns/px   106.00 GB/s
[BENCH] bitwiseXor             OpenCV CV_8U        0.02758 ns/px   108.77 GB/s
[BENCH] bitwiseNot             binCV uint32        0.00348 ns/px    71.80 GB/s
[BENCH] bitwiseNot             binCV uint64        0.00350 ns/px    71.35 GB/s
[BENCH] bitwiseNot             OpenCV CV_8U        0.06230 ns/px    32.10 GB/s

 OP           IMPLEMENTATION       ns/pixel       GB/s    vs OpenCV
 ---------------------------------------------------------------------
 bitwiseAnd   binCV uint32          0.00281     133.49        9.80x
 bitwiseAnd   binCV uint64          0.00356     105.46        7.74x
 bitwiseAnd   OpenCV CV_8U          0.02753     108.97        1.00x
 bitwiseOr    binCV uint32          0.00379      98.99        7.40x
 bitwiseOr    binCV uint64          0.00295     127.23        9.51x
 bitwiseOr    OpenCV CV_8U          0.02803     107.03        1.00x
 bitwiseXor   binCV uint32          0.00356     105.28        7.74x
 bitwiseXor   binCV uint64          0.00354     106.00        7.80x
 bitwiseXor   OpenCV CV_8U          0.02758     108.77        1.00x
 bitwiseNot   binCV uint32          0.00348      71.80       17.89x
 bitwiseNot   binCV uint64          0.00350      71.35       17.78x
 bitwiseNot   OpenCV CV_8U          0.06230      32.10        1.00x
 ratio > 1 means binCV is faster. sink=3010381407873838139

================ 1024 x 1024 (1048576 pixels) ================
 footprint per buffer: binCV uint32 131072 B, binCV uint64 131072 B, OpenCV CV_8U 1048576 B (8.0x)
 bitwiseAnd   set pixels: binCV   261799 OpenCV   261799 agree
 bitwiseOr    set pixels: binCV   787067 OpenCV   787067 agree
 bitwiseXor   set pixels: binCV   525268 OpenCV   525268 agree
 bitwiseNot   set pixels: binCV   523860 OpenCV   523860 agree
 physical bound (1 read + 1 write word copy, fastest batch; worst in parentheses):
 131072 B buffer 116.10 GB/s (46.68) 1048576 B buffer 110.22 GB/s (73.75)
 std::memcpy at the same footprints (context only, NOT the bound, and not monotonic in size): 7.97 GB/s, 7.72 GB/s
 working set per call: binCV 393216 B, OpenCV 3145728 B (three buffers)
[BENCH] bitwiseAnd             binCV uint32        0.00303 ns/px   123.61 GB/s
[BENCH] bitwiseAnd             binCV uint64        0.00361 ns/px   104.02 GB/s
[BENCH] bitwiseAnd             OpenCV CV_8U        0.03017 ns/px    99.45 GB/s
[BENCH] bitwiseOr              binCV uint32        0.00373 ns/px   100.40 GB/s
[BENCH] bitwiseOr              binCV uint64        0.00299 ns/px   125.35 GB/s
[BENCH] bitwiseOr              OpenCV CV_8U        0.02935 ns/px   102.20 GB/s
[BENCH] bitwiseXor             binCV uint32        0.00361 ns/px   103.97 GB/s
[BENCH] bitwiseXor             binCV uint64        0.00363 ns/px   103.44 GB/s
[BENCH] bitwiseXor             OpenCV CV_8U        0.02944 ns/px   101.90 GB/s
[BENCH] bitwiseNot             binCV uint32        0.00350 ns/px    71.37 GB/s
[BENCH] bitwiseNot             binCV uint64        0.00361 ns/px    69.21 GB/s
[BENCH] bitwiseNot             OpenCV CV_8U        0.06086 ns/px    32.86 GB/s

 OP           IMPLEMENTATION       ns/pixel       GB/s    vs OpenCV
 ---------------------------------------------------------------------
 bitwiseAnd   binCV uint32          0.00303     123.61        9.94x
 bitwiseAnd   binCV uint64          0.00361     104.02        8.37x
 bitwiseAnd   OpenCV CV_8U          0.03017      99.45        1.00x
 bitwiseOr    binCV uint32          0.00373     100.40        7.86x
 bitwiseOr    binCV uint64          0.00299     125.35        9.81x
 bitwiseOr    OpenCV CV_8U          0.02935     102.20        1.00x
 bitwiseXor   binCV uint32          0.00361     103.97        8.16x
 bitwiseXor   binCV uint64          0.00363     103.44        8.12x
 bitwiseXor   OpenCV CV_8U          0.02944     101.90        1.00x
 bitwiseNot   binCV uint32          0.00350      71.37       17.37x
 bitwiseNot   binCV uint64          0.00361      69.21       16.85x
 bitwiseNot   OpenCV CV_8U          0.06086      32.86        1.00x
 ratio > 1 means binCV is faster. sink=16711532972224393910

================ 8192 x 4096 (33554432 pixels) ================
 footprint per buffer: binCV uint32 4194304 B, binCV uint64 4194304 B, OpenCV CV_8U 33554432 B (8.0x)
 bitwiseAnd   set pixels: binCV  8389345 OpenCV  8389345 agree
 bitwiseOr    set pixels: binCV 25165591 OpenCV 25165591 agree
 bitwiseXor   set pixels: binCV 16776246 OpenCV 16776246 agree
 bitwiseNot   set pixels: binCV 16778496 OpenCV 16778496 agree
 physical bound (1 read + 1 write word copy, fastest batch; worst in parentheses):
 4194304 B buffer 107.49 GB/s (45.29) 33554432 B buffer 16.76 GB/s (7.46)
 std::memcpy at the same footprints (context only, NOT the bound, and not monotonic in size): 6.34 GB/s, 21.55 GB/s
 working set per call: binCV 12582912 B, OpenCV 100663296 B (three buffers)
[BENCH] bitwiseAnd             binCV uint32        0.00951 ns/px    39.43 GB/s
[BENCH] bitwiseAnd             binCV uint64        0.01000 ns/px    37.51 GB/s
[BENCH] bitwiseAnd             OpenCV CV_8U        0.15997 ns/px    18.75 GB/s
[BENCH] bitwiseOr              binCV uint32        0.01023 ns/px    36.67 GB/s
[BENCH] bitwiseOr              binCV uint64        0.00957 ns/px    39.19 GB/s
[BENCH] bitwiseOr              OpenCV CV_8U        0.15584 ns/px    19.25 GB/s
[BENCH] bitwiseXor             binCV uint32        0.01013 ns/px    37.01 GB/s
[BENCH] bitwiseXor             binCV uint64        0.01301 ns/px    28.82 GB/s
[BENCH] bitwiseXor             OpenCV CV_8U        0.16207 ns/px    18.51 GB/s
[BENCH] bitwiseNot             binCV uint32        0.00482 ns/px    51.91 GB/s
[BENCH] bitwiseNot             binCV uint64        0.00601 ns/px    41.62 GB/s
[BENCH] bitwiseNot             OpenCV CV_8U        0.08243 ns/px    24.26 GB/s

 OP           IMPLEMENTATION       ns/pixel       GB/s    vs OpenCV
 ---------------------------------------------------------------------
 bitwiseAnd   binCV uint32          0.00951      39.43       16.82x
 bitwiseAnd   binCV uint64          0.01000      37.51       16.00x
 bitwiseAnd   OpenCV CV_8U          0.15997      18.75        1.00x
 bitwiseOr    binCV uint32          0.01023      36.67       15.24x
 bitwiseOr    binCV uint64          0.00957      39.19       16.28x
 bitwiseOr    OpenCV CV_8U          0.15584      19.25        1.00x
 bitwiseXor   binCV uint32          0.01013      37.01       15.99x
 bitwiseXor   binCV uint64          0.01301      28.82       12.46x
 bitwiseXor   OpenCV CV_8U          0.16207      18.51        1.00x
 bitwiseNot   binCV uint32          0.00482      51.91       17.11x
 bitwiseNot   binCV uint64          0.00601      41.62       13.72x
 bitwiseNot   OpenCV CV_8U          0.08243      24.26        1.00x
 ratio > 1 means binCV is faster. sink=13541507777435836640
### run 16
=== Benchmark Config ===
Width: 640, Height: 480, Iterations: 100, DType: uint8, Sparsity: 1

logic kernels vs OpenCV on the same binary content as CV_8U
(the denominator is what a user runs today without binCV)
OpenCV 4.8.0-dev, cv::getNumThreads() = 1; binCV is single-threaded
 OpenCV build:    Configuration:               Release
 OpenCV build:    Baseline:                    SSE SSE2 SSE3
 OpenCV build:    Dispatched code generation:  SSE4_1 SSE4_2 FP16 AVX AVX2 AVX512_SKX

================ 640 x 480 (307200 pixels) ================
 footprint per buffer: binCV uint32 38400 B, binCV uint64 38400 B, OpenCV CV_8U 307200 B (8.0x)
 bitwiseAnd   set pixels: binCV    76512 OpenCV    76512 agree
 bitwiseOr    set pixels: binCV   230224 OpenCV   230224 agree
 bitwiseXor   set pixels: binCV   153712 OpenCV   153712 agree
 bitwiseNot   set pixels: binCV   153774 OpenCV   153774 agree
 physical bound (1 read + 1 write word copy, fastest batch; worst in parentheses):
 38400 B buffer 143.03 GB/s (79.23) 307200 B buffer 120.41 GB/s (54.58)
 std::memcpy at the same footprints (context only, NOT the bound, and not monotonic in size): 130.50 GB/s, 8.08 GB/s
 working set per call: binCV 115200 B, OpenCV 921600 B (three buffers)
[BENCH] bitwiseAnd             binCV uint32        0.00273 ns/px   137.32 GB/s
[BENCH] bitwiseAnd             binCV uint64        0.00355 ns/px   105.63 GB/s
[BENCH] bitwiseAnd             OpenCV CV_8U        0.02878 ns/px   104.23 GB/s
[BENCH] bitwiseOr              binCV uint32        0.00369 ns/px   101.55 GB/s
[BENCH] bitwiseOr              binCV uint64        0.00271 ns/px   138.22 GB/s
[BENCH] bitwiseOr              OpenCV CV_8U        0.02768 ns/px   108.38 GB/s
[BENCH] bitwiseXor             binCV uint32        0.00377 ns/px    99.35 GB/s
[BENCH] bitwiseXor             binCV uint64        0.00353 ns/px   106.19 GB/s
[BENCH] bitwiseXor             OpenCV CV_8U        0.02765 ns/px   108.48 GB/s
[BENCH] bitwiseNot             binCV uint32        0.00352 ns/px    71.00 GB/s
[BENCH] bitwiseNot             binCV uint64        0.00352 ns/px    71.02 GB/s
[BENCH] bitwiseNot             OpenCV CV_8U        0.06256 ns/px    31.97 GB/s

 OP           IMPLEMENTATION       ns/pixel       GB/s    vs OpenCV
 ---------------------------------------------------------------------
 bitwiseAnd   binCV uint32          0.00273     137.32       10.54x
 bitwiseAnd   binCV uint64          0.00355     105.63        8.11x
 bitwiseAnd   OpenCV CV_8U          0.02878     104.23        1.00x
 bitwiseOr    binCV uint32          0.00369     101.55        7.50x
 bitwiseOr    binCV uint64          0.00271     138.22       10.20x
 bitwiseOr    OpenCV CV_8U          0.02768     108.38        1.00x
 bitwiseXor   binCV uint32          0.00377      99.35        7.33x
 bitwiseXor   binCV uint64          0.00353     106.19        7.83x
 bitwiseXor   OpenCV CV_8U          0.02765     108.48        1.00x
 bitwiseNot   binCV uint32          0.00352      71.00       17.77x
 bitwiseNot   binCV uint64          0.00352      71.02       17.77x
 bitwiseNot   OpenCV CV_8U          0.06256      31.97        1.00x
 ratio > 1 means binCV is faster. sink=13176148525061955161

================ 1024 x 1024 (1048576 pixels) ================
 footprint per buffer: binCV uint32 131072 B, binCV uint64 131072 B, OpenCV CV_8U 1048576 B (8.0x)
 bitwiseAnd   set pixels: binCV   261799 OpenCV   261799 agree
 bitwiseOr    set pixels: binCV   787067 OpenCV   787067 agree
 bitwiseXor   set pixels: binCV   525268 OpenCV   525268 agree
 bitwiseNot   set pixels: binCV   523860 OpenCV   523860 agree
 physical bound (1 read + 1 write word copy, fastest batch; worst in parentheses):
 131072 B buffer 133.41 GB/s (52.14) 1048576 B buffer 106.87 GB/s (64.19)
 std::memcpy at the same footprints (context only, NOT the bound, and not monotonic in size): 8.46 GB/s, 7.94 GB/s
 working set per call: binCV 393216 B, OpenCV 3145728 B (three buffers)
[BENCH] bitwiseAnd             binCV uint32        0.00312 ns/px   120.36 GB/s
[BENCH] bitwiseAnd             binCV uint64        0.00365 ns/px   102.60 GB/s
[BENCH] bitwiseAnd             OpenCV CV_8U        0.03212 ns/px    93.39 GB/s
[BENCH] bitwiseOr              binCV uint32        0.00364 ns/px   102.94 GB/s
[BENCH] bitwiseOr              binCV uint64        0.00314 ns/px   119.59 GB/s
[BENCH] bitwiseOr              OpenCV CV_8U        0.03015 ns/px    99.51 GB/s
[BENCH] bitwiseXor             binCV uint32        0.00371 ns/px   101.14 GB/s
[BENCH] bitwiseXor             binCV uint64        0.00366 ns/px   102.39 GB/s
[BENCH] bitwiseXor             OpenCV CV_8U        0.02920 ns/px   102.73 GB/s
[BENCH] bitwiseNot             binCV uint32        0.00360 ns/px    69.52 GB/s
[BENCH] bitwiseNot             binCV uint64        0.00359 ns/px    69.61 GB/s
[BENCH] bitwiseNot             OpenCV CV_8U        0.06108 ns/px    32.74 GB/s

 OP           IMPLEMENTATION       ns/pixel       GB/s    vs OpenCV
 ---------------------------------------------------------------------
 bitwiseAnd   binCV uint32          0.00312     120.36       10.31x
 bitwiseAnd   binCV uint64          0.00365     102.60        8.79x
 bitwiseAnd   OpenCV CV_8U          0.03212      93.39        1.00x
 bitwiseOr    binCV uint32          0.00364     102.94        8.28x
 bitwiseOr    binCV uint64          0.00314     119.59        9.61x
 bitwiseOr    OpenCV CV_8U          0.03015      99.51        1.00x
 bitwiseXor   binCV uint32          0.00371     101.14        7.88x
 bitwiseXor   binCV uint64          0.00366     102.39        7.97x
 bitwiseXor   OpenCV CV_8U          0.02920     102.73        1.00x
 bitwiseNot   binCV uint32          0.00360      69.52       16.99x
 bitwiseNot   binCV uint64          0.00359      69.61       17.01x
 bitwiseNot   OpenCV CV_8U          0.06108      32.74        1.00x
 ratio > 1 means binCV is faster. sink=7977127409485414494

================ 8192 x 4096 (33554432 pixels) ================
 footprint per buffer: binCV uint32 4194304 B, binCV uint64 4194304 B, OpenCV CV_8U 33554432 B (8.0x)
 bitwiseAnd   set pixels: binCV  8389345 OpenCV  8389345 agree
 bitwiseOr    set pixels: binCV 25165591 OpenCV 25165591 agree
 bitwiseXor   set pixels: binCV 16776246 OpenCV 16776246 agree
 bitwiseNot   set pixels: binCV 16778496 OpenCV 16778496 agree
 physical bound (1 read + 1 write word copy, fastest batch; worst in parentheses):
 4194304 B buffer 106.09 GB/s (41.57) 33554432 B buffer 18.96 GB/s (13.79)
 std::memcpy at the same footprints (context only, NOT the bound, and not monotonic in size): 10.78 GB/s, 28.89 GB/s
 working set per call: binCV 12582912 B, OpenCV 100663296 B (three buffers)
[BENCH] bitwiseAnd             binCV uint32        0.01097 ns/px    34.17 GB/s
[BENCH] bitwiseAnd             binCV uint64        0.01285 ns/px    29.18 GB/s
[BENCH] bitwiseAnd             OpenCV CV_8U        0.13930 ns/px    21.54 GB/s
[BENCH] bitwiseOr              binCV uint32        0.01124 ns/px    33.37 GB/s
[BENCH] bitwiseOr              binCV uint64        0.01005 ns/px    37.30 GB/s
[BENCH] bitwiseOr              OpenCV CV_8U        0.18808 ns/px    15.95 GB/s
[BENCH] bitwiseXor             binCV uint32        0.01203 ns/px    31.17 GB/s
[BENCH] bitwiseXor             binCV uint64        0.01076 ns/px    34.85 GB/s
[BENCH] bitwiseXor             OpenCV CV_8U        0.15896 ns/px    18.87 GB/s
[BENCH] bitwiseNot             binCV uint32        0.00560 ns/px    44.66 GB/s
[BENCH] bitwiseNot             binCV uint64        0.00486 ns/px    51.44 GB/s
[BENCH] bitwiseNot             OpenCV CV_8U        0.08889 ns/px    22.50 GB/s

 OP           IMPLEMENTATION       ns/pixel       GB/s    vs OpenCV
 ---------------------------------------------------------------------
 bitwiseAnd   binCV uint32          0.01097      34.17       12.69x
 bitwiseAnd   binCV uint64          0.01285      29.18       10.84x
 bitwiseAnd   OpenCV CV_8U          0.13930      21.54        1.00x
 bitwiseOr    binCV uint32          0.01124      33.37       16.74x
 bitwiseOr    binCV uint64          0.01005      37.30       18.71x
 bitwiseOr    OpenCV CV_8U          0.18808      15.95        1.00x
 bitwiseXor   binCV uint32          0.01203      31.17       13.21x
 bitwiseXor   binCV uint64          0.01076      34.85       14.77x
 bitwiseXor   OpenCV CV_8U          0.15896      18.87        1.00x
 bitwiseNot   binCV uint32          0.00560      44.66       15.88x
 bitwiseNot   binCV uint64          0.00486      51.44       18.29x
 bitwiseNot   OpenCV CV_8U          0.08889      22.50        1.00x
 ratio > 1 means binCV is faster. sink=6640356862376819285
### run 17
=== Benchmark Config ===
Width: 640, Height: 480, Iterations: 100, DType: uint8, Sparsity: 1

logic kernels vs OpenCV on the same binary content as CV_8U
(the denominator is what a user runs today without binCV)
OpenCV 4.8.0-dev, cv::getNumThreads() = 1; binCV is single-threaded
 OpenCV build:    Configuration:               Release
 OpenCV build:    Baseline:                    SSE SSE2 SSE3
 OpenCV build:    Dispatched code generation:  SSE4_1 SSE4_2 FP16 AVX AVX2 AVX512_SKX

================ 640 x 480 (307200 pixels) ================
 footprint per buffer: binCV uint32 38400 B, binCV uint64 38400 B, OpenCV CV_8U 307200 B (8.0x)
 bitwiseAnd   set pixels: binCV    76512 OpenCV    76512 agree
 bitwiseOr    set pixels: binCV   230224 OpenCV   230224 agree
 bitwiseXor   set pixels: binCV   153712 OpenCV   153712 agree
 bitwiseNot   set pixels: binCV   153774 OpenCV   153774 agree
 physical bound (1 read + 1 write word copy, fastest batch; worst in parentheses):
 38400 B buffer 141.83 GB/s (46.61) 307200 B buffer 117.32 GB/s (76.12)
 std::memcpy at the same footprints (context only, NOT the bound, and not monotonic in size): 131.71 GB/s, 8.37 GB/s
 working set per call: binCV 115200 B, OpenCV 921600 B (three buffers)
[BENCH] bitwiseAnd             binCV uint32        0.00275 ns/px   136.15 GB/s
[BENCH] bitwiseAnd             binCV uint64        0.00389 ns/px    96.34 GB/s
[BENCH] bitwiseAnd             OpenCV CV_8U        0.02905 ns/px   103.27 GB/s
[BENCH] bitwiseOr              binCV uint32        0.00376 ns/px    99.68 GB/s
[BENCH] bitwiseOr              binCV uint64        0.00276 ns/px   135.68 GB/s
[BENCH] bitwiseOr              OpenCV CV_8U        0.02760 ns/px   108.70 GB/s
[BENCH] bitwiseXor             binCV uint32        0.00358 ns/px   104.85 GB/s
[BENCH] bitwiseXor             binCV uint64        0.00352 ns/px   106.48 GB/s
[BENCH] bitwiseXor             OpenCV CV_8U        0.02958 ns/px   101.44 GB/s
[BENCH] bitwiseNot             binCV uint32        0.00457 ns/px    54.76 GB/s
[BENCH] bitwiseNot             binCV uint64        0.00356 ns/px    70.23 GB/s
[BENCH] bitwiseNot             OpenCV CV_8U        0.06919 ns/px    28.91 GB/s

 OP           IMPLEMENTATION       ns/pixel       GB/s    vs OpenCV
 ---------------------------------------------------------------------
 bitwiseAnd   binCV uint32          0.00275     136.15       10.55x
 bitwiseAnd   binCV uint64          0.00389      96.34        7.46x
 bitwiseAnd   OpenCV CV_8U          0.02905     103.27        1.00x
 bitwiseOr    binCV uint32          0.00376      99.68        7.34x
 bitwiseOr    binCV uint64          0.00276     135.68        9.99x
 bitwiseOr    OpenCV CV_8U          0.02760     108.70        1.00x
 bitwiseXor   binCV uint32          0.00358     104.85        8.27x
 bitwiseXor   binCV uint64          0.00352     106.48        8.40x
 bitwiseXor   OpenCV CV_8U          0.02958     101.44        1.00x
 bitwiseNot   binCV uint32          0.00457      54.76       15.16x
 bitwiseNot   binCV uint64          0.00356      70.23       19.44x
 bitwiseNot   OpenCV CV_8U          0.06919      28.91        1.00x
 ratio > 1 means binCV is faster. sink=2061094564743284811

================ 1024 x 1024 (1048576 pixels) ================
 footprint per buffer: binCV uint32 131072 B, binCV uint64 131072 B, OpenCV CV_8U 1048576 B (8.0x)
 bitwiseAnd   set pixels: binCV   261799 OpenCV   261799 agree
 bitwiseOr    set pixels: binCV   787067 OpenCV   787067 agree
 bitwiseXor   set pixels: binCV   525268 OpenCV   525268 agree
 bitwiseNot   set pixels: binCV   523860 OpenCV   523860 agree
 physical bound (1 read + 1 write word copy, fastest batch; worst in parentheses):
 131072 B buffer 114.12 GB/s (88.54) 1048576 B buffer 104.80 GB/s (63.58)
 std::memcpy at the same footprints (context only, NOT the bound, and not monotonic in size): 8.36 GB/s, 6.25 GB/s
 working set per call: binCV 393216 B, OpenCV 3145728 B (three buffers)
[BENCH] bitwiseAnd             binCV uint32        0.00302 ns/px   124.24 GB/s
[BENCH] bitwiseAnd             binCV uint64        0.00368 ns/px   101.96 GB/s
[BENCH] bitwiseAnd             OpenCV CV_8U        0.02995 ns/px   100.17 GB/s
[BENCH] bitwiseOr              binCV uint32        0.00375 ns/px   100.12 GB/s
[BENCH] bitwiseOr              binCV uint64        0.00303 ns/px   123.70 GB/s
[BENCH] bitwiseOr              OpenCV CV_8U        0.03022 ns/px    99.28 GB/s
[BENCH] bitwiseXor             binCV uint32        0.00380 ns/px    98.74 GB/s
[BENCH] bitwiseXor             binCV uint64        0.00366 ns/px   102.37 GB/s
[BENCH] bitwiseXor             OpenCV CV_8U        0.02990 ns/px   100.34 GB/s
[BENCH] bitwiseNot             binCV uint32        0.00353 ns/px    70.73 GB/s
[BENCH] bitwiseNot             binCV uint64        0.00349 ns/px    71.63 GB/s
[BENCH] bitwiseNot             OpenCV CV_8U        0.06240 ns/px    32.05 GB/s

 OP           IMPLEMENTATION       ns/pixel       GB/s    vs OpenCV
 ---------------------------------------------------------------------
 bitwiseAnd   binCV uint32          0.00302     124.24        9.92x
 bitwiseAnd   binCV uint64          0.00368     101.96        8.14x
 bitwiseAnd   OpenCV CV_8U          0.02995     100.17        1.00x
 bitwiseOr    binCV uint32          0.00375     100.12        8.07x
 bitwiseOr    binCV uint64          0.00303     123.70        9.97x
 bitwiseOr    OpenCV CV_8U          0.03022      99.28        1.00x
 bitwiseXor   binCV uint32          0.00380      98.74        7.87x
 bitwiseXor   binCV uint64          0.00366     102.37        8.16x
 bitwiseXor   OpenCV CV_8U          0.02990     100.34        1.00x
 bitwiseNot   binCV uint32          0.00353      70.73       17.65x
 bitwiseNot   binCV uint64          0.00349      71.63       17.88x
 bitwiseNot   OpenCV CV_8U          0.06240      32.05        1.00x
 ratio > 1 means binCV is faster. sink=16620911902966312607

================ 8192 x 4096 (33554432 pixels) ================
 footprint per buffer: binCV uint32 4194304 B, binCV uint64 4194304 B, OpenCV CV_8U 33554432 B (8.0x)
 bitwiseAnd   set pixels: binCV  8389345 OpenCV  8389345 agree
 bitwiseOr    set pixels: binCV 25165591 OpenCV 25165591 agree
 bitwiseXor   set pixels: binCV 16776246 OpenCV 16776246 agree
 bitwiseNot   set pixels: binCV 16778496 OpenCV 16778496 agree
 physical bound (1 read + 1 write word copy, fastest batch; worst in parentheses):
 4194304 B buffer 106.34 GB/s (58.26) 33554432 B buffer 17.11 GB/s (7.76)
 std::memcpy at the same footprints (context only, NOT the bound, and not monotonic in size): 7.13 GB/s, 26.61 GB/s
 working set per call: binCV 12582912 B, OpenCV 100663296 B (three buffers)
[BENCH] bitwiseAnd             binCV uint32        0.01250 ns/px    30.01 GB/s
[BENCH] bitwiseAnd             binCV uint64        0.00992 ns/px    37.81 GB/s
[BENCH] bitwiseAnd             OpenCV CV_8U        0.20318 ns/px    14.77 GB/s
[BENCH] bitwiseOr              binCV uint32        0.00987 ns/px    37.99 GB/s
[BENCH] bitwiseOr              binCV uint64        0.00985 ns/px    38.06 GB/s
[BENCH] bitwiseOr              OpenCV CV_8U        0.16057 ns/px    18.68 GB/s
[BENCH] bitwiseXor             binCV uint32        0.01368 ns/px    27.41 GB/s
[BENCH] bitwiseXor             binCV uint64        0.01431 ns/px    26.20 GB/s
[BENCH] bitwiseXor             OpenCV CV_8U        0.15886 ns/px    18.88 GB/s
[BENCH] bitwiseNot             binCV uint32        0.00561 ns/px    44.54 GB/s
[BENCH] bitwiseNot             binCV uint64        0.00521 ns/px    47.96 GB/s
[BENCH] bitwiseNot             OpenCV CV_8U        0.08679 ns/px    23.04 GB/s

 OP           IMPLEMENTATION       ns/pixel       GB/s    vs OpenCV
 ---------------------------------------------------------------------
 bitwiseAnd   binCV uint32          0.01250      30.01       16.26x
 bitwiseAnd   binCV uint64          0.00992      37.81       20.48x
 bitwiseAnd   OpenCV CV_8U          0.20318      14.77        1.00x
 bitwiseOr    binCV uint32          0.00987      37.99       16.27x
 bitwiseOr    binCV uint64          0.00985      38.06       16.30x
 bitwiseOr    OpenCV CV_8U          0.16057      18.68        1.00x
 bitwiseXor   binCV uint32          0.01368      27.41       11.61x
 bitwiseXor   binCV uint64          0.01431      26.20       11.10x
 bitwiseXor   OpenCV CV_8U          0.15886      18.88        1.00x
 bitwiseNot   binCV uint32          0.00561      44.54       15.46x
 bitwiseNot   binCV uint64          0.00521      47.96       16.65x
 bitwiseNot   OpenCV CV_8U          0.08679      23.04        1.00x
 ratio > 1 means binCV is faster. sink=17151050387486393160
### run 18
=== Benchmark Config ===
Width: 640, Height: 480, Iterations: 100, DType: uint8, Sparsity: 1

logic kernels vs OpenCV on the same binary content as CV_8U
(the denominator is what a user runs today without binCV)
OpenCV 4.8.0-dev, cv::getNumThreads() = 1; binCV is single-threaded
 OpenCV build:    Configuration:               Release
 OpenCV build:    Baseline:                    SSE SSE2 SSE3
 OpenCV build:    Dispatched code generation:  SSE4_1 SSE4_2 FP16 AVX AVX2 AVX512_SKX

================ 640 x 480 (307200 pixels) ================
 footprint per buffer: binCV uint32 38400 B, binCV uint64 38400 B, OpenCV CV_8U 307200 B (8.0x)
 bitwiseAnd   set pixels: binCV    76512 OpenCV    76512 agree
 bitwiseOr    set pixels: binCV   230224 OpenCV   230224 agree
 bitwiseXor   set pixels: binCV   153712 OpenCV   153712 agree
 bitwiseNot   set pixels: binCV   153774 OpenCV   153774 agree
 physical bound (1 read + 1 write word copy, fastest batch; worst in parentheses):
 38400 B buffer 142.63 GB/s (44.58) 307200 B buffer 118.18 GB/s (81.73)
 std::memcpy at the same footprints (context only, NOT the bound, and not monotonic in size): 126.71 GB/s, 8.24 GB/s
 working set per call: binCV 115200 B, OpenCV 921600 B (three buffers)
[BENCH] bitwiseAnd             binCV uint32        0.00294 ns/px   127.49 GB/s
[BENCH] bitwiseAnd             binCV uint64        0.00412 ns/px    90.94 GB/s
[BENCH] bitwiseAnd             OpenCV CV_8U        0.02770 ns/px   108.32 GB/s
[BENCH] bitwiseOr              binCV uint32        0.00358 ns/px   104.86 GB/s
[BENCH] bitwiseOr              binCV uint64        0.00287 ns/px   130.78 GB/s
[BENCH] bitwiseOr              OpenCV CV_8U        0.02759 ns/px   108.73 GB/s
[BENCH] bitwiseXor             binCV uint32        0.00356 ns/px   105.29 GB/s
[BENCH] bitwiseXor             binCV uint64        0.00353 ns/px   106.31 GB/s
[BENCH] bitwiseXor             OpenCV CV_8U        0.02802 ns/px   107.07 GB/s
[BENCH] bitwiseNot             binCV uint32        0.00353 ns/px    70.76 GB/s
[BENCH] bitwiseNot             binCV uint64        0.00355 ns/px    70.37 GB/s
[BENCH] bitwiseNot             OpenCV CV_8U        0.06336 ns/px    31.57 GB/s

 OP           IMPLEMENTATION       ns/pixel       GB/s    vs OpenCV
 ---------------------------------------------------------------------
 bitwiseAnd   binCV uint32          0.00294     127.49        9.42x
 bitwiseAnd   binCV uint64          0.00412      90.94        6.72x
 bitwiseAnd   OpenCV CV_8U          0.02770     108.32        1.00x
 bitwiseOr    binCV uint32          0.00358     104.86        7.72x
 bitwiseOr    binCV uint64          0.00287     130.78        9.62x
 bitwiseOr    OpenCV CV_8U          0.02759     108.73        1.00x
 bitwiseXor   binCV uint32          0.00356     105.29        7.87x
 bitwiseXor   binCV uint64          0.00353     106.31        7.94x
 bitwiseXor   OpenCV CV_8U          0.02802     107.07        1.00x
 bitwiseNot   binCV uint32          0.00353      70.76       17.93x
 bitwiseNot   binCV uint64          0.00355      70.37       17.83x
 bitwiseNot   OpenCV CV_8U          0.06336      31.57        1.00x
 ratio > 1 means binCV is faster. sink=7765169834113692575

================ 1024 x 1024 (1048576 pixels) ================
 footprint per buffer: binCV uint32 131072 B, binCV uint64 131072 B, OpenCV CV_8U 1048576 B (8.0x)
 bitwiseAnd   set pixels: binCV   261799 OpenCV   261799 agree
 bitwiseOr    set pixels: binCV   787067 OpenCV   787067 agree
 bitwiseXor   set pixels: binCV   525268 OpenCV   525268 agree
 bitwiseNot   set pixels: binCV   523860 OpenCV   523860 agree
 physical bound (1 read + 1 write word copy, fastest batch; worst in parentheses):
 131072 B buffer 129.28 GB/s (85.79) 1048576 B buffer 111.44 GB/s (77.42)
 std::memcpy at the same footprints (context only, NOT the bound, and not monotonic in size): 8.31 GB/s, 9.38 GB/s
 working set per call: binCV 393216 B, OpenCV 3145728 B (three buffers)
[BENCH] bitwiseAnd             binCV uint32        0.00305 ns/px   122.97 GB/s
[BENCH] bitwiseAnd             binCV uint64        0.00358 ns/px   104.62 GB/s
[BENCH] bitwiseAnd             OpenCV CV_8U        0.02916 ns/px   102.87 GB/s
[BENCH] bitwiseOr              binCV uint32        0.00366 ns/px   102.52 GB/s
[BENCH] bitwiseOr              binCV uint64        0.00300 ns/px   124.84 GB/s
[BENCH] bitwiseOr              OpenCV CV_8U        0.03065 ns/px    97.89 GB/s
[BENCH] bitwiseXor             binCV uint32        0.00359 ns/px   104.34 GB/s
[BENCH] bitwiseXor             binCV uint64        0.00365 ns/px   102.76 GB/s
[BENCH] bitwiseXor             OpenCV CV_8U        0.02971 ns/px   100.99 GB/s
[BENCH] bitwiseNot             binCV uint32        0.00352 ns/px    70.96 GB/s
[BENCH] bitwiseNot             binCV uint64        0.00347 ns/px    71.95 GB/s
[BENCH] bitwiseNot             OpenCV CV_8U        0.06097 ns/px    32.80 GB/s

 OP           IMPLEMENTATION       ns/pixel       GB/s    vs OpenCV
 ---------------------------------------------------------------------
 bitwiseAnd   binCV uint32          0.00305     122.97        9.56x
 bitwiseAnd   binCV uint64          0.00358     104.62        8.14x
 bitwiseAnd   OpenCV CV_8U          0.02916     102.87        1.00x
 bitwiseOr    binCV uint32          0.00366     102.52        8.38x
 bitwiseOr    binCV uint64          0.00300     124.84       10.20x
 bitwiseOr    OpenCV CV_8U          0.03065      97.89        1.00x
 bitwiseXor   binCV uint32          0.00359     104.34        8.27x
 bitwiseXor   binCV uint64          0.00365     102.76        8.14x
 bitwiseXor   OpenCV CV_8U          0.02971     100.99        1.00x
 bitwiseNot   binCV uint32          0.00352      70.96       17.30x
 bitwiseNot   binCV uint64          0.00347      71.95       17.55x
 bitwiseNot   OpenCV CV_8U          0.06097      32.80        1.00x
 ratio > 1 means binCV is faster. sink=15697812140417352957

================ 8192 x 4096 (33554432 pixels) ================
 footprint per buffer: binCV uint32 4194304 B, binCV uint64 4194304 B, OpenCV CV_8U 33554432 B (8.0x)
 bitwiseAnd   set pixels: binCV  8389345 OpenCV  8389345 agree
 bitwiseOr    set pixels: binCV 25165591 OpenCV 25165591 agree
 bitwiseXor   set pixels: binCV 16776246 OpenCV 16776246 agree
 bitwiseNot   set pixels: binCV 16778496 OpenCV 16778496 agree
 physical bound (1 read + 1 write word copy, fastest batch; worst in parentheses):
 4194304 B buffer 109.66 GB/s (67.33) 33554432 B buffer 16.72 GB/s (6.11)
 std::memcpy at the same footprints (context only, NOT the bound, and not monotonic in size): 6.61 GB/s, 26.27 GB/s
 working set per call: binCV 12582912 B, OpenCV 100663296 B (three buffers)
[BENCH] bitwiseAnd             binCV uint32        0.00972 ns/px    38.60 GB/s
[BENCH] bitwiseAnd             binCV uint64        0.01064 ns/px    35.24 GB/s
[BENCH] bitwiseAnd             OpenCV CV_8U        0.15820 ns/px    18.96 GB/s
[BENCH] bitwiseOr              binCV uint32        0.01031 ns/px    36.37 GB/s
[BENCH] bitwiseOr              binCV uint64        0.00955 ns/px    39.28 GB/s
[BENCH] bitwiseOr              OpenCV CV_8U        0.15354 ns/px    19.54 GB/s
[BENCH] bitwiseXor             binCV uint32        0.01008 ns/px    37.22 GB/s
[BENCH] bitwiseXor             binCV uint64        0.00984 ns/px    38.10 GB/s
[BENCH] bitwiseXor             OpenCV CV_8U        0.14048 ns/px    21.36 GB/s
[BENCH] bitwiseNot             binCV uint32        0.00461 ns/px    54.25 GB/s
[BENCH] bitwiseNot             binCV uint64        0.00930 ns/px    26.87 GB/s
[BENCH] bitwiseNot             OpenCV CV_8U        0.09474 ns/px    21.11 GB/s

 OP           IMPLEMENTATION       ns/pixel       GB/s    vs OpenCV
 ---------------------------------------------------------------------
 bitwiseAnd   binCV uint32          0.00972      38.60       16.28x
 bitwiseAnd   binCV uint64          0.01064      35.24       14.87x
 bitwiseAnd   OpenCV CV_8U          0.15820      18.96        1.00x
 bitwiseOr    binCV uint32          0.01031      36.37       14.89x
 bitwiseOr    binCV uint64          0.00955      39.28       16.08x
 bitwiseOr    OpenCV CV_8U          0.15354      19.54        1.00x
 bitwiseXor   binCV uint32          0.01008      37.22       13.94x
 bitwiseXor   binCV uint64          0.00984      38.10       14.27x
 bitwiseXor   OpenCV CV_8U          0.14048      21.36        1.00x
 bitwiseNot   binCV uint32          0.00461      54.25       20.56x
 bitwiseNot   binCV uint64          0.00930      26.87       10.18x
 bitwiseNot   OpenCV CV_8U          0.09474      21.11        1.00x
 ratio > 1 means binCV is faster. sink=14851534408410734124
### run 19
=== Benchmark Config ===
Width: 640, Height: 480, Iterations: 100, DType: uint8, Sparsity: 1

logic kernels vs OpenCV on the same binary content as CV_8U
(the denominator is what a user runs today without binCV)
OpenCV 4.8.0-dev, cv::getNumThreads() = 1; binCV is single-threaded
 OpenCV build:    Configuration:               Release
 OpenCV build:    Baseline:                    SSE SSE2 SSE3
 OpenCV build:    Dispatched code generation:  SSE4_1 SSE4_2 FP16 AVX AVX2 AVX512_SKX

================ 640 x 480 (307200 pixels) ================
 footprint per buffer: binCV uint32 38400 B, binCV uint64 38400 B, OpenCV CV_8U 307200 B (8.0x)
 bitwiseAnd   set pixels: binCV    76512 OpenCV    76512 agree
 bitwiseOr    set pixels: binCV   230224 OpenCV   230224 agree
 bitwiseXor   set pixels: binCV   153712 OpenCV   153712 agree
 bitwiseNot   set pixels: binCV   153774 OpenCV   153774 agree
 physical bound (1 read + 1 write word copy, fastest batch; worst in parentheses):
 38400 B buffer 141.75 GB/s (93.23) 307200 B buffer 114.53 GB/s (62.12)
 std::memcpy at the same footprints (context only, NOT the bound, and not monotonic in size): 128.19 GB/s, 8.34 GB/s
 working set per call: binCV 115200 B, OpenCV 921600 B (three buffers)
[BENCH] bitwiseAnd             binCV uint32        0.00281 ns/px   133.38 GB/s
[BENCH] bitwiseAnd             binCV uint64        0.00352 ns/px   106.68 GB/s
[BENCH] bitwiseAnd             OpenCV CV_8U        0.02739 ns/px   109.53 GB/s
[BENCH] bitwiseOr              binCV uint32        0.00392 ns/px    95.69 GB/s
[BENCH] bitwiseOr              binCV uint64        0.00283 ns/px   132.66 GB/s
[BENCH] bitwiseOr              OpenCV CV_8U        0.03095 ns/px    96.94 GB/s
[BENCH] bitwiseXor             binCV uint32        0.00361 ns/px   103.91 GB/s
[BENCH] bitwiseXor             binCV uint64        0.00356 ns/px   105.42 GB/s
[BENCH] bitwiseXor             OpenCV CV_8U        0.02743 ns/px   109.38 GB/s
[BENCH] bitwiseNot             binCV uint32        0.00350 ns/px    71.49 GB/s
[BENCH] bitwiseNot             binCV uint64        0.00351 ns/px    71.21 GB/s
[BENCH] bitwiseNot             OpenCV CV_8U        0.06203 ns/px    32.24 GB/s

 OP           IMPLEMENTATION       ns/pixel       GB/s    vs OpenCV
 ---------------------------------------------------------------------
 bitwiseAnd   binCV uint32          0.00281     133.38        9.74x
 bitwiseAnd   binCV uint64          0.00352     106.68        7.79x
 bitwiseAnd   OpenCV CV_8U          0.02739     109.53        1.00x
 bitwiseOr    binCV uint32          0.00392      95.69        7.90x
 bitwiseOr    binCV uint64          0.00283     132.66       10.95x
 bitwiseOr    OpenCV CV_8U          0.03095      96.94        1.00x
 bitwiseXor   binCV uint32          0.00361     103.91        7.60x
 bitwiseXor   binCV uint64          0.00356     105.42        7.71x
 bitwiseXor   OpenCV CV_8U          0.02743     109.38        1.00x
 bitwiseNot   binCV uint32          0.00350      71.49       17.74x
 bitwiseNot   binCV uint64          0.00351      71.21       17.67x
 bitwiseNot   OpenCV CV_8U          0.06203      32.24        1.00x
 ratio > 1 means binCV is faster. sink=10166422789016429195

================ 1024 x 1024 (1048576 pixels) ================
 footprint per buffer: binCV uint32 131072 B, binCV uint64 131072 B, OpenCV CV_8U 1048576 B (8.0x)
 bitwiseAnd   set pixels: binCV   261799 OpenCV   261799 agree
 bitwiseOr    set pixels: binCV   787067 OpenCV   787067 agree
 bitwiseXor   set pixels: binCV   525268 OpenCV   525268 agree
 bitwiseNot   set pixels: binCV   523860 OpenCV   523860 agree
 physical bound (1 read + 1 write word copy, fastest batch; worst in parentheses):
 131072 B buffer 132.79 GB/s (51.66) 1048576 B buffer 111.78 GB/s (84.02)
 std::memcpy at the same footprints (context only, NOT the bound, and not monotonic in size): 8.40 GB/s, 7.33 GB/s
 working set per call: binCV 393216 B, OpenCV 3145728 B (three buffers)
[BENCH] bitwiseAnd             binCV uint32        0.00301 ns/px   124.61 GB/s
[BENCH] bitwiseAnd             binCV uint64        0.00694 ns/px    54.00 GB/s
[BENCH] bitwiseAnd             OpenCV CV_8U        0.03028 ns/px    99.08 GB/s
[BENCH] bitwiseOr              binCV uint32        0.00364 ns/px   102.96 GB/s
[BENCH] bitwiseOr              binCV uint64        0.00299 ns/px   125.25 GB/s
[BENCH] bitwiseOr              OpenCV CV_8U        0.03041 ns/px    98.66 GB/s
[BENCH] bitwiseXor             binCV uint32        0.00386 ns/px    97.24 GB/s
[BENCH] bitwiseXor             binCV uint64        0.00374 ns/px   100.21 GB/s
[BENCH] bitwiseXor             OpenCV CV_8U        0.02907 ns/px   103.19 GB/s
[BENCH] bitwiseNot             binCV uint32        0.00358 ns/px    69.82 GB/s
[BENCH] bitwiseNot             binCV uint64        0.00352 ns/px    70.97 GB/s
[BENCH] bitwiseNot             OpenCV CV_8U        0.07143 ns/px    28.00 GB/s

 OP           IMPLEMENTATION       ns/pixel       GB/s    vs OpenCV
 ---------------------------------------------------------------------
 bitwiseAnd   binCV uint32          0.00301     124.61       10.06x
 bitwiseAnd   binCV uint64          0.00694      54.00        4.36x
 bitwiseAnd   OpenCV CV_8U          0.03028      99.08        1.00x
 bitwiseOr    binCV uint32          0.00364     102.96        8.35x
 bitwiseOr    binCV uint64          0.00299     125.25       10.16x
 bitwiseOr    OpenCV CV_8U          0.03041      98.66        1.00x
 bitwiseXor   binCV uint32          0.00386      97.24        7.54x
 bitwiseXor   binCV uint64          0.00374     100.21        7.77x
 bitwiseXor   OpenCV CV_8U          0.02907     103.19        1.00x
 bitwiseNot   binCV uint32          0.00358      69.82       19.95x
 bitwiseNot   binCV uint64          0.00352      70.97       20.28x
 bitwiseNot   OpenCV CV_8U          0.07143      28.00        1.00x
 ratio > 1 means binCV is faster. sink=13729208574731859799

================ 8192 x 4096 (33554432 pixels) ================
 footprint per buffer: binCV uint32 4194304 B, binCV uint64 4194304 B, OpenCV CV_8U 33554432 B (8.0x)
 bitwiseAnd   set pixels: binCV  8389345 OpenCV  8389345 agree
 bitwiseOr    set pixels: binCV 25165591 OpenCV 25165591 agree
 bitwiseXor   set pixels: binCV 16776246 OpenCV 16776246 agree
 bitwiseNot   set pixels: binCV 16778496 OpenCV 16778496 agree
 physical bound (1 read + 1 write word copy, fastest batch; worst in parentheses):
 4194304 B buffer 108.80 GB/s (50.74) 33554432 B buffer 15.76 GB/s (8.93)
 std::memcpy at the same footprints (context only, NOT the bound, and not monotonic in size): 7.07 GB/s, 26.00 GB/s
 working set per call: binCV 12582912 B, OpenCV 100663296 B (three buffers)
[BENCH] bitwiseAnd             binCV uint32        0.00806 ns/px    46.50 GB/s
[BENCH] bitwiseAnd             binCV uint64        0.01012 ns/px    37.05 GB/s
[BENCH] bitwiseAnd             OpenCV CV_8U        0.15727 ns/px    19.08 GB/s
[BENCH] bitwiseOr              binCV uint32        0.01608 ns/px    23.32 GB/s
[BENCH] bitwiseOr              binCV uint64        0.01045 ns/px    35.90 GB/s
[BENCH] bitwiseOr              OpenCV CV_8U        0.21435 ns/px    14.00 GB/s
[BENCH] bitwiseXor             binCV uint32        0.01174 ns/px    31.96 GB/s
[BENCH] bitwiseXor             binCV uint64        0.01059 ns/px    35.40 GB/s
[BENCH] bitwiseXor             OpenCV CV_8U        0.17567 ns/px    17.08 GB/s
[BENCH] bitwiseNot             binCV uint32        0.00619 ns/px    40.36 GB/s
[BENCH] bitwiseNot             binCV uint64        0.00632 ns/px    39.53 GB/s
[BENCH] bitwiseNot             OpenCV CV_8U        0.08503 ns/px    23.52 GB/s

 OP           IMPLEMENTATION       ns/pixel       GB/s    vs OpenCV
 ---------------------------------------------------------------------
 bitwiseAnd   binCV uint32          0.00806      46.50       19.50x
 bitwiseAnd   binCV uint64          0.01012      37.05       15.54x
 bitwiseAnd   OpenCV CV_8U          0.15727      19.08        1.00x
 bitwiseOr    binCV uint32          0.01608      23.32       13.33x
 bitwiseOr    binCV uint64          0.01045      35.90       20.52x
 bitwiseOr    OpenCV CV_8U          0.21435      14.00        1.00x
 bitwiseXor   binCV uint32          0.01174      31.96       14.97x
 bitwiseXor   binCV uint64          0.01059      35.40       16.58x
 bitwiseXor   OpenCV CV_8U          0.17567      17.08        1.00x
 bitwiseNot   binCV uint32          0.00619      40.36       13.73x
 bitwiseNot   binCV uint64          0.00632      39.53       13.45x
 bitwiseNot   OpenCV CV_8U          0.08503      23.52        1.00x
 ratio > 1 means binCV is faster. sink=6532082587129114735
### run 20
=== Benchmark Config ===
Width: 640, Height: 480, Iterations: 100, DType: uint8, Sparsity: 1

logic kernels vs OpenCV on the same binary content as CV_8U
(the denominator is what a user runs today without binCV)
OpenCV 4.8.0-dev, cv::getNumThreads() = 1; binCV is single-threaded
 OpenCV build:    Configuration:               Release
 OpenCV build:    Baseline:                    SSE SSE2 SSE3
 OpenCV build:    Dispatched code generation:  SSE4_1 SSE4_2 FP16 AVX AVX2 AVX512_SKX

================ 640 x 480 (307200 pixels) ================
 footprint per buffer: binCV uint32 38400 B, binCV uint64 38400 B, OpenCV CV_8U 307200 B (8.0x)
 bitwiseAnd   set pixels: binCV    76512 OpenCV    76512 agree
 bitwiseOr    set pixels: binCV   230224 OpenCV   230224 agree
 bitwiseXor   set pixels: binCV   153712 OpenCV   153712 agree
 bitwiseNot   set pixels: binCV   153774 OpenCV   153774 agree
 physical bound (1 read + 1 write word copy, fastest batch; worst in parentheses):
 38400 B buffer 142.58 GB/s (85.71) 307200 B buffer 110.35 GB/s (68.41)
 std::memcpy at the same footprints (context only, NOT the bound, and not monotonic in size): 131.96 GB/s, 8.41 GB/s
 working set per call: binCV 115200 B, OpenCV 921600 B (three buffers)
[BENCH] bitwiseAnd             binCV uint32        0.00281 ns/px   133.31 GB/s
[BENCH] bitwiseAnd             binCV uint64        0.00373 ns/px   100.54 GB/s
[BENCH] bitwiseAnd             OpenCV CV_8U        0.02771 ns/px   108.26 GB/s
[BENCH] bitwiseOr              binCV uint32        0.00392 ns/px    95.75 GB/s
[BENCH] bitwiseOr              binCV uint64        0.00291 ns/px   128.75 GB/s
[BENCH] bitwiseOr              OpenCV CV_8U        0.02914 ns/px   102.93 GB/s
[BENCH] bitwiseXor             binCV uint32        0.00360 ns/px   104.19 GB/s
[BENCH] bitwiseXor             binCV uint64        0.00367 ns/px   102.07 GB/s
[BENCH] bitwiseXor             OpenCV CV_8U        0.02751 ns/px   109.06 GB/s
[BENCH] bitwiseNot             binCV uint32        0.00352 ns/px    71.01 GB/s
[BENCH] bitwiseNot             binCV uint64        0.00348 ns/px    71.84 GB/s
[BENCH] bitwiseNot             OpenCV CV_8U        0.06842 ns/px    29.23 GB/s

 OP           IMPLEMENTATION       ns/pixel       GB/s    vs OpenCV
 ---------------------------------------------------------------------
 bitwiseAnd   binCV uint32          0.00281     133.31        9.85x
 bitwiseAnd   binCV uint64          0.00373     100.54        7.43x
 bitwiseAnd   OpenCV CV_8U          0.02771     108.26        1.00x
 bitwiseOr    binCV uint32          0.00392      95.75        7.44x
 bitwiseOr    binCV uint64          0.00291     128.75       10.01x
 bitwiseOr    OpenCV CV_8U          0.02914     102.93        1.00x
 bitwiseXor   binCV uint32          0.00360     104.19        7.64x
 bitwiseXor   binCV uint64          0.00367     102.07        7.49x
 bitwiseXor   OpenCV CV_8U          0.02751     109.06        1.00x
 bitwiseNot   binCV uint32          0.00352      71.01       19.43x
 bitwiseNot   binCV uint64          0.00348      71.84       19.66x
 bitwiseNot   OpenCV CV_8U          0.06842      29.23        1.00x
 ratio > 1 means binCV is faster. sink=1057080888358032966

================ 1024 x 1024 (1048576 pixels) ================
 footprint per buffer: binCV uint32 131072 B, binCV uint64 131072 B, OpenCV CV_8U 1048576 B (8.0x)
 bitwiseAnd   set pixels: binCV   261799 OpenCV   261799 agree
 bitwiseOr    set pixels: binCV   787067 OpenCV   787067 agree
 bitwiseXor   set pixels: binCV   525268 OpenCV   525268 agree
 bitwiseNot   set pixels: binCV   523860 OpenCV   523860 agree
 physical bound (1 read + 1 write word copy, fastest batch; worst in parentheses):
 131072 B buffer 131.59 GB/s (52.51) 1048576 B buffer 110.27 GB/s (63.44)
 std::memcpy at the same footprints (context only, NOT the bound, and not monotonic in size): 8.26 GB/s, 7.54 GB/s
 working set per call: binCV 393216 B, OpenCV 3145728 B (three buffers)
[BENCH] bitwiseAnd             binCV uint32        0.00310 ns/px   120.96 GB/s
[BENCH] bitwiseAnd             binCV uint64        0.00367 ns/px   102.28 GB/s
[BENCH] bitwiseAnd             OpenCV CV_8U        0.02979 ns/px   100.70 GB/s
[BENCH] bitwiseOr              binCV uint32        0.00370 ns/px   101.31 GB/s
[BENCH] bitwiseOr              binCV uint64        0.00312 ns/px   120.23 GB/s
[BENCH] bitwiseOr              OpenCV CV_8U        0.03105 ns/px    96.62 GB/s
[BENCH] bitwiseXor             binCV uint32        0.00361 ns/px   103.82 GB/s
[BENCH] bitwiseXor             binCV uint64        0.00362 ns/px   103.62 GB/s
[BENCH] bitwiseXor             OpenCV CV_8U        0.02891 ns/px   103.77 GB/s
[BENCH] bitwiseNot             binCV uint32        0.00359 ns/px    69.55 GB/s
[BENCH] bitwiseNot             binCV uint64        0.00355 ns/px    70.33 GB/s
[BENCH] bitwiseNot             OpenCV CV_8U        0.06152 ns/px    32.51 GB/s

 OP           IMPLEMENTATION       ns/pixel       GB/s    vs OpenCV
 ---------------------------------------------------------------------
 bitwiseAnd   binCV uint32          0.00310     120.96        9.61x
 bitwiseAnd   binCV uint64          0.00367     102.28        8.13x
 bitwiseAnd   OpenCV CV_8U          0.02979     100.70        1.00x
 bitwiseOr    binCV uint32          0.00370     101.31        8.39x
 bitwiseOr    binCV uint64          0.00312     120.23        9.95x
 bitwiseOr    OpenCV CV_8U          0.03105      96.62        1.00x
 bitwiseXor   binCV uint32          0.00361     103.82        8.00x
 bitwiseXor   binCV uint64          0.00362     103.62        7.99x
 bitwiseXor   OpenCV CV_8U          0.02891     103.77        1.00x
 bitwiseNot   binCV uint32          0.00359      69.55       17.11x
 bitwiseNot   binCV uint64          0.00355      70.33       17.30x
 bitwiseNot   OpenCV CV_8U          0.06152      32.51        1.00x
 ratio > 1 means binCV is faster. sink=16861544829582909234

================ 8192 x 4096 (33554432 pixels) ================
 footprint per buffer: binCV uint32 4194304 B, binCV uint64 4194304 B, OpenCV CV_8U 33554432 B (8.0x)
 bitwiseAnd   set pixels: binCV  8389345 OpenCV  8389345 agree
 bitwiseOr    set pixels: binCV 25165591 OpenCV 25165591 agree
 bitwiseXor   set pixels: binCV 16776246 OpenCV 16776246 agree
 bitwiseNot   set pixels: binCV 16778496 OpenCV 16778496 agree
 physical bound (1 read + 1 write word copy, fastest batch; worst in parentheses):
 4194304 B buffer 107.72 GB/s (64.58) 33554432 B buffer 17.01 GB/s (9.78)
 std::memcpy at the same footprints (context only, NOT the bound, and not monotonic in size): 6.70 GB/s, 17.68 GB/s
 working set per call: binCV 12582912 B, OpenCV 100663296 B (three buffers)
[BENCH] bitwiseAnd             binCV uint32        0.01056 ns/px    35.52 GB/s
[BENCH] bitwiseAnd             binCV uint64        0.01110 ns/px    33.79 GB/s
[BENCH] bitwiseAnd             OpenCV CV_8U        0.16293 ns/px    18.41 GB/s
[BENCH] bitwiseOr              binCV uint32        0.01119 ns/px    33.50 GB/s
[BENCH] bitwiseOr              binCV uint64        0.01102 ns/px    34.04 GB/s
[BENCH] bitwiseOr              OpenCV CV_8U        0.15546 ns/px    19.30 GB/s
[BENCH] bitwiseXor             binCV uint32        0.00994 ns/px    37.73 GB/s
[BENCH] bitwiseXor             binCV uint64        0.00949 ns/px    39.52 GB/s
[BENCH] bitwiseXor             OpenCV CV_8U        0.16216 ns/px    18.50 GB/s
[BENCH] bitwiseNot             binCV uint32        0.00531 ns/px    47.05 GB/s
[BENCH] bitwiseNot             binCV uint64        0.00522 ns/px    47.91 GB/s
[BENCH] bitwiseNot             OpenCV CV_8U        0.09323 ns/px    21.45 GB/s

 OP           IMPLEMENTATION       ns/pixel       GB/s    vs OpenCV
 ---------------------------------------------------------------------
 bitwiseAnd   binCV uint32          0.01056      35.52       15.43x
 bitwiseAnd   binCV uint64          0.01110      33.79       14.68x
 bitwiseAnd   OpenCV CV_8U          0.16293      18.41        1.00x
 bitwiseOr    binCV uint32          0.01119      33.50       13.89x
 bitwiseOr    binCV uint64          0.01102      34.04       14.11x
 bitwiseOr    OpenCV CV_8U          0.15546      19.30        1.00x
 bitwiseXor   binCV uint32          0.00994      37.73       16.32x
 bitwiseXor   binCV uint64          0.00949      39.52       17.09x
 bitwiseXor   OpenCV CV_8U          0.16216      18.50        1.00x
 bitwiseNot   binCV uint32          0.00531      47.05       17.55x
 bitwiseNot   binCV uint64          0.00522      47.91       17.87x
 bitwiseNot   OpenCV CV_8U          0.09323      21.45        1.00x
 ratio > 1 means binCV is faster. sink=16589680222877017373
### run 21
=== Benchmark Config ===
Width: 640, Height: 480, Iterations: 100, DType: uint8, Sparsity: 1

logic kernels vs OpenCV on the same binary content as CV_8U
(the denominator is what a user runs today without binCV)
OpenCV 4.8.0-dev, cv::getNumThreads() = 1; binCV is single-threaded
 OpenCV build:    Configuration:               Release
 OpenCV build:    Baseline:                    SSE SSE2 SSE3
 OpenCV build:    Dispatched code generation:  SSE4_1 SSE4_2 FP16 AVX AVX2 AVX512_SKX

================ 640 x 480 (307200 pixels) ================
 footprint per buffer: binCV uint32 38400 B, binCV uint64 38400 B, OpenCV CV_8U 307200 B (8.0x)
 bitwiseAnd   set pixels: binCV    76512 OpenCV    76512 agree
 bitwiseOr    set pixels: binCV   230224 OpenCV   230224 agree
 bitwiseXor   set pixels: binCV   153712 OpenCV   153712 agree
 bitwiseNot   set pixels: binCV   153774 OpenCV   153774 agree
 physical bound (1 read + 1 write word copy, fastest batch; worst in parentheses):
 38400 B buffer 143.49 GB/s (93.06) 307200 B buffer 113.91 GB/s (50.51)
 std::memcpy at the same footprints (context only, NOT the bound, and not monotonic in size): 129.43 GB/s, 4.79 GB/s
 working set per call: binCV 115200 B, OpenCV 921600 B (three buffers)
[BENCH] bitwiseAnd             binCV uint32        0.00305 ns/px   123.02 GB/s
[BENCH] bitwiseAnd             binCV uint64        0.00359 ns/px   104.47 GB/s
[BENCH] bitwiseAnd             OpenCV CV_8U        0.02973 ns/px   100.91 GB/s
[BENCH] bitwiseOr              binCV uint32        0.00387 ns/px    96.86 GB/s
[BENCH] bitwiseOr              binCV uint64        0.00284 ns/px   131.85 GB/s
[BENCH] bitwiseOr              OpenCV CV_8U        0.02923 ns/px   102.64 GB/s
[BENCH] bitwiseXor             binCV uint32        0.00370 ns/px   101.22 GB/s
[BENCH] bitwiseXor             binCV uint64        0.00378 ns/px    99.18 GB/s
[BENCH] bitwiseXor             OpenCV CV_8U        0.02814 ns/px   106.61 GB/s
[BENCH] bitwiseNot             binCV uint32        0.00350 ns/px    71.38 GB/s
[BENCH] bitwiseNot             binCV uint64        0.00358 ns/px    69.85 GB/s
[BENCH] bitwiseNot             OpenCV CV_8U        0.06847 ns/px    29.21 GB/s

 OP           IMPLEMENTATION       ns/pixel       GB/s    vs OpenCV
 ---------------------------------------------------------------------
 bitwiseAnd   binCV uint32          0.00305     123.02        9.75x
 bitwiseAnd   binCV uint64          0.00359     104.47        8.28x
 bitwiseAnd   OpenCV CV_8U          0.02973     100.91        1.00x
 bitwiseOr    binCV uint32          0.00387      96.86        7.55x
 bitwiseOr    binCV uint64          0.00284     131.85       10.28x
 bitwiseOr    OpenCV CV_8U          0.02923     102.64        1.00x
 bitwiseXor   binCV uint32          0.00370     101.22        7.60x
 bitwiseXor   binCV uint64          0.00378      99.18        7.44x
 bitwiseXor   OpenCV CV_8U          0.02814     106.61        1.00x
 bitwiseNot   binCV uint32          0.00350      71.38       19.55x
 bitwiseNot   binCV uint64          0.00358      69.85       19.13x
 bitwiseNot   OpenCV CV_8U          0.06847      29.21        1.00x
 ratio > 1 means binCV is faster. sink=9489323732331631493

================ 1024 x 1024 (1048576 pixels) ================
 footprint per buffer: binCV uint32 131072 B, binCV uint64 131072 B, OpenCV CV_8U 1048576 B (8.0x)
 bitwiseAnd   set pixels: binCV   261799 OpenCV   261799 agree
 bitwiseOr    set pixels: binCV   787067 OpenCV   787067 agree
 bitwiseXor   set pixels: binCV   525268 OpenCV   525268 agree
 bitwiseNot   set pixels: binCV   523860 OpenCV   523860 agree
 physical bound (1 read + 1 write word copy, fastest batch; worst in parentheses):
 131072 B buffer 121.27 GB/s (38.63) 1048576 B buffer 112.02 GB/s (64.33)
 std::memcpy at the same footprints (context only, NOT the bound, and not monotonic in size): 8.53 GB/s, 7.75 GB/s
 working set per call: binCV 393216 B, OpenCV 3145728 B (three buffers)
[BENCH] bitwiseAnd             binCV uint32        0.00307 ns/px   122.02 GB/s
[BENCH] bitwiseAnd             binCV uint64        0.00365 ns/px   102.65 GB/s
[BENCH] bitwiseAnd             OpenCV CV_8U        0.03377 ns/px    88.83 GB/s
[BENCH] bitwiseOr              binCV uint32        0.00374 ns/px   100.22 GB/s
[BENCH] bitwiseOr              binCV uint64        0.00296 ns/px   126.58 GB/s
[BENCH] bitwiseOr              OpenCV CV_8U        0.02927 ns/px   102.48 GB/s
[BENCH] bitwiseXor             binCV uint32        0.00364 ns/px   103.01 GB/s
[BENCH] bitwiseXor             binCV uint64        0.00361 ns/px   103.79 GB/s
[BENCH] bitwiseXor             OpenCV CV_8U        0.03063 ns/px    97.94 GB/s
[BENCH] bitwiseNot             binCV uint32        0.00374 ns/px    66.84 GB/s
[BENCH] bitwiseNot             binCV uint64        0.00349 ns/px    71.73 GB/s
[BENCH] bitwiseNot             OpenCV CV_8U        0.06092 ns/px    32.83 GB/s

 OP           IMPLEMENTATION       ns/pixel       GB/s    vs OpenCV
 ---------------------------------------------------------------------
 bitwiseAnd   binCV uint32          0.00307     122.02       10.99x
 bitwiseAnd   binCV uint64          0.00365     102.65        9.24x
 bitwiseAnd   OpenCV CV_8U          0.03377      88.83        1.00x
 bitwiseOr    binCV uint32          0.00374     100.22        7.82x
 bitwiseOr    binCV uint64          0.00296     126.58        9.88x
 bitwiseOr    OpenCV CV_8U          0.02927     102.48        1.00x
 bitwiseXor   binCV uint32          0.00364     103.01        8.41x
 bitwiseXor   binCV uint64          0.00361     103.79        8.48x
 bitwiseXor   OpenCV CV_8U          0.03063      97.94        1.00x
 bitwiseNot   binCV uint32          0.00374      66.84       16.29x
 bitwiseNot   binCV uint64          0.00349      71.73       17.48x
 bitwiseNot   OpenCV CV_8U          0.06092      32.83        1.00x
 ratio > 1 means binCV is faster. sink=196054540687337514

================ 8192 x 4096 (33554432 pixels) ================
 footprint per buffer: binCV uint32 4194304 B, binCV uint64 4194304 B, OpenCV CV_8U 33554432 B (8.0x)
 bitwiseAnd   set pixels: binCV  8389345 OpenCV  8389345 agree
 bitwiseOr    set pixels: binCV 25165591 OpenCV 25165591 agree
 bitwiseXor   set pixels: binCV 16776246 OpenCV 16776246 agree
 bitwiseNot   set pixels: binCV 16778496 OpenCV 16778496 agree
 physical bound (1 read + 1 write word copy, fastest batch; worst in parentheses):
 4194304 B buffer 97.15 GB/s (48.70) 33554432 B buffer 17.02 GB/s (8.92)
 std::memcpy at the same footprints (context only, NOT the bound, and not monotonic in size): 8.67 GB/s, 25.55 GB/s
 working set per call: binCV 12582912 B, OpenCV 100663296 B (three buffers)
[BENCH] bitwiseAnd             binCV uint32        0.00951 ns/px    39.45 GB/s
[BENCH] bitwiseAnd             binCV uint64        0.01040 ns/px    36.05 GB/s
[BENCH] bitwiseAnd             OpenCV CV_8U        0.15541 ns/px    19.30 GB/s
[BENCH] bitwiseOr              binCV uint32        0.00958 ns/px    39.16 GB/s
[BENCH] bitwiseOr              binCV uint64        0.00963 ns/px    38.94 GB/s
[BENCH] bitwiseOr              OpenCV CV_8U        0.16426 ns/px    18.26 GB/s
[BENCH] bitwiseXor             binCV uint32        0.01004 ns/px    37.37 GB/s
[BENCH] bitwiseXor             binCV uint64        0.01436 ns/px    26.11 GB/s
[BENCH] bitwiseXor             OpenCV CV_8U        0.16998 ns/px    17.65 GB/s
[BENCH] bitwiseNot             binCV uint32        0.00409 ns/px    61.10 GB/s
[BENCH] bitwiseNot             binCV uint64        0.00569 ns/px    43.91 GB/s
[BENCH] bitwiseNot             OpenCV CV_8U        0.08398 ns/px    23.81 GB/s

 OP           IMPLEMENTATION       ns/pixel       GB/s    vs OpenCV
 ---------------------------------------------------------------------
 bitwiseAnd   binCV uint32          0.00951      39.45       16.35x
 bitwiseAnd   binCV uint64          0.01040      36.05       14.94x
 bitwiseAnd   OpenCV CV_8U          0.15541      19.30        1.00x
 bitwiseOr    binCV uint32          0.00958      39.16       17.15x
 bitwiseOr    binCV uint64          0.00963      38.94       17.06x
 bitwiseOr    OpenCV CV_8U          0.16426      18.26        1.00x
 bitwiseXor   binCV uint32          0.01004      37.37       16.94x
 bitwiseXor   binCV uint64          0.01436      26.11       11.84x
 bitwiseXor   OpenCV CV_8U          0.16998      17.65        1.00x
 bitwiseNot   binCV uint32          0.00409      61.10       20.53x
 bitwiseNot   binCV uint64          0.00569      43.91       14.75x
 bitwiseNot   OpenCV CV_8U          0.08398      23.81        1.00x
 ratio > 1 means binCV is faster. sink=3852980064565030848
### run 22
=== Benchmark Config ===
Width: 640, Height: 480, Iterations: 100, DType: uint8, Sparsity: 1

logic kernels vs OpenCV on the same binary content as CV_8U
(the denominator is what a user runs today without binCV)
OpenCV 4.8.0-dev, cv::getNumThreads() = 1; binCV is single-threaded
 OpenCV build:    Configuration:               Release
 OpenCV build:    Baseline:                    SSE SSE2 SSE3
 OpenCV build:    Dispatched code generation:  SSE4_1 SSE4_2 FP16 AVX AVX2 AVX512_SKX

================ 640 x 480 (307200 pixels) ================
 footprint per buffer: binCV uint32 38400 B, binCV uint64 38400 B, OpenCV CV_8U 307200 B (8.0x)
 bitwiseAnd   set pixels: binCV    76512 OpenCV    76512 agree
 bitwiseOr    set pixels: binCV   230224 OpenCV   230224 agree
 bitwiseXor   set pixels: binCV   153712 OpenCV   153712 agree
 bitwiseNot   set pixels: binCV   153774 OpenCV   153774 agree
 physical bound (1 read + 1 write word copy, fastest batch; worst in parentheses):
 38400 B buffer 141.89 GB/s (67.71) 307200 B buffer 104.77 GB/s (51.99)
 std::memcpy at the same footprints (context only, NOT the bound, and not monotonic in size): 131.74 GB/s, 7.91 GB/s
 working set per call: binCV 115200 B, OpenCV 921600 B (three buffers)
[BENCH] bitwiseAnd             binCV uint32        0.00278 ns/px   134.86 GB/s
[BENCH] bitwiseAnd             binCV uint64        0.00359 ns/px   104.50 GB/s
[BENCH] bitwiseAnd             OpenCV CV_8U        0.02845 ns/px   105.46 GB/s
[BENCH] bitwiseOr              binCV uint32        0.00357 ns/px   104.92 GB/s
[BENCH] bitwiseOr              binCV uint64        0.00291 ns/px   128.72 GB/s
[BENCH] bitwiseOr              OpenCV CV_8U        0.02837 ns/px   105.75 GB/s
[BENCH] bitwiseXor             binCV uint32        0.00353 ns/px   106.09 GB/s
[BENCH] bitwiseXor             binCV uint64        0.00351 ns/px   106.96 GB/s
[BENCH] bitwiseXor             OpenCV CV_8U        0.02903 ns/px   103.35 GB/s
[BENCH] bitwiseNot             binCV uint32        0.00345 ns/px    72.44 GB/s
[BENCH] bitwiseNot             binCV uint64        0.00354 ns/px    70.67 GB/s
[BENCH] bitwiseNot             OpenCV CV_8U        0.07041 ns/px    28.41 GB/s

 OP           IMPLEMENTATION       ns/pixel       GB/s    vs OpenCV
 ---------------------------------------------------------------------
 bitwiseAnd   binCV uint32          0.00278     134.86       10.23x
 bitwiseAnd   binCV uint64          0.00359     104.50        7.93x
 bitwiseAnd   OpenCV CV_8U          0.02845     105.46        1.00x
 bitwiseOr    binCV uint32          0.00357     104.92        7.94x
 bitwiseOr    binCV uint64          0.00291     128.72        9.74x
 bitwiseOr    OpenCV CV_8U          0.02837     105.75        1.00x
 bitwiseXor   binCV uint32          0.00353     106.09        8.21x
 bitwiseXor   binCV uint64          0.00351     106.96        8.28x
 bitwiseXor   OpenCV CV_8U          0.02903     103.35        1.00x
 bitwiseNot   binCV uint32          0.00345      72.44       20.40x
 bitwiseNot   binCV uint64          0.00354      70.67       19.90x
 bitwiseNot   OpenCV CV_8U          0.07041      28.41        1.00x
 ratio > 1 means binCV is faster. sink=9849714057080174354

================ 1024 x 1024 (1048576 pixels) ================
 footprint per buffer: binCV uint32 131072 B, binCV uint64 131072 B, OpenCV CV_8U 1048576 B (8.0x)
 bitwiseAnd   set pixels: binCV   261799 OpenCV   261799 agree
 bitwiseOr    set pixels: binCV   787067 OpenCV   787067 agree
 bitwiseXor   set pixels: binCV   525268 OpenCV   525268 agree
 bitwiseNot   set pixels: binCV   523860 OpenCV   523860 agree
 physical bound (1 read + 1 write word copy, fastest batch; worst in parentheses):
 131072 B buffer 121.36 GB/s (67.59) 1048576 B buffer 110.64 GB/s (87.57)
 std::memcpy at the same footprints (context only, NOT the bound, and not monotonic in size): 8.56 GB/s, 7.65 GB/s
 working set per call: binCV 393216 B, OpenCV 3145728 B (three buffers)
[BENCH] bitwiseAnd             binCV uint32        0.00372 ns/px   100.81 GB/s
[BENCH] bitwiseAnd             binCV uint64        0.00364 ns/px   103.08 GB/s
[BENCH] bitwiseAnd             OpenCV CV_8U        0.02988 ns/px   100.39 GB/s
[BENCH] bitwiseOr              binCV uint32        0.00359 ns/px   104.43 GB/s
[BENCH] bitwiseOr              binCV uint64        0.00297 ns/px   126.13 GB/s
[BENCH] bitwiseOr              OpenCV CV_8U        0.02927 ns/px   102.49 GB/s
[BENCH] bitwiseXor             binCV uint32        0.00365 ns/px   102.76 GB/s
[BENCH] bitwiseXor             binCV uint64        0.00360 ns/px   104.05 GB/s
[BENCH] bitwiseXor             OpenCV CV_8U        0.02930 ns/px   102.39 GB/s
[BENCH] bitwiseNot             binCV uint32        0.00347 ns/px    71.97 GB/s
[BENCH] bitwiseNot             binCV uint64        0.00364 ns/px    68.76 GB/s
[BENCH] bitwiseNot             OpenCV CV_8U        0.06767 ns/px    29.56 GB/s

 OP           IMPLEMENTATION       ns/pixel       GB/s    vs OpenCV
 ---------------------------------------------------------------------
 bitwiseAnd   binCV uint32          0.00372     100.81        8.03x
 bitwiseAnd   binCV uint64          0.00364     103.08        8.21x
 bitwiseAnd   OpenCV CV_8U          0.02988     100.39        1.00x
 bitwiseOr    binCV uint32          0.00359     104.43        8.15x
 bitwiseOr    binCV uint64          0.00297     126.13        9.85x
 bitwiseOr    OpenCV CV_8U          0.02927     102.49        1.00x
 bitwiseXor   binCV uint32          0.00365     102.76        8.03x
 bitwiseXor   binCV uint64          0.00360     104.05        8.13x
 bitwiseXor   OpenCV CV_8U          0.02930     102.39        1.00x
 bitwiseNot   binCV uint32          0.00347      71.97       19.48x
 bitwiseNot   binCV uint64          0.00364      68.76       18.61x
 bitwiseNot   OpenCV CV_8U          0.06767      29.56        1.00x
 ratio > 1 means binCV is faster. sink=5724078918178288597

================ 8192 x 4096 (33554432 pixels) ================
 footprint per buffer: binCV uint32 4194304 B, binCV uint64 4194304 B, OpenCV CV_8U 33554432 B (8.0x)
 bitwiseAnd   set pixels: binCV  8389345 OpenCV  8389345 agree
 bitwiseOr    set pixels: binCV 25165591 OpenCV 25165591 agree
 bitwiseXor   set pixels: binCV 16776246 OpenCV 16776246 agree
 bitwiseNot   set pixels: binCV 16778496 OpenCV 16778496 agree
 physical bound (1 read + 1 write word copy, fastest batch; worst in parentheses):
 4194304 B buffer 106.16 GB/s (64.31) 33554432 B buffer 18.71 GB/s (6.90)
 std::memcpy at the same footprints (context only, NOT the bound, and not monotonic in size): 7.12 GB/s, 26.81 GB/s
 working set per call: binCV 12582912 B, OpenCV 100663296 B (three buffers)
[BENCH] bitwiseAnd             binCV uint32        0.01078 ns/px    34.80 GB/s
[BENCH] bitwiseAnd             binCV uint64        0.01076 ns/px    34.86 GB/s
[BENCH] bitwiseAnd             OpenCV CV_8U        0.16837 ns/px    17.82 GB/s
[BENCH] bitwiseOr              binCV uint32        0.01086 ns/px    34.53 GB/s
[BENCH] bitwiseOr              binCV uint64        0.01001 ns/px    37.45 GB/s
[BENCH] bitwiseOr              OpenCV CV_8U        0.16121 ns/px    18.61 GB/s
[BENCH] bitwiseXor             binCV uint32        0.01030 ns/px    36.42 GB/s
[BENCH] bitwiseXor             binCV uint64        0.01069 ns/px    35.09 GB/s
[BENCH] bitwiseXor             OpenCV CV_8U        0.21011 ns/px    14.28 GB/s
[BENCH] bitwiseNot             binCV uint32        0.00543 ns/px    46.01 GB/s
[BENCH] bitwiseNot             binCV uint64        0.00508 ns/px    49.20 GB/s
[BENCH] bitwiseNot             OpenCV CV_8U        0.08260 ns/px    24.21 GB/s

 OP           IMPLEMENTATION       ns/pixel       GB/s    vs OpenCV
 ---------------------------------------------------------------------
 bitwiseAnd   binCV uint32          0.01078      34.80       15.62x
 bitwiseAnd   binCV uint64          0.01076      34.86       15.65x
 bitwiseAnd   OpenCV CV_8U          0.16837      17.82        1.00x
 bitwiseOr    binCV uint32          0.01086      34.53       14.84x
 bitwiseOr    binCV uint64          0.01001      37.45       16.10x
 bitwiseOr    OpenCV CV_8U          0.16121      18.61        1.00x
 bitwiseXor   binCV uint32          0.01030      36.42       20.40x
 bitwiseXor   binCV uint64          0.01069      35.09       19.66x
 bitwiseXor   OpenCV CV_8U          0.21011      14.28        1.00x
 bitwiseNot   binCV uint32          0.00543      46.01       15.20x
 bitwiseNot   binCV uint64          0.00508      49.20       16.26x
 bitwiseNot   OpenCV CV_8U          0.08260      24.21        1.00x
 ratio > 1 means binCV is faster. sink=5245422229491327675
### run 23
=== Benchmark Config ===
Width: 640, Height: 480, Iterations: 100, DType: uint8, Sparsity: 1

logic kernels vs OpenCV on the same binary content as CV_8U
(the denominator is what a user runs today without binCV)
OpenCV 4.8.0-dev, cv::getNumThreads() = 1; binCV is single-threaded
 OpenCV build:    Configuration:               Release
 OpenCV build:    Baseline:                    SSE SSE2 SSE3
 OpenCV build:    Dispatched code generation:  SSE4_1 SSE4_2 FP16 AVX AVX2 AVX512_SKX

================ 640 x 480 (307200 pixels) ================
 footprint per buffer: binCV uint32 38400 B, binCV uint64 38400 B, OpenCV CV_8U 307200 B (8.0x)
 bitwiseAnd   set pixels: binCV    76512 OpenCV    76512 agree
 bitwiseOr    set pixels: binCV   230224 OpenCV   230224 agree
 bitwiseXor   set pixels: binCV   153712 OpenCV   153712 agree
 bitwiseNot   set pixels: binCV   153774 OpenCV   153774 agree
 physical bound (1 read + 1 write word copy, fastest batch; worst in parentheses):
 38400 B buffer 141.73 GB/s (45.42) 307200 B buffer 112.81 GB/s (84.64)
 std::memcpy at the same footprints (context only, NOT the bound, and not monotonic in size): 127.22 GB/s, 7.98 GB/s
 working set per call: binCV 115200 B, OpenCV 921600 B (three buffers)
[BENCH] bitwiseAnd             binCV uint32        0.00297 ns/px   126.20 GB/s
[BENCH] bitwiseAnd             binCV uint64        0.00379 ns/px    99.07 GB/s
[BENCH] bitwiseAnd             OpenCV CV_8U        0.02753 ns/px   108.96 GB/s
[BENCH] bitwiseOr              binCV uint32        0.00373 ns/px   100.65 GB/s
[BENCH] bitwiseOr              binCV uint64        0.00272 ns/px   137.92 GB/s
[BENCH] bitwiseOr              OpenCV CV_8U        0.02743 ns/px   109.35 GB/s
[BENCH] bitwiseXor             binCV uint32        0.00353 ns/px   106.31 GB/s
[BENCH] bitwiseXor             binCV uint64        0.00355 ns/px   105.50 GB/s
[BENCH] bitwiseXor             OpenCV CV_8U        0.02746 ns/px   109.26 GB/s
[BENCH] bitwiseNot             binCV uint32        0.00360 ns/px    69.45 GB/s
[BENCH] bitwiseNot             binCV uint64        0.00364 ns/px    68.61 GB/s
[BENCH] bitwiseNot             OpenCV CV_8U        0.07312 ns/px    27.35 GB/s

 OP           IMPLEMENTATION       ns/pixel       GB/s    vs OpenCV
 ---------------------------------------------------------------------
 bitwiseAnd   binCV uint32          0.00297     126.20        9.27x
 bitwiseAnd   binCV uint64          0.00379      99.07        7.27x
 bitwiseAnd   OpenCV CV_8U          0.02753     108.96        1.00x
 bitwiseOr    binCV uint32          0.00373     100.65        7.36x
 bitwiseOr    binCV uint64          0.00272     137.92       10.09x
 bitwiseOr    OpenCV CV_8U          0.02743     109.35        1.00x
 bitwiseXor   binCV uint32          0.00353     106.31        7.78x
 bitwiseXor   binCV uint64          0.00355     105.50        7.72x
 bitwiseXor   OpenCV CV_8U          0.02746     109.26        1.00x
 bitwiseNot   binCV uint32          0.00360      69.45       20.31x
 bitwiseNot   binCV uint64          0.00364      68.61       20.07x
 bitwiseNot   OpenCV CV_8U          0.07312      27.35        1.00x
 ratio > 1 means binCV is faster. sink=7694590871321620706

================ 1024 x 1024 (1048576 pixels) ================
 footprint per buffer: binCV uint32 131072 B, binCV uint64 131072 B, OpenCV CV_8U 1048576 B (8.0x)
 bitwiseAnd   set pixels: binCV   261799 OpenCV   261799 agree
 bitwiseOr    set pixels: binCV   787067 OpenCV   787067 agree
 bitwiseXor   set pixels: binCV   525268 OpenCV   525268 agree
 bitwiseNot   set pixels: binCV   523860 OpenCV   523860 agree
 physical bound (1 read + 1 write word copy, fastest batch; worst in parentheses):
 131072 B buffer 131.74 GB/s (65.66) 1048576 B buffer 108.01 GB/s (59.89)
 std::memcpy at the same footprints (context only, NOT the bound, and not monotonic in size): 8.25 GB/s, 6.59 GB/s
 working set per call: binCV 393216 B, OpenCV 3145728 B (three buffers)
[BENCH] bitwiseAnd             binCV uint32        0.00304 ns/px   123.42 GB/s
[BENCH] bitwiseAnd             binCV uint64        0.00369 ns/px   101.71 GB/s
[BENCH] bitwiseAnd             OpenCV CV_8U        0.02983 ns/px   100.57 GB/s
[BENCH] bitwiseOr              binCV uint32        0.00357 ns/px   105.17 GB/s
[BENCH] bitwiseOr              binCV uint64        0.00305 ns/px   122.88 GB/s
[BENCH] bitwiseOr              OpenCV CV_8U        0.03032 ns/px    98.94 GB/s
[BENCH] bitwiseXor             binCV uint32        0.00357 ns/px   104.93 GB/s
[BENCH] bitwiseXor             binCV uint64        0.00364 ns/px   103.15 GB/s
[BENCH] bitwiseXor             OpenCV CV_8U        0.03015 ns/px    99.52 GB/s
[BENCH] bitwiseNot             binCV uint32        0.00353 ns/px    70.91 GB/s
[BENCH] bitwiseNot             binCV uint64        0.00352 ns/px    70.94 GB/s
[BENCH] bitwiseNot             OpenCV CV_8U        0.06169 ns/px    32.42 GB/s

 OP           IMPLEMENTATION       ns/pixel       GB/s    vs OpenCV
 ---------------------------------------------------------------------
 bitwiseAnd   binCV uint32          0.00304     123.42        9.82x
 bitwiseAnd   binCV uint64          0.00369     101.71        8.09x
 bitwiseAnd   OpenCV CV_8U          0.02983     100.57        1.00x
 bitwiseOr    binCV uint32          0.00357     105.17        8.50x
 bitwiseOr    binCV uint64          0.00305     122.88        9.94x
 bitwiseOr    OpenCV CV_8U          0.03032      98.94        1.00x
 bitwiseXor   binCV uint32          0.00357     104.93        8.44x
 bitwiseXor   binCV uint64          0.00364     103.15        8.29x
 bitwiseXor   OpenCV CV_8U          0.03015      99.52        1.00x
 bitwiseNot   binCV uint32          0.00353      70.91       17.50x
 bitwiseNot   binCV uint64          0.00352      70.94       17.50x
 bitwiseNot   OpenCV CV_8U          0.06169      32.42        1.00x
 ratio > 1 means binCV is faster. sink=17178379292302229559

================ 8192 x 4096 (33554432 pixels) ================
 footprint per buffer: binCV uint32 4194304 B, binCV uint64 4194304 B, OpenCV CV_8U 33554432 B (8.0x)
 bitwiseAnd   set pixels: binCV  8389345 OpenCV  8389345 agree
 bitwiseOr    set pixels: binCV 25165591 OpenCV 25165591 agree
 bitwiseXor   set pixels: binCV 16776246 OpenCV 16776246 agree
 bitwiseNot   set pixels: binCV 16778496 OpenCV 16778496 agree
 physical bound (1 read + 1 write word copy, fastest batch; worst in parentheses):
 4194304 B buffer 105.31 GB/s (64.33) 33554432 B buffer 17.13 GB/s (9.14)
 std::memcpy at the same footprints (context only, NOT the bound, and not monotonic in size): 7.26 GB/s, 25.37 GB/s
 working set per call: binCV 12582912 B, OpenCV 100663296 B (three buffers)
[BENCH] bitwiseAnd             binCV uint32        0.00963 ns/px    38.93 GB/s
[BENCH] bitwiseAnd             binCV uint64        0.01027 ns/px    36.50 GB/s
[BENCH] bitwiseAnd             OpenCV CV_8U        0.14115 ns/px    21.25 GB/s
[BENCH] bitwiseOr              binCV uint32        0.00995 ns/px    37.68 GB/s
[BENCH] bitwiseOr              binCV uint64        0.01186 ns/px    31.62 GB/s
[BENCH] bitwiseOr              OpenCV CV_8U        0.16732 ns/px    17.93 GB/s
[BENCH] bitwiseXor             binCV uint32        0.00871 ns/px    43.03 GB/s
[BENCH] bitwiseXor             binCV uint64        0.01040 ns/px    36.05 GB/s
[BENCH] bitwiseXor             OpenCV CV_8U        0.15920 ns/px    18.84 GB/s
[BENCH] bitwiseNot             binCV uint32        0.00533 ns/px    46.90 GB/s
[BENCH] bitwiseNot             binCV uint64        0.00786 ns/px    31.81 GB/s
[BENCH] bitwiseNot             OpenCV CV_8U        0.08268 ns/px    24.19 GB/s

 OP           IMPLEMENTATION       ns/pixel       GB/s    vs OpenCV
 ---------------------------------------------------------------------
 bitwiseAnd   binCV uint32          0.00963      38.93       14.65x
 bitwiseAnd   binCV uint64          0.01027      36.50       13.74x
 bitwiseAnd   OpenCV CV_8U          0.14115      21.25        1.00x
 bitwiseOr    binCV uint32          0.00995      37.68       16.81x
 bitwiseOr    binCV uint64          0.01186      31.62       14.11x
 bitwiseOr    OpenCV CV_8U          0.16732      17.93        1.00x
 bitwiseXor   binCV uint32          0.00871      43.03       18.27x
 bitwiseXor   binCV uint64          0.01040      36.05       15.30x
 bitwiseXor   OpenCV CV_8U          0.15920      18.84        1.00x
 bitwiseNot   binCV uint32          0.00533      46.90       15.51x
 bitwiseNot   binCV uint64          0.00786      31.81       10.52x
 bitwiseNot   OpenCV CV_8U          0.08268      24.19        1.00x
 ratio > 1 means binCV is faster. sink=8414897516652580947
### run 24
=== Benchmark Config ===
Width: 640, Height: 480, Iterations: 100, DType: uint8, Sparsity: 1

logic kernels vs OpenCV on the same binary content as CV_8U
(the denominator is what a user runs today without binCV)
OpenCV 4.8.0-dev, cv::getNumThreads() = 1; binCV is single-threaded
 OpenCV build:    Configuration:               Release
 OpenCV build:    Baseline:                    SSE SSE2 SSE3
 OpenCV build:    Dispatched code generation:  SSE4_1 SSE4_2 FP16 AVX AVX2 AVX512_SKX

================ 640 x 480 (307200 pixels) ================
 footprint per buffer: binCV uint32 38400 B, binCV uint64 38400 B, OpenCV CV_8U 307200 B (8.0x)
 bitwiseAnd   set pixels: binCV    76512 OpenCV    76512 agree
 bitwiseOr    set pixels: binCV   230224 OpenCV   230224 agree
 bitwiseXor   set pixels: binCV   153712 OpenCV   153712 agree
 bitwiseNot   set pixels: binCV   153774 OpenCV   153774 agree
 physical bound (1 read + 1 write word copy, fastest batch; worst in parentheses):
 38400 B buffer 141.81 GB/s (65.65) 307200 B buffer 101.35 GB/s (43.26)
 std::memcpy at the same footprints (context only, NOT the bound, and not monotonic in size): 122.45 GB/s, 7.98 GB/s
 working set per call: binCV 115200 B, OpenCV 921600 B (three buffers)
[BENCH] bitwiseAnd             binCV uint32        0.00345 ns/px   108.81 GB/s
[BENCH] bitwiseAnd             binCV uint64        0.00370 ns/px   101.39 GB/s
[BENCH] bitwiseAnd             OpenCV CV_8U        0.02799 ns/px   107.18 GB/s
[BENCH] bitwiseOr              binCV uint32        0.00362 ns/px   103.66 GB/s
[BENCH] bitwiseOr              binCV uint64        0.00278 ns/px   134.94 GB/s
[BENCH] bitwiseOr              OpenCV CV_8U        0.03105 ns/px    96.63 GB/s
[BENCH] bitwiseXor             binCV uint32        0.00362 ns/px   103.56 GB/s
[BENCH] bitwiseXor             binCV uint64        0.00401 ns/px    93.40 GB/s
[BENCH] bitwiseXor             OpenCV CV_8U        0.02813 ns/px   106.64 GB/s
[BENCH] bitwiseNot             binCV uint32        0.00359 ns/px    69.59 GB/s
[BENCH] bitwiseNot             binCV uint64        0.00363 ns/px    68.89 GB/s
[BENCH] bitwiseNot             OpenCV CV_8U        0.06306 ns/px    31.72 GB/s

 OP           IMPLEMENTATION       ns/pixel       GB/s    vs OpenCV
 ---------------------------------------------------------------------
 bitwiseAnd   binCV uint32          0.00345     108.81        8.12x
 bitwiseAnd   binCV uint64          0.00370     101.39        7.57x
 bitwiseAnd   OpenCV CV_8U          0.02799     107.18        1.00x
 bitwiseOr    binCV uint32          0.00362     103.66        8.58x
 bitwiseOr    binCV uint64          0.00278     134.94       11.17x
 bitwiseOr    OpenCV CV_8U          0.03105      96.63        1.00x
 bitwiseXor   binCV uint32          0.00362     103.56        7.77x
 bitwiseXor   binCV uint64          0.00401      93.40        7.01x
 bitwiseXor   OpenCV CV_8U          0.02813     106.64        1.00x
 bitwiseNot   binCV uint32          0.00359      69.59       17.55x
 bitwiseNot   binCV uint64          0.00363      68.89       17.38x
 bitwiseNot   OpenCV CV_8U          0.06306      31.72        1.00x
 ratio > 1 means binCV is faster. sink=6061397070895712098

================ 1024 x 1024 (1048576 pixels) ================
 footprint per buffer: binCV uint32 131072 B, binCV uint64 131072 B, OpenCV CV_8U 1048576 B (8.0x)
 bitwiseAnd   set pixels: binCV   261799 OpenCV   261799 agree
 bitwiseOr    set pixels: binCV   787067 OpenCV   787067 agree
 bitwiseXor   set pixels: binCV   525268 OpenCV   525268 agree
 bitwiseNot   set pixels: binCV   523860 OpenCV   523860 agree
 physical bound (1 read + 1 write word copy, fastest batch; worst in parentheses):
 131072 B buffer 124.57 GB/s (45.35) 1048576 B buffer 108.39 GB/s (78.26)
 std::memcpy at the same footprints (context only, NOT the bound, and not monotonic in size): 8.07 GB/s, 7.40 GB/s
 working set per call: binCV 393216 B, OpenCV 3145728 B (three buffers)
[BENCH] bitwiseAnd             binCV uint32        0.00303 ns/px   123.74 GB/s
[BENCH] bitwiseAnd             binCV uint64        0.00355 ns/px   105.51 GB/s
[BENCH] bitwiseAnd             OpenCV CV_8U        0.02991 ns/px   100.31 GB/s
[BENCH] bitwiseOr              binCV uint32        0.00369 ns/px   101.55 GB/s
[BENCH] bitwiseOr              binCV uint64        0.00311 ns/px   120.50 GB/s
[BENCH] bitwiseOr              OpenCV CV_8U        0.02959 ns/px   101.37 GB/s
[BENCH] bitwiseXor             binCV uint32        0.00360 ns/px   104.09 GB/s
[BENCH] bitwiseXor             binCV uint64        0.00363 ns/px   103.23 GB/s
[BENCH] bitwiseXor             OpenCV CV_8U        0.02999 ns/px   100.02 GB/s
[BENCH] bitwiseNot             binCV uint32        0.00352 ns/px    71.00 GB/s
[BENCH] bitwiseNot             binCV uint64        0.00351 ns/px    71.26 GB/s
[BENCH] bitwiseNot             OpenCV CV_8U        0.06337 ns/px    31.56 GB/s

 OP           IMPLEMENTATION       ns/pixel       GB/s    vs OpenCV
 ---------------------------------------------------------------------
 bitwiseAnd   binCV uint32          0.00303     123.74        9.87x
 bitwiseAnd   binCV uint64          0.00355     105.51        8.42x
 bitwiseAnd   OpenCV CV_8U          0.02991     100.31        1.00x
 bitwiseOr    binCV uint32          0.00369     101.55        8.01x
 bitwiseOr    binCV uint64          0.00311     120.50        9.51x
 bitwiseOr    OpenCV CV_8U          0.02959     101.37        1.00x
 bitwiseXor   binCV uint32          0.00360     104.09        8.33x
 bitwiseXor   binCV uint64          0.00363     103.23        8.26x
 bitwiseXor   OpenCV CV_8U          0.02999     100.02        1.00x
 bitwiseNot   binCV uint32          0.00352      71.00       18.00x
 bitwiseNot   binCV uint64          0.00351      71.26       18.06x
 bitwiseNot   OpenCV CV_8U          0.06337      31.56        1.00x
 ratio > 1 means binCV is faster. sink=17326567592968220698

================ 8192 x 4096 (33554432 pixels) ================
 footprint per buffer: binCV uint32 4194304 B, binCV uint64 4194304 B, OpenCV CV_8U 33554432 B (8.0x)
 bitwiseAnd   set pixels: binCV  8389345 OpenCV  8389345 agree
 bitwiseOr    set pixels: binCV 25165591 OpenCV 25165591 agree
 bitwiseXor   set pixels: binCV 16776246 OpenCV 16776246 agree
 bitwiseNot   set pixels: binCV 16778496 OpenCV 16778496 agree
 physical bound (1 read + 1 write word copy, fastest batch; worst in parentheses):
 4194304 B buffer 102.29 GB/s (26.44) 33554432 B buffer 16.97 GB/s (7.42)
 std::memcpy at the same footprints (context only, NOT the bound, and not monotonic in size): 7.06 GB/s, 18.63 GB/s
 working set per call: binCV 12582912 B, OpenCV 100663296 B (three buffers)
[BENCH] bitwiseAnd             binCV uint32        0.01679 ns/px    22.33 GB/s
[BENCH] bitwiseAnd             binCV uint64        0.00958 ns/px    39.14 GB/s
[BENCH] bitwiseAnd             OpenCV CV_8U        0.15742 ns/px    19.06 GB/s
[BENCH] bitwiseOr              binCV uint32        0.00956 ns/px    39.24 GB/s
[BENCH] bitwiseOr              binCV uint64        0.01036 ns/px    36.20 GB/s
[BENCH] bitwiseOr              OpenCV CV_8U        0.15843 ns/px    18.94 GB/s
[BENCH] bitwiseXor             binCV uint32        0.01009 ns/px    37.15 GB/s
[BENCH] bitwiseXor             binCV uint64        0.01954 ns/px    19.19 GB/s
[BENCH] bitwiseXor             OpenCV CV_8U        0.15780 ns/px    19.01 GB/s
[BENCH] bitwiseNot             binCV uint32        0.00584 ns/px    42.79 GB/s
[BENCH] bitwiseNot             binCV uint64        0.00555 ns/px    45.06 GB/s
[BENCH] bitwiseNot             OpenCV CV_8U        0.08134 ns/px    24.59 GB/s

 OP           IMPLEMENTATION       ns/pixel       GB/s    vs OpenCV
 ---------------------------------------------------------------------
 bitwiseAnd   binCV uint32          0.01679      22.33        9.37x
 bitwiseAnd   binCV uint64          0.00958      39.14       16.43x
 bitwiseAnd   OpenCV CV_8U          0.15742      19.06        1.00x
 bitwiseOr    binCV uint32          0.00956      39.24       16.58x
 bitwiseOr    binCV uint64          0.01036      36.20       15.29x
 bitwiseOr    OpenCV CV_8U          0.15843      18.94        1.00x
 bitwiseXor   binCV uint32          0.01009      37.15       15.63x
 bitwiseXor   binCV uint64          0.01954      19.19        8.07x
 bitwiseXor   OpenCV CV_8U          0.15780      19.01        1.00x
 bitwiseNot   binCV uint32          0.00584      42.79       13.92x
 bitwiseNot   binCV uint64          0.00555      45.06       14.66x
 bitwiseNot   OpenCV CV_8U          0.08134      24.59        1.00x
 ratio > 1 means binCV is faster. sink=15678392666632089907
### run 25
=== Benchmark Config ===
Width: 640, Height: 480, Iterations: 100, DType: uint8, Sparsity: 1

logic kernels vs OpenCV on the same binary content as CV_8U
(the denominator is what a user runs today without binCV)
OpenCV 4.8.0-dev, cv::getNumThreads() = 1; binCV is single-threaded
 OpenCV build:    Configuration:               Release
 OpenCV build:    Baseline:                    SSE SSE2 SSE3
 OpenCV build:    Dispatched code generation:  SSE4_1 SSE4_2 FP16 AVX AVX2 AVX512_SKX

================ 640 x 480 (307200 pixels) ================
 footprint per buffer: binCV uint32 38400 B, binCV uint64 38400 B, OpenCV CV_8U 307200 B (8.0x)
 bitwiseAnd   set pixels: binCV    76512 OpenCV    76512 agree
 bitwiseOr    set pixels: binCV   230224 OpenCV   230224 agree
 bitwiseXor   set pixels: binCV   153712 OpenCV   153712 agree
 bitwiseNot   set pixels: binCV   153774 OpenCV   153774 agree
 physical bound (1 read + 1 write word copy, fastest batch; worst in parentheses):
 38400 B buffer 141.61 GB/s (54.52) 307200 B buffer 115.21 GB/s (61.53)
 std::memcpy at the same footprints (context only, NOT the bound, and not monotonic in size): 131.65 GB/s, 8.45 GB/s
 working set per call: binCV 115200 B, OpenCV 921600 B (three buffers)
[BENCH] bitwiseAnd             binCV uint32        0.00275 ns/px   136.16 GB/s
[BENCH] bitwiseAnd             binCV uint64        0.00722 ns/px    51.95 GB/s
[BENCH] bitwiseAnd             OpenCV CV_8U        0.02752 ns/px   109.01 GB/s
[BENCH] bitwiseOr              binCV uint32        0.00350 ns/px   107.07 GB/s
[BENCH] bitwiseOr              binCV uint64        0.00311 ns/px   120.63 GB/s
[BENCH] bitwiseOr              OpenCV CV_8U        0.02872 ns/px   104.45 GB/s
[BENCH] bitwiseXor             binCV uint32        0.00373 ns/px   100.65 GB/s
[BENCH] bitwiseXor             binCV uint64        0.00437 ns/px    85.79 GB/s
[BENCH] bitwiseXor             OpenCV CV_8U        0.02746 ns/px   109.24 GB/s
[BENCH] bitwiseNot             binCV uint32        0.00348 ns/px    71.74 GB/s
[BENCH] bitwiseNot             binCV uint64        0.00345 ns/px    72.51 GB/s
[BENCH] bitwiseNot             OpenCV CV_8U        0.06191 ns/px    32.31 GB/s

 OP           IMPLEMENTATION       ns/pixel       GB/s    vs OpenCV
 ---------------------------------------------------------------------
 bitwiseAnd   binCV uint32          0.00275     136.16        9.99x
 bitwiseAnd   binCV uint64          0.00722      51.95        3.81x
 bitwiseAnd   OpenCV CV_8U          0.02752     109.01        1.00x
 bitwiseOr    binCV uint32          0.00350     107.07        8.20x
 bitwiseOr    binCV uint64          0.00311     120.63        9.24x
 bitwiseOr    OpenCV CV_8U          0.02872     104.45        1.00x
 bitwiseXor   binCV uint32          0.00373     100.65        7.37x
 bitwiseXor   binCV uint64          0.00437      85.79        6.28x
 bitwiseXor   OpenCV CV_8U          0.02746     109.24        1.00x
 bitwiseNot   binCV uint32          0.00348      71.74       17.76x
 bitwiseNot   binCV uint64          0.00345      72.51       17.95x
 bitwiseNot   OpenCV CV_8U          0.06191      32.31        1.00x
 ratio > 1 means binCV is faster. sink=7849671984259379314

================ 1024 x 1024 (1048576 pixels) ================
 footprint per buffer: binCV uint32 131072 B, binCV uint64 131072 B, OpenCV CV_8U 1048576 B (8.0x)
 bitwiseAnd   set pixels: binCV   261799 OpenCV   261799 agree
 bitwiseOr    set pixels: binCV   787067 OpenCV   787067 agree
 bitwiseXor   set pixels: binCV   525268 OpenCV   525268 agree
 bitwiseNot   set pixels: binCV   523860 OpenCV   523860 agree
 physical bound (1 read + 1 write word copy, fastest batch; worst in parentheses):
 131072 B buffer 133.72 GB/s (91.26) 1048576 B buffer 109.66 GB/s (63.33)
 std::memcpy at the same footprints (context only, NOT the bound, and not monotonic in size): 8.33 GB/s, 7.08 GB/s
 working set per call: binCV 393216 B, OpenCV 3145728 B (three buffers)
[BENCH] bitwiseAnd             binCV uint32        0.00319 ns/px   117.54 GB/s
[BENCH] bitwiseAnd             binCV uint64        0.00359 ns/px   104.40 GB/s
[BENCH] bitwiseAnd             OpenCV CV_8U        0.02942 ns/px   101.96 GB/s
[BENCH] bitwiseOr              binCV uint32        0.00362 ns/px   103.64 GB/s
[BENCH] bitwiseOr              binCV uint64        0.00302 ns/px   123.99 GB/s
[BENCH] bitwiseOr              OpenCV CV_8U        0.02932 ns/px   102.33 GB/s
[BENCH] bitwiseXor             binCV uint32        0.00358 ns/px   104.87 GB/s
[BENCH] bitwiseXor             binCV uint64        0.00362 ns/px   103.46 GB/s
[BENCH] bitwiseXor             OpenCV CV_8U        0.03040 ns/px    98.70 GB/s
[BENCH] bitwiseNot             binCV uint32        0.00352 ns/px    71.12 GB/s
[BENCH] bitwiseNot             binCV uint64        0.00348 ns/px    71.78 GB/s
[BENCH] bitwiseNot             OpenCV CV_8U        0.06683 ns/px    29.93 GB/s

 OP           IMPLEMENTATION       ns/pixel       GB/s    vs OpenCV
 ---------------------------------------------------------------------
 bitwiseAnd   binCV uint32          0.00319     117.54        9.22x
 bitwiseAnd   binCV uint64          0.00359     104.40        8.19x
 bitwiseAnd   OpenCV CV_8U          0.02942     101.96        1.00x
 bitwiseOr    binCV uint32          0.00362     103.64        8.10x
 bitwiseOr    binCV uint64          0.00302     123.99        9.69x
 bitwiseOr    OpenCV CV_8U          0.02932     102.33        1.00x
 bitwiseXor   binCV uint32          0.00358     104.87        8.50x
 bitwiseXor   binCV uint64          0.00362     103.46        8.39x
 bitwiseXor   OpenCV CV_8U          0.03040      98.70        1.00x
 bitwiseNot   binCV uint32          0.00352      71.12       19.01x
 bitwiseNot   binCV uint64          0.00348      71.78       19.19x
 bitwiseNot   OpenCV CV_8U          0.06683      29.93        1.00x
 ratio > 1 means binCV is faster. sink=1886204479565588113

================ 8192 x 4096 (33554432 pixels) ================
 footprint per buffer: binCV uint32 4194304 B, binCV uint64 4194304 B, OpenCV CV_8U 33554432 B (8.0x)
 bitwiseAnd   set pixels: binCV  8389345 OpenCV  8389345 agree
 bitwiseOr    set pixels: binCV 25165591 OpenCV 25165591 agree
 bitwiseXor   set pixels: binCV 16776246 OpenCV 16776246 agree
 bitwiseNot   set pixels: binCV 16778496 OpenCV 16778496 agree
 physical bound (1 read + 1 write word copy, fastest batch; worst in parentheses):
 4194304 B buffer 108.61 GB/s (61.50) 33554432 B buffer 18.27 GB/s (7.61)
 std::memcpy at the same footprints (context only, NOT the bound, and not monotonic in size): 7.15 GB/s, 27.12 GB/s
 working set per call: binCV 12582912 B, OpenCV 100663296 B (three buffers)
[BENCH] bitwiseAnd             binCV uint32        0.00989 ns/px    37.92 GB/s
[BENCH] bitwiseAnd             binCV uint64        0.01148 ns/px    32.66 GB/s
[BENCH] bitwiseAnd             OpenCV CV_8U        0.15913 ns/px    18.85 GB/s
[BENCH] bitwiseOr              binCV uint32        0.01013 ns/px    37.03 GB/s
[BENCH] bitwiseOr              binCV uint64        0.01237 ns/px    30.32 GB/s
[BENCH] bitwiseOr              OpenCV CV_8U        0.16293 ns/px    18.41 GB/s
[BENCH] bitwiseXor             binCV uint32        0.00981 ns/px    38.22 GB/s
[BENCH] bitwiseXor             binCV uint64        0.01832 ns/px    20.46 GB/s
[BENCH] bitwiseXor             OpenCV CV_8U        0.16288 ns/px    18.42 GB/s
[BENCH] bitwiseNot             binCV uint32        0.00493 ns/px    50.67 GB/s
[BENCH] bitwiseNot             binCV uint64        0.00586 ns/px    42.63 GB/s
[BENCH] bitwiseNot             OpenCV CV_8U        0.08067 ns/px    24.79 GB/s

 OP           IMPLEMENTATION       ns/pixel       GB/s    vs OpenCV
 ---------------------------------------------------------------------
 bitwiseAnd   binCV uint32          0.00989      37.92       16.09x
 bitwiseAnd   binCV uint64          0.01148      32.66       13.86x
 bitwiseAnd   OpenCV CV_8U          0.15913      18.85        1.00x
 bitwiseOr    binCV uint32          0.01013      37.03       16.09x
 bitwiseOr    binCV uint64          0.01237      30.32       13.18x
 bitwiseOr    OpenCV CV_8U          0.16293      18.41        1.00x
 bitwiseXor   binCV uint32          0.00981      38.22       16.60x
 bitwiseXor   binCV uint64          0.01832      20.46        8.89x
 bitwiseXor   OpenCV CV_8U          0.16288      18.42        1.00x
 bitwiseNot   binCV uint32          0.00493      50.67       16.35x
 bitwiseNot   binCV uint64          0.00586      42.63       13.76x
 bitwiseNot   OpenCV CV_8U          0.08067      24.79        1.00x
 ratio > 1 means binCV is faster. sink=744608705325662690
### run 26
=== Benchmark Config ===
Width: 640, Height: 480, Iterations: 100, DType: uint8, Sparsity: 1

logic kernels vs OpenCV on the same binary content as CV_8U
(the denominator is what a user runs today without binCV)
OpenCV 4.8.0-dev, cv::getNumThreads() = 1; binCV is single-threaded
 OpenCV build:    Configuration:               Release
 OpenCV build:    Baseline:                    SSE SSE2 SSE3
 OpenCV build:    Dispatched code generation:  SSE4_1 SSE4_2 FP16 AVX AVX2 AVX512_SKX

================ 640 x 480 (307200 pixels) ================
 footprint per buffer: binCV uint32 38400 B, binCV uint64 38400 B, OpenCV CV_8U 307200 B (8.0x)
 bitwiseAnd   set pixels: binCV    76512 OpenCV    76512 agree
 bitwiseOr    set pixels: binCV   230224 OpenCV   230224 agree
 bitwiseXor   set pixels: binCV   153712 OpenCV   153712 agree
 bitwiseNot   set pixels: binCV   153774 OpenCV   153774 agree
 physical bound (1 read + 1 write word copy, fastest batch; worst in parentheses):
 38400 B buffer 141.42 GB/s (54.89) 307200 B buffer 113.28 GB/s (74.98)
 std::memcpy at the same footprints (context only, NOT the bound, and not monotonic in size): 126.13 GB/s, 8.23 GB/s
 working set per call: binCV 115200 B, OpenCV 921600 B (three buffers)
[BENCH] bitwiseAnd             binCV uint32        0.00283 ns/px   132.61 GB/s
[BENCH] bitwiseAnd             binCV uint64        0.00365 ns/px   102.83 GB/s
[BENCH] bitwiseAnd             OpenCV CV_8U        0.02799 ns/px   107.19 GB/s
[BENCH] bitwiseOr              binCV uint32        0.00359 ns/px   104.33 GB/s
[BENCH] bitwiseOr              binCV uint64        0.00283 ns/px   132.71 GB/s
[BENCH] bitwiseOr              OpenCV CV_8U        0.02756 ns/px   108.86 GB/s
[BENCH] bitwiseXor             binCV uint32        0.00362 ns/px   103.55 GB/s
[BENCH] bitwiseXor             binCV uint64        0.00358 ns/px   104.64 GB/s
[BENCH] bitwiseXor             OpenCV CV_8U        0.02781 ns/px   107.88 GB/s
[BENCH] bitwiseNot             binCV uint32        0.00351 ns/px    71.16 GB/s
[BENCH] bitwiseNot             binCV uint64        0.00354 ns/px    70.65 GB/s
[BENCH] bitwiseNot             OpenCV CV_8U        0.06197 ns/px    32.28 GB/s

 OP           IMPLEMENTATION       ns/pixel       GB/s    vs OpenCV
 ---------------------------------------------------------------------
 bitwiseAnd   binCV uint32          0.00283     132.61        9.90x
 bitwiseAnd   binCV uint64          0.00365     102.83        7.67x
 bitwiseAnd   OpenCV CV_8U          0.02799     107.19        1.00x
 bitwiseOr    binCV uint32          0.00359     104.33        7.67x
 bitwiseOr    binCV uint64          0.00283     132.71        9.75x
 bitwiseOr    OpenCV CV_8U          0.02756     108.86        1.00x
 bitwiseXor   binCV uint32          0.00362     103.55        7.68x
 bitwiseXor   binCV uint64          0.00358     104.64        7.76x
 bitwiseXor   OpenCV CV_8U          0.02781     107.88        1.00x
 bitwiseNot   binCV uint32          0.00351      71.16       17.64x
 bitwiseNot   binCV uint64          0.00354      70.65       17.51x
 bitwiseNot   OpenCV CV_8U          0.06197      32.28        1.00x
 ratio > 1 means binCV is faster. sink=8442799622441705969

================ 1024 x 1024 (1048576 pixels) ================
 footprint per buffer: binCV uint32 131072 B, binCV uint64 131072 B, OpenCV CV_8U 1048576 B (8.0x)
 bitwiseAnd   set pixels: binCV   261799 OpenCV   261799 agree
 bitwiseOr    set pixels: binCV   787067 OpenCV   787067 agree
 bitwiseXor   set pixels: binCV   525268 OpenCV   525268 agree
 bitwiseNot   set pixels: binCV   523860 OpenCV   523860 agree
 physical bound (1 read + 1 write word copy, fastest batch; worst in parentheses):
 131072 B buffer 116.82 GB/s (87.77) 1048576 B buffer 104.81 GB/s (44.29)
 std::memcpy at the same footprints (context only, NOT the bound, and not monotonic in size): 8.43 GB/s, 7.66 GB/s
 working set per call: binCV 393216 B, OpenCV 3145728 B (three buffers)
[BENCH] bitwiseAnd             binCV uint32        0.00296 ns/px   126.74 GB/s
[BENCH] bitwiseAnd             binCV uint64        0.00361 ns/px   103.92 GB/s
[BENCH] bitwiseAnd             OpenCV CV_8U        0.02956 ns/px   101.49 GB/s
[BENCH] bitwiseOr              binCV uint32        0.00376 ns/px    99.79 GB/s
[BENCH] bitwiseOr              binCV uint64        0.00298 ns/px   125.99 GB/s
[BENCH] bitwiseOr              OpenCV CV_8U        0.02970 ns/px   101.02 GB/s
[BENCH] bitwiseXor             binCV uint32        0.00353 ns/px   106.15 GB/s
[BENCH] bitwiseXor             binCV uint64        0.00366 ns/px   102.44 GB/s
[BENCH] bitwiseXor             OpenCV CV_8U        0.03042 ns/px    98.63 GB/s
[BENCH] bitwiseNot             binCV uint32        0.00350 ns/px    71.35 GB/s
[BENCH] bitwiseNot             binCV uint64        0.00355 ns/px    70.34 GB/s
[BENCH] bitwiseNot             OpenCV CV_8U        0.06096 ns/px    32.81 GB/s

 OP           IMPLEMENTATION       ns/pixel       GB/s    vs OpenCV
 ---------------------------------------------------------------------
 bitwiseAnd   binCV uint32          0.00296     126.74        9.99x
 bitwiseAnd   binCV uint64          0.00361     103.92        8.19x
 bitwiseAnd   OpenCV CV_8U          0.02956     101.49        1.00x
 bitwiseOr    binCV uint32          0.00376      99.79        7.90x
 bitwiseOr    binCV uint64          0.00298     125.99        9.98x
 bitwiseOr    OpenCV CV_8U          0.02970     101.02        1.00x
 bitwiseXor   binCV uint32          0.00353     106.15        8.61x
 bitwiseXor   binCV uint64          0.00366     102.44        8.31x
 bitwiseXor   OpenCV CV_8U          0.03042      98.63        1.00x
 bitwiseNot   binCV uint32          0.00350      71.35       17.40x
 bitwiseNot   binCV uint64          0.00355      70.34       17.15x
 bitwiseNot   OpenCV CV_8U          0.06096      32.81        1.00x
 ratio > 1 means binCV is faster. sink=7087283629697119192

================ 8192 x 4096 (33554432 pixels) ================
 footprint per buffer: binCV uint32 4194304 B, binCV uint64 4194304 B, OpenCV CV_8U 33554432 B (8.0x)
 bitwiseAnd   set pixels: binCV  8389345 OpenCV  8389345 agree
 bitwiseOr    set pixels: binCV 25165591 OpenCV 25165591 agree
 bitwiseXor   set pixels: binCV 16776246 OpenCV 16776246 agree
 bitwiseNot   set pixels: binCV 16778496 OpenCV 16778496 agree
 physical bound (1 read + 1 write word copy, fastest batch; worst in parentheses):
 4194304 B buffer 105.78 GB/s (61.64) 33554432 B buffer 16.39 GB/s (6.21)
 std::memcpy at the same footprints (context only, NOT the bound, and not monotonic in size): 6.98 GB/s, 26.16 GB/s
 working set per call: binCV 12582912 B, OpenCV 100663296 B (three buffers)
[BENCH] bitwiseAnd             binCV uint32        0.01023 ns/px    36.65 GB/s
[BENCH] bitwiseAnd             binCV uint64        0.01168 ns/px    32.10 GB/s
[BENCH] bitwiseAnd             OpenCV CV_8U        0.16574 ns/px    18.10 GB/s
[BENCH] bitwiseOr              binCV uint32        0.01147 ns/px    32.70 GB/s
[BENCH] bitwiseOr              binCV uint64        0.01010 ns/px    37.14 GB/s
[BENCH] bitwiseOr              OpenCV CV_8U        0.18265 ns/px    16.43 GB/s
[BENCH] bitwiseXor             binCV uint32        0.01219 ns/px    30.75 GB/s
[BENCH] bitwiseXor             binCV uint64        0.01007 ns/px    37.23 GB/s
[BENCH] bitwiseXor             OpenCV CV_8U        0.17077 ns/px    17.57 GB/s
[BENCH] bitwiseNot             binCV uint32        0.00598 ns/px    41.82 GB/s
[BENCH] bitwiseNot             binCV uint64        0.00593 ns/px    42.14 GB/s
[BENCH] bitwiseNot             OpenCV CV_8U        0.08318 ns/px    24.04 GB/s

 OP           IMPLEMENTATION       ns/pixel       GB/s    vs OpenCV
 ---------------------------------------------------------------------
 bitwiseAnd   binCV uint32          0.01023      36.65       16.20x
 bitwiseAnd   binCV uint64          0.01168      32.10       14.19x
 bitwiseAnd   OpenCV CV_8U          0.16574      18.10        1.00x
 bitwiseOr    binCV uint32          0.01147      32.70       15.93x
 bitwiseOr    binCV uint64          0.01010      37.14       18.09x
 bitwiseOr    OpenCV CV_8U          0.18265      16.43        1.00x
 bitwiseXor   binCV uint32          0.01219      30.75       14.00x
 bitwiseXor   binCV uint64          0.01007      37.23       16.95x
 bitwiseXor   OpenCV CV_8U          0.17077      17.57        1.00x
 bitwiseNot   binCV uint32          0.00598      41.82       13.91x
 bitwiseNot   binCV uint64          0.00593      42.14       14.02x
 bitwiseNot   OpenCV CV_8U          0.08318      24.04        1.00x
 ratio > 1 means binCV is faster. sink=12816587535905553386
### run 27
=== Benchmark Config ===
Width: 640, Height: 480, Iterations: 100, DType: uint8, Sparsity: 1

logic kernels vs OpenCV on the same binary content as CV_8U
(the denominator is what a user runs today without binCV)
OpenCV 4.8.0-dev, cv::getNumThreads() = 1; binCV is single-threaded
 OpenCV build:    Configuration:               Release
 OpenCV build:    Baseline:                    SSE SSE2 SSE3
 OpenCV build:    Dispatched code generation:  SSE4_1 SSE4_2 FP16 AVX AVX2 AVX512_SKX

================ 640 x 480 (307200 pixels) ================
 footprint per buffer: binCV uint32 38400 B, binCV uint64 38400 B, OpenCV CV_8U 307200 B (8.0x)
 bitwiseAnd   set pixels: binCV    76512 OpenCV    76512 agree
 bitwiseOr    set pixels: binCV   230224 OpenCV   230224 agree
 bitwiseXor   set pixels: binCV   153712 OpenCV   153712 agree
 bitwiseNot   set pixels: binCV   153774 OpenCV   153774 agree
 physical bound (1 read + 1 write word copy, fastest batch; worst in parentheses):
 38400 B buffer 141.82 GB/s (46.40) 307200 B buffer 106.63 GB/s (65.37)
 std::memcpy at the same footprints (context only, NOT the bound, and not monotonic in size): 132.04 GB/s, 8.19 GB/s
 working set per call: binCV 115200 B, OpenCV 921600 B (three buffers)
[BENCH] bitwiseAnd             binCV uint32        0.00266 ns/px   140.79 GB/s
[BENCH] bitwiseAnd             binCV uint64        0.00515 ns/px    72.88 GB/s
[BENCH] bitwiseAnd             OpenCV CV_8U        0.02877 ns/px   104.29 GB/s
[BENCH] bitwiseOr              binCV uint32        0.00374 ns/px   100.30 GB/s
[BENCH] bitwiseOr              binCV uint64        0.00275 ns/px   136.43 GB/s
[BENCH] bitwiseOr              OpenCV CV_8U        0.02763 ns/px   108.59 GB/s
[BENCH] bitwiseXor             binCV uint32        0.00352 ns/px   106.41 GB/s
[BENCH] bitwiseXor             binCV uint64        0.00362 ns/px   103.59 GB/s
[BENCH] bitwiseXor             OpenCV CV_8U        0.02790 ns/px   107.55 GB/s
[BENCH] bitwiseNot             binCV uint32        0.00347 ns/px    71.95 GB/s
[BENCH] bitwiseNot             binCV uint64        0.00348 ns/px    71.87 GB/s
[BENCH] bitwiseNot             OpenCV CV_8U        0.07118 ns/px    28.10 GB/s

 OP           IMPLEMENTATION       ns/pixel       GB/s    vs OpenCV
 ---------------------------------------------------------------------
 bitwiseAnd   binCV uint32          0.00266     140.79       10.80x
 bitwiseAnd   binCV uint64          0.00515      72.88        5.59x
 bitwiseAnd   OpenCV CV_8U          0.02877     104.29        1.00x
 bitwiseOr    binCV uint32          0.00374     100.30        7.39x
 bitwiseOr    binCV uint64          0.00275     136.43       10.05x
 bitwiseOr    OpenCV CV_8U          0.02763     108.59        1.00x
 bitwiseXor   binCV uint32          0.00352     106.41        7.92x
 bitwiseXor   binCV uint64          0.00362     103.59        7.71x
 bitwiseXor   OpenCV CV_8U          0.02790     107.55        1.00x
 bitwiseNot   binCV uint32          0.00347      71.95       20.49x
 bitwiseNot   binCV uint64          0.00348      71.87       20.46x
 bitwiseNot   OpenCV CV_8U          0.07118      28.10        1.00x
 ratio > 1 means binCV is faster. sink=6053865591117223090

================ 1024 x 1024 (1048576 pixels) ================
 footprint per buffer: binCV uint32 131072 B, binCV uint64 131072 B, OpenCV CV_8U 1048576 B (8.0x)
 bitwiseAnd   set pixels: binCV   261799 OpenCV   261799 agree
 bitwiseOr    set pixels: binCV   787067 OpenCV   787067 agree
 bitwiseXor   set pixels: binCV   525268 OpenCV   525268 agree
 bitwiseNot   set pixels: binCV   523860 OpenCV   523860 agree
 physical bound (1 read + 1 write word copy, fastest batch; worst in parentheses):
 131072 B buffer 137.08 GB/s (105.85) 1048576 B buffer 112.53 GB/s (38.09)
 std::memcpy at the same footprints (context only, NOT the bound, and not monotonic in size): 8.39 GB/s, 6.92 GB/s
 working set per call: binCV 393216 B, OpenCV 3145728 B (three buffers)
[BENCH] bitwiseAnd             binCV uint32        0.00303 ns/px   123.86 GB/s
[BENCH] bitwiseAnd             binCV uint64        0.00365 ns/px   102.83 GB/s
[BENCH] bitwiseAnd             OpenCV CV_8U        0.03048 ns/px    98.42 GB/s
[BENCH] bitwiseOr              binCV uint32        0.00367 ns/px   102.06 GB/s
[BENCH] bitwiseOr              binCV uint64        0.00304 ns/px   123.33 GB/s
[BENCH] bitwiseOr              OpenCV CV_8U        0.02931 ns/px   102.35 GB/s
[BENCH] bitwiseXor             binCV uint32        0.00378 ns/px    99.28 GB/s
[BENCH] bitwiseXor             binCV uint64        0.00369 ns/px   101.62 GB/s
[BENCH] bitwiseXor             OpenCV CV_8U        0.02934 ns/px   102.26 GB/s
[BENCH] bitwiseNot             binCV uint32        0.00356 ns/px    70.20 GB/s
[BENCH] bitwiseNot             binCV uint64        0.00347 ns/px    71.99 GB/s
[BENCH] bitwiseNot             OpenCV CV_8U        0.06180 ns/px    32.36 GB/s

 OP           IMPLEMENTATION       ns/pixel       GB/s    vs OpenCV
 ---------------------------------------------------------------------
 bitwiseAnd   binCV uint32          0.00303     123.86       10.07x
 bitwiseAnd   binCV uint64          0.00365     102.83        8.36x
 bitwiseAnd   OpenCV CV_8U          0.03048      98.42        1.00x
 bitwiseOr    binCV uint32          0.00367     102.06        7.98x
 bitwiseOr    binCV uint64          0.00304     123.33        9.64x
 bitwiseOr    OpenCV CV_8U          0.02931     102.35        1.00x
 bitwiseXor   binCV uint32          0.00378      99.28        7.77x
 bitwiseXor   binCV uint64          0.00369     101.62        7.95x
 bitwiseXor   OpenCV CV_8U          0.02934     102.26        1.00x
 bitwiseNot   binCV uint32          0.00356      70.20       17.35x
 bitwiseNot   binCV uint64          0.00347      71.99       17.80x
 bitwiseNot   OpenCV CV_8U          0.06180      32.36        1.00x
 ratio > 1 means binCV is faster. sink=4635878669628885726

================ 8192 x 4096 (33554432 pixels) ================
 footprint per buffer: binCV uint32 4194304 B, binCV uint64 4194304 B, OpenCV CV_8U 33554432 B (8.0x)
 bitwiseAnd   set pixels: binCV  8389345 OpenCV  8389345 agree
 bitwiseOr    set pixels: binCV 25165591 OpenCV 25165591 agree
 bitwiseXor   set pixels: binCV 16776246 OpenCV 16776246 agree
 bitwiseNot   set pixels: binCV 16778496 OpenCV 16778496 agree
 physical bound (1 read + 1 write word copy, fastest batch; worst in parentheses):
 4194304 B buffer 105.95 GB/s (76.63) 33554432 B buffer 16.13 GB/s (7.10)
 std::memcpy at the same footprints (context only, NOT the bound, and not monotonic in size): 6.55 GB/s, 27.11 GB/s
 working set per call: binCV 12582912 B, OpenCV 100663296 B (three buffers)
[BENCH] bitwiseAnd             binCV uint32        0.00973 ns/px    38.53 GB/s
[BENCH] bitwiseAnd             binCV uint64        0.01054 ns/px    35.59 GB/s
[BENCH] bitwiseAnd             OpenCV CV_8U        0.16066 ns/px    18.67 GB/s
[BENCH] bitwiseOr              binCV uint32        0.01692 ns/px    22.17 GB/s
[BENCH] bitwiseOr              binCV uint64        0.01352 ns/px    27.74 GB/s
[BENCH] bitwiseOr              OpenCV CV_8U        0.15888 ns/px    18.88 GB/s
[BENCH] bitwiseXor             binCV uint32        0.01122 ns/px    33.44 GB/s
[BENCH] bitwiseXor             binCV uint64        0.00907 ns/px    41.36 GB/s
[BENCH] bitwiseXor             OpenCV CV_8U        0.16155 ns/px    18.57 GB/s
[BENCH] bitwiseNot             binCV uint32        0.00556 ns/px    45.00 GB/s
[BENCH] bitwiseNot             binCV uint64        0.00575 ns/px    43.51 GB/s
[BENCH] bitwiseNot             OpenCV CV_8U        0.08311 ns/px    24.07 GB/s

 OP           IMPLEMENTATION       ns/pixel       GB/s    vs OpenCV
 ---------------------------------------------------------------------
 bitwiseAnd   binCV uint32          0.00973      38.53       16.51x
 bitwiseAnd   binCV uint64          0.01054      35.59       15.25x
 bitwiseAnd   OpenCV CV_8U          0.16066      18.67        1.00x
 bitwiseOr    binCV uint32          0.01692      22.17        9.39x
 bitwiseOr    binCV uint64          0.01352      27.74       11.75x
 bitwiseOr    OpenCV CV_8U          0.15888      18.88        1.00x
 bitwiseXor   binCV uint32          0.01122      33.44       14.40x
 bitwiseXor   binCV uint64          0.00907      41.36       17.82x
 bitwiseXor   OpenCV CV_8U          0.16155      18.57        1.00x
 bitwiseNot   binCV uint32          0.00556      45.00       14.96x
 bitwiseNot   binCV uint64          0.00575      43.51       14.46x
 bitwiseNot   OpenCV CV_8U          0.08311      24.07        1.00x
 ratio > 1 means binCV is faster. sink=11099681839614478963
### run 28
=== Benchmark Config ===
Width: 640, Height: 480, Iterations: 100, DType: uint8, Sparsity: 1

logic kernels vs OpenCV on the same binary content as CV_8U
(the denominator is what a user runs today without binCV)
OpenCV 4.8.0-dev, cv::getNumThreads() = 1; binCV is single-threaded
 OpenCV build:    Configuration:               Release
 OpenCV build:    Baseline:                    SSE SSE2 SSE3
 OpenCV build:    Dispatched code generation:  SSE4_1 SSE4_2 FP16 AVX AVX2 AVX512_SKX

================ 640 x 480 (307200 pixels) ================
 footprint per buffer: binCV uint32 38400 B, binCV uint64 38400 B, OpenCV CV_8U 307200 B (8.0x)
 bitwiseAnd   set pixels: binCV    76512 OpenCV    76512 agree
 bitwiseOr    set pixels: binCV   230224 OpenCV   230224 agree
 bitwiseXor   set pixels: binCV   153712 OpenCV   153712 agree
 bitwiseNot   set pixels: binCV   153774 OpenCV   153774 agree
 physical bound (1 read + 1 write word copy, fastest batch; worst in parentheses):
 38400 B buffer 142.36 GB/s (80.20) 307200 B buffer 118.11 GB/s (46.54)
 std::memcpy at the same footprints (context only, NOT the bound, and not monotonic in size): 131.48 GB/s, 8.32 GB/s
 working set per call: binCV 115200 B, OpenCV 921600 B (three buffers)
[BENCH] bitwiseAnd             binCV uint32        0.00284 ns/px   131.82 GB/s
[BENCH] bitwiseAnd             binCV uint64        0.00373 ns/px   100.60 GB/s
[BENCH] bitwiseAnd             OpenCV CV_8U        0.02899 ns/px   103.47 GB/s
[BENCH] bitwiseOr              binCV uint32        0.00354 ns/px   106.04 GB/s
[BENCH] bitwiseOr              binCV uint64        0.00278 ns/px   135.07 GB/s
[BENCH] bitwiseOr              OpenCV CV_8U        0.02756 ns/px   108.84 GB/s
[BENCH] bitwiseXor             binCV uint32        0.00354 ns/px   106.03 GB/s
[BENCH] bitwiseXor             binCV uint64        0.00350 ns/px   107.03 GB/s
[BENCH] bitwiseXor             OpenCV CV_8U        0.02776 ns/px   108.07 GB/s
[BENCH] bitwiseNot             binCV uint32        0.00347 ns/px    72.06 GB/s
[BENCH] bitwiseNot             binCV uint64        0.00346 ns/px    72.30 GB/s
[BENCH] bitwiseNot             OpenCV CV_8U        0.06214 ns/px    32.18 GB/s

 OP           IMPLEMENTATION       ns/pixel       GB/s    vs OpenCV
 ---------------------------------------------------------------------
 bitwiseAnd   binCV uint32          0.00284     131.82       10.19x
 bitwiseAnd   binCV uint64          0.00373     100.60        7.78x
 bitwiseAnd   OpenCV CV_8U          0.02899     103.47        1.00x
 bitwiseOr    binCV uint32          0.00354     106.04        7.79x
 bitwiseOr    binCV uint64          0.00278     135.07        9.93x
 bitwiseOr    OpenCV CV_8U          0.02756     108.84        1.00x
 bitwiseXor   binCV uint32          0.00354     106.03        7.85x
 bitwiseXor   binCV uint64          0.00350     107.03        7.92x
 bitwiseXor   OpenCV CV_8U          0.02776     108.07        1.00x
 bitwiseNot   binCV uint32          0.00347      72.06       17.91x
 bitwiseNot   binCV uint64          0.00346      72.30       17.97x
 bitwiseNot   OpenCV CV_8U          0.06214      32.18        1.00x
 ratio > 1 means binCV is faster. sink=15267270550354630331

================ 1024 x 1024 (1048576 pixels) ================
 footprint per buffer: binCV uint32 131072 B, binCV uint64 131072 B, OpenCV CV_8U 1048576 B (8.0x)
 bitwiseAnd   set pixels: binCV   261799 OpenCV   261799 agree
 bitwiseOr    set pixels: binCV   787067 OpenCV   787067 agree
 bitwiseXor   set pixels: binCV   525268 OpenCV   525268 agree
 bitwiseNot   set pixels: binCV   523860 OpenCV   523860 agree
 physical bound (1 read + 1 write word copy, fastest batch; worst in parentheses):
 131072 B buffer 123.81 GB/s (41.84) 1048576 B buffer 107.73 GB/s (92.13)
 std::memcpy at the same footprints (context only, NOT the bound, and not monotonic in size): 8.41 GB/s, 7.49 GB/s
 working set per call: binCV 393216 B, OpenCV 3145728 B (three buffers)
[BENCH] bitwiseAnd             binCV uint32        0.00297 ns/px   126.12 GB/s
[BENCH] bitwiseAnd             binCV uint64        0.00362 ns/px   103.61 GB/s
[BENCH] bitwiseAnd             OpenCV CV_8U        0.03024 ns/px    99.22 GB/s
[BENCH] bitwiseOr              binCV uint32        0.00359 ns/px   104.49 GB/s
[BENCH] bitwiseOr              binCV uint64        0.00305 ns/px   123.04 GB/s
[BENCH] bitwiseOr              OpenCV CV_8U        0.02942 ns/px   101.99 GB/s
[BENCH] bitwiseXor             binCV uint32        0.00360 ns/px   104.04 GB/s
[BENCH] bitwiseXor             binCV uint64        0.00365 ns/px   102.80 GB/s
[BENCH] bitwiseXor             OpenCV CV_8U        0.02959 ns/px   101.38 GB/s
[BENCH] bitwiseNot             binCV uint32        0.00357 ns/px    70.02 GB/s
[BENCH] bitwiseNot             binCV uint64        0.00357 ns/px    70.00 GB/s
[BENCH] bitwiseNot             OpenCV CV_8U        0.06998 ns/px    28.58 GB/s

 OP           IMPLEMENTATION       ns/pixel       GB/s    vs OpenCV
 ---------------------------------------------------------------------
 bitwiseAnd   binCV uint32          0.00297     126.12       10.17x
 bitwiseAnd   binCV uint64          0.00362     103.61        8.35x
 bitwiseAnd   OpenCV CV_8U          0.03024      99.22        1.00x
 bitwiseOr    binCV uint32          0.00359     104.49        8.20x
 bitwiseOr    binCV uint64          0.00305     123.04        9.65x
 bitwiseOr    OpenCV CV_8U          0.02942     101.99        1.00x
 bitwiseXor   binCV uint32          0.00360     104.04        8.21x
 bitwiseXor   binCV uint64          0.00365     102.80        8.11x
 bitwiseXor   OpenCV CV_8U          0.02959     101.38        1.00x
 bitwiseNot   binCV uint32          0.00357      70.02       19.60x
 bitwiseNot   binCV uint64          0.00357      70.00       19.59x
 bitwiseNot   OpenCV CV_8U          0.06998      28.58        1.00x
 ratio > 1 means binCV is faster. sink=8171554017635992604

================ 8192 x 4096 (33554432 pixels) ================
 footprint per buffer: binCV uint32 4194304 B, binCV uint64 4194304 B, OpenCV CV_8U 33554432 B (8.0x)
 bitwiseAnd   set pixels: binCV  8389345 OpenCV  8389345 agree
 bitwiseOr    set pixels: binCV 25165591 OpenCV 25165591 agree
 bitwiseXor   set pixels: binCV 16776246 OpenCV 16776246 agree
 bitwiseNot   set pixels: binCV 16778496 OpenCV 16778496 agree
 physical bound (1 read + 1 write word copy, fastest batch; worst in parentheses):
 4194304 B buffer 106.37 GB/s (71.85) 33554432 B buffer 16.95 GB/s (11.23)
 std::memcpy at the same footprints (context only, NOT the bound, and not monotonic in size): 8.69 GB/s, 26.68 GB/s
 working set per call: binCV 12582912 B, OpenCV 100663296 B (three buffers)
[BENCH] bitwiseAnd             binCV uint32        0.01453 ns/px    25.80 GB/s
[BENCH] bitwiseAnd             binCV uint64        0.01043 ns/px    35.94 GB/s
[BENCH] bitwiseAnd             OpenCV CV_8U        0.15634 ns/px    19.19 GB/s
[BENCH] bitwiseOr              binCV uint32        0.01191 ns/px    31.48 GB/s
[BENCH] bitwiseOr              binCV uint64        0.00987 ns/px    38.00 GB/s
[BENCH] bitwiseOr              OpenCV CV_8U        0.16114 ns/px    18.62 GB/s
[BENCH] bitwiseXor             binCV uint32        0.01167 ns/px    32.15 GB/s
[BENCH] bitwiseXor             binCV uint64        0.01073 ns/px    34.94 GB/s
[BENCH] bitwiseXor             OpenCV CV_8U        0.18900 ns/px    15.87 GB/s
[BENCH] bitwiseNot             binCV uint32        0.00568 ns/px    44.03 GB/s
[BENCH] bitwiseNot             binCV uint64        0.00550 ns/px    45.46 GB/s
[BENCH] bitwiseNot             OpenCV CV_8U        0.08236 ns/px    24.28 GB/s

 OP           IMPLEMENTATION       ns/pixel       GB/s    vs OpenCV
 ---------------------------------------------------------------------
 bitwiseAnd   binCV uint32          0.01453      25.80       10.76x
 bitwiseAnd   binCV uint64          0.01043      35.94       14.98x
 bitwiseAnd   OpenCV CV_8U          0.15634      19.19        1.00x
 bitwiseOr    binCV uint32          0.01191      31.48       13.53x
 bitwiseOr    binCV uint64          0.00987      38.00       16.33x
 bitwiseOr    OpenCV CV_8U          0.16114      18.62        1.00x
 bitwiseXor   binCV uint32          0.01167      32.15       16.20x
 bitwiseXor   binCV uint64          0.01073      34.94       17.61x
 bitwiseXor   OpenCV CV_8U          0.18900      15.87        1.00x
 bitwiseNot   binCV uint32          0.00568      44.03       14.50x
 bitwiseNot   binCV uint64          0.00550      45.46       14.97x
 bitwiseNot   OpenCV CV_8U          0.08236      24.28        1.00x
 ratio > 1 means binCV is faster. sink=12414977716435266380
### run 29
=== Benchmark Config ===
Width: 640, Height: 480, Iterations: 100, DType: uint8, Sparsity: 1

logic kernels vs OpenCV on the same binary content as CV_8U
(the denominator is what a user runs today without binCV)
OpenCV 4.8.0-dev, cv::getNumThreads() = 1; binCV is single-threaded
 OpenCV build:    Configuration:               Release
 OpenCV build:    Baseline:                    SSE SSE2 SSE3
 OpenCV build:    Dispatched code generation:  SSE4_1 SSE4_2 FP16 AVX AVX2 AVX512_SKX

================ 640 x 480 (307200 pixels) ================
 footprint per buffer: binCV uint32 38400 B, binCV uint64 38400 B, OpenCV CV_8U 307200 B (8.0x)
 bitwiseAnd   set pixels: binCV    76512 OpenCV    76512 agree
 bitwiseOr    set pixels: binCV   230224 OpenCV   230224 agree
 bitwiseXor   set pixels: binCV   153712 OpenCV   153712 agree
 bitwiseNot   set pixels: binCV   153774 OpenCV   153774 agree
 physical bound (1 read + 1 write word copy, fastest batch; worst in parentheses):
 38400 B buffer 142.12 GB/s (77.51) 307200 B buffer 116.19 GB/s (77.03)
 std::memcpy at the same footprints (context only, NOT the bound, and not monotonic in size): 131.19 GB/s, 8.34 GB/s
 working set per call: binCV 115200 B, OpenCV 921600 B (three buffers)
[BENCH] bitwiseAnd             binCV uint32        0.00280 ns/px   134.09 GB/s
[BENCH] bitwiseAnd             binCV uint64        0.00368 ns/px   101.95 GB/s
[BENCH] bitwiseAnd             OpenCV CV_8U        0.02887 ns/px   103.91 GB/s
[BENCH] bitwiseOr              binCV uint32        0.00364 ns/px   103.08 GB/s
[BENCH] bitwiseOr              binCV uint64        0.00263 ns/px   142.35 GB/s
[BENCH] bitwiseOr              OpenCV CV_8U        0.02818 ns/px   106.45 GB/s
[BENCH] bitwiseXor             binCV uint32        0.00354 ns/px   106.06 GB/s
[BENCH] bitwiseXor             binCV uint64        0.00354 ns/px   105.93 GB/s
[BENCH] bitwiseXor             OpenCV CV_8U        0.02765 ns/px   108.51 GB/s
[BENCH] bitwiseNot             binCV uint32        0.00350 ns/px    71.34 GB/s
[BENCH] bitwiseNot             binCV uint64        0.00377 ns/px    66.30 GB/s
[BENCH] bitwiseNot             OpenCV CV_8U        0.07274 ns/px    27.50 GB/s

 OP           IMPLEMENTATION       ns/pixel       GB/s    vs OpenCV
 ---------------------------------------------------------------------
 bitwiseAnd   binCV uint32          0.00280     134.09       10.32x
 bitwiseAnd   binCV uint64          0.00368     101.95        7.85x
 bitwiseAnd   OpenCV CV_8U          0.02887     103.91        1.00x
 bitwiseOr    binCV uint32          0.00364     103.08        7.75x
 bitwiseOr    binCV uint64          0.00263     142.35       10.70x
 bitwiseOr    OpenCV CV_8U          0.02818     106.45        1.00x
 bitwiseXor   binCV uint32          0.00354     106.06        7.82x
 bitwiseXor   binCV uint64          0.00354     105.93        7.81x
 bitwiseXor   OpenCV CV_8U          0.02765     108.51        1.00x
 bitwiseNot   binCV uint32          0.00350      71.34       20.76x
 bitwiseNot   binCV uint64          0.00377      66.30       19.29x
 bitwiseNot   OpenCV CV_8U          0.07274      27.50        1.00x
 ratio > 1 means binCV is faster. sink=5348266787201937420

================ 1024 x 1024 (1048576 pixels) ================
 footprint per buffer: binCV uint32 131072 B, binCV uint64 131072 B, OpenCV CV_8U 1048576 B (8.0x)
 bitwiseAnd   set pixels: binCV   261799 OpenCV   261799 agree
 bitwiseOr    set pixels: binCV   787067 OpenCV   787067 agree
 bitwiseXor   set pixels: binCV   525268 OpenCV   525268 agree
 bitwiseNot   set pixels: binCV   523860 OpenCV   523860 agree
 physical bound (1 read + 1 write word copy, fastest batch; worst in parentheses):
 131072 B buffer 126.57 GB/s (50.61) 1048576 B buffer 108.70 GB/s (58.65)
 std::memcpy at the same footprints (context only, NOT the bound, and not monotonic in size): 7.85 GB/s, 7.35 GB/s
 working set per call: binCV 393216 B, OpenCV 3145728 B (three buffers)
[BENCH] bitwiseAnd             binCV uint32        0.00297 ns/px   126.23 GB/s
[BENCH] bitwiseAnd             binCV uint64        0.00373 ns/px   100.56 GB/s
[BENCH] bitwiseAnd             OpenCV CV_8U        0.03009 ns/px    99.69 GB/s
[BENCH] bitwiseOr              binCV uint32        0.00366 ns/px   102.48 GB/s
[BENCH] bitwiseOr              binCV uint64        0.00306 ns/px   122.68 GB/s
[BENCH] bitwiseOr              OpenCV CV_8U        0.02901 ns/px   103.41 GB/s
[BENCH] bitwiseXor             binCV uint32        0.00362 ns/px   103.71 GB/s
[BENCH] bitwiseXor             binCV uint64        0.00366 ns/px   102.37 GB/s
[BENCH] bitwiseXor             OpenCV CV_8U        0.03022 ns/px    99.27 GB/s
[BENCH] bitwiseNot             binCV uint32        0.00375 ns/px    66.61 GB/s
[BENCH] bitwiseNot             binCV uint64        0.00363 ns/px    68.79 GB/s
[BENCH] bitwiseNot             OpenCV CV_8U        0.06118 ns/px    32.69 GB/s

 OP           IMPLEMENTATION       ns/pixel       GB/s    vs OpenCV
 ---------------------------------------------------------------------
 bitwiseAnd   binCV uint32          0.00297     126.23       10.13x
 bitwiseAnd   binCV uint64          0.00373     100.56        8.07x
 bitwiseAnd   OpenCV CV_8U          0.03009      99.69        1.00x
 bitwiseOr    binCV uint32          0.00366     102.48        7.93x
 bitwiseOr    binCV uint64          0.00306     122.68        9.49x
 bitwiseOr    OpenCV CV_8U          0.02901     103.41        1.00x
 bitwiseXor   binCV uint32          0.00362     103.71        8.36x
 bitwiseXor   binCV uint64          0.00366     102.37        8.25x
 bitwiseXor   OpenCV CV_8U          0.03022      99.27        1.00x
 bitwiseNot   binCV uint32          0.00375      66.61       16.30x
 bitwiseNot   binCV uint64          0.00363      68.79       16.83x
 bitwiseNot   OpenCV CV_8U          0.06118      32.69        1.00x
 ratio > 1 means binCV is faster. sink=17729390078430573791

================ 8192 x 4096 (33554432 pixels) ================
 footprint per buffer: binCV uint32 4194304 B, binCV uint64 4194304 B, OpenCV CV_8U 33554432 B (8.0x)
 bitwiseAnd   set pixels: binCV  8389345 OpenCV  8389345 agree
 bitwiseOr    set pixels: binCV 25165591 OpenCV 25165591 agree
 bitwiseXor   set pixels: binCV 16776246 OpenCV 16776246 agree
 bitwiseNot   set pixels: binCV 16778496 OpenCV 16778496 agree
 physical bound (1 read + 1 write word copy, fastest batch; worst in parentheses):
 4194304 B buffer 108.36 GB/s (42.86) 33554432 B buffer 16.36 GB/s (8.09)
 std::memcpy at the same footprints (context only, NOT the bound, and not monotonic in size): 6.77 GB/s, 16.90 GB/s
 working set per call: binCV 12582912 B, OpenCV 100663296 B (three buffers)
[BENCH] bitwiseAnd             binCV uint32        0.01098 ns/px    34.15 GB/s
[BENCH] bitwiseAnd             binCV uint64        0.01007 ns/px    37.24 GB/s
[BENCH] bitwiseAnd             OpenCV CV_8U        0.18876 ns/px    15.89 GB/s
[BENCH] bitwiseOr              binCV uint32        0.01083 ns/px    34.61 GB/s
[BENCH] bitwiseOr              binCV uint64        0.00949 ns/px    39.53 GB/s
[BENCH] bitwiseOr              OpenCV CV_8U        0.16369 ns/px    18.33 GB/s
[BENCH] bitwiseXor             binCV uint32        0.00992 ns/px    37.78 GB/s
[BENCH] bitwiseXor             binCV uint64        0.00990 ns/px    37.86 GB/s
[BENCH] bitwiseXor             OpenCV CV_8U        0.15322 ns/px    19.58 GB/s
[BENCH] bitwiseNot             binCV uint32        0.00601 ns/px    41.61 GB/s
[BENCH] bitwiseNot             binCV uint64        0.00577 ns/px    43.36 GB/s
[BENCH] bitwiseNot             OpenCV CV_8U        0.08438 ns/px    23.70 GB/s

 OP           IMPLEMENTATION       ns/pixel       GB/s    vs OpenCV
 ---------------------------------------------------------------------
 bitwiseAnd   binCV uint32          0.01098      34.15       17.19x
 bitwiseAnd   binCV uint64          0.01007      37.24       18.75x
 bitwiseAnd   OpenCV CV_8U          0.18876      15.89        1.00x
 bitwiseOr    binCV uint32          0.01083      34.61       15.11x
 bitwiseOr    binCV uint64          0.00949      39.53       17.25x
 bitwiseOr    OpenCV CV_8U          0.16369      18.33        1.00x
 bitwiseXor   binCV uint32          0.00992      37.78       15.44x
 bitwiseXor   binCV uint64          0.00990      37.86       15.47x
 bitwiseXor   OpenCV CV_8U          0.15322      19.58        1.00x
 bitwiseNot   binCV uint32          0.00601      41.61       14.05x
 bitwiseNot   binCV uint64          0.00577      43.36       14.63x
 bitwiseNot   OpenCV CV_8U          0.08438      23.70        1.00x
 ratio > 1 means binCV is faster. sink=14753044219082092676
### run 30
=== Benchmark Config ===
Width: 640, Height: 480, Iterations: 100, DType: uint8, Sparsity: 1

logic kernels vs OpenCV on the same binary content as CV_8U
(the denominator is what a user runs today without binCV)
OpenCV 4.8.0-dev, cv::getNumThreads() = 1; binCV is single-threaded
 OpenCV build:    Configuration:               Release
 OpenCV build:    Baseline:                    SSE SSE2 SSE3
 OpenCV build:    Dispatched code generation:  SSE4_1 SSE4_2 FP16 AVX AVX2 AVX512_SKX

================ 640 x 480 (307200 pixels) ================
 footprint per buffer: binCV uint32 38400 B, binCV uint64 38400 B, OpenCV CV_8U 307200 B (8.0x)
 bitwiseAnd   set pixels: binCV    76512 OpenCV    76512 agree
 bitwiseOr    set pixels: binCV   230224 OpenCV   230224 agree
 bitwiseXor   set pixels: binCV   153712 OpenCV   153712 agree
 bitwiseNot   set pixels: binCV   153774 OpenCV   153774 agree
 physical bound (1 read + 1 write word copy, fastest batch; worst in parentheses):
 38400 B buffer 140.98 GB/s (95.22) 307200 B buffer 113.87 GB/s (51.42)
 std::memcpy at the same footprints (context only, NOT the bound, and not monotonic in size): 129.29 GB/s, 8.07 GB/s
 working set per call: binCV 115200 B, OpenCV 921600 B (three buffers)
[BENCH] bitwiseAnd             binCV uint32        0.00279 ns/px   134.18 GB/s
[BENCH] bitwiseAnd             binCV uint64        0.00353 ns/px   106.23 GB/s
[BENCH] bitwiseAnd             OpenCV CV_8U        0.02969 ns/px   101.04 GB/s
[BENCH] bitwiseOr              binCV uint32        0.00378 ns/px    99.19 GB/s
[BENCH] bitwiseOr              binCV uint64        0.00306 ns/px   122.52 GB/s
[BENCH] bitwiseOr              OpenCV CV_8U        0.02772 ns/px   108.24 GB/s
[BENCH] bitwiseXor             binCV uint32        0.00360 ns/px   104.25 GB/s
[BENCH] bitwiseXor             binCV uint64        0.00361 ns/px   103.86 GB/s
[BENCH] bitwiseXor             OpenCV CV_8U        0.02800 ns/px   107.15 GB/s
[BENCH] bitwiseNot             binCV uint32        0.00350 ns/px    71.49 GB/s
[BENCH] bitwiseNot             binCV uint64        0.00354 ns/px    70.57 GB/s
[BENCH] bitwiseNot             OpenCV CV_8U        0.06344 ns/px    31.53 GB/s

 OP           IMPLEMENTATION       ns/pixel       GB/s    vs OpenCV
 ---------------------------------------------------------------------
 bitwiseAnd   binCV uint32          0.00279     134.18       10.62x
 bitwiseAnd   binCV uint64          0.00353     106.23        8.41x
 bitwiseAnd   OpenCV CV_8U          0.02969     101.04        1.00x
 bitwiseOr    binCV uint32          0.00378      99.19        7.33x
 bitwiseOr    binCV uint64          0.00306     122.52        9.06x
 bitwiseOr    OpenCV CV_8U          0.02772     108.24        1.00x
 bitwiseXor   binCV uint32          0.00360     104.25        7.78x
 bitwiseXor   binCV uint64          0.00361     103.86        7.75x
 bitwiseXor   OpenCV CV_8U          0.02800     107.15        1.00x
 bitwiseNot   binCV uint32          0.00350      71.49       18.14x
 bitwiseNot   binCV uint64          0.00354      70.57       17.91x
 bitwiseNot   OpenCV CV_8U          0.06344      31.53        1.00x
 ratio > 1 means binCV is faster. sink=4254039907462906598

================ 1024 x 1024 (1048576 pixels) ================
 footprint per buffer: binCV uint32 131072 B, binCV uint64 131072 B, OpenCV CV_8U 1048576 B (8.0x)
 bitwiseAnd   set pixels: binCV   261799 OpenCV   261799 agree
 bitwiseOr    set pixels: binCV   787067 OpenCV   787067 agree
 bitwiseXor   set pixels: binCV   525268 OpenCV   525268 agree
 bitwiseNot   set pixels: binCV   523860 OpenCV   523860 agree
 physical bound (1 read + 1 write word copy, fastest batch; worst in parentheses):
 131072 B buffer 123.42 GB/s (39.78) 1048576 B buffer 111.87 GB/s (71.49)
 std::memcpy at the same footprints (context only, NOT the bound, and not monotonic in size): 8.37 GB/s, 7.69 GB/s
 working set per call: binCV 393216 B, OpenCV 3145728 B (three buffers)
[BENCH] bitwiseAnd             binCV uint32        0.00294 ns/px   127.64 GB/s
[BENCH] bitwiseAnd             binCV uint64        0.00368 ns/px   101.99 GB/s
[BENCH] bitwiseAnd             OpenCV CV_8U        0.03027 ns/px    99.10 GB/s
[BENCH] bitwiseOr              binCV uint32        0.00361 ns/px   103.91 GB/s
[BENCH] bitwiseOr              binCV uint64        0.00316 ns/px   118.78 GB/s
[BENCH] bitwiseOr              OpenCV CV_8U        0.03025 ns/px    99.16 GB/s
[BENCH] bitwiseXor             binCV uint32        0.00367 ns/px   102.25 GB/s
[BENCH] bitwiseXor             binCV uint64        0.00362 ns/px   103.60 GB/s
[BENCH] bitwiseXor             OpenCV CV_8U        0.03025 ns/px    99.18 GB/s
[BENCH] bitwiseNot             binCV uint32        0.00357 ns/px    69.95 GB/s
[BENCH] bitwiseNot             binCV uint64        0.00357 ns/px    70.11 GB/s
[BENCH] bitwiseNot             OpenCV CV_8U        0.06164 ns/px    32.45 GB/s

 OP           IMPLEMENTATION       ns/pixel       GB/s    vs OpenCV
 ---------------------------------------------------------------------
 bitwiseAnd   binCV uint32          0.00294     127.64       10.30x
 bitwiseAnd   binCV uint64          0.00368     101.99        8.23x
 bitwiseAnd   OpenCV CV_8U          0.03027      99.10        1.00x
 bitwiseOr    binCV uint32          0.00361     103.91        8.38x
 bitwiseOr    binCV uint64          0.00316     118.78        9.58x
 bitwiseOr    OpenCV CV_8U          0.03025      99.16        1.00x
 bitwiseXor   binCV uint32          0.00367     102.25        8.25x
 bitwiseXor   binCV uint64          0.00362     103.60        8.36x
 bitwiseXor   OpenCV CV_8U          0.03025      99.18        1.00x
 bitwiseNot   binCV uint32          0.00357      69.95       17.25x
 bitwiseNot   binCV uint64          0.00357      70.11       17.29x
 bitwiseNot   OpenCV CV_8U          0.06164      32.45        1.00x
 ratio > 1 means binCV is faster. sink=562973837830604866

================ 8192 x 4096 (33554432 pixels) ================
 footprint per buffer: binCV uint32 4194304 B, binCV uint64 4194304 B, OpenCV CV_8U 33554432 B (8.0x)
 bitwiseAnd   set pixels: binCV  8389345 OpenCV  8389345 agree
 bitwiseOr    set pixels: binCV 25165591 OpenCV 25165591 agree
 bitwiseXor   set pixels: binCV 16776246 OpenCV 16776246 agree
 bitwiseNot   set pixels: binCV 16778496 OpenCV 16778496 agree
 physical bound (1 read + 1 write word copy, fastest batch; worst in parentheses):
 4194304 B buffer 108.47 GB/s (47.20) 33554432 B buffer 16.89 GB/s (9.70)
 std::memcpy at the same footprints (context only, NOT the bound, and not monotonic in size): 6.50 GB/s, 25.77 GB/s
 working set per call: binCV 12582912 B, OpenCV 100663296 B (three buffers)
[BENCH] bitwiseAnd             binCV uint32        0.01717 ns/px    21.84 GB/s
[BENCH] bitwiseAnd             binCV uint64        0.01246 ns/px    30.10 GB/s
[BENCH] bitwiseAnd             OpenCV CV_8U        0.17119 ns/px    17.52 GB/s
[BENCH] bitwiseOr              binCV uint32        0.01089 ns/px    34.42 GB/s
[BENCH] bitwiseOr              binCV uint64        0.01253 ns/px    29.92 GB/s
[BENCH] bitwiseOr              OpenCV CV_8U        0.21259 ns/px    14.11 GB/s
[BENCH] bitwiseXor             binCV uint32        0.00988 ns/px    37.97 GB/s
[BENCH] bitwiseXor             binCV uint64        0.00991 ns/px    37.82 GB/s
[BENCH] bitwiseXor             OpenCV CV_8U        0.15523 ns/px    19.33 GB/s
[BENCH] bitwiseNot             binCV uint32        0.00526 ns/px    47.56 GB/s
[BENCH] bitwiseNot             binCV uint64        0.00520 ns/px    48.06 GB/s
[BENCH] bitwiseNot             OpenCV CV_8U        0.08413 ns/px    23.77 GB/s

 OP           IMPLEMENTATION       ns/pixel       GB/s    vs OpenCV
 ---------------------------------------------------------------------
 bitwiseAnd   binCV uint32          0.01717      21.84        9.97x
 bitwiseAnd   binCV uint64          0.01246      30.10       13.74x
 bitwiseAnd   OpenCV CV_8U          0.17119      17.52        1.00x
 bitwiseOr    binCV uint32          0.01089      34.42       19.52x
 bitwiseOr    binCV uint64          0.01253      29.92       16.96x
 bitwiseOr    OpenCV CV_8U          0.21259      14.11        1.00x
 bitwiseXor   binCV uint32          0.00988      37.97       15.72x
 bitwiseXor   binCV uint64          0.00991      37.82       15.66x
 bitwiseXor   OpenCV CV_8U          0.15523      19.33        1.00x
 bitwiseNot   binCV uint32          0.00526      47.56       16.01x
 bitwiseNot   binCV uint64          0.00520      48.06       16.17x
 bitwiseNot   OpenCV CV_8U          0.08413      23.77        1.00x
 ratio > 1 means binCV is faster. sink=4071829182248952593

# loadavg at end: 2.67 2.15 2.31 3/1337 30328
# date:     2026-09-21T15:31:31-07:00
# done

# ---- aggregate (scripts/aggregate_launches.py --ratio t1:bitwiseAnd OpenCV CV_8U/t1:bitwiseAnd binCV uint32) ----
# 
# 1 of 30 launches EXITED NON-ZERO and are included in every figure below:
#     logic-x86_64-launches.log  run 13  exit 1
#   The benchmark exits non-zero when it has decided one of its own
#   rows is not a measurement. Read the log before quoting a figure
#   these launches contribute to.
# 30 launches parsed from 1 path(s); bootstrap 10000 resamples, seed 12345
# 
# row                            n     median        min        max    r2r  scatter  within     ci95 of the median     +/-   minres
# b1 / bitwiseAnd OpenCV CV_8U  30    0.02823    0.02737    0.03027  1.106    10.3%      --  [ 0.02769,  0.02893]   2.21%   1.025x
# b1 / bitwiseAnd binCV uint32  30   0.002810   0.002660   0.003600  1.353    33.5%      --  [0.002785, 0.002855]   1.25%   1.016x
# b1 / bitwiseAnd binCV uint64  30   0.003755   0.003520   0.007220  2.051    98.5%      --  [0.003640, 0.003830]   2.53%   1.032x
# b1 / bitwiseNot OpenCV CV_8U  30    0.06336    0.06156    0.07519  1.221    21.5%      --  [ 0.06244,  0.06452]   1.64%   1.018x
# b1 / bitwiseNot binCV uint32  30   0.003510   0.003450   0.004570  1.325    31.9%      --  [0.003500, 0.003540]   0.57%   1.009x
# b1 / bitwiseNot binCV uint64  30   0.003540   0.003450   0.004030  1.168    16.4%      --  [0.003515, 0.003570]   0.78%   1.008x
# b1 / bitwiseOr OpenCV CV_8U   30    0.02794    0.02743    0.03105  1.132    13.0%      --  [ 0.02767,  0.02828]   1.08%   1.012x
# b1 / bitwiseOr binCV uint32   30   0.003665   0.003500   0.004470  1.277    26.5%      --  [0.003585, 0.003770]   2.52%   1.029x
# b1 / bitwiseOr binCV uint64   30   0.002825   0.002630   0.003260  1.240    22.3%      --  [0.002770, 0.002840]   1.24%   1.020x
# b1 / bitwiseXor OpenCV CV_8U  30    0.02779    0.02719    0.03417  1.257    25.1%      --  [ 0.02755,  0.02806]   0.91%   1.010x
# b1 / bitwiseXor binCV uint32  30   0.003605   0.003520   0.004800  1.364    35.5%      --  [0.003570, 0.003655]   1.18%   1.014x
# b1 / bitwiseXor binCV uint64  30   0.003610   0.003500   0.004370  1.249    24.1%      --  [0.003555, 0.003640]   1.18%   1.015x
# b2 / bitwiseAnd OpenCV CV_8U  30    0.03010    0.02916    0.03377  1.158    15.3%      --  [ 0.02985,  0.03032]   0.76%   1.008x
# b2 / bitwiseAnd binCV uint32  30   0.003060   0.002940   0.003720  1.265    25.5%      --  [0.003035, 0.003085]   0.82%   1.008x
# b2 / bitwiseAnd binCV uint64  30   0.003650   0.003550   0.006940  1.955    92.9%      --  [0.003630, 0.003685]   0.75%   1.010x
# b2 / bitwiseNot OpenCV CV_8U  30    0.06191    0.06075    0.07401  1.218    21.4%      --  [ 0.06148,  0.06292]   1.17%   1.016x
# b2 / bitwiseNot binCV uint32  30   0.003555   0.003470   0.003900  1.124    12.1%      --  [0.003525, 0.003575]   0.70%   1.009x
# b2 / bitwiseNot binCV uint64  30   0.003545   0.003470   0.004250  1.225    22.0%      --  [0.003510, 0.003585]   1.06%   1.011x
# b2 / bitwiseOr OpenCV CV_8U   30    0.03009    0.02901    0.03741  1.290    27.9%      --  [ 0.02946,  0.03036]   1.50%   1.021x
# b2 / bitwiseOr binCV uint32   30   0.003675   0.003560   0.004330  1.216    21.0%      --  [0.003660, 0.003725]   0.88%   1.014x
# b2 / bitwiseOr binCV uint64   30   0.003040   0.002960   0.004750  1.605    58.9%      --  [0.003000, 0.003055]   0.90%   1.013x
# b2 / bitwiseXor OpenCV CV_8U  30    0.03013    0.02882    0.03110  1.079     7.6%      --  [ 0.02980,  0.03029]   0.82%   1.011x
# b2 / bitwiseXor binCV uint32  30   0.003655   0.003530   0.003920  1.110    10.7%      --  [0.003630, 0.003710]   1.09%   1.015x
# b2 / bitwiseXor binCV uint64  30   0.003630   0.003550   0.003750  1.056     5.5%      --  [0.003605, 0.003655]   0.69%   1.007x
# b3 / bitwiseAnd OpenCV CV_8U  30     0.1643     0.1393     0.2036  1.462    39.1%      --  [  0.1598,   0.1726]   3.89%   1.050x
# b3 / bitwiseAnd binCV uint32  30    0.01022   0.008060    0.01717  2.130    89.2%      --  [0.009765,  0.01089]   5.51%   1.066x
# b3 / bitwiseAnd binCV uint64  30    0.01070   0.009580    0.02835  2.959   175.4%      --  [ 0.01031,  0.01134]   4.79%   1.060x
# b3 / bitwiseNot OpenCV CV_8U  30    0.08441    0.08067    0.09900  1.227    21.7%      --  [ 0.08335,  0.08694]   2.12%   1.030x
# b3 / bitwiseNot binCV uint32  30   0.005605   0.004090    0.01351  3.303   168.1%      --  [0.005330, 0.005780]   4.01%   1.052x
# b3 / bitwiseNot binCV uint64  30   0.005740   0.004860   0.009300  1.914    77.4%      --  [0.005525, 0.005880]   3.09%   1.039x
# b3 / bitwiseOr OpenCV CV_8U   30     0.1633     0.1461     0.2212  1.514    46.0%      --  [  0.1612,   0.1674]   1.90%   1.025x
# b3 / bitwiseOr binCV uint32   30    0.01070   0.009550    0.01718  1.799    71.3%      --  [ 0.01027,  0.01112]   3.97%   1.042x
# b3 / bitwiseOr binCV uint64   30    0.01035   0.008440    0.01352  1.602    49.1%      --  [0.009975,  0.01086]   4.30%   1.049x
# b3 / bitwiseXor OpenCV CV_8U  30     0.1621     0.1403     0.2101  1.497    43.1%      --  [  0.1595,   0.1720]   3.83%   1.061x
# b3 / bitwiseXor binCV uint32  30    0.01115   0.008710    0.02090  2.400   109.4%      --  [ 0.01006,  0.01208]   9.06%   1.108x
# b3 / bitwiseXor binCV uint64  30    0.01067   0.009070    0.01962  2.163    98.9%      --  [ 0.01032,  0.01205]   8.11%   1.129x
# t1 / bitwiseAnd OpenCV CV_8U  30    0.02823    0.02737    0.03027  1.106    10.3%      --  [ 0.02769,  0.02893]   2.21%   1.025x
# t1 / bitwiseAnd binCV uint32  30   0.002810   0.002660   0.003600  1.353    33.5%      --  [0.002785, 0.002855]   1.25%   1.016x
# t1 / bitwiseAnd binCV uint64  30   0.003755   0.003520   0.007220  2.051    98.5%      --  [0.003640, 0.003830]   2.53%   1.032x
# t1 / bitwiseNot OpenCV CV_8U  30    0.06336    0.06156    0.07519  1.221    21.5%      --  [ 0.06244,  0.06452]   1.64%   1.018x
# t1 / bitwiseNot binCV uint32  30   0.003510   0.003450   0.004570  1.325    31.9%      --  [0.003500, 0.003540]   0.57%   1.009x
# t1 / bitwiseNot binCV uint64  30   0.003540   0.003450   0.004030  1.168    16.4%      --  [0.003515, 0.003570]   0.78%   1.008x
# t1 / bitwiseOr OpenCV CV_8U   30    0.02794    0.02743    0.03105  1.132    13.0%      --  [ 0.02767,  0.02828]   1.08%   1.012x
# t1 / bitwiseOr binCV uint32   30   0.003665   0.003500   0.004470  1.277    26.5%      --  [0.003585, 0.003770]   2.52%   1.029x
# t1 / bitwiseOr binCV uint64   30   0.002825   0.002630   0.003260  1.240    22.3%      --  [0.002770, 0.002840]   1.24%   1.020x
# t1 / bitwiseXor OpenCV CV_8U  30    0.02779    0.02719    0.03417  1.257    25.1%      --  [ 0.02755,  0.02806]   0.91%   1.010x
# t1 / bitwiseXor binCV uint32  30   0.003605   0.003520   0.004800  1.364    35.5%      --  [0.003570, 0.003655]   1.18%   1.014x
# t1 / bitwiseXor binCV uint64  30   0.003610   0.003500   0.004370  1.249    24.1%      --  [0.003555, 0.003640]   1.18%   1.015x
# t2 / bitwiseAnd OpenCV CV_8U  30    0.03010    0.02916    0.03377  1.158    15.3%      --  [ 0.02985,  0.03032]   0.76%   1.008x
# t2 / bitwiseAnd binCV uint32  30   0.003060   0.002940   0.003720  1.265    25.5%      --  [0.003035, 0.003085]   0.82%   1.008x
# t2 / bitwiseAnd binCV uint64  30   0.003650   0.003550   0.006940  1.955    92.9%      --  [0.003630, 0.003685]   0.75%   1.010x
# t2 / bitwiseNot OpenCV CV_8U  30    0.06191    0.06075    0.07401  1.218    21.4%      --  [ 0.06148,  0.06292]   1.17%   1.016x
# t2 / bitwiseNot binCV uint32  30   0.003555   0.003470   0.003900  1.124    12.1%      --  [0.003525, 0.003575]   0.70%   1.009x
# t2 / bitwiseNot binCV uint64  30   0.003545   0.003470   0.004250  1.225    22.0%      --  [0.003510, 0.003585]   1.06%   1.011x
# t2 / bitwiseOr OpenCV CV_8U   30    0.03009    0.02901    0.03741  1.290    27.9%      --  [ 0.02946,  0.03036]   1.50%   1.021x
# t2 / bitwiseOr binCV uint32   30   0.003675   0.003560   0.004330  1.216    21.0%      --  [0.003660, 0.003725]   0.88%   1.014x
# t2 / bitwiseOr binCV uint64   30   0.003040   0.002960   0.004750  1.605    58.9%      --  [0.003000, 0.003055]   0.90%   1.013x
# t2 / bitwiseXor OpenCV CV_8U  30    0.03013    0.02882    0.03110  1.079     7.6%      --  [ 0.02980,  0.03029]   0.82%   1.011x
# t2 / bitwiseXor binCV uint32  30   0.003655   0.003530   0.003920  1.110    10.7%      --  [0.003630, 0.003710]   1.09%   1.015x
# t2 / bitwiseXor binCV uint64  30   0.003630   0.003550   0.003750  1.056     5.5%      --  [0.003605, 0.003655]   0.69%   1.007x
# t3 / bitwiseAnd OpenCV CV_8U  30     0.1643     0.1393     0.2036  1.462    39.1%      --  [  0.1598,   0.1726]   3.89%   1.050x
# t3 / bitwiseAnd binCV uint32  30    0.01022   0.008060    0.01717  2.130    89.2%      --  [0.009765,  0.01089]   5.51%   1.066x
# t3 / bitwiseAnd binCV uint64  30    0.01070   0.009580    0.02835  2.959   175.4%      --  [ 0.01031,  0.01134]   4.79%   1.060x
# t3 / bitwiseNot OpenCV CV_8U  30    0.08441    0.08067    0.09900  1.227    21.7%      --  [ 0.08335,  0.08694]   2.12%   1.030x
# t3 / bitwiseNot binCV uint32  30   0.005605   0.004090    0.01351  3.303   168.1%      --  [0.005330, 0.005780]   4.01%   1.052x
# t3 / bitwiseNot binCV uint64  30   0.005740   0.004860   0.009300  1.914    77.4%      --  [0.005525, 0.005880]   3.09%   1.039x
# t3 / bitwiseOr OpenCV CV_8U   30     0.1633     0.1461     0.2212  1.514    46.0%      --  [  0.1612,   0.1674]   1.90%   1.025x
# t3 / bitwiseOr binCV uint32   30    0.01070   0.009550    0.01718  1.799    71.3%      --  [ 0.01027,  0.01112]   3.97%   1.042x
# t3 / bitwiseOr binCV uint64   30    0.01035   0.008440    0.01352  1.602    49.1%      --  [0.009975,  0.01086]   4.30%   1.049x
# t3 / bitwiseXor OpenCV CV_8U  30     0.1621     0.1403     0.2101  1.497    43.1%      --  [  0.1595,   0.1720]   3.83%   1.061x
# t3 / bitwiseXor binCV uint32  30    0.01115   0.008710    0.02090  2.400   109.4%      --  [ 0.01006,  0.01208]   9.06%   1.108x
# t3 / bitwiseXor binCV uint64  30    0.01067   0.009070    0.01962  2.163    98.9%      --  [ 0.01032,  0.01205]   8.11%   1.129x
# 
# RATIO  t1:bitwiseAnd OpenCV CV_8U  /  t1:bitwiseAnd binCV uint32   over 30 launches
#   paired per launch (the published estimator)
#     median 9.9748   min 7.6028   max 10.9674   scatter 33.7%
#     bootstrap 95% CI of the median: [9.8200, 10.2812]   +/- 2.31%
#     launches with the ratio above 1.00: 30 of 30
#     smallest resolvable difference at 30 launches: 1.031x
#   ratio of the two medians, same launches
#     point 10.0445   bootstrap 95% CI: [9.7719, 10.3315]
#     the two intervals differ by 0.48% and 0.50% of the median at the two ends.
#     Say which estimator a quoted interval came from. The paired one is what the
#     committed logs publish.
# 
#   median   median of the per-launch medians -- the value to quote.
#   r2r      run-to-run scatter as a factor, max/min of those medians.
#   scatter  (max-min)/median ACROSS launches: Timing::spreadPct()'s own
#            arithmetic, so it reads directly against the next column.
#   within   median of the per-launch spread column -- what one launch
#            reports about itself, and all it can report.
#   minres   smallest difference these launches resolve on this row,
#            max(hi/median, median/lo). Derived from the row's scatter;
#            whether it is small ENOUGH is a per-case call, so state the
#            difference with --resolve rather than reading a bar into it.
# 
#   tables in a launch, in order:
#     b1       working set per call: binCV 115200 B, OpenCV 921600 B (thr
#     b2       working set per call: binCV 393216 B, OpenCV 3145728 B (th
#     b3       working set per call: binCV 12582912 B, OpenCV 100663296 B
#     t1       working set per call: binCV 115200 B, OpenCV 921600 B (thr | OP  IMPLEMENTATION  ns/pixel  GB/s  vs OpenCV
#     t2       working set per call: binCV 393216 B, OpenCV 3145728 B (th | OP  IMPLEMENTATION  ns/pixel  GB/s  vs OpenCV
#     t3       working set per call: binCV 12582912 B, OpenCV 100663296 B | OP  IMPLEMENTATION  ns/pixel  GB/s  vs OpenCV
